Bismark Genome Preparation - Step I: Preparing folders
Bisulfite Genome Indexer version v0.25.1 (last modified: 19 May 2022)
Created Bisulfite Genome folder /fs/genome/GRCm39/Bisulfite_Genome
Created Bisulfite Genome folder /fs/genome/GRCm39/Bisulfite_Genome/CT_conversion
Created Bisulfite Genome folder /fs/genome/GRCm39/Bisulfite_Genome/GA_conversion
Bismark Genome Preparation - Step II: Bisulfite converting reference genome

Total number of conversions performed:
C->T:	553008665
G->A:	553055957
Bismark Genome Preparation - Step III: Launching the Bowtie 2 indexer
Settings:
Settings:
  Output files: "BS_CT.*.bt2"
  Output files: "BS_GA.*.bt2"
  Line rate: 6 (line is 64 bytes)
  Line rate: 6 (line is 64 bytes)
  Lines per side: 1 (side is 64 bytes)
  Lines per side: 1 (side is 64 bytes)
  Offset rate: 4 (one in 16)
  Offset rate: 4 (one in 16)
  FTable chars: 10
  FTable chars: 10
  Strings: unpacked
  Strings: unpacked
  Max bucket size: default
  Max bucket size: default
  Max bucket size, sqrt multiplier: default
  Max bucket size, sqrt multiplier: default
  Max bucket size, len divisor: 64
  Max bucket size, len divisor: 64
  Difference-cover sample period: 1024
  Difference-cover sample period: 1024
  Endianness: little
  Endianness: little
  Actual local endianness: little
  Actual local endianness: little
  Sanity checking: disabled
  Sanity checking: disabled
  Assertions: disabled
  Assertions: disabled
  Random seed: 0
  Random seed: 0
  Sizeofs: void*:8, int:4, long:8, size_t:8
  Sizeofs: void*:8, int:4, long:8, size_t:8
Input files DNA, FASTA:
Input files DNA, FASTA:
  genome_mfa.GA_conversion.fa
  genome_mfa.CT_conversion.fa
Reading reference sizes
Reading reference sizes
Building a SMALL index
Building a SMALL index
  Time reading reference sizes: 00:00:20
Calculating joined length
Writing header
Reserving space for joined string
Joining reference sequences
  Time reading reference sizes: 00:00:20
Calculating joined length
Writing header
Reserving space for joined string
Joining reference sequences
  Time to join reference sequences: 00:00:14
bmax according to bmaxDivN setting: 41478465
Using parameters --bmax 31108849 --dcv 1024
  Doing ahead-of-time memory usage test
  Time to join reference sequences: 00:00:14
bmax according to bmaxDivN setting: 41478465
Using parameters --bmax 31108849 --dcv 1024
  Doing ahead-of-time memory usage test
  Passed!  Constructing with these parameters: --bmax 31108849 --dcv 1024
  Passed!  Constructing with these parameters: --bmax 31108849 --dcv 1024
Constructing suffix-array element generator
Building DifferenceCoverSample
  Building sPrime
Constructing suffix-array element generator
Building DifferenceCoverSample
  Building sPrime
  Building sPrimeOrder
  Building sPrimeOrder
  V-Sorting samples
  V-Sorting samples
  V-Sorting samples time: 00:00:29
  Allocating rank array
  Ranking v-sort output
  V-Sorting samples time: 00:00:31
  Allocating rank array
  Ranking v-sort output
  Ranking v-sort output time: 00:00:22
  Invoking Larsson-Sadakane on ranks
  Ranking v-sort output time: 00:00:23
  Invoking Larsson-Sadakane on ranks
  Invoking Larsson-Sadakane on ranks time: 00:00:38
  Sanity-checking and returning
Building samples
Reserving space for 172 sample suffixes
Generating random suffixes
QSorting 172 sample offsets, eliminating duplicates
QSorting sample offsets, eliminating duplicates time: 00:00:00
Multikey QSorting 172 samples
  (Using difference cover)
  Multikey QSorting samples time: 00:00:00
Calculating bucket sizes
  Invoking Larsson-Sadakane on ranks time: 00:00:38
  Sanity-checking and returning
Building samples
Reserving space for 172 sample suffixes
Generating random suffixes
QSorting 172 sample offsets, eliminating duplicates
QSorting sample offsets, eliminating duplicates time: 00:00:00
Multikey QSorting 172 samples
  (Using difference cover)
  Multikey QSorting samples time: 00:00:00
Calculating bucket sizes
Splitting and merging
  Splitting and merging time: 00:00:00
Split 23, merged 80; iterating...
Splitting and merging
  Splitting and merging time: 00:00:00
Split 28, merged 79; iterating...
Splitting and merging
  Splitting and merging time: 00:00:00
Split 11, merged 8; iterating...
Splitting and merging
  Splitting and merging time: 00:00:00
Split 14, merged 12; iterating...
Splitting and merging
  Splitting and merging time: 00:00:00
Split 8, merged 8; iterating...
Splitting and merging
  Splitting and merging time: 00:00:00
Split 3, merged 8; iterating...
Splitting and merging
  Splitting and merging time: 00:00:00
Split 5, merged 5; iterating...
Splitting and merging
  Splitting and merging time: 00:00:00
Split 1, merged 2; iterating...
Splitting and merging
  Splitting and merging time: 00:00:00
Split 2, merged 3; iterating...
Avg bucket size: 2.24968e+07 (target: 31108848)
Converting suffix-array elements to index image
Allocating ftab, absorbFtab
Entering Ebwt loop
Getting block 1 of 118
  Reserving size (31108849) for bucket 1
Getting block 2 of 118
Getting block 3 of 118
Getting block 4 of 118
Getting block 5 of 118
  Reserving size (31108849) for bucket 2
  Calculating Z arrays for bucket 1
  Reserving size (31108849) for bucket 3
  Reserving size (31108849) for bucket 4
  Reserving size (31108849) for bucket 5
Getting block 6 of 118
Getting block 7 of 118
Getting block 8 of 118
Getting block 9 of 118
Getting block 10 of 118
Getting block 11 of 118
  Entering block accumulator loop for bucket 1:
  Calculating Z arrays for bucket 3
  Reserving size (31108849) for bucket 6
  Reserving size (31108849) for bucket 7
  Calculating Z arrays for bucket 2
  Calculating Z arrays for bucket 4
  Reserving size (31108849) for bucket 8
Getting block 12 of 118
  Calculating Z arrays for bucket 5
  Reserving size (31108849) for bucket 9
  Reserving size (31108849) for bucket 10
  Reserving size (31108849) for bucket 11
Getting block 13 of 118
Getting block 14 of 118
Getting block 15 of 118
  Entering block accumulator loop for bucket 3:
  Calculating Z arrays for bucket 7
  Calculating Z arrays for bucket 6
  Entering block accumulator loop for bucket 2:
  Reserving size (31108849) for bucket 12
  Calculating Z arrays for bucket 8
  Entering block accumulator loop for bucket 4:
  Calculating Z arrays for bucket 9
  Entering block accumulator loop for bucket 5:
  Reserving size (31108849) for bucket 13
  Calculating Z arrays for bucket 11
  Reserving size (31108849) for bucket 14
  Calculating Z arrays for bucket 10
  Reserving size (31108849) for bucket 15
  Calculating Z arrays for bucket 12
  Entering block accumulator loop for bucket 7:
  Entering block accumulator loop for bucket 6:
  Entering block accumulator loop for bucket 8:
  Calculating Z arrays for bucket 13
  Calculating Z arrays for bucket 14
  Entering block accumulator loop for bucket 9:
  Entering block accumulator loop for bucket 11:
  Calculating Z arrays for bucket 15
  Entering block accumulator loop for bucket 10:
  Entering block accumulator loop for bucket 12:
  Entering block accumulator loop for bucket 13:
  Entering block accumulator loop for bucket 14:
  Entering block accumulator loop for bucket 15:
  bucket 1: 10%
  bucket 2: 10%
  bucket 3: 10%
  bucket 4: 10%
  bucket 6: 10%
  bucket 5: 10%
  bucket 7: 10%
  bucket 13: 10%
  bucket 8: 10%
  bucket 9: 10%
  bucket 11: 10%
  bucket 10: 10%
  bucket 12: 10%
  bucket 14: 10%
  bucket 15: 10%
  bucket 7: 20%
  bucket 1: 20%
  bucket 2: 20%
  bucket 3: 20%
  bucket 13: 20%
  bucket 4: 20%
  bucket 10: 20%
  bucket 6: 20%
  bucket 5: 20%
  bucket 8: 20%
  bucket 9: 20%
  bucket 11: 20%
  bucket 12: 20%
  bucket 14: 20%
  bucket 15: 20%
  bucket 7: 30%
  bucket 1: 30%
  bucket 2: 30%
  bucket 3: 30%
Splitting and merging
  Splitting and merging time: 00:00:00
Avg bucket size: 2.26891e+07 (target: 31108848)
Converting suffix-array elements to index image
Allocating ftab, absorbFtab
Entering Ebwt loop
Getting block 1 of 117
  Reserving size (31108849) for bucket 1
Getting block 2 of 117
Getting block 3 of 117
  Reserving size (31108849) for bucket 2
Getting block 4 of 117
  Calculating Z arrays for bucket 1
  Reserving size (31108849) for bucket 3
Getting block 5 of 117
Getting block 6 of 117
Getting block 7 of 117
Getting block 8 of 117
  Reserving size (31108849) for bucket 4
  Calculating Z arrays for bucket 2
Getting block 9 of 117
  Entering block accumulator loop for bucket 1:
  Reserving size (31108849) for bucket 5
  Calculating Z arrays for bucket 3
  Reserving size (31108849) for bucket 6
  Reserving size (31108849) for bucket 7
  Reserving size (31108849) for bucket 8
Getting block 10 of 117
Getting block 11 of 117
  Calculating Z arrays for bucket 4
  Entering block accumulator loop for bucket 2:
  Reserving size (31108849) for bucket 9
Getting block 12 of 117
Getting block 13 of 117
  Calculating Z arrays for bucket 5
  Entering block accumulator loop for bucket 3:
Getting block 14 of 117
  Calculating Z arrays for bucket 7
  Calculating Z arrays for bucket 6
  Reserving size (31108849) for bucket 10
  Calculating Z arrays for bucket 8
  Reserving size (31108849) for bucket 11
Getting block 15 of 117
  Entering block accumulator loop for bucket 4:
  Reserving size (31108849) for bucket 12
  Calculating Z arrays for bucket 9
  Reserving size (31108849) for bucket 13
  Reserving size (31108849) for bucket 14
  Entering block accumulator loop for bucket 5:
  Calculating Z arrays for bucket 10
  Entering block accumulator loop for bucket 7:
  Entering block accumulator loop for bucket 6:
  Calculating Z arrays for bucket 11
  Entering block accumulator loop for bucket 8:
  Reserving size (31108849) for bucket 15
  Calculating Z arrays for bucket 12
  Calculating Z arrays for bucket 14
  Entering block accumulator loop for bucket 9:
  Calculating Z arrays for bucket 13
  Entering block accumulator loop for bucket 10:
  Calculating Z arrays for bucket 15
  Entering block accumulator loop for bucket 11:
  Entering block accumulator loop for bucket 12:
  Entering block accumulator loop for bucket 14:
  Entering block accumulator loop for bucket 13:
  Entering block accumulator loop for bucket 15:
  bucket 10: 30%
  bucket 4: 30%
  bucket 6: 30%
  bucket 13: 30%
  bucket 5: 30%
  bucket 8: 30%
  bucket 9: 30%
  bucket 11: 30%
  bucket 12: 30%
  bucket 14: 30%
  bucket 7: 40%
  bucket 15: 30%
  bucket 10: 10%
  bucket 12: 10%
  bucket 1: 40%
  bucket 1: 10%
  bucket 2: 10%
  bucket 3: 10%
  bucket 4: 10%
  bucket 7: 10%
  bucket 5: 10%
  bucket 6: 10%
  bucket 8: 10%
  bucket 2: 40%
  bucket 9: 10%
  bucket 3: 40%
  bucket 13: 10%
  bucket 11: 10%
  bucket 4: 40%
  bucket 15: 10%
  bucket 14: 10%
  bucket 10: 40%
  bucket 10: 20%
  bucket 6: 40%
  bucket 5: 40%
  bucket 12: 20%
  bucket 13: 40%
  bucket 8: 40%
  bucket 11: 40%
  bucket 9: 40%
  bucket 12: 40%
  bucket 7: 50%
  bucket 14: 40%
  bucket 15: 40%
  bucket 1: 20%
  bucket 1: 50%
  bucket 2: 20%
  bucket 7: 20%
  bucket 3: 20%
  bucket 4: 20%
  bucket 5: 20%
  bucket 12: 30%
  bucket 6: 20%
  bucket 10: 30%
  bucket 8: 20%
  bucket 9: 20%
  bucket 2: 50%
  bucket 3: 50%
  bucket 13: 20%
  bucket 4: 50%
  bucket 11: 20%
  bucket 15: 20%
  bucket 14: 20%
  bucket 10: 50%
  bucket 6: 50%
  bucket 5: 50%
  bucket 7: 30%
  bucket 8: 50%
  bucket 11: 50%
  bucket 9: 50%
  bucket 13: 50%
  bucket 12: 40%
  bucket 1: 30%
  bucket 7: 60%
  bucket 12: 50%
  bucket 2: 30%
  bucket 3: 30%
  bucket 1: 60%
  bucket 4: 30%
  bucket 14: 50%
  bucket 15: 50%
  bucket 5: 30%
  bucket 6: 30%
  bucket 7: 40%
  bucket 10: 40%
  bucket 8: 30%
  bucket 9: 30%
  bucket 2: 60%
  bucket 3: 60%
  bucket 12: 50%
  bucket 4: 60%
  bucket 13: 30%
  bucket 11: 30%
  bucket 15: 30%
  bucket 14: 30%
  bucket 10: 60%
  bucket 6: 60%
  bucket 1: 40%
  bucket 5: 60%
  bucket 7: 50%
  bucket 8: 60%
  bucket 2: 40%
  bucket 11: 60%
  bucket 9: 60%
  bucket 13: 60%
  bucket 3: 40%
  bucket 4: 40%
  bucket 6: 40%
  bucket 7: 70%
  bucket 1: 70%
  bucket 12: 60%
  bucket 12: 60%
  bucket 5: 40%
  bucket 10: 50%
  bucket 8: 40%
  bucket 14: 60%
  bucket 9: 40%
  bucket 15: 60%
  bucket 2: 70%
  bucket 3: 70%
  bucket 7: 60%
  bucket 1: 50%
  bucket 4: 70%
  bucket 13: 40%
  bucket 11: 40%
  bucket 12: 70%
  bucket 2: 50%
  bucket 15: 40%
  bucket 6: 70%
  bucket 5: 70%
  bucket 14: 40%
  bucket 10: 70%
  bucket 6: 50%
  bucket 3: 50%
  bucket 8: 70%
  bucket 4: 50%
  bucket 11: 70%
  bucket 9: 70%
  bucket 7: 70%
  bucket 5: 50%
  bucket 13: 70%
  bucket 1: 80%
  bucket 7: 80%
  bucket 8: 50%
  bucket 10: 60%
  bucket 12: 70%
  bucket 9: 50%
  bucket 12: 80%
  bucket 1: 60%
  bucket 2: 80%
  bucket 14: 70%
  bucket 15: 70%
  bucket 3: 80%
  bucket 7: 80%
  bucket 2: 60%
  bucket 4: 80%
  bucket 13: 50%
  bucket 3: 60%
  bucket 11: 50%
  bucket 6: 60%
  bucket 6: 80%
  bucket 4: 60%
  bucket 5: 80%
  bucket 15: 50%
  bucket 14: 50%
  bucket 10: 80%
  bucket 12: 90%
  bucket 5: 60%
  bucket 8: 80%
  bucket 11: 80%
  bucket 9: 80%
  bucket 1: 90%
  bucket 7: 90%
  bucket 8: 60%
  bucket 13: 80%
  bucket 10: 70%
  bucket 7: 90%
  bucket 1: 70%
  bucket 9: 60%
  bucket 12: 80%
  bucket 2: 70%
  bucket 2: 90%
  bucket 3: 90%
  bucket 12: 100%
  Sorting block of length 21221994 for bucket 12
  (Using difference cover)
  bucket 14: 80%
  bucket 3: 70%
  bucket 15: 80%
  bucket 7: 100%
  Sorting block of length 13300115 for bucket 7
  (Using difference cover)
  bucket 4: 90%
  bucket 6: 70%
  bucket 4: 70%
  bucket 13: 60%
  bucket 11: 60%
  bucket 6: 90%
  bucket 5: 70%
  bucket 5: 90%
  bucket 15: 60%
  bucket 14: 60%
  bucket 10: 90%
  bucket 1: 80%
  bucket 1: 100%
  Sorting block of length 30039564 for bucket 1
  (Using difference cover)
  bucket 8: 90%
  bucket 8: 70%
  bucket 11: 90%
  bucket 9: 90%
  bucket 10: 80%
  bucket 9: 70%
  bucket 13: 90%
  bucket 2: 80%
  bucket 7: 100%
  Sorting block of length 20101334 for bucket 7
  (Using difference cover)
  bucket 12: 90%
  bucket 2: 100%
  Sorting block of length 18787449 for bucket 2
  (Using difference cover)
  bucket 3: 80%
  bucket 3: 100%
  Sorting block of length 24729028 for bucket 3
  (Using difference cover)
  bucket 6: 80%
  bucket 4: 80%
  bucket 14: 90%
  bucket 4: 100%
  Sorting block of length 26133876 for bucket 4
  (Using difference cover)
  bucket 1: 90%
  bucket 15: 90%
  bucket 5: 80%
  bucket 13: 70%
  bucket 11: 70%
  bucket 8: 80%
  bucket 6: 100%
  Sorting block of length 21077369 for bucket 6
  (Using difference cover)
  bucket 5: 100%
  Sorting block of length 26623718 for bucket 5
  (Using difference cover)
  bucket 2: 90%
  bucket 15: 70%
  bucket 14: 70%
  bucket 11: 100%
  Sorting block of length 12711479 for bucket 11
  (Using difference cover)
  bucket 10: 100%
  Sorting block of length 24328964 for bucket 10
  (Using difference cover)
  bucket 10: 90%
  bucket 8: 100%
  Sorting block of length 20890842 for bucket 8
  (Using difference cover)
  bucket 9: 80%
  bucket 9: 100%
  Sorting block of length 13668115 for bucket 9
  (Using difference cover)
  bucket 3: 90%
  bucket 13: 100%
  Sorting block of length 16108694 for bucket 13
  (Using difference cover)
  bucket 4: 90%
  bucket 1: 100%
  Sorting block of length 29086000 for bucket 1
  (Using difference cover)
  bucket 6: 90%
  bucket 5: 90%
  bucket 12: 100%
  Sorting block of length 30837184 for bucket 12
  (Using difference cover)
  bucket 14: 100%
  Sorting block of length 25231964 for bucket 14
  (Using difference cover)
  bucket 8: 90%
  bucket 2: 100%
  Sorting block of length 11085885 for bucket 2
  (Using difference cover)
  bucket 13: 80%
  bucket 11: 80%
  bucket 15: 80%
  bucket 15: 100%
  Sorting block of length 29813290 for bucket 15
  (Using difference cover)
  bucket 10: 100%
  Sorting block of length 23177336 for bucket 10
  (Using difference cover)
  bucket 14: 80%
  bucket 3: 100%
  Sorting block of length 26128997 for bucket 3
  (Using difference cover)
  bucket 9: 90%
  bucket 4: 100%
  Sorting block of length 29061873 for bucket 4
  (Using difference cover)
  bucket 6: 100%
  Sorting block of length 23670106 for bucket 6
  (Using difference cover)
  bucket 5: 100%
  Sorting block of length 30440139 for bucket 5
  (Using difference cover)
  bucket 8: 100%
  Sorting block of length 24818905 for bucket 8
  (Using difference cover)
  bucket 11: 90%
  bucket 13: 90%
  Sorting block time: 00:00:16
Returning block of 13300116 for bucket 7
  bucket 14: 90%
  bucket 15: 90%
  bucket 9: 100%
  Sorting block of length 16675957 for bucket 9
  (Using difference cover)
Getting block 16 of 117
  Reserving size (31108849) for bucket 16
  Calculating Z arrays for bucket 16
  Entering block accumulator loop for bucket 16:
  bucket 13: 100%
  Sorting block of length 30578731 for bucket 13
  (Using difference cover)
  bucket 11: 100%
  Sorting block of length 19728280 for bucket 11
  (Using difference cover)
  bucket 16: 10%
  bucket 14: 100%
  Sorting block of length 25242167 for bucket 14
  (Using difference cover)
  bucket 15: 100%
  Sorting block of length 30032688 for bucket 15
  (Using difference cover)
  Sorting block time: 00:00:16
Returning block of 12711480 for bucket 11
Getting block 16 of 118
  Reserving size (31108849) for bucket 16
  Calculating Z arrays for bucket 16
  Entering block accumulator loop for bucket 16:
  Sorting block time: 00:00:16
Returning block of 13668116 for bucket 9
Getting block 17 of 118
  Reserving size (31108849) for bucket 17
  Calculating Z arrays for bucket 17
  Entering block accumulator loop for bucket 17:
  Sorting block time: 00:00:27
Returning block of 21221995 for bucket 12
  bucket 16: 20%
Getting block 17 of 117
  Reserving size (31108849) for bucket 17
  Calculating Z arrays for bucket 17
  Entering block accumulator loop for bucket 17:
  Sorting block time: 00:00:22
Returning block of 18787450 for bucket 2
Getting block 18 of 118
  Reserving size (31108849) for bucket 18
  Calculating Z arrays for bucket 18
  Entering block accumulator loop for bucket 18:
  Sorting block time: 00:00:16
Returning block of 11085886 for bucket 2
Getting block 18 of 117
  Reserving size (31108849) for bucket 18
  Calculating Z arrays for bucket 18
  Entering block accumulator loop for bucket 18:
  Sorting block time: 00:00:25
Returning block of 20101335 for bucket 7
  bucket 16: 10%
  Sorting block time: 00:00:19
Returning block of 16108695 for bucket 13
Getting block 19 of 118
  Reserving size (31108849) for bucket 19
  Calculating Z arrays for bucket 19
  Entering block accumulator loop for bucket 19:
Getting block 20 of 118
  Reserving size (31108849) for bucket 20
  Calculating Z arrays for bucket 20
  Entering block accumulator loop for bucket 20:
  bucket 17: 10%
  bucket 16: 30%
  Sorting block time: 00:00:26
Returning block of 21077370 for bucket 6
  bucket 17: 10%
  Sorting block time: 00:00:24
Returning block of 20890843 for bucket 8
  Sorting block time: 00:00:28
Returning block of 24729029 for bucket 3
  bucket 18: 10%
Getting block 21 of 118
  Reserving size (31108849) for bucket 21
  Calculating Z arrays for bucket 21
  Entering block accumulator loop for bucket 21:
  Sorting block time: 00:00:30
Returning block of 30039565 for bucket 1
Getting block 22 of 118
  Reserving size (31108849) for bucket 22
  Calculating Z arrays for bucket 22
  Entering block accumulator loop for bucket 22:
  bucket 18: 10%
Getting block 23 of 118
  Reserving size (31108849) for bucket 23
  Calculating Z arrays for bucket 23
  Entering block accumulator loop for bucket 23:
  bucket 16: 20%
Getting block 24 of 118
  Reserving size (31108849) for bucket 24
  Calculating Z arrays for bucket 24
  Entering block accumulator loop for bucket 24:
  bucket 19: 10%
  bucket 20: 10%
  bucket 16: 40%
  bucket 17: 20%
  Sorting block time: 00:00:32
Returning block of 26133877 for bucket 4
  Sorting block time: 00:00:30
Returning block of 24328965 for bucket 10
  Sorting block time: 00:00:30
Returning block of 26623719 for bucket 5
  bucket 17: 20%
Getting block 25 of 118
  Reserving size (31108849) for bucket 25
  Calculating Z arrays for bucket 25
  Entering block accumulator loop for bucket 25:
Getting block 26 of 118
  Reserving size (31108849) for bucket 26
  Calculating Z arrays for bucket 26
  Entering block accumulator loop for bucket 26:
Getting block 27 of 118
  Reserving size (31108849) for bucket 27
  Calculating Z arrays for bucket 27
  Entering block accumulator loop for bucket 27:
  bucket 22: 10%
  bucket 16: 30%
  bucket 23: 10%
  bucket 18: 20%
  bucket 21: 10%
  bucket 18: 20%
  bucket 20: 20%
  bucket 19: 20%
  Sorting block time: 00:00:29
Returning block of 25231965 for bucket 14
  Sorting block time: 00:00:23
Returning block of 16675958 for bucket 9
Getting block 19 of 117
  Reserving size (31108849) for bucket 19
  Calculating Z arrays for bucket 19
  Entering block accumulator loop for bucket 19:
  bucket 24: 10%
  bucket 16: 50%
Getting block 28 of 118
  Reserving size (31108849) for bucket 28
  Calculating Z arrays for bucket 28
  Entering block accumulator loop for bucket 28:
  bucket 17: 30%
  bucket 26: 10%
  bucket 25: 10%
  bucket 16: 40%
  bucket 22: 20%
  bucket 27: 10%
  bucket 17: 30%
  bucket 23: 20%
  bucket 18: 30%
  bucket 18: 30%
  bucket 20: 30%
  bucket 19: 30%
  bucket 21: 20%
  bucket 16: 60%
  bucket 19: 10%
  Sorting block time: 00:00:31
Returning block of 23670107 for bucket 6
  Sorting block time: 00:00:33
Returning block of 23177337 for bucket 10
  Sorting block time: 00:00:33
Returning block of 29813291 for bucket 15
  bucket 28: 10%
Getting block 20 of 117
  Reserving size (31108849) for bucket 20
  Calculating Z arrays for bucket 20
  Entering block accumulator loop for bucket 20:
Getting block 21 of 117
  Reserving size (31108849) for bucket 21
  Calculating Z arrays for bucket 21
  Entering block accumulator loop for bucket 21:
  Sorting block time: 00:00:25
Returning block of 19728281 for bucket 11
  Sorting block time: 00:00:36
Returning block of 30837185 for bucket 12
  Sorting block time: 00:00:37
Returning block of 29086001 for bucket 1
Getting block 29 of 118
  Reserving size (31108849) for bucket 29
  Calculating Z arrays for bucket 29
  Entering block accumulator loop for bucket 29:
  bucket 24: 20%
  Sorting block time: 00:00:35
Returning block of 26128998 for bucket 3
Getting block 22 of 117
  Reserving size (31108849) for bucket 22
  Calculating Z arrays for bucket 22
  Entering block accumulator loop for bucket 22:
Getting block 30 of 118
  Reserving size (31108849) for bucket 30
  Calculating Z arrays for bucket 30
  Entering block accumulator loop for bucket 30:
Getting block 23 of 117
  Reserving size (31108849) for bucket 23
  Calculating Z arrays for bucket 23
  Entering block accumulator loop for bucket 23:
Getting block 24 of 117
  Reserving size (31108849) for bucket 24
  Calculating Z arrays for bucket 24
  Entering block accumulator loop for bucket 24:
  bucket 17: 40%
  bucket 16: 50%
  bucket 23: 30%
  bucket 22: 30%
  bucket 25: 20%
  bucket 17: 40%
  Sorting block time: 00:00:34
Returning block of 24818906 for bucket 8
  bucket 26: 20%
  bucket 27: 20%
Getting block 25 of 117
  Reserving size (31108849) for bucket 25
  Calculating Z arrays for bucket 25
  Entering block accumulator loop for bucket 25:
  bucket 18: 40%
  bucket 20: 40%
  bucket 18: 40%
  bucket 19: 20%
  bucket 16: 70%
  bucket 21: 30%
  bucket 28: 20%
  bucket 19: 40%
  bucket 20: 10%
  bucket 21: 10%
  bucket 29: 10%
  bucket 22: 10%
  Sorting block time: 00:00:40
Returning block of 29061874 for bucket 4
  bucket 30: 10%
  bucket 16: 60%
  bucket 24: 30%
  bucket 23: 40%
  bucket 23: 10%
  bucket 22: 40%
  bucket 17: 50%
Getting block 26 of 117
  Reserving size (31108849) for bucket 26
  Calculating Z arrays for bucket 26
  Entering block accumulator loop for bucket 26:
  bucket 24: 10%
  bucket 27: 30%
  bucket 17: 50%
  Sorting block time: 00:00:33
Returning block of 25242168 for bucket 14
  bucket 25: 10%
  Sorting block time: 00:00:41
Returning block of 30440140 for bucket 5
  bucket 25: 30%
  bucket 26: 30%
Getting block 27 of 117
  Reserving size (31108849) for bucket 27
  Calculating Z arrays for bucket 27
  Entering block accumulator loop for bucket 27:
  bucket 18: 50%
Getting block 28 of 117
  Reserving size (31108849) for bucket 28
  Calculating Z arrays for bucket 28
  Entering block accumulator loop for bucket 28:
  bucket 20: 50%
  bucket 28: 30%
  bucket 18: 50%
  bucket 19: 30%
  bucket 16: 80%
  bucket 21: 40%
  Sorting block time: 00:00:37
Returning block of 30578732 for bucket 13
  bucket 19: 50%
  bucket 20: 20%
  bucket 21: 20%
  bucket 30: 20%
  bucket 16: 70%
  bucket 23: 50%
  bucket 22: 20%
Getting block 29 of 117
  Reserving size (31108849) for bucket 29
  Calculating Z arrays for bucket 29
  Entering block accumulator loop for bucket 29:
  Sorting block time: 00:00:37
Returning block of 30032689 for bucket 15
  bucket 29: 20%
  bucket 23: 20%
  bucket 24: 40%
  bucket 27: 40%
  bucket 17: 60%
  bucket 22: 50%
  bucket 26: 10%
Getting block 30 of 117
  Reserving size (31108849) for bucket 30
  Calculating Z arrays for bucket 30
  Entering block accumulator loop for bucket 30:
  bucket 17: 60%
  bucket 24: 20%
  bucket 25: 20%
  bucket 18: 60%
  bucket 25: 40%
  bucket 26: 40%
  bucket 27: 10%
  bucket 28: 10%
  bucket 20: 60%
  bucket 18: 60%
  bucket 28: 40%
  bucket 16: 90%
  bucket 19: 40%
  bucket 21: 50%
  bucket 23: 60%
  bucket 20: 30%
  bucket 19: 60%
  bucket 21: 30%
  bucket 16: 80%
  bucket 22: 30%
  bucket 30: 30%
  bucket 27: 50%
  bucket 29: 10%
  bucket 23: 30%
  bucket 29: 30%
  bucket 17: 70%
  bucket 17: 70%
  bucket 22: 60%
  bucket 26: 20%
  bucket 24: 50%
  bucket 30: 10%
  bucket 24: 30%
  bucket 25: 30%
  bucket 18: 70%
  bucket 26: 50%
  bucket 25: 50%
  bucket 20: 70%
  bucket 27: 20%
  bucket 23: 70%
  bucket 18: 70%
  bucket 28: 20%
  bucket 16: 100%
  Sorting block of length 28733733 for bucket 16
  (Using difference cover)
  bucket 19: 50%
  bucket 28: 50%
  bucket 21: 60%
  bucket 20: 40%
  bucket 22: 40%
  bucket 27: 60%
  bucket 21: 40%
  bucket 16: 90%
  bucket 19: 70%
  bucket 30: 40%
  bucket 29: 20%
  bucket 23: 40%
  bucket 29: 40%
  bucket 17: 80%
  bucket 17: 80%
  bucket 26: 30%
  bucket 22: 70%
  bucket 24: 60%
  bucket 30: 20%
  bucket 24: 40%
  bucket 25: 40%
  bucket 18: 80%
  bucket 23: 80%
  bucket 20: 50%
  bucket 20: 80%
  bucket 18: 80%
  bucket 26: 60%
  bucket 28: 30%
  bucket 27: 30%
  bucket 25: 60%
  bucket 27: 70%
  bucket 19: 60%
  bucket 21: 70%
  bucket 28: 60%
  bucket 22: 50%
  bucket 16: 100%
  Sorting block of length 25467148 for bucket 16
  (Using difference cover)
  bucket 21: 50%
  bucket 19: 80%
  bucket 29: 30%
  bucket 23: 50%
  bucket 30: 50%
  bucket 17: 90%
  bucket 17: 90%
  bucket 29: 50%
  bucket 26: 40%
  bucket 22: 80%
  bucket 23: 90%
  bucket 20: 60%
  bucket 24: 70%
  bucket 18: 90%
  bucket 25: 50%
  bucket 24: 50%
  bucket 30: 30%
  bucket 27: 80%
  bucket 20: 90%
  bucket 18: 90%
  bucket 26: 70%
  bucket 28: 40%
  bucket 27: 40%
  bucket 22: 60%
  bucket 19: 70%
  bucket 21: 80%
  bucket 25: 70%
  bucket 28: 70%
  bucket 21: 60%
  bucket 29: 40%
  bucket 17: 100%
  Sorting block of length 18928722 for bucket 17
  (Using difference cover)
  bucket 23: 60%
  bucket 19: 90%
  bucket 17: 100%
  Sorting block of length 21749809 for bucket 17
  (Using difference cover)
  bucket 30: 60%
  bucket 20: 70%
  bucket 23: 100%
  Sorting block of length 12021546 for bucket 23
  (Using difference cover)
  bucket 26: 50%
  bucket 29: 60%
  bucket 22: 90%
  bucket 18: 100%
  Sorting block of length 20704259 for bucket 18
  (Using difference cover)
  bucket 25: 60%
  bucket 27: 90%
  bucket 24: 80%
  bucket 24: 60%
  bucket 30: 40%
  bucket 20: 100%
  Sorting block of length 16528486 for bucket 20
  (Using difference cover)
  bucket 18: 100%
  Sorting block of length 23772783 for bucket 18
  (Using difference cover)
  bucket 21: 90%
  bucket 22: 70%
  bucket 29: 50%
  bucket 28: 50%
  bucket 19: 80%
  bucket 26: 80%
  bucket 27: 50%
  bucket 21: 70%
  bucket 20: 80%
  bucket 28: 80%
  bucket 25: 80%
  bucket 23: 70%
  bucket 19: 100%
  Sorting block of length 30088361 for bucket 19
  (Using difference cover)
  bucket 29: 70%
  bucket 30: 70%
  bucket 26: 60%
  bucket 27: 100%
  Sorting block of length 15181320 for bucket 27
  (Using difference cover)
  bucket 22: 100%
  Sorting block of length 20279769 for bucket 22
  (Using difference cover)
  bucket 24: 90%
  bucket 25: 70%
  bucket 24: 70%
  bucket 21: 100%
  Sorting block of length 15834560 for bucket 21
  (Using difference cover)
  bucket 30: 50%
  bucket 29: 60%
  bucket 20: 90%
  bucket 22: 80%
  bucket 19: 90%
  bucket 21: 80%
  bucket 25: 90%
  bucket 28: 60%
  bucket 26: 90%
  bucket 27: 60%
  bucket 28: 90%
  bucket 23: 80%
  bucket 29: 80%
  bucket 26: 70%
  bucket 30: 80%
  bucket 24: 100%
  Sorting block of length 20780927 for bucket 24
  (Using difference cover)
  Sorting block time: 00:00:14
Returning block of 12021547 for bucket 23
Getting block 31 of 118
  Reserving size (31108849) for bucket 31
  Calculating Z arrays for bucket 31
  Entering block accumulator loop for bucket 31:
  bucket 20: 100%
  Sorting block of length 25924634 for bucket 20
  (Using difference cover)
  bucket 25: 80%
  bucket 29: 70%
  bucket 24: 80%
  bucket 22: 90%
  bucket 30: 60%
  bucket 25: 100%
  Sorting block of length 14880347 for bucket 25
  (Using difference cover)
  bucket 21: 90%
  bucket 19: 100%
  Sorting block of length 19041865 for bucket 19
  (Using difference cover)
  bucket 28: 70%
  bucket 26: 80%
  bucket 29: 90%
  bucket 26: 100%
  Sorting block of length 29385286 for bucket 26
  (Using difference cover)
  bucket 23: 90%
  bucket 27: 70%
  bucket 28: 100%
  Sorting block of length 25940521 for bucket 28
  (Using difference cover)
  bucket 30: 90%
  bucket 31: 10%
  bucket 29: 80%
  Sorting block time: 00:00:28
Returning block of 25467149 for bucket 16
  bucket 24: 90%
  bucket 25: 90%
  bucket 30: 70%
Getting block 32 of 118
  Reserving size (31108849) for bucket 32
  Calculating Z arrays for bucket 32
  Entering block accumulator loop for bucket 32:
  bucket 22: 100%
  Sorting block of length 26308899 for bucket 22
  (Using difference cover)
  Sorting block time: 00:00:18
Returning block of 16528487 for bucket 20
  bucket 21: 100%
  Sorting block of length 21952166 for bucket 21
  (Using difference cover)
Getting block 33 of 118
  Reserving size (31108849) for bucket 33
  Calculating Z arrays for bucket 33
  Entering block accumulator loop for bucket 33:
  bucket 26: 90%
  Sorting block time: 00:00:38
Returning block of 28733734 for bucket 16
  bucket 27: 80%
  bucket 29: 100%
  Sorting block of length 26639957 for bucket 29
  (Using difference cover)
  bucket 23: 100%
  Sorting block of length 24997439 for bucket 23
  (Using difference cover)
  bucket 28: 80%
Getting block 31 of 117
  Reserving size (31108849) for bucket 31
  Calculating Z arrays for bucket 31
  Entering block accumulator loop for bucket 31:
  Sorting block time: 00:00:17
Returning block of 15181321 for bucket 27
  Sorting block time: 00:00:24
Returning block of 21749810 for bucket 17
Getting block 34 of 118
  Reserving size (31108849) for bucket 34
  Calculating Z arrays for bucket 34
  Entering block accumulator loop for bucket 34:
Getting block 35 of 118
  Reserving size (31108849) for bucket 35
  Calculating Z arrays for bucket 35
  Entering block accumulator loop for bucket 35:
  bucket 24: 100%
  Sorting block of length 9376508 for bucket 24
  (Using difference cover)
  Sorting block time: 00:00:25
Returning block of 18928723 for bucket 17
  bucket 30: 100%
  Sorting block of length 12590179 for bucket 30
  (Using difference cover)
  bucket 29: 90%
Getting block 32 of 117
  Reserving size (31108849) for bucket 32
  Calculating Z arrays for bucket 32
  Entering block accumulator loop for bucket 32:
  bucket 31: 20%
  Sorting block time: 00:00:17
Returning block of 15834561 for bucket 21
  bucket 30: 80%
  bucket 25: 100%
  Sorting block of length 27867480 for bucket 25
  (Using difference cover)
Getting block 36 of 118
  Reserving size (31108849) for bucket 36
  Calculating Z arrays for bucket 36
  Entering block accumulator loop for bucket 36:
  bucket 26: 100%
  Sorting block of length 10806674 for bucket 26
  (Using difference cover)
  bucket 33: 10%
  bucket 32: 10%
  bucket 27: 90%
  bucket 28: 90%
  bucket 31: 10%
  Sorting block time: 00:00:23
Returning block of 20279770 for bucket 22
  Sorting block time: 00:00:28
Returning block of 20704260 for bucket 18
Getting block 37 of 118
  Reserving size (31108849) for bucket 37
  Calculating Z arrays for bucket 37
  Entering block accumulator loop for bucket 37:
  bucket 35: 10%
  bucket 34: 10%
Getting block 33 of 117
  Reserving size (31108849) for bucket 33
  Calculating Z arrays for bucket 33
  Entering block accumulator loop for bucket 33:
  bucket 31: 30%
  Sorting block time: 00:00:29
Returning block of 23772784 for bucket 18
  bucket 29: 100%
  Sorting block of length 20500065 for bucket 29
  (Using difference cover)
  bucket 32: 10%
  bucket 30: 90%
Getting block 38 of 118
  Reserving size (31108849) for bucket 38
  Calculating Z arrays for bucket 38
  Entering block accumulator loop for bucket 38:
  bucket 33: 20%
  bucket 36: 10%
  Sorting block time: 00:00:18
Returning block of 14880348 for bucket 25
  bucket 27: 100%
  Sorting block of length 23236235 for bucket 27
  (Using difference cover)
Getting block 39 of 118
  Reserving size (31108849) for bucket 39
  Calculating Z arrays for bucket 39
  Entering block accumulator loop for bucket 39:
  bucket 28: 100%
  Sorting block of length 11282310 for bucket 28
  (Using difference cover)
  bucket 32: 20%
  bucket 31: 20%
  bucket 37: 10%
  bucket 34: 20%
  Sorting block time: 00:00:24
Returning block of 20780928 for bucket 24
  bucket 35: 20%
  bucket 31: 40%
  bucket 33: 10%
Getting block 40 of 118
  Reserving size (31108849) for bucket 40
  Calculating Z arrays for bucket 40
  Entering block accumulator loop for bucket 40:
  bucket 32: 20%
  bucket 33: 30%
  bucket 38: 10%
  Sorting block time: 00:00:14
Returning block of 9376509 for bucket 24
Getting block 34 of 117
  Reserving size (31108849) for bucket 34
  Calculating Z arrays for bucket 34
  Entering block accumulator loop for bucket 34:
  bucket 30: 100%
  Sorting block of length 30190077 for bucket 30
  (Using difference cover)
  bucket 32: 30%
  bucket 31: 30%
  Sorting block time: 00:00:14
Returning block of 12590180 for bucket 30
  bucket 36: 20%
  bucket 39: 10%
Getting block 41 of 118
  Reserving size (31108849) for bucket 41
  Calculating Z arrays for bucket 41
  Entering block accumulator loop for bucket 41:
  Sorting block time: 00:00:14
Returning block of 10806675 for bucket 26
  Sorting block time: 00:00:36
Returning block of 30088362 for bucket 19
Getting block 35 of 117
  Reserving size (31108849) for bucket 35
  Calculating Z arrays for bucket 35
  Entering block accumulator loop for bucket 35:
  bucket 34: 30%
  bucket 37: 20%
Getting block 42 of 118
  Reserving size (31108849) for bucket 42
  Calculating Z arrays for bucket 42
  Entering block accumulator loop for bucket 42:
  bucket 35: 30%
  Sorting block time: 00:00:27
Returning block of 19041866 for bucket 19
  bucket 31: 50%
  bucket 33: 20%
Getting block 36 of 117
  Reserving size (31108849) for bucket 36
  Calculating Z arrays for bucket 36
  Entering block accumulator loop for bucket 36:
  bucket 33: 40%
  bucket 34: 10%
  bucket 40: 10%
  bucket 31: 40%
  bucket 32: 40%
  bucket 32: 30%
  bucket 38: 20%
  Sorting block time: 00:00:29
Returning block of 25940522 for bucket 28
  bucket 36: 30%
  bucket 39: 20%
Getting block 43 of 118
  Reserving size (31108849) for bucket 43
  Calculating Z arrays for bucket 43
  Entering block accumulator loop for bucket 43:
  bucket 34: 40%
  Sorting block time: 00:00:34
Returning block of 25924635 for bucket 20
  bucket 41: 10%
  bucket 35: 10%
Getting block 37 of 117
  Reserving size (31108849) for bucket 37
  Calculating Z arrays for bucket 37
  Entering block accumulator loop for bucket 37:
  bucket 35: 40%
  Sorting block time: 00:00:16
Returning block of 11282311 for bucket 28
  bucket 37: 30%
Getting block 38 of 117
  Reserving size (31108849) for bucket 38
  Calculating Z arrays for bucket 38
  Entering block accumulator loop for bucket 38:
  Sorting block time: 00:00:33
Returning block of 29385287 for bucket 26
  bucket 42: 10%
  bucket 33: 50%
  bucket 33: 30%
  bucket 31: 60%
  Sorting block time: 00:00:29
Returning block of 21952167 for bucket 21
  bucket 32: 50%
  bucket 31: 50%
Getting block 44 of 118
  Reserving size (31108849) for bucket 44
  Calculating Z arrays for bucket 44
  Entering block accumulator loop for bucket 44:
  bucket 38: 30%
  bucket 34: 20%
Getting block 39 of 117
  Reserving size (31108849) for bucket 39
  Calculating Z arrays for bucket 39
  Entering block accumulator loop for bucket 39:
  bucket 32: 40%
  bucket 36: 10%
  bucket 40: 20%
  Sorting block time: 00:00:30
Returning block of 26639958 for bucket 29
Getting block 45 of 118
  Reserving size (31108849) for bucket 45
  Calculating Z arrays for bucket 45
  Entering block accumulator loop for bucket 45:
  bucket 43: 10%
  bucket 34: 50%
  bucket 36: 40%
  Sorting block time: 00:00:33
Returning block of 26308900 for bucket 22
  bucket 39: 30%
  bucket 35: 20%
  bucket 38: 10%
  bucket 35: 50%
Getting block 40 of 117
  Reserving size (31108849) for bucket 40
  Calculating Z arrays for bucket 40
  Entering block accumulator loop for bucket 40:
  bucket 37: 10%
  bucket 41: 20%
  Sorting block time: 00:00:34
Returning block of 24997440 for bucket 23
  bucket 32: 60%
  bucket 33: 60%
  bucket 37: 40%
  bucket 33: 40%
  bucket 38: 40%
Getting block 41 of 117
  Reserving size (31108849) for bucket 41
  Calculating Z arrays for bucket 41
  Entering block accumulator loop for bucket 41:
  bucket 42: 20%
  bucket 31: 70%
  bucket 31: 60%
  bucket 39: 10%
  bucket 32: 50%
  bucket 34: 30%
  bucket 44: 10%
  Sorting block time: 00:00:26
Returning block of 20500066 for bucket 29
  bucket 36: 20%
  bucket 40: 30%
  bucket 34: 60%
Getting block 42 of 117
  Reserving size (31108849) for bucket 42
  Calculating Z arrays for bucket 42
  Entering block accumulator loop for bucket 42:
  bucket 43: 20%
  bucket 38: 20%
  bucket 36: 50%
  bucket 35: 60%
  bucket 40: 10%
  bucket 35: 30%
  bucket 39: 40%
  bucket 45: 10%
  bucket 37: 20%
  bucket 32: 70%
  Sorting block time: 00:00:36
Returning block of 27867481 for bucket 25
  bucket 38: 50%
  bucket 33: 50%
  bucket 33: 70%
  bucket 41: 30%
  bucket 37: 50%
  Sorting block time: 00:00:30
Returning block of 23236236 for bucket 27
Getting block 43 of 117
  Reserving size (31108849) for bucket 43
  Calculating Z arrays for bucket 43
  Entering block accumulator loop for bucket 43:
  bucket 41: 10%
  bucket 39: 20%
  bucket 31: 80%
  bucket 31: 70%
Getting block 44 of 117
  Reserving size (31108849) for bucket 44
  Calculating Z arrays for bucket 44
  Entering block accumulator loop for bucket 44:
  bucket 42: 30%
  bucket 32: 60%
  bucket 34: 40%
  bucket 34: 70%
  bucket 38: 30%
  bucket 42: 10%
  bucket 44: 20%
  bucket 43: 30%
  bucket 40: 40%
  bucket 35: 70%
  bucket 36: 30%
  bucket 40: 20%
  bucket 36: 60%
  bucket 35: 40%
  bucket 37: 30%
  bucket 38: 60%
  bucket 39: 50%
  bucket 32: 80%
  bucket 45: 20%
  bucket 33: 60%
  bucket 41: 20%
  bucket 33: 80%
  bucket 43: 10%
  bucket 37: 60%
  bucket 39: 30%
  bucket 44: 10%
  bucket 41: 40%
  bucket 31: 90%
  bucket 31: 80%
  bucket 32: 70%
  bucket 34: 80%
  bucket 42: 40%
  bucket 34: 50%
  bucket 38: 40%
  bucket 42: 20%
  bucket 35: 80%
  bucket 40: 30%
  bucket 43: 40%
  bucket 40: 50%
  bucket 44: 30%
  bucket 36: 40%
  bucket 36: 70%
  bucket 38: 70%
  bucket 37: 40%
  bucket 35: 50%
  bucket 32: 90%
  bucket 39: 60%
  bucket 33: 70%
  bucket 41: 30%
  bucket 39: 40%
  bucket 44: 20%
  bucket 43: 20%
  bucket 34: 90%
  bucket 33: 90%
  Sorting block time: 00:00:38
Returning block of 30190078 for bucket 30
  bucket 37: 70%
  bucket 32: 80%
  bucket 45: 30%
  bucket 31: 90%
  bucket 31: 100%
  Sorting block of length 28605743 for bucket 31
  (Using difference cover)
  bucket 41: 50%
Getting block 45 of 117
  Reserving size (31108849) for bucket 45
  Calculating Z arrays for bucket 45
  Entering block accumulator loop for bucket 45:
  bucket 34: 60%
  bucket 35: 90%
  bucket 42: 50%
  bucket 38: 50%
  bucket 42: 30%
  bucket 40: 40%
  bucket 38: 80%
  bucket 43: 50%
  bucket 37: 50%
  bucket 40: 60%
  bucket 36: 80%
  bucket 35: 60%
  bucket 44: 40%
  bucket 36: 50%
  bucket 32: 100%
  Sorting block of length 30062118 for bucket 32
  (Using difference cover)
  bucket 33: 80%
  bucket 34: 100%
  Sorting block of length 24407151 for bucket 34
  (Using difference cover)
  bucket 41: 40%
  bucket 44: 30%
  bucket 39: 50%
  bucket 39: 70%
  bucket 43: 30%
  bucket 33: 100%
  Sorting block of length 24153206 for bucket 33
  (Using difference cover)
  bucket 32: 90%
  bucket 31: 100%
  Sorting block of length 9826599 for bucket 31
  (Using difference cover)
  bucket 37: 80%
  bucket 41: 60%
  bucket 45: 10%
  bucket 45: 40%
  bucket 42: 40%
  bucket 34: 70%
  bucket 38: 60%
  bucket 35: 100%
  Sorting block of length 23902554 for bucket 35
  (Using difference cover)
  bucket 40: 50%
  bucket 42: 60%
  bucket 38: 90%
  bucket 37: 60%
  bucket 36: 90%
  bucket 35: 70%
  bucket 43: 60%
  bucket 40: 70%
  bucket 33: 90%
  bucket 41: 50%
  bucket 44: 40%
  bucket 36: 60%
  bucket 44: 50%
  bucket 39: 60%
  bucket 45: 20%
  bucket 43: 40%
  bucket 39: 80%
  bucket 42: 50%
  bucket 32: 100%
  Sorting block of length 26891930 for bucket 32
  (Using difference cover)
  bucket 41: 70%
  bucket 45: 50%
  bucket 37: 90%
  bucket 37: 70%
  bucket 38: 70%
  bucket 34: 80%
  bucket 40: 60%
  bucket 38: 100%
  Sorting block of length 30184031 for bucket 38
  (Using difference cover)
  bucket 42: 70%
  bucket 45: 30%
  bucket 40: 80%
  bucket 35: 80%
  bucket 36: 100%
  Sorting block of length 21879459 for bucket 36
  (Using difference cover)
  bucket 39: 70%
  bucket 33: 100%
  Sorting block of length 20810430 for bucket 33
  (Using difference cover)
  bucket 44: 50%
  bucket 41: 60%
  bucket 43: 70%
  bucket 42: 60%
  bucket 44: 60%
  bucket 36: 70%
  bucket 43: 50%
  bucket 37: 80%
  bucket 41: 80%
  bucket 39: 90%
  bucket 45: 60%
  bucket 45: 40%
  bucket 37: 100%
  Sorting block of length 16829785 for bucket 37
  (Using difference cover)
  Sorting block time: 00:00:14
Returning block of 9826600 for bucket 31
  bucket 38: 80%
  bucket 40: 70%
Getting block 46 of 117
  Reserving size (31108849) for bucket 46
  Calculating Z arrays for bucket 46
  Entering block accumulator loop for bucket 46:
  bucket 34: 90%
  bucket 39: 80%
  bucket 40: 90%
  bucket 35: 90%
  bucket 42: 80%
  bucket 42: 70%
  bucket 44: 60%
  bucket 41: 70%
  bucket 37: 90%
  bucket 45: 50%
  bucket 44: 70%
  bucket 43: 80%
  bucket 41: 90%
  bucket 43: 60%
  bucket 46: 10%
  bucket 45: 70%
  bucket 36: 80%
  bucket 39: 100%
  Sorting block of length 25774265 for bucket 39
  (Using difference cover)
  bucket 38: 90%
  bucket 40: 80%
  bucket 39: 90%
  bucket 34: 100%
  Sorting block of length 18522010 for bucket 34
  (Using difference cover)
  bucket 45: 60%
  bucket 35: 100%
  Sorting block of length 16335144 for bucket 35
  (Using difference cover)
  bucket 40: 100%
  Sorting block of length 28756803 for bucket 40
  (Using difference cover)
  bucket 42: 80%
  bucket 37: 100%
  Sorting block of length 29988211 for bucket 37
  (Using difference cover)
  bucket 46: 20%
  bucket 42: 90%
  bucket 44: 70%
  bucket 41: 80%
  bucket 44: 80%
  bucket 41: 100%
  Sorting block of length 23086947 for bucket 41
  (Using difference cover)
  Sorting block time: 00:00:33
Returning block of 28605744 for bucket 31
  Sorting block time: 00:00:27
Returning block of 24407152 for bucket 34
  bucket 45: 80%
  Sorting block time: 00:00:24
Returning block of 23902555 for bucket 35
  bucket 43: 70%
  bucket 43: 90%
  bucket 36: 90%
  bucket 45: 70%
Getting block 46 of 118
  Reserving size (31108849) for bucket 46
  Calculating Z arrays for bucket 46
  Entering block accumulator loop for bucket 46:
Getting block 47 of 118
  Reserving size (31108849) for bucket 47
  Calculating Z arrays for bucket 47
  Entering block accumulator loop for bucket 47:
Getting block 48 of 118
  Reserving size (31108849) for bucket 48
  Calculating Z arrays for bucket 48
  Entering block accumulator loop for bucket 48:
  bucket 40: 90%
  bucket 38: 100%
  Sorting block of length 26500966 for bucket 38
  (Using difference cover)
  bucket 39: 100%
  Sorting block of length 26110225 for bucket 39
  (Using difference cover)
  Sorting block time: 00:00:28
Returning block of 24153207 for bucket 33
  bucket 46: 30%
Getting block 49 of 118
  Reserving size (31108849) for bucket 49
  Calculating Z arrays for bucket 49
  Entering block accumulator loop for bucket 49:
  bucket 42: 90%
  bucket 42: 100%
  Sorting block of length 27704261 for bucket 42
  (Using difference cover)
  bucket 44: 80%
  bucket 41: 90%
  bucket 45: 80%
  Sorting block time: 00:00:18
Returning block of 16829786 for bucket 37
  bucket 44: 90%
  bucket 43: 80%
Getting block 50 of 118
  Reserving size (31108849) for bucket 50
  Calculating Z arrays for bucket 50
  Entering block accumulator loop for bucket 50:
  bucket 36: 100%
  Sorting block of length 29579906 for bucket 36
  (Using difference cover)
  Sorting block time: 00:00:35
Returning block of 30062119 for bucket 32
  bucket 46: 40%
  bucket 48: 10%
  bucket 45: 90%
Getting block 51 of 118
  Reserving size (31108849) for bucket 51
  Calculating Z arrays for bucket 51
  Entering block accumulator loop for bucket 51:
  bucket 40: 100%
  Sorting block of length 15035403 for bucket 40
  (Using difference cover)
  bucket 43: 100%
  Sorting block of length 13923955 for bucket 43
  (Using difference cover)
  bucket 47: 10%
  Sorting block time: 00:00:23
Returning block of 21879460 for bucket 36
  bucket 46: 10%
  bucket 42: 100%
  Sorting block of length 15660096 for bucket 42
  (Using difference cover)
Getting block 52 of 118
  Reserving size (31108849) for bucket 52
  Calculating Z arrays for bucket 52
  Entering block accumulator loop for bucket 52:
  bucket 45: 90%
  bucket 44: 90%
  bucket 49: 10%
  bucket 41: 100%
  Sorting block of length 26087320 for bucket 41
  (Using difference cover)
  bucket 43: 90%
  bucket 46: 50%
  bucket 44: 100%
  Sorting block of length 18878262 for bucket 44
  (Using difference cover)
  bucket 50: 10%
  bucket 45: 100%
  Sorting block of length 15529721 for bucket 45
  (Using difference cover)
  bucket 48: 20%
  bucket 51: 10%
  bucket 52: 10%
  bucket 45: 100%
  Sorting block of length 19865347 for bucket 45
  (Using difference cover)
  Sorting block time: 00:00:32
Returning block of 30184032 for bucket 38
  bucket 47: 20%
  bucket 44: 100%
  Sorting block of length 23624246 for bucket 44
  (Using difference cover)
  bucket 46: 20%
  Sorting block time: 00:00:31
Returning block of 20810431 for bucket 33
Getting block 53 of 118
  Reserving size (31108849) for bucket 53
  Calculating Z arrays for bucket 53
  Entering block accumulator loop for bucket 53:
  bucket 46: 60%
  bucket 43: 100%
  Sorting block of length 23156406 for bucket 43
  (Using difference cover)
Getting block 47 of 117
  Reserving size (31108849) for bucket 47
  Calculating Z arrays for bucket 47
  Entering block accumulator loop for bucket 47:
  bucket 49: 20%
  bucket 50: 20%
  Sorting block time: 00:00:40
Returning block of 26891931 for bucket 32
  bucket 48: 30%
  bucket 51: 20%
Getting block 48 of 117
  Reserving size (31108849) for bucket 48
  Calculating Z arrays for bucket 48
  Entering block accumulator loop for bucket 48:
  Sorting block time: 00:00:24
Returning block of 16335145 for bucket 35
  bucket 46: 70%
Getting block 49 of 117
  Reserving size (31108849) for bucket 49
  Calculating Z arrays for bucket 49
  Entering block accumulator loop for bucket 49:
  bucket 52: 20%
  bucket 47: 30%
  Sorting block time: 00:00:27
Returning block of 18522011 for bucket 34
  bucket 53: 10%
  bucket 46: 30%
  Sorting block time: 00:00:15
Returning block of 13923956 for bucket 43
Getting block 50 of 117
  Reserving size (31108849) for bucket 50
  Calculating Z arrays for bucket 50
  Entering block accumulator loop for bucket 50:
  bucket 49: 30%
  bucket 47: 10%
Getting block 54 of 118
  Reserving size (31108849) for bucket 54
  Calculating Z arrays for bucket 54
  Entering block accumulator loop for bucket 54:
  Sorting block time: 00:00:29
Returning block of 25774266 for bucket 39
Getting block 55 of 118
  Reserving size (31108849) for bucket 55
  Calculating Z arrays for bucket 55
  Entering block accumulator loop for bucket 55:
  bucket 50: 30%
  bucket 48: 40%
  bucket 51: 30%
  Sorting block time: 00:00:26
Returning block of 23086948 for bucket 41
  bucket 48: 10%
  bucket 46: 80%
Getting block 56 of 118
  Reserving size (31108849) for bucket 56
  Calculating Z arrays for bucket 56
  Entering block accumulator loop for bucket 56:
  Sorting block time: 00:00:20
Returning block of 15035404 for bucket 40
  bucket 49: 10%
Getting block 51 of 117
  Reserving size (31108849) for bucket 51
  Calculating Z arrays for bucket 51
  Entering block accumulator loop for bucket 51:
  Sorting block time: 00:00:32
Returning block of 28756804 for bucket 40
  bucket 50: 10%
  bucket 52: 30%
  bucket 53: 20%
  bucket 49: 40%
  bucket 54: 10%
  bucket 47: 40%
  bucket 47: 20%
Getting block 57 of 118
  Reserving size (31108849) for bucket 57
  Calculating Z arrays for bucket 57
  Entering block accumulator loop for bucket 57:
  bucket 46: 40%
  Sorting block time: 00:00:22
Returning block of 15660097 for bucket 42
Getting block 52 of 117
  Reserving size (31108849) for bucket 52
  Calculating Z arrays for bucket 52
  Entering block accumulator loop for bucket 52:
  bucket 55: 10%
  Sorting block time: 00:00:18
Returning block of 15529722 for bucket 45
  bucket 46: 90%
Getting block 53 of 117
  Reserving size (31108849) for bucket 53
  Calculating Z arrays for bucket 53
  Entering block accumulator loop for bucket 53:
  bucket 48: 50%
  bucket 51: 40%
  bucket 48: 20%
  bucket 50: 40%
  Sorting block time: 00:00:21
Returning block of 18878263 for bucket 44
  bucket 56: 10%
Getting block 58 of 118
  Reserving size (31108849) for bucket 58
  Calculating Z arrays for bucket 58
  Entering block accumulator loop for bucket 58:
  Sorting block time: 00:00:30
Returning block of 27704262 for bucket 42
  bucket 51: 10%
  bucket 50: 20%
  Sorting block time: 00:00:33
Returning block of 26500967 for bucket 38
Getting block 59 of 118
  Reserving size (31108849) for bucket 59
  Calculating Z arrays for bucket 59
  Entering block accumulator loop for bucket 59:
  bucket 49: 20%
  Sorting block time: 00:00:34
Returning block of 26110226 for bucket 39
Getting block 54 of 117
  Reserving size (31108849) for bucket 54
  Calculating Z arrays for bucket 54
  Entering block accumulator loop for bucket 54:
  bucket 46: 100%
  Sorting block of length 29649674 for bucket 46
  (Using difference cover)
  bucket 54: 20%
  bucket 49: 50%
  bucket 53: 30%
  bucket 47: 30%
Getting block 55 of 117
  Reserving size (31108849) for bucket 55
  Calculating Z arrays for bucket 55
  Entering block accumulator loop for bucket 55:
  Sorting block time: 00:00:22
Returning block of 19865348 for bucket 45
  bucket 52: 40%
  bucket 53: 10%
  bucket 47: 50%
  bucket 52: 10%
Getting block 60 of 118
  Reserving size (31108849) for bucket 60
  Calculating Z arrays for bucket 60
  Entering block accumulator loop for bucket 60:
  bucket 46: 50%
  bucket 57: 10%
  Sorting block time: 00:00:40
Returning block of 29988212 for bucket 37
  bucket 55: 20%
  bucket 48: 60%
  bucket 51: 50%
Getting block 56 of 117
  Reserving size (31108849) for bucket 56
  Calculating Z arrays for bucket 56
  Entering block accumulator loop for bucket 56:
  bucket 48: 30%
  bucket 56: 20%
  bucket 50: 50%
  bucket 51: 20%
  bucket 50: 30%
  bucket 58: 10%
  bucket 54: 10%
  bucket 49: 30%
  bucket 54: 30%
  bucket 51: 60%
  bucket 59: 10%
  bucket 47: 40%
  bucket 49: 60%
  bucket 52: 50%
  bucket 55: 10%
  bucket 53: 40%
  bucket 52: 20%
  bucket 47: 60%
  bucket 46: 60%
  bucket 53: 20%
  bucket 60: 10%
  Sorting block time: 00:00:35
Returning block of 26087321 for bucket 41
  bucket 55: 30%
  bucket 48: 70%
  bucket 57: 20%
  Sorting block time: 00:00:40
Returning block of 29579907 for bucket 36
  bucket 51: 30%
  bucket 48: 40%
  Sorting block time: 00:00:31
Returning block of 23624247 for bucket 44
  bucket 56: 10%
Getting block 57 of 117
  Reserving size (31108849) for bucket 57
  Calculating Z arrays for bucket 57
  Entering block accumulator loop for bucket 57:
  Sorting block time: 00:00:30
Returning block of 23156407 for bucket 43
  bucket 50: 40%
Getting block 58 of 117
  Reserving size (31108849) for bucket 58
  Calculating Z arrays for bucket 58
  Entering block accumulator loop for bucket 58:
  bucket 51: 70%
  bucket 50: 60%
Getting block 59 of 117
  Reserving size (31108849) for bucket 59
  Calculating Z arrays for bucket 59
  Entering block accumulator loop for bucket 59:
Getting block 60 of 117
  Reserving size (31108849) for bucket 60
  Calculating Z arrays for bucket 60
  Entering block accumulator loop for bucket 60:
  bucket 56: 30%
  bucket 54: 20%
  bucket 54: 40%
  bucket 49: 40%
  bucket 58: 20%
  bucket 47: 50%
  bucket 59: 20%
  bucket 52: 30%
  bucket 52: 60%
  bucket 49: 70%
  bucket 55: 20%
  bucket 47: 70%
  bucket 46: 70%
  bucket 53: 50%
  bucket 53: 30%
  bucket 60: 20%
  bucket 48: 80%
  bucket 51: 40%
  bucket 55: 40%
  bucket 51: 80%
  bucket 48: 50%
  bucket 57: 30%
  bucket 56: 20%
  bucket 50: 50%
  bucket 57: 10%
  bucket 58: 10%
  bucket 50: 70%
  bucket 60: 10%
  bucket 54: 30%
  bucket 59: 10%
  bucket 56: 40%
  bucket 49: 50%
  bucket 47: 60%
  bucket 54: 50%
  bucket 58: 30%
  bucket 52: 40%
  bucket 59: 30%
  bucket 52: 70%
  bucket 51: 90%
  bucket 49: 80%
  bucket 47: 80%
  bucket 46: 80%
  bucket 55: 30%
  bucket 53: 40%
  bucket 53: 60%
  bucket 48: 60%
  bucket 51: 50%
  bucket 48: 90%
  bucket 60: 30%
  bucket 55: 50%
  bucket 57: 40%
  bucket 56: 30%
  bucket 50: 60%
  bucket 57: 20%
  bucket 60: 20%
  bucket 50: 80%
  bucket 58: 20%
  bucket 47: 70%
  bucket 49: 60%
  bucket 54: 40%
  bucket 56: 50%
  bucket 59: 20%
  bucket 54: 60%
  bucket 51: 100%
  Sorting block of length 22779753 for bucket 51
  (Using difference cover)
  bucket 58: 40%
  bucket 52: 50%
  bucket 52: 80%
  bucket 59: 40%
  bucket 47: 90%
  bucket 46: 90%
  bucket 49: 90%
  bucket 55: 40%
  bucket 53: 50%
  bucket 48: 70%
  bucket 53: 70%
  bucket 51: 60%
  bucket 48: 100%
  Sorting block of length 27605141 for bucket 48
  (Using difference cover)
  bucket 55: 60%
  bucket 60: 40%
  bucket 50: 70%
  bucket 56: 40%
  bucket 57: 50%
  bucket 47: 80%
  bucket 57: 30%
  bucket 60: 30%
  bucket 49: 70%
  bucket 50: 90%
  bucket 58: 30%
  bucket 54: 50%
  Sorting block time: 00:00:36
Returning block of 29649675 for bucket 46
Getting block 61 of 117
  Reserving size (31108849) for bucket 61
  Calculating Z arrays for bucket 61
  Entering block accumulator loop for bucket 61:
  bucket 56: 60%
  bucket 54: 70%
  bucket 52: 60%
  bucket 59: 30%
  bucket 58: 50%
  bucket 52: 90%
  bucket 55: 50%
  bucket 47: 100%
  Sorting block of length 7811377 for bucket 47
  (Using difference cover)
  bucket 46: 100%
  Sorting block of length 24866983 for bucket 46
  (Using difference cover)
  bucket 59: 50%
  bucket 48: 80%
  bucket 49: 100%
  Sorting block of length 12682259 for bucket 49
  (Using difference cover)
  bucket 53: 60%
  bucket 51: 70%
  bucket 53: 80%
  bucket 47: 90%
  bucket 50: 80%
  bucket 60: 50%
  bucket 55: 70%
  bucket 56: 50%
  bucket 49: 80%
  bucket 60: 40%
  bucket 57: 60%
  bucket 61: 10%
  bucket 57: 40%
  bucket 50: 100%
  Sorting block of length 26899925 for bucket 50
  (Using difference cover)
  bucket 58: 40%
  bucket 54: 60%
  bucket 52: 70%
  bucket 54: 80%
  bucket 55: 60%
  bucket 56: 70%
  bucket 59: 40%
  bucket 52: 100%
  Sorting block of length 10057826 for bucket 52
  (Using difference cover)
  bucket 58: 60%
  bucket 48: 90%
  bucket 59: 60%
  bucket 47: 100%
  Sorting block of length 29701407 for bucket 47
  (Using difference cover)
  bucket 53: 70%
  Sorting block time: 00:00:08
Returning block of 7811378 for bucket 47
  bucket 51: 80%
  bucket 49: 90%
Getting block 61 of 118
  Reserving size (31108849) for bucket 61
  Calculating Z arrays for bucket 61
  Entering block accumulator loop for bucket 61:
  bucket 61: 20%
  bucket 60: 60%
  bucket 50: 90%
  bucket 53: 90%
  bucket 56: 60%
  bucket 55: 80%
  bucket 60: 50%
  bucket 57: 70%
  bucket 57: 50%
  bucket 58: 50%
  bucket 54: 70%
  Sorting block time: 00:00:21
Returning block of 22779754 for bucket 51
  bucket 55: 70%
  bucket 52: 80%
Getting block 62 of 118
  Reserving size (31108849) for bucket 62
  Calculating Z arrays for bucket 62
  Entering block accumulator loop for bucket 62:
  bucket 54: 90%
  bucket 56: 80%
  bucket 61: 30%
  bucket 49: 100%
  Sorting block of length 23980995 for bucket 49
  (Using difference cover)
  bucket 48: 100%
  Sorting block of length 24438749 for bucket 48
  (Using difference cover)
  Sorting block time: 00:00:14
Returning block of 12682260 for bucket 49
  bucket 58: 70%
Getting block 63 of 118
  Reserving size (31108849) for bucket 63
  Calculating Z arrays for bucket 63
  Entering block accumulator loop for bucket 63:
  bucket 59: 50%
  bucket 60: 70%
  bucket 61: 10%
  bucket 51: 90%
  bucket 53: 80%
  bucket 59: 70%
  bucket 50: 100%
  Sorting block of length 26700962 for bucket 50
  (Using difference cover)
  bucket 56: 70%
  Sorting block time: 00:00:10
Returning block of 10057827 for bucket 52
  bucket 53: 100%
  Sorting block of length 23049113 for bucket 53
  (Using difference cover)
  bucket 55: 90%
  bucket 60: 60%
  bucket 62: 10%
Getting block 64 of 118
  Reserving size (31108849) for bucket 64
  Calculating Z arrays for bucket 64
  Entering block accumulator loop for bucket 64:
  bucket 57: 80%
  bucket 57: 60%
  bucket 58: 60%
  bucket 55: 80%
  bucket 52: 90%
  bucket 54: 80%
  bucket 61: 40%
  bucket 56: 90%
  bucket 54: 100%
  Sorting block of length 8801031 for bucket 54
  (Using difference cover)
  bucket 58: 80%
  bucket 61: 20%
  bucket 63: 10%
  bucket 59: 60%
  bucket 51: 100%
  Sorting block of length 25001983 for bucket 51
  (Using difference cover)
  bucket 60: 80%
  bucket 53: 90%
  Sorting block time: 00:00:29
Returning block of 27605142 for bucket 48
  bucket 59: 80%
  bucket 64: 10%
  bucket 57: 90%
  bucket 62: 20%
Getting block 65 of 118
  Reserving size (31108849) for bucket 65
  Calculating Z arrays for bucket 65
  Entering block accumulator loop for bucket 65:
  bucket 56: 80%
  bucket 60: 70%
  bucket 58: 70%
  bucket 61: 50%
  bucket 55: 100%
  Sorting block of length 28709623 for bucket 55
  (Using difference cover)
  bucket 56: 100%
  Sorting block of length 29477041 for bucket 56
  (Using difference cover)
  bucket 57: 70%
  bucket 55: 90%
  bucket 52: 100%
  Sorting block of length 20807178 for bucket 52
  (Using difference cover)
  bucket 54: 90%
  bucket 58: 90%
  Sorting block time: 00:00:28
Returning block of 24866984 for bucket 46
  bucket 61: 30%
Getting block 66 of 118
  Reserving size (31108849) for bucket 66
  Calculating Z arrays for bucket 66
  Entering block accumulator loop for bucket 66:
  bucket 62: 30%
  bucket 53: 100%
  Sorting block of length 19967817 for bucket 53
  (Using difference cover)
  bucket 59: 70%
  bucket 64: 20%
  bucket 63: 20%
  bucket 57: 100%
  Sorting block of length 22923553 for bucket 57
  (Using difference cover)
  bucket 59: 90%
  bucket 60: 90%
  bucket 58: 80%
  Sorting block time: 00:00:10
Returning block of 8801032 for bucket 54
Getting block 67 of 118
  Reserving size (31108849) for bucket 67
  Calculating Z arrays for bucket 67
  Entering block accumulator loop for bucket 67:
  bucket 57: 80%
  bucket 65: 10%
  bucket 60: 80%
  bucket 61: 60%
  Sorting block time: 00:00:29
Returning block of 26899926 for bucket 50
  bucket 56: 90%
  bucket 55: 100%
  Sorting block of length 31009208 for bucket 55
  (Using difference cover)
Getting block 68 of 118
  Reserving size (31108849) for bucket 68
  Calculating Z arrays for bucket 68
  Entering block accumulator loop for bucket 68:
  bucket 54: 100%
  Sorting block of length 29847678 for bucket 54
  (Using difference cover)
  bucket 58: 100%
  Sorting block of length 28334820 for bucket 58
  (Using difference cover)
  bucket 62: 40%
  bucket 64: 30%
  bucket 66: 10%
  bucket 59: 100%
  Sorting block of length 29793333 for bucket 59
  (Using difference cover)
  bucket 58: 90%
  bucket 61: 40%
  bucket 63: 30%
  bucket 57: 90%
  bucket 59: 80%
  bucket 65: 20%
  bucket 60: 90%
  bucket 67: 10%
  bucket 60: 100%
  Sorting block of length 3744682 for bucket 60
  (Using difference cover)
  bucket 68: 10%
  bucket 61: 70%
  bucket 56: 100%
  Sorting block of length 11992999 for bucket 56
  (Using difference cover)
  bucket 62: 50%
  bucket 64: 40%
  bucket 58: 100%
  Sorting block of length 15557791 for bucket 58
  (Using difference cover)
  bucket 57: 100%
  Sorting block of length 19247013 for bucket 57
  (Using difference cover)
  bucket 66: 20%
  Sorting block time: 00:00:05
Returning block of 3744683 for bucket 60
Getting block 69 of 118
  Reserving size (31108849) for bucket 69
  Calculating Z arrays for bucket 69
  Entering block accumulator loop for bucket 69:
  bucket 63: 40%
  Sorting block time: 00:00:27
Returning block of 23049114 for bucket 53
  bucket 60: 100%
  Sorting block of length 29527268 for bucket 60
  (Using difference cover)
  bucket 65: 30%
Getting block 70 of 118
  Reserving size (31108849) for bucket 70
  Calculating Z arrays for bucket 70
  Entering block accumulator loop for bucket 70:
  bucket 61: 50%
  bucket 67: 20%
  Sorting block time: 00:00:32
Returning block of 23980996 for bucket 49
  bucket 68: 20%
  bucket 59: 90%
  bucket 61: 80%
Getting block 62 of 117
  Reserving size (31108849) for bucket 62
  Calculating Z arrays for bucket 62
  Entering block accumulator loop for bucket 62:
  Sorting block time: 00:00:40
Returning block of 29701408 for bucket 47
  Sorting block time: 00:00:35
Returning block of 24438750 for bucket 48
  bucket 64: 50%
  bucket 62: 60%
Getting block 63 of 117
  Reserving size (31108849) for bucket 63
  Calculating Z arrays for bucket 63
  Entering block accumulator loop for bucket 63:
Getting block 64 of 117
  Reserving size (31108849) for bucket 64
  Calculating Z arrays for bucket 64
  Entering block accumulator loop for bucket 64:
  bucket 69: 10%
  bucket 66: 30%
  bucket 63: 50%
  Sorting block time: 00:00:35
Returning block of 26700963 for bucket 50
  bucket 65: 40%
Getting block 65 of 117
  Reserving size (31108849) for bucket 65
  Calculating Z arrays for bucket 65
  Entering block accumulator loop for bucket 65:
  bucket 70: 10%
  bucket 67: 30%
  bucket 61: 60%
  Sorting block time: 00:00:27
Returning block of 20807179 for bucket 52
  bucket 68: 30%
  bucket 61: 90%
Getting block 66 of 117
  Reserving size (31108849) for bucket 66
  Calculating Z arrays for bucket 66
  Entering block accumulator loop for bucket 66:
  bucket 62: 10%
  bucket 59: 100%
  Sorting block of length 24262800 for bucket 59
  (Using difference cover)
  bucket 64: 60%
  bucket 62: 70%
  bucket 63: 10%
  bucket 64: 10%
  Sorting block time: 00:00:17
Returning block of 11993000 for bucket 56
  Sorting block time: 00:00:27
Returning block of 19967818 for bucket 53
Getting block 67 of 117
  Reserving size (31108849) for bucket 67
  Calculating Z arrays for bucket 67
  Entering block accumulator loop for bucket 67:
  bucket 66: 40%
  Sorting block time: 00:00:35
Returning block of 25001984 for bucket 51
Getting block 68 of 117
  Reserving size (31108849) for bucket 68
  Calculating Z arrays for bucket 68
  Entering block accumulator loop for bucket 68:
  bucket 65: 50%
  bucket 69: 20%
  bucket 63: 60%
  Sorting block time: 00:00:34
Returning block of 29477042 for bucket 56
  Sorting block time: 00:00:29
Returning block of 22923554 for bucket 57
Getting block 69 of 117
  Reserving size (31108849) for bucket 69
  Calculating Z arrays for bucket 69
  Entering block accumulator loop for bucket 69:
  bucket 65: 10%
Getting block 71 of 118
  Reserving size (31108849) for bucket 71
  Calculating Z arrays for bucket 71
  Entering block accumulator loop for bucket 71:
  Sorting block time: 00:00:35
Returning block of 28709624 for bucket 55
  bucket 70: 20%
Getting block 72 of 118
  Reserving size (31108849) for bucket 72
  Calculating Z arrays for bucket 72
  Entering block accumulator loop for bucket 72:
  bucket 67: 40%
  bucket 68: 40%
  bucket 66: 10%
Getting block 73 of 118
  Reserving size (31108849) for bucket 73
  Calculating Z arrays for bucket 73
  Entering block accumulator loop for bucket 73:
  bucket 61: 100%
  Sorting block of length 21705335 for bucket 61
  (Using difference cover)
  bucket 61: 70%
  bucket 62: 20%
  bucket 64: 70%
  bucket 62: 80%
  bucket 64: 20%
  bucket 63: 20%
  bucket 65: 60%
  bucket 63: 70%
  bucket 66: 50%
  bucket 67: 10%
  bucket 69: 30%
  bucket 68: 10%
  bucket 71: 10%
  Sorting block time: 00:00:23
Returning block of 15557792 for bucket 58
  bucket 65: 20%
  bucket 66: 20%
Getting block 70 of 117
  Reserving size (31108849) for bucket 70
  Calculating Z arrays for bucket 70
  Entering block accumulator loop for bucket 70:
  bucket 69: 10%
  bucket 73: 10%
  bucket 72: 10%
  bucket 67: 50%
  bucket 70: 30%
  bucket 68: 50%
  bucket 61: 80%
  bucket 64: 80%
  bucket 64: 30%
  bucket 62: 90%
  Sorting block time: 00:00:34
Returning block of 28334821 for bucket 58
  bucket 62: 30%
Getting block 74 of 118
  Reserving size (31108849) for bucket 74
  Calculating Z arrays for bucket 74
  Entering block accumulator loop for bucket 74:
  Sorting block time: 00:00:26
Returning block of 19247014 for bucket 57
  bucket 63: 80%
Getting block 71 of 117
  Reserving size (31108849) for bucket 71
  Calculating Z arrays for bucket 71
  Entering block accumulator loop for bucket 71:
  bucket 63: 30%
  bucket 65: 70%
  bucket 66: 60%
  bucket 66: 30%
  bucket 71: 20%
  bucket 67: 20%
  Sorting block time: 00:00:36
Returning block of 29793334 for bucket 59
  bucket 69: 40%
  bucket 68: 20%
  bucket 65: 30%
  bucket 73: 20%
  bucket 70: 10%
  Sorting block time: 00:00:40
Returning block of 29847679 for bucket 54
Getting block 75 of 118
  Reserving size (31108849) for bucket 75
  Calculating Z arrays for bucket 75
  Entering block accumulator loop for bucket 75:
  bucket 64: 40%
  bucket 72: 20%
  bucket 69: 20%
  bucket 67: 60%
  Sorting block time: 00:00:42
Returning block of 31009209 for bucket 55
  bucket 62: 100%
  Sorting block of length 10300237 for bucket 62
  (Using difference cover)
  bucket 64: 90%
  bucket 61: 90%
Getting block 72 of 117
  Reserving size (31108849) for bucket 72
  Calculating Z arrays for bucket 72
  Entering block accumulator loop for bucket 72:
  bucket 68: 60%
Getting block 73 of 117
  Reserving size (31108849) for bucket 73
  Calculating Z arrays for bucket 73
  Entering block accumulator loop for bucket 73:
  bucket 70: 40%
  bucket 62: 40%
  bucket 74: 10%
  bucket 63: 90%
  bucket 71: 10%
  bucket 66: 40%
  bucket 65: 80%
  bucket 63: 40%
  bucket 66: 70%
  bucket 71: 30%
  bucket 64: 50%
  bucket 69: 50%
  bucket 67: 30%
  bucket 68: 30%
  bucket 65: 40%
  bucket 73: 30%
  bucket 70: 20%
  bucket 75: 10%
  bucket 73: 10%
  bucket 72: 30%
  bucket 67: 70%
  bucket 64: 100%
  Sorting block of length 27820069 for bucket 64
  (Using difference cover)
  bucket 61: 100%
  Sorting block of length 29301025 for bucket 61
  (Using difference cover)
  bucket 69: 30%
  bucket 72: 10%
  bucket 68: 70%
  Sorting block time: 00:00:38
Returning block of 29527269 for bucket 60
  bucket 70: 50%
  bucket 62: 50%
Getting block 74 of 117
  Reserving size (31108849) for bucket 74
  Calculating Z arrays for bucket 74
  Entering block accumulator loop for bucket 74:
  bucket 74: 20%
  bucket 66: 50%
  bucket 63: 100%
  Sorting block of length 30916749 for bucket 63
  (Using difference cover)
  bucket 71: 20%
  bucket 64: 60%
  bucket 65: 90%
  Sorting block time: 00:00:11
Returning block of 10300238 for bucket 62
  bucket 63: 50%
  bucket 66: 80%
Getting block 76 of 118
  Reserving size (31108849) for bucket 76
  Calculating Z arrays for bucket 76
  Entering block accumulator loop for bucket 76:
  bucket 71: 40%
  bucket 69: 60%
  bucket 73: 20%
  bucket 75: 20%
  bucket 67: 40%
  Sorting block time: 00:00:33
Returning block of 24262801 for bucket 59
  bucket 73: 40%
  bucket 65: 50%
  bucket 68: 40%
  Sorting block time: 00:00:27
Returning block of 21705336 for bucket 61
  bucket 70: 30%
Getting block 75 of 117
  Reserving size (31108849) for bucket 75
  Calculating Z arrays for bucket 75
  Entering block accumulator loop for bucket 75:
  bucket 72: 40%
  bucket 67: 80%
Getting block 76 of 117
  Reserving size (31108849) for bucket 76
  Calculating Z arrays for bucket 76
  Entering block accumulator loop for bucket 76:
  bucket 69: 40%
  bucket 72: 20%
  bucket 68: 80%
  bucket 66: 60%
  bucket 70: 60%
  bucket 62: 60%
  bucket 74: 30%
  bucket 74: 10%
  bucket 64: 70%
  bucket 65: 100%
  Sorting block of length 14114002 for bucket 65
  (Using difference cover)
  bucket 71: 30%
  bucket 73: 30%
  bucket 63: 60%
  bucket 66: 90%
  bucket 75: 30%
  bucket 71: 50%
  bucket 76: 10%
  bucket 73: 50%
  bucket 69: 70%
  bucket 67: 50%
  bucket 76: 10%
  bucket 65: 60%
  bucket 68: 50%
  bucket 70: 40%
  bucket 72: 50%
  bucket 67: 90%
  bucket 75: 10%
  bucket 64: 80%
  bucket 69: 50%
  bucket 68: 90%
  bucket 72: 30%
  bucket 66: 70%
  bucket 74: 40%
  bucket 62: 70%
  bucket 74: 20%
  bucket 70: 70%
  bucket 73: 60%
  bucket 71: 40%
  bucket 75: 40%
  bucket 66: 100%
  Sorting block of length 28197221 for bucket 66
  (Using difference cover)
  bucket 63: 70%
  bucket 73: 40%
  bucket 71: 60%
  bucket 67: 60%
  bucket 69: 80%
  bucket 76: 20%
  bucket 76: 20%
  bucket 64: 90%
  bucket 68: 60%
  bucket 65: 70%
  bucket 70: 50%
  bucket 72: 60%
  bucket 67: 100%
  Sorting block of length 25684303 for bucket 67
  (Using difference cover)
  bucket 68: 100%
  Sorting block of length 28684778 for bucket 68
  (Using difference cover)
  bucket 75: 20%
  bucket 73: 70%
  bucket 74: 50%
  bucket 62: 80%
  bucket 72: 40%
  bucket 69: 60%
  bucket 66: 80%
  bucket 74: 30%
  bucket 75: 50%
  bucket 70: 80%
  Sorting block time: 00:00:16
Returning block of 14114003 for bucket 65
  bucket 71: 50%
Getting block 77 of 118
  Reserving size (31108849) for bucket 77
  Calculating Z arrays for bucket 77
  Entering block accumulator loop for bucket 77:
  bucket 76: 30%
  bucket 64: 100%
  Sorting block of length 25268080 for bucket 64
  (Using difference cover)
  bucket 63: 80%
  bucket 71: 70%
  bucket 73: 50%
  bucket 68: 70%
  bucket 67: 70%
  bucket 69: 90%
  bucket 76: 30%
  bucket 65: 80%
  bucket 70: 60%
  bucket 72: 70%
  bucket 73: 80%
  Sorting block time: 00:00:30
Returning block of 27820070 for bucket 64
  bucket 62: 90%
  bucket 74: 60%
Getting block 78 of 118
  Reserving size (31108849) for bucket 78
  Calculating Z arrays for bucket 78
  Entering block accumulator loop for bucket 78:
  bucket 75: 30%
  bucket 75: 60%
  bucket 72: 50%
  bucket 66: 90%
  bucket 69: 70%
  bucket 74: 40%
  bucket 70: 90%
  bucket 77: 10%
  bucket 69: 100%
  Sorting block of length 18817088 for bucket 69
  (Using difference cover)
  Sorting block time: 00:00:33
Returning block of 29301026 for bucket 61
  bucket 76: 40%
  bucket 67: 80%
  bucket 71: 60%
  bucket 68: 80%
  bucket 71: 80%
Getting block 79 of 118
  Reserving size (31108849) for bucket 79
  Calculating Z arrays for bucket 79
  Entering block accumulator loop for bucket 79:
  bucket 63: 90%
  bucket 73: 60%
  Sorting block time: 00:00:33
Returning block of 30916750 for bucket 63
  bucket 65: 90%
  bucket 70: 70%
  bucket 72: 80%
  bucket 76: 40%
  bucket 73: 90%
Getting block 80 of 118
  Reserving size (31108849) for bucket 80
  Calculating Z arrays for bucket 80
  Entering block accumulator loop for bucket 80:
  bucket 62: 100%
  Sorting block of length 11030216 for bucket 62
  (Using difference cover)
  bucket 74: 70%
  bucket 78: 10%
  bucket 75: 70%
  bucket 66: 100%
  Sorting block of length 19267049 for bucket 66
  (Using difference cover)
  bucket 72: 60%
  bucket 75: 40%
  bucket 67: 90%
  bucket 69: 80%
  bucket 68: 90%
  bucket 76: 50%
  bucket 70: 100%
  Sorting block of length 28411140 for bucket 70
  (Using difference cover)
  bucket 74: 50%
  bucket 77: 20%
  bucket 71: 70%
  bucket 79: 10%
  bucket 71: 90%
  bucket 63: 100%
  Sorting block of length 20446871 for bucket 63
  (Using difference cover)
  bucket 73: 70%
  bucket 73: 100%
  Sorting block of length 26246930 for bucket 73
  (Using difference cover)
  bucket 65: 100%
  Sorting block of length 19391505 for bucket 65
  (Using difference cover)
  bucket 72: 90%
  bucket 70: 80%
  bucket 76: 50%
  bucket 80: 10%
  bucket 74: 80%
  bucket 75: 50%
  bucket 67: 100%
  Sorting block of length 21468604 for bucket 67
  (Using difference cover)
  bucket 69: 90%
  bucket 68: 100%
  Sorting block of length 11234767 for bucket 68
  (Using difference cover)
  bucket 76: 60%
  bucket 75: 80%
  bucket 72: 70%
  bucket 78: 20%
  bucket 71: 80%
  bucket 74: 60%
  bucket 79: 20%
  bucket 77: 30%
  bucket 71: 100%
  Sorting block of length 10333839 for bucket 71
  (Using difference cover)
  Sorting block time: 00:00:30
Returning block of 28197222 for bucket 66
  Sorting block time: 00:00:27
Returning block of 25684304 for bucket 67
  bucket 72: 100%
  Sorting block of length 26874456 for bucket 72
  (Using difference cover)
Getting block 81 of 118
  Reserving size (31108849) for bucket 81
  Calculating Z arrays for bucket 81
  Entering block accumulator loop for bucket 81:
Getting block 82 of 118
  Reserving size (31108849) for bucket 82
  Calculating Z arrays for bucket 82
  Entering block accumulator loop for bucket 82:
  bucket 73: 80%
  bucket 70: 90%
  bucket 74: 90%
  Sorting block time: 00:00:14
Returning block of 11030217 for bucket 62
  bucket 75: 60%
Getting block 77 of 117
  Reserving size (31108849) for bucket 77
  Calculating Z arrays for bucket 77
  Entering block accumulator loop for bucket 77:
  bucket 76: 60%
  bucket 69: 100%
  Sorting block of length 22485442 for bucket 69
  (Using difference cover)
  bucket 80: 20%
  Sorting block time: 00:00:20
Returning block of 18817089 for bucket 69
  Sorting block time: 00:00:30
Returning block of 28684779 for bucket 68
  bucket 76: 70%
Getting block 83 of 118
  Reserving size (31108849) for bucket 83
  Calculating Z arrays for bucket 83
  Entering block accumulator loop for bucket 83:
Getting block 84 of 118
  Reserving size (31108849) for bucket 84
  Calculating Z arrays for bucket 84
  Entering block accumulator loop for bucket 84:
  bucket 75: 90%
  bucket 72: 80%
  bucket 71: 90%
  bucket 74: 70%
  bucket 78: 30%
  bucket 79: 30%
  bucket 77: 40%
  bucket 81: 10%
  bucket 82: 10%
  bucket 74: 100%
  Sorting block of length 12890115 for bucket 74
  (Using difference cover)
  bucket 75: 70%
  bucket 70: 100%
  Sorting block of length 26683656 for bucket 70
  (Using difference cover)
  bucket 73: 90%
  bucket 77: 10%
  bucket 83: 10%
  bucket 76: 70%
  Sorting block time: 00:00:11
Returning block of 10333840 for bucket 71
  bucket 84: 10%
  bucket 80: 30%
Getting block 85 of 118
  Reserving size (31108849) for bucket 85
  Calculating Z arrays for bucket 85
  Entering block accumulator loop for bucket 85:
  bucket 76: 80%
  Sorting block time: 00:00:15
Returning block of 11234768 for bucket 68
  Sorting block time: 00:00:34
Returning block of 25268081 for bucket 64
  bucket 72: 90%
Getting block 78 of 117
  Reserving size (31108849) for bucket 78
  Calculating Z arrays for bucket 78
  Entering block accumulator loop for bucket 78:
  bucket 75: 100%
  Sorting block of length 30463703 for bucket 75
  (Using difference cover)
Getting block 79 of 117
  bucket 71: 100%
  Reserving size (31108849) for bucket 79
  Sorting block of length 8317105 for bucket 71
  (Using difference cover)
  Calculating Z arrays for bucket 79
  Entering block accumulator loop for bucket 79:
  bucket 74: 80%
  bucket 78: 40%
  bucket 82: 20%
  bucket 79: 40%
  bucket 81: 20%
  bucket 77: 50%
  Sorting block time: 00:00:26
Returning block of 19267050 for bucket 66
  bucket 75: 80%
Getting block 80 of 117
  Reserving size (31108849) for bucket 80
  Calculating Z arrays for bucket 80
  Entering block accumulator loop for bucket 80:
  bucket 84: 20%
  bucket 73: 100%
  Sorting block of length 17591522 for bucket 73
  (Using difference cover)
  bucket 85: 10%
  bucket 76: 90%
  bucket 72: 100%
  Sorting block of length 24040613 for bucket 72
  (Using difference cover)
  bucket 83: 20%
  bucket 76: 80%
  bucket 77: 20%
  bucket 79: 10%
  bucket 74: 90%
  bucket 80: 40%
  bucket 78: 10%
  Sorting block time: 00:00:27
Returning block of 20446872 for bucket 63
  Sorting block time: 00:00:30
Returning block of 28411141 for bucket 70
  Sorting block time: 00:00:27
Returning block of 19391506 for bucket 65
  bucket 78: 50%
  bucket 82: 30%
Getting block 81 of 117
  Reserving size (31108849) for bucket 81
  Calculating Z arrays for bucket 81
  Entering block accumulator loop for bucket 81:
Getting block 82 of 117
  Reserving size (31108849) for bucket 82
  Calculating Z arrays for bucket 82
  Entering block accumulator loop for bucket 82:
Getting block 86 of 118
  Reserving size (31108849) for bucket 86
  Calculating Z arrays for bucket 86
  Entering block accumulator loop for bucket 86:
  bucket 79: 50%
  bucket 84: 30%
  bucket 81: 30%
  Sorting block time: 00:00:14
Returning block of 12890116 for bucket 74
  bucket 77: 60%
  bucket 75: 90%
Getting block 87 of 118
  Reserving size (31108849) for bucket 87
  Calculating Z arrays for bucket 87
  Entering block accumulator loop for bucket 87:
  Sorting block time: 00:00:11
Returning block of 8317106 for bucket 71
  Sorting block time: 00:00:30
Returning block of 26246931 for bucket 73
Getting block 83 of 117
  Reserving size (31108849) for bucket 83
  Calculating Z arrays for bucket 83
  Entering block accumulator loop for bucket 83:
  bucket 80: 10%
Getting block 88 of 118
  Reserving size (31108849) for bucket 88
  Calculating Z arrays for bucket 88
  Entering block accumulator loop for bucket 88:
  Sorting block time: 00:00:28
Returning block of 21468605 for bucket 67
  bucket 85: 20%
  bucket 76: 90%
  bucket 76: 100%
  Sorting block of length 23633061 for bucket 76
  (Using difference cover)
Getting block 84 of 117
  Reserving size (31108849) for bucket 84
  Calculating Z arrays for bucket 84
  Entering block accumulator loop for bucket 84:
  bucket 79: 20%
  bucket 77: 30%
  bucket 78: 60%
  bucket 80: 50%
  bucket 74: 100%
  Sorting block of length 29072889 for bucket 74
  (Using difference cover)
  bucket 81: 10%
  bucket 83: 30%
  bucket 82: 10%
  bucket 82: 40%
  bucket 78: 20%
  bucket 86: 10%
  bucket 84: 40%
  bucket 79: 60%
  bucket 83: 10%
  Sorting block time: 00:00:30
Returning block of 26874457 for bucket 72
  bucket 81: 40%
  bucket 77: 70%
  bucket 87: 10%
  bucket 75: 100%
  Sorting block of length 22907922 for bucket 75
  (Using difference cover)
Getting block 89 of 118
  Reserving size (31108849) for bucket 89
  Calculating Z arrays for bucket 89
  Entering block accumulator loop for bucket 89:
  bucket 76: 100%
  Sorting block of length 31088044 for bucket 76
  (Using difference cover)
  bucket 80: 20%
  bucket 88: 10%
  bucket 85: 30%
  Sorting block time: 00:00:30
Returning block of 22485443 for bucket 69
  bucket 79: 30%
  bucket 81: 20%
  bucket 78: 70%
  bucket 84: 10%
Getting block 85 of 117
  Reserving size (31108849) for bucket 85
  Calculating Z arrays for bucket 85
  Entering block accumulator loop for bucket 85:
  bucket 83: 40%
  bucket 82: 20%
  bucket 84: 50%
  bucket 86: 20%
  bucket 77: 40%
  bucket 80: 60%
  bucket 78: 30%
  bucket 82: 50%
  bucket 83: 20%
  bucket 79: 70%
  bucket 80: 30%
  bucket 87: 20%
  bucket 81: 50%
  bucket 77: 80%
  bucket 89: 10%
  Sorting block time: 00:00:23
Returning block of 17591523 for bucket 73
Getting block 86 of 117
  Reserving size (31108849) for bucket 86
  Calculating Z arrays for bucket 86
  Entering block accumulator loop for bucket 86:
  bucket 88: 20%
  bucket 85: 40%
  bucket 78: 80%
  bucket 84: 60%
  bucket 79: 40%
  bucket 86: 30%
  Sorting block time: 00:00:33
Returning block of 26683657 for bucket 70
  bucket 81: 30%
  bucket 83: 50%
  bucket 84: 20%
  bucket 82: 30%
Getting block 87 of 117
  Reserving size (31108849) for bucket 87
  Calculating Z arrays for bucket 87
  Entering block accumulator loop for bucket 87:
  bucket 83: 30%
  bucket 85: 10%
  bucket 77: 50%
  bucket 80: 70%
  bucket 78: 40%
  bucket 82: 60%
  bucket 80: 40%
  Sorting block time: 00:00:33
Returning block of 30463704 for bucket 75
  bucket 79: 80%
  bucket 84: 70%
  bucket 87: 30%
  bucket 77: 90%
Getting block 90 of 118
  Reserving size (31108849) for bucket 90
  Calculating Z arrays for bucket 90
  Entering block accumulator loop for bucket 90:
  bucket 81: 60%
  bucket 86: 10%
  bucket 89: 20%
  bucket 78: 90%
  bucket 86: 40%
  bucket 85: 50%
  bucket 88: 30%
  bucket 87: 10%
  bucket 83: 40%
  bucket 79: 50%
  bucket 83: 60%
  Sorting block time: 00:00:31
Returning block of 24040614 for bucket 72
  bucket 81: 40%
  bucket 82: 40%
  bucket 84: 30%
Getting block 88 of 117
  Reserving size (31108849) for bucket 88
  Calculating Z arrays for bucket 88
  Entering block accumulator loop for bucket 88:
  bucket 80: 80%
  bucket 77: 60%
  bucket 85: 20%
  bucket 78: 50%
  bucket 80: 50%
  bucket 82: 70%
  bucket 84: 80%
  bucket 86: 20%
  bucket 79: 90%
  bucket 86: 50%
  bucket 87: 40%
  bucket 77: 100%
  Sorting block of length 29452993 for bucket 77
  (Using difference cover)
  bucket 90: 10%
  bucket 89: 30%
  bucket 83: 50%
  bucket 81: 70%
  bucket 78: 100%
  Sorting block of length 30403198 for bucket 78
  (Using difference cover)
  bucket 85: 60%
  bucket 88: 40%
  bucket 87: 20%
  bucket 83: 70%
  Sorting block time: 00:00:31
Returning block of 23633062 for bucket 76
  bucket 79: 60%
Getting block 89 of 117
  Reserving size (31108849) for bucket 89
  Calculating Z arrays for bucket 89
  Entering block accumulator loop for bucket 89:
  bucket 84: 90%
  bucket 80: 60%
  bucket 81: 50%
  bucket 80: 90%
  bucket 82: 50%
  bucket 88: 10%
  bucket 84: 40%
  bucket 78: 60%
  bucket 77: 70%
  bucket 85: 30%
  bucket 82: 80%
  bucket 83: 60%
  bucket 86: 30%
  Sorting block time: 00:00:30
Returning block of 22907923 for bucket 75
  bucket 86: 60%
  bucket 79: 100%
  Sorting block of length 27098143 for bucket 79
  (Using difference cover)
  bucket 87: 50%
  bucket 84: 100%
  Sorting block of length 6721171 for bucket 84
  (Using difference cover)
Getting block 90 of 117
  Reserving size (31108849) for bucket 90
  Calculating Z arrays for bucket 90
  Entering block accumulator loop for bucket 90:
  bucket 89: 40%
  bucket 90: 20%
  bucket 81: 80%
  bucket 85: 70%
  bucket 87: 30%
  bucket 88: 50%
  bucket 79: 70%
  bucket 80: 100%
  Sorting block of length 18557139 for bucket 80
  (Using difference cover)
  bucket 80: 70%
  Sorting block time: 00:00:38
Returning block of 29072890 for bucket 74
  bucket 83: 80%
  bucket 89: 10%
  bucket 82: 60%
  bucket 81: 60%
  bucket 88: 20%
  bucket 77: 80%
Getting block 91 of 117
  Reserving size (31108849) for bucket 91
  Calculating Z arrays for bucket 91
  Entering block accumulator loop for bucket 91:
  bucket 78: 70%
  bucket 83: 70%
  bucket 84: 50%
  Sorting block time: 00:00:36
Returning block of 31088045 for bucket 76
  bucket 85: 40%
  bucket 82: 90%
Getting block 91 of 118
  Reserving size (31108849) for bucket 91
  Calculating Z arrays for bucket 91
  Entering block accumulator loop for bucket 91:
  bucket 86: 40%
  Sorting block time: 00:00:07
Returning block of 6721172 for bucket 84
Getting block 92 of 118
  Reserving size (31108849) for bucket 92
  Calculating Z arrays for bucket 92
  Entering block accumulator loop for bucket 92:
  bucket 86: 70%
  bucket 87: 60%
  bucket 90: 10%
  bucket 89: 50%
  bucket 90: 30%
  bucket 87: 40%
  bucket 85: 80%
  bucket 81: 90%
  bucket 88: 60%
  bucket 79: 80%
  bucket 77: 90%
  bucket 91: 10%
  bucket 80: 80%
  bucket 83: 80%
  bucket 89: 20%
  bucket 88: 30%
  bucket 82: 70%
  bucket 81: 70%
  bucket 78: 80%
  bucket 83: 90%
  bucket 84: 60%
  bucket 92: 10%
  bucket 82: 100%
  Sorting block of length 30633445 for bucket 82
  (Using difference cover)
  bucket 85: 50%
  bucket 91: 10%
  bucket 86: 80%
  bucket 86: 50%
  bucket 87: 70%
  bucket 90: 20%
  bucket 89: 60%
  bucket 90: 40%
  bucket 87: 50%
  bucket 91: 20%
  bucket 77: 100%
  Sorting block of length 23529594 for bucket 77
  (Using difference cover)
  bucket 85: 90%
  bucket 88: 70%
  bucket 81: 100%
  Sorting block of length 29004986 for bucket 81
  (Using difference cover)
  bucket 79: 90%
  bucket 83: 90%
  bucket 89: 30%
  bucket 92: 20%
  bucket 80: 90%
  bucket 78: 90%
  bucket 88: 40%
  bucket 82: 80%
  bucket 84: 70%
  bucket 86: 90%
  bucket 81: 80%
  bucket 91: 20%
  bucket 83: 100%
  Sorting block of length 25177750 for bucket 83
  (Using difference cover)
  bucket 85: 60%
  Sorting block time: 00:00:20
Returning block of 18557140 for bucket 80
Getting block 93 of 118
  Reserving size (31108849) for bucket 93
  Calculating Z arrays for bucket 93
  Entering block accumulator loop for bucket 93:
  Sorting block time: 00:00:30
Returning block of 29452994 for bucket 77
  bucket 87: 80%
  bucket 91: 30%
  bucket 89: 70%
  bucket 90: 30%
  bucket 86: 60%
  bucket 90: 50%
Getting block 94 of 118
  Reserving size (31108849) for bucket 94
  Calculating Z arrays for bucket 94
  Entering block accumulator loop for bucket 94:
  bucket 86: 100%
  Sorting block of length 27107498 for bucket 86
  (Using difference cover)
  bucket 87: 60%
  bucket 83: 100%
  Sorting block of length 28612076 for bucket 83
  (Using difference cover)
  bucket 85: 100%
  Sorting block of length 27973590 for bucket 85
  (Using difference cover)
  bucket 88: 80%
  bucket 89: 40%
  Sorting block time: 00:00:32
Returning block of 30403199 for bucket 78
  bucket 91: 30%
  bucket 79: 100%
  Sorting block of length 16140684 for bucket 79
  (Using difference cover)
  bucket 78: 100%
  Sorting block of length 25560414 for bucket 78
  (Using difference cover)
Getting block 95 of 118
  Reserving size (31108849) for bucket 95
  Calculating Z arrays for bucket 95
  Entering block accumulator loop for bucket 95:
  bucket 92: 30%
  bucket 84: 80%
  bucket 88: 50%
  bucket 82: 90%
  bucket 80: 100%
  Sorting block of length 30778000 for bucket 80
  (Using difference cover)
  bucket 81: 90%
  Sorting block time: 00:00:30
Returning block of 27098144 for bucket 79
  bucket 85: 70%
  bucket 87: 90%
  bucket 94: 10%
Getting block 96 of 118
  Reserving size (31108849) for bucket 96
  Calculating Z arrays for bucket 96
  Entering block accumulator loop for bucket 96:
  bucket 93: 10%
  bucket 90: 60%
  bucket 90: 40%
  bucket 88: 90%
  bucket 91: 40%
  bucket 91: 40%
  bucket 89: 80%
  bucket 87: 70%
  bucket 89: 50%
  bucket 95: 10%
  bucket 86: 70%
  bucket 84: 90%
  bucket 92: 40%
  bucket 88: 60%
  bucket 82: 100%
  Sorting block of length 19675731 for bucket 82
  (Using difference cover)
  bucket 81: 100%
  Sorting block of length 27827436 for bucket 81
  (Using difference cover)
  bucket 94: 20%
  bucket 87: 100%
  Sorting block of length 26777391 for bucket 87
  (Using difference cover)
  bucket 96: 10%
  bucket 90: 50%
  bucket 90: 70%
  bucket 91: 50%
  bucket 85: 80%
  bucket 88: 100%
  Sorting block of length 17392595 for bucket 88
  (Using difference cover)
  bucket 93: 20%
  bucket 89: 60%
  bucket 91: 50%
  bucket 92: 50%
  bucket 89: 90%
  bucket 87: 80%
  bucket 84: 100%
  Sorting block of length 24760251 for bucket 84
  (Using difference cover)
  bucket 95: 20%
  bucket 86: 80%
  bucket 88: 70%
  bucket 90: 60%
  bucket 96: 20%
  bucket 91: 60%
  bucket 90: 80%
  bucket 92: 60%
  bucket 85: 90%
  bucket 94: 30%
  bucket 89: 70%
  bucket 93: 30%
  bucket 91: 60%
  bucket 87: 90%
  bucket 89: 100%
  Sorting block of length 16005176 for bucket 89
  (Using difference cover)
  Sorting block time: 00:00:35
Returning block of 30633446 for bucket 82
  bucket 95: 30%
  Sorting block time: 00:00:22
Returning block of 16140685 for bucket 79
  bucket 91: 70%
Getting block 97 of 118
  Reserving size (31108849) for bucket 97
  Calculating Z arrays for bucket 97
  Entering block accumulator loop for bucket 97:
Getting block 92 of 117
  Reserving size (31108849) for bucket 92
  Calculating Z arrays for bucket 92
  Entering block accumulator loop for bucket 92:
  bucket 92: 70%
  bucket 86: 90%
  bucket 90: 70%
  bucket 96: 30%
  Sorting block time: 00:00:32
Returning block of 29004987 for bucket 81
  bucket 88: 80%
  bucket 90: 90%
  Sorting block time: 00:00:34
Returning block of 23529595 for bucket 77
  bucket 85: 100%
  Sorting block of length 27509969 for bucket 85
  (Using difference cover)
Getting block 98 of 118
  Reserving size (31108849) for bucket 98
  Calculating Z arrays for bucket 98
  Entering block accumulator loop for bucket 98:
  Sorting block time: 00:00:30
Returning block of 25177751 for bucket 83
  bucket 89: 80%
Getting block 93 of 117
  Reserving size (31108849) for bucket 93
  Calculating Z arrays for bucket 93
  Entering block accumulator loop for bucket 93:
Getting block 99 of 118
  Reserving size (31108849) for bucket 99
  Calculating Z arrays for bucket 99
  Entering block accumulator loop for bucket 99:
  bucket 94: 40%
  bucket 93: 40%
  bucket 91: 80%
  bucket 92: 80%
  Sorting block time: 00:00:31
Returning block of 27107499 for bucket 86
  bucket 91: 70%
  bucket 87: 100%
  Sorting block of length 21105233 for bucket 87
  (Using difference cover)
  bucket 97: 10%
  bucket 92: 10%
  bucket 90: 80%
Getting block 100 of 118
  Reserving size (31108849) for bucket 100
  Calculating Z arrays for bucket 100
  Entering block accumulator loop for bucket 100:
  bucket 95: 40%
  Sorting block time: 00:00:31
Returning block of 27973591 for bucket 85
  bucket 86: 100%
  Sorting block of length 30503436 for bucket 86
  (Using difference cover)
Getting block 101 of 118
  Reserving size (31108849) for bucket 101
  Calculating Z arrays for bucket 101
  Entering block accumulator loop for bucket 101:
  bucket 88: 90%
  bucket 96: 40%
  bucket 98: 10%
  bucket 89: 90%
  bucket 90: 100%
  Sorting block of length 23916030 for bucket 90
  (Using difference cover)
  Sorting block time: 00:00:20
Returning block of 17392596 for bucket 88
Getting block 102 of 118
  Reserving size (31108849) for bucket 102
  Calculating Z arrays for bucket 102
  Entering block accumulator loop for bucket 102:
  bucket 93: 10%
  bucket 92: 90%
  bucket 99: 10%
  Sorting block time: 00:00:26
Returning block of 19675732 for bucket 82
  bucket 94: 50%
  Sorting block time: 00:00:35
Returning block of 25560415 for bucket 78
  bucket 91: 90%
Getting block 94 of 117
  Reserving size (31108849) for bucket 94
  Calculating Z arrays for bucket 94
  Entering block accumulator loop for bucket 94:
  bucket 97: 20%
  Sorting block time: 00:00:37
Returning block of 28612077 for bucket 83
Getting block 95 of 117
  Reserving size (31108849) for bucket 95
  Calculating Z arrays for bucket 95
  Entering block accumulator loop for bucket 95:
  bucket 90: 90%
  bucket 93: 50%
  bucket 100: 10%
  bucket 92: 20%
Getting block 96 of 117
  Reserving size (31108849) for bucket 96
  Calculating Z arrays for bucket 96
  Entering block accumulator loop for bucket 96:
  bucket 91: 80%
  bucket 95: 50%
  bucket 88: 100%
  Sorting block of length 30642913 for bucket 88
  (Using difference cover)
  bucket 101: 10%
  Sorting block time: 00:00:17
Returning block of 16005177 for bucket 89
  bucket 98: 20%
  bucket 92: 100%
  Sorting block of length 29696658 for bucket 92
  (Using difference cover)
Getting block 103 of 118
  Reserving size (31108849) for bucket 103
  Calculating Z arrays for bucket 103
  Entering block accumulator loop for bucket 103:
  bucket 96: 50%
  bucket 89: 100%
  Sorting block of length 21005647 for bucket 89
  (Using difference cover)
  bucket 99: 20%
  Sorting block time: 00:00:30
Returning block of 26777392 for bucket 87
  bucket 102: 10%
  bucket 97: 30%
  bucket 91: 100%
  Sorting block of length 19859280 for bucket 91
  (Using difference cover)
  bucket 93: 20%
  bucket 90: 100%
  Sorting block of length 27935943 for bucket 90
  (Using difference cover)
Getting block 104 of 118
  Reserving size (31108849) for bucket 104
  Calculating Z arrays for bucket 104
  Entering block accumulator loop for bucket 104:
  bucket 94: 60%
  bucket 94: 10%
  Sorting block time: 00:00:42
Returning block of 30778001 for bucket 80
  bucket 95: 10%
Getting block 97 of 117
  Reserving size (31108849) for bucket 97
  Calculating Z arrays for bucket 97
  Entering block accumulator loop for bucket 97:
  bucket 93: 60%
  bucket 92: 30%
  bucket 100: 20%
  bucket 91: 90%
  bucket 96: 10%
  bucket 101: 20%
  bucket 95: 60%
  bucket 103: 10%
  bucket 98: 30%
  Sorting block time: 00:00:33
Returning block of 24760252 for bucket 84
  bucket 99: 30%
  bucket 96: 60%
  bucket 97: 40%
Getting block 98 of 117
  Reserving size (31108849) for bucket 98
  Calculating Z arrays for bucket 98
  Entering block accumulator loop for bucket 98:
  Sorting block time: 00:00:39
Returning block of 27827437 for bucket 81
  bucket 102: 20%
  bucket 94: 20%
  bucket 93: 30%
Getting block 99 of 117
  Reserving size (31108849) for bucket 99
  Calculating Z arrays for bucket 99
  Entering block accumulator loop for bucket 99:
  bucket 97: 10%
  bucket 104: 10%
  bucket 94: 70%
  bucket 95: 20%
  bucket 93: 70%
  bucket 92: 40%
  bucket 100: 30%
  bucket 91: 100%
  Sorting block of length 15930642 for bucket 91
  (Using difference cover)
  bucket 103: 20%
  bucket 96: 20%
  bucket 101: 30%
  bucket 95: 70%
  bucket 97: 50%
  bucket 99: 40%
  bucket 98: 10%
  bucket 98: 40%
  bucket 96: 70%
  bucket 94: 30%
  bucket 99: 10%
  bucket 97: 20%
  bucket 102: 30%
  bucket 93: 40%
  Sorting block time: 00:00:29
Returning block of 21105234 for bucket 87
  bucket 94: 80%
  bucket 104: 20%
  bucket 93: 80%
Getting block 100 of 117
  Reserving size (31108849) for bucket 100
  Calculating Z arrays for bucket 100
  Entering block accumulator loop for bucket 100:
  bucket 103: 30%
  Sorting block time: 00:00:27
Returning block of 23916031 for bucket 90
  bucket 95: 30%
  bucket 97: 60%
  bucket 92: 50%
Getting block 105 of 118
  Reserving size (31108849) for bucket 105
  Calculating Z arrays for bucket 105
  Entering block accumulator loop for bucket 105:
  bucket 100: 40%
  bucket 99: 50%
  bucket 96: 30%
  bucket 95: 80%
  bucket 101: 40%
  bucket 98: 20%
  Sorting block time: 00:00:37
Returning block of 27509970 for bucket 85
  bucket 94: 40%
  bucket 98: 50%
  bucket 96: 80%
Getting block 101 of 117
  Reserving size (31108849) for bucket 101
  Calculating Z arrays for bucket 101
  Entering block accumulator loop for bucket 101:
  bucket 97: 30%
  bucket 99: 20%
  Sorting block time: 00:00:24
Returning block of 19859281 for bucket 91
  bucket 93: 90%
  bucket 93: 50%
  bucket 102: 40%
Getting block 106 of 118
  Reserving size (31108849) for bucket 106
  Calculating Z arrays for bucket 106
  Entering block accumulator loop for bucket 106:
  bucket 100: 10%
  bucket 97: 70%
  bucket 103: 40%
  bucket 94: 90%
  bucket 104: 30%
  Sorting block time: 00:00:27
Returning block of 21005648 for bucket 89
  bucket 95: 40%
Getting block 102 of 117
  Reserving size (31108849) for bucket 102
  Calculating Z arrays for bucket 102
  Entering block accumulator loop for bucket 102:
  bucket 92: 60%
  bucket 100: 50%
  bucket 105: 10%
  bucket 95: 90%
  bucket 98: 30%
  bucket 96: 40%
  bucket 99: 60%
  bucket 101: 50%
  bucket 97: 40%
  bucket 94: 50%
  Sorting block time: 00:00:40
Returning block of 30503437 for bucket 86
  bucket 96: 90%
  bucket 98: 60%
  bucket 93: 100%
  Sorting block of length 27603655 for bucket 93
  (Using difference cover)
Getting block 103 of 117
  Reserving size (31108849) for bucket 103
  Calculating Z arrays for bucket 103
  Entering block accumulator loop for bucket 103:
  bucket 101: 10%
  bucket 97: 80%
  Sorting block time: 00:00:33
Returning block of 29696659 for bucket 92
  bucket 100: 20%
  bucket 99: 30%
Getting block 107 of 118
  Reserving size (31108849) for bucket 107
  Calculating Z arrays for bucket 107
  Entering block accumulator loop for bucket 107:
  Sorting block time: 00:00:21
Returning block of 15930643 for bucket 91
  bucket 93: 60%
  bucket 103: 50%
  bucket 102: 50%
Getting block 104 of 117
  Reserving size (31108849) for bucket 104
  Calculating Z arrays for bucket 104
  Entering block accumulator loop for bucket 104:
  bucket 106: 10%
  bucket 94: 100%
  Sorting block of length 23025400 for bucket 94
  (Using difference cover)
  bucket 104: 40%
  bucket 95: 50%
  bucket 92: 70%
  bucket 102: 10%
  bucket 100: 60%
  bucket 95: 100%
  Sorting block of length 11175237 for bucket 95
  (Using difference cover)
  bucket 97: 50%
  bucket 105: 20%
  bucket 98: 40%
  bucket 96: 50%
  bucket 101: 60%
  bucket 99: 70%
  Sorting block time: 00:00:36
Returning block of 27935944 for bucket 90
  bucket 97: 90%
  bucket 96: 100%
  Sorting block of length 20873676 for bucket 96
  (Using difference cover)
  bucket 94: 60%
  bucket 98: 70%
  bucket 107: 10%
Getting block 105 of 117
  Reserving size (31108849) for bucket 105
  Calculating Z arrays for bucket 105
  Entering block accumulator loop for bucket 105:
  bucket 100: 30%
  Sorting block time: 00:00:41
Returning block of 30642914 for bucket 88
  bucket 103: 10%
  bucket 104: 10%
  bucket 101: 20%
  bucket 93: 70%
Getting block 106 of 117
  Reserving size (31108849) for bucket 106
  Calculating Z arrays for bucket 106
  Entering block accumulator loop for bucket 106:
  bucket 102: 60%
  bucket 103: 60%
  bucket 99: 40%
  bucket 106: 20%
  bucket 95: 60%
  bucket 104: 50%
  bucket 92: 80%
  bucket 97: 100%
  Sorting block of length 30113125 for bucket 97
  (Using difference cover)
  bucket 100: 70%
  bucket 97: 60%
  bucket 107: 20%
  bucket 102: 20%
  bucket 105: 30%
  bucket 98: 50%
  bucket 101: 70%
  bucket 96: 60%
  bucket 99: 80%
  bucket 98: 80%
  bucket 93: 80%
  bucket 94: 70%
  bucket 100: 40%
  bucket 105: 10%
  bucket 104: 20%
  bucket 103: 20%
  Sorting block time: 00:00:13
Returning block of 11175238 for bucket 95
  bucket 106: 10%
  bucket 101: 30%
Getting block 108 of 118
  Reserving size (31108849) for bucket 108
  Calculating Z arrays for bucket 108
  Entering block accumulator loop for bucket 108:
  bucket 102: 70%
  bucket 103: 70%
  bucket 99: 50%
  bucket 107: 30%
  bucket 106: 30%
  bucket 95: 70%
  bucket 104: 60%
  bucket 92: 90%
  bucket 100: 80%
  bucket 97: 70%
  bucket 105: 40%
  bucket 99: 90%
  bucket 101: 80%
  bucket 102: 30%
  bucket 98: 60%
  bucket 96: 70%
  bucket 93: 90%
  bucket 98: 90%
  bucket 104: 30%
  bucket 107: 40%
  bucket 108: 10%
  bucket 94: 80%
  bucket 100: 50%
  bucket 105: 20%
  bucket 103: 30%
  bucket 106: 20%
  bucket 102: 80%
  bucket 101: 40%
  bucket 103: 80%
  bucket 99: 60%
  bucket 106: 40%
  Sorting block time: 00:00:24
Returning block of 23025401 for bucket 94
  bucket 95: 80%
  bucket 92: 100%
  Sorting block of length 17114499 for bucket 92
  (Using difference cover)
  bucket 104: 70%
Getting block 109 of 118
  Reserving size (31108849) for bucket 109
  Calculating Z arrays for bucket 109
  Entering block accumulator loop for bucket 109:
  bucket 100: 90%
  Sorting block time: 00:00:22
Returning block of 20873677 for bucket 96
  bucket 97: 80%
  Sorting block time: 00:00:29
Returning block of 27603656 for bucket 93
  bucket 93: 100%
  Sorting block of length 17676538 for bucket 93
  (Using difference cover)
  bucket 101: 90%
Getting block 110 of 118
  Reserving size (31108849) for bucket 110
  Calculating Z arrays for bucket 110
  Entering block accumulator loop for bucket 110:
  bucket 105: 50%
  bucket 99: 100%
  Sorting block of length 25575659 for bucket 99
  (Using difference cover)
  bucket 98: 70%
  bucket 107: 50%
  bucket 96: 80%
  bucket 102: 40%
  bucket 104: 40%
Getting block 111 of 118
  Reserving size (31108849) for bucket 111
  Calculating Z arrays for bucket 111
  Entering block accumulator loop for bucket 111:
  bucket 108: 20%
  bucket 98: 100%
  Sorting block of length 26194927 for bucket 98
  (Using difference cover)
  bucket 103: 40%
  bucket 102: 90%
  bucket 100: 60%
  bucket 94: 90%
  bucket 105: 30%
  bucket 99: 70%
  bucket 103: 90%
  bucket 106: 30%
  bucket 101: 50%
  bucket 95: 90%
  bucket 106: 50%
  bucket 109: 10%
  bucket 104: 80%
  bucket 100: 100%
  Sorting block of length 23656705 for bucket 100
  (Using difference cover)
  bucket 105: 60%
  bucket 110: 10%
  bucket 97: 90%
  bucket 107: 60%
  bucket 101: 100%
  Sorting block of length 19310700 for bucket 101
  (Using difference cover)
  bucket 103: 50%
  bucket 96: 90%
  bucket 98: 80%
  bucket 102: 50%
  bucket 111: 10%
  bucket 108: 30%
  bucket 104: 50%
  bucket 102: 100%
  Sorting block of length 12735927 for bucket 102
  (Using difference cover)
  bucket 94: 100%
  Sorting block of length 24026109 for bucket 94
  (Using difference cover)
  Sorting block time: 00:00:28
Returning block of 30113126 for bucket 97
  bucket 99: 80%
  bucket 100: 70%
Getting block 112 of 118
  Reserving size (31108849) for bucket 112
  Calculating Z arrays for bucket 112
  Entering block accumulator loop for bucket 112:
  bucket 95: 100%
  Sorting block of length 11637209 for bucket 95
  (Using difference cover)
  bucket 105: 40%
  bucket 103: 100%
  Sorting block of length 28211855 for bucket 103
  (Using difference cover)
  bucket 106: 40%
  bucket 101: 60%
  bucket 104: 90%
  bucket 105: 70%
  bucket 109: 20%
  bucket 106: 60%
  bucket 107: 70%
  bucket 103: 60%
  bucket 110: 20%
  bucket 102: 60%
  bucket 97: 100%
  Sorting block of length 27142129 for bucket 97
  (Using difference cover)
  bucket 108: 40%
  bucket 96: 100%
  Sorting block of length 27343079 for bucket 96
  (Using difference cover)
  bucket 98: 90%
  bucket 111: 20%
  bucket 112: 10%
  bucket 104: 60%
  bucket 99: 90%
  bucket 100: 80%
  bucket 106: 50%
  bucket 105: 50%
  bucket 104: 100%
  Sorting block of length 24358954 for bucket 104
  (Using difference cover)
  bucket 106: 70%
  bucket 101: 70%
  bucket 107: 80%
  bucket 105: 80%
  bucket 109: 30%
  bucket 103: 70%
  Sorting block time: 00:00:24
Returning block of 17114500 for bucket 92
  bucket 110: 30%
Getting block 107 of 117
  Reserving size (31108849) for bucket 107
  Calculating Z arrays for bucket 107
  Entering block accumulator loop for bucket 107:
  bucket 102: 70%
  Sorting block time: 00:00:15
Returning block of 12735928 for bucket 102
  bucket 108: 50%
Getting block 113 of 118
  Reserving size (31108849) for bucket 113
  Calculating Z arrays for bucket 113
  Entering block accumulator loop for bucket 113:
  bucket 111: 30%
  bucket 98: 100%
  Sorting block of length 23800501 for bucket 98
  (Using difference cover)
  Sorting block time: 00:00:25
Returning block of 17676539 for bucket 93
  bucket 100: 90%
  bucket 112: 20%
  bucket 99: 100%
  Sorting block of length 27792055 for bucket 99
  (Using difference cover)
Getting block 108 of 117
  Reserving size (31108849) for bucket 108
  Calculating Z arrays for bucket 108
  Entering block accumulator loop for bucket 108:
  bucket 104: 70%
  bucket 106: 60%
  bucket 106: 80%
  bucket 105: 60%
  bucket 107: 90%
  Sorting block time: 00:00:17
Returning block of 11637210 for bucket 95
  bucket 109: 40%
  bucket 101: 80%
  bucket 105: 90%
  Sorting block time: 00:00:21
Returning block of 19310701 for bucket 101
Getting block 109 of 117
  Reserving size (31108849) for bucket 109
  Calculating Z arrays for bucket 109
  Entering block accumulator loop for bucket 109:
  bucket 103: 80%
  bucket 110: 40%
Getting block 114 of 118
  Reserving size (31108849) for bucket 114
  Calculating Z arrays for bucket 114
  Entering block accumulator loop for bucket 114:
  Sorting block time: 00:00:30
Returning block of 25575660 for bucket 99
  bucket 102: 80%
Getting block 115 of 118
  Reserving size (31108849) for bucket 115
  Calculating Z arrays for bucket 115
  Entering block accumulator loop for bucket 115:
  bucket 107: 10%
  bucket 111: 40%
  bucket 113: 10%
  bucket 108: 60%
  Sorting block time: 00:00:31
Returning block of 26194928 for bucket 98
Getting block 116 of 118
  Reserving size (31108849) for bucket 116
  Calculating Z arrays for bucket 116
  Entering block accumulator loop for bucket 116:
  bucket 112: 30%
  bucket 100: 100%
  Sorting block of length 22624745 for bucket 100
  (Using difference cover)
  bucket 108: 10%
  bucket 104: 80%
  bucket 106: 90%
  Sorting block time: 00:00:28
Returning block of 23656706 for bucket 100
  bucket 106: 70%
  bucket 109: 50%
Getting block 117 of 118
  Reserving size (31108849) for bucket 117
  Calculating Z arrays for bucket 117
  Entering block accumulator loop for bucket 117:
  bucket 105: 100%
  Sorting block of length 30024286 for bucket 105
  (Using difference cover)
  bucket 110: 50%
  bucket 101: 90%
  bucket 107: 100%
  Sorting block of length 17665846 for bucket 107
  (Using difference cover)
  bucket 109: 10%
  bucket 105: 70%
  bucket 111: 50%
  bucket 114: 10%
  bucket 103: 90%
  bucket 115: 10%
  bucket 113: 20%
  bucket 102: 90%
  bucket 116: 10%
  bucket 108: 70%
  bucket 107: 20%
  bucket 112: 40%
  bucket 106: 100%
  Sorting block of length 30938726 for bucket 106
  (Using difference cover)
  bucket 109: 60%
  bucket 111: 60%
  bucket 106: 80%
  bucket 117: 10%
  bucket 110: 60%
  bucket 108: 20%
  bucket 104: 90%
  bucket 109: 20%
  Sorting block time: 00:00:34
Returning block of 24026110 for bucket 94
  bucket 101: 100%
  Sorting block of length 21818601 for bucket 101
  (Using difference cover)
Getting block 110 of 117
  Reserving size (31108849) for bucket 110
  Calculating Z arrays for bucket 110
  Entering block accumulator loop for bucket 110:
  bucket 105: 80%
  bucket 116: 20%
  bucket 103: 100%
  Sorting block of length 29314902 for bucket 103
  (Using difference cover)
  bucket 114: 20%
  bucket 115: 20%
  Sorting block time: 00:00:35
Returning block of 28211856 for bucket 103
  bucket 113: 30%
  bucket 111: 70%
  bucket 108: 80%
  bucket 102: 100%
  Sorting block of length 12757949 for bucket 102
  (Using difference cover)
Getting block 118 of 118
  Reserving size (31108849) for bucket 118
  Calculating Z arrays for bucket 118
  Entering block accumulator loop for bucket 118:
  bucket 109: 70%
  bucket 117: 20%
  bucket 110: 70%
  bucket 107: 30%
  bucket 112: 50%
  bucket 106: 90%
  Sorting block time: 00:00:29
Returning block of 24358955 for bucket 104
  bucket 109: 30%
  bucket 108: 30%
  bucket 104: 100%
  Sorting block of length 11113309 for bucket 104
  (Using difference cover)
  bucket 118: 10%
  bucket 115: 30%
  Sorting block time: 00:00:37
Returning block of 27142130 for bucket 97
  bucket 116: 30%
  bucket 113: 40%
  bucket 110: 10%
  bucket 111: 80%
  bucket 105: 90%
  bucket 114: 30%
Getting block 111 of 117
  Reserving size (31108849) for bucket 111
  Calculating Z arrays for bucket 111
  Entering block accumulator loop for bucket 111:
  bucket 109: 80%
  bucket 117: 30%
  bucket 110: 80%
  bucket 108: 90%
  Sorting block time: 00:00:40
Returning block of 27343080 for bucket 96
  bucket 106: 100%
  Sorting block of length 24112054 for bucket 106
  (Using difference cover)
  Sorting block time: 00:00:19
Returning block of 17665847 for bucket 107
Getting block 112 of 117
  Reserving size (31108849) for bucket 112
  Calculating Z arrays for bucket 112
  Entering block accumulator loop for bucket 112:
  Sorting block time: 00:00:32
Returning block of 23800502 for bucket 98
  bucket 112: 60%
  bucket 118: 20%
  bucket 109: 40%
Getting block 113 of 117
  Reserving size (31108849) for bucket 113
  Calculating Z arrays for bucket 113
  Entering block accumulator loop for bucket 113:
  bucket 107: 40%
  bucket 115: 40%
  bucket 111: 90%
  bucket 113: 50%
  bucket 108: 40%
  bucket 110: 90%
  bucket 117: 40%
  bucket 110: 20%
  bucket 116: 40%
  bucket 118: 30%
  bucket 113: 10%
  bucket 114: 40%
  bucket 109: 90%
  bucket 105: 100%
  Sorting block of length 27318318 for bucket 105
  (Using difference cover)
  bucket 111: 10%
  bucket 108: 100%
  Sorting block of length 26051128 for bucket 108
  (Using difference cover)
  Sorting block time: 00:00:37
Returning block of 27792056 for bucket 99
  bucket 109: 50%
  bucket 112: 10%
  bucket 112: 70%
  Sorting block time: 00:00:30
Returning block of 22624746 for bucket 100
Getting block 114 of 117
  Reserving size (31108849) for bucket 114
  Calculating Z arrays for bucket 114
  Entering block accumulator loop for bucket 114:
  Sorting block time: 00:00:17
Returning block of 12757950 for bucket 102
  bucket 115: 50%
  bucket 111: 100%
  Sorting block of length 24091096 for bucket 111
  (Using difference cover)
Getting block 115 of 117
  Reserving size (31108849) for bucket 115
  Calculating Z arrays for bucket 115
  Entering block accumulator loop for bucket 115:
Getting block 116 of 117
  Reserving size (31108849) for bucket 116
  Calculating Z arrays for bucket 116
  Entering block accumulator loop for bucket 116:
  bucket 118: 40%
  bucket 113: 60%
  bucket 107: 50%
  bucket 113: 20%
  bucket 110: 100%
  Sorting block of length 9863472 for bucket 110
  (Using difference cover)
  Sorting block time: 00:00:16
Returning block of 11113310 for bucket 104
Getting block 117 of 117
  Reserving size (31108849) for bucket 117
  Calculating Z arrays for bucket 117
  Entering block accumulator loop for bucket 117:
  bucket 117: 50%
  bucket 108: 50%
  bucket 110: 30%
  bucket 114: 50%
  bucket 109: 60%
  bucket 116: 50%
  bucket 109: 100%
  Sorting block of length 21427013 for bucket 109
  (Using difference cover)
  bucket 112: 80%
  bucket 118: 50%
  bucket 112: 20%
  bucket 111: 20%
  Sorting block time: 00:00:36
Returning block of 30024287 for bucket 105
  bucket 113: 30%
  bucket 115: 10%
  bucket 115: 60%
  bucket 113: 70%
  bucket 114: 10%
  bucket 117: 10%
  bucket 118: 60%
  bucket 116: 10%
  bucket 107: 60%
  Sorting block time: 00:00:30
Returning block of 21818602 for bucket 101
  bucket 114: 60%
  bucket 110: 40%
  bucket 117: 60%
  bucket 109: 70%
  bucket 112: 90%
  bucket 112: 30%
  bucket 116: 60%
  bucket 108: 60%
  bucket 113: 40%
  bucket 118: 70%
  Sorting block time: 00:00:35
Returning block of 30938727 for bucket 106
  bucket 111: 30%
  bucket 117: 20%
  Sorting block time: 00:00:11
Returning block of 9863473 for bucket 110
  bucket 115: 20%
  bucket 115: 70%
  bucket 113: 80%
  bucket 118: 80%
  bucket 112: 40%
  bucket 110: 50%
  bucket 114: 20%
  bucket 114: 70%
  bucket 113: 50%
  bucket 116: 20%
  bucket 112: 100%
  Sorting block of length 29283736 for bucket 112
  (Using difference cover)
  bucket 117: 70%
  bucket 117: 30%
  bucket 107: 70%
  Sorting block time: 00:00:28
Returning block of 24112055 for bucket 106
  bucket 118: 90%
  bucket 115: 30%
  bucket 116: 70%
  bucket 111: 40%
  bucket 109: 80%
  bucket 108: 70%
  Sorting block time: 00:00:39
Returning block of 29314903 for bucket 103
  bucket 112: 50%
  bucket 110: 60%
  bucket 115: 80%
  bucket 113: 60%
  bucket 113: 90%
  bucket 114: 30%
  bucket 117: 80%
  bucket 118: 100%
  Sorting block of length 10485629 for bucket 118
  (Using difference cover)
  bucket 114: 80%
  bucket 117: 40%
  bucket 115: 40%
  bucket 116: 80%
  bucket 109: 90%
  bucket 116: 30%
  bucket 112: 60%
  bucket 111: 50%
  bucket 110: 70%
  Sorting block time: 00:00:29
Returning block of 26051129 for bucket 108
  bucket 107: 80%
  bucket 117: 90%
  Sorting block time: 00:00:27
Returning block of 24091097 for bucket 111
  bucket 113: 70%
  bucket 114: 40%
  Sorting block time: 00:00:23
Returning block of 21427014 for bucket 109
  bucket 108: 80%
  bucket 117: 50%
  bucket 115: 50%
  bucket 116: 90%
  bucket 114: 90%
  bucket 115: 90%
  bucket 113: 100%
  Sorting block of length 11055689 for bucket 113
  (Using difference cover)
  bucket 109: 100%
  Sorting block of length 28237256 for bucket 109
  (Using difference cover)
  bucket 112: 70%
  bucket 117: 100%
  Sorting block of length 29253974 for bucket 117
  (Using difference cover)
  bucket 110: 80%
  bucket 111: 60%
  bucket 113: 80%
  bucket 114: 50%
  bucket 117: 60%
  bucket 116: 100%
  Sorting block of length 24858353 for bucket 116
  (Using difference cover)
  bucket 115: 60%
  Sorting block time: 00:00:11
Returning block of 10485630 for bucket 118
  bucket 114: 100%
  Sorting block of length 21111856 for bucket 114
  (Using difference cover)
  bucket 116: 40%
  Sorting block time: 00:00:39
Returning block of 27318319 for bucket 105
  bucket 107: 90%
  bucket 117: 70%
  bucket 112: 80%
  bucket 110: 90%
  bucket 108: 90%
  bucket 111: 70%
  bucket 113: 90%
  bucket 114: 60%
  bucket 115: 100%
  Sorting block of length 11980084 for bucket 115
  (Using difference cover)
  bucket 115: 70%
  bucket 117: 80%
  Sorting block time: 00:00:11
Returning block of 11055690 for bucket 113
  bucket 112: 90%
  bucket 116: 50%
  bucket 110: 100%
  Sorting block of length 30470254 for bucket 110
  (Using difference cover)
  bucket 111: 80%
  bucket 114: 70%
  bucket 113: 100%
  Sorting block of length 18072632 for bucket 113
  (Using difference cover)
  bucket 115: 80%
  bucket 117: 90%
  bucket 107: 100%
  Sorting block of length 29379124 for bucket 107
  (Using difference cover)
  bucket 108: 100%
  Sorting block of length 30114812 for bucket 108
  (Using difference cover)
  bucket 112: 100%
  Sorting block of length 27364521 for bucket 112
  (Using difference cover)
  bucket 117: 100%
  Sorting block of length 7983839 for bucket 117
  (Using difference cover)
  bucket 111: 90%
  bucket 116: 60%
  bucket 114: 80%
  bucket 115: 90%
  Sorting block time: 00:00:31
Returning block of 29283737 for bucket 112
  Sorting block time: 00:00:13
Returning block of 11980085 for bucket 115
  bucket 111: 100%
  Sorting block of length 27318770 for bucket 111
  (Using difference cover)
  bucket 116: 70%
  bucket 114: 90%
  bucket 115: 100%
  Sorting block of length 15216640 for bucket 115
  (Using difference cover)
  Sorting block time: 00:00:20
Returning block of 21111857 for bucket 114
  Sorting block time: 00:00:09
Returning block of 7983840 for bucket 117
  bucket 116: 80%
  bucket 114: 100%
  Sorting block of length 31066076 for bucket 114
  (Using difference cover)
  Sorting block time: 00:00:24
Returning block of 24858354 for bucket 116
  Sorting block time: 00:00:28
Returning block of 29253975 for bucket 117
  bucket 116: 90%
  Sorting block time: 00:00:22
Returning block of 18072633 for bucket 113
  Sorting block time: 00:00:34
Returning block of 28237257 for bucket 109
  bucket 116: 100%
  Sorting block of length 28290766 for bucket 116
  (Using difference cover)
  Sorting block time: 00:00:19
Returning block of 15216641 for bucket 115
Exited Ebwt loop
fchr[A]: 0
fchr[C]: 1326866606
fchr[G]: 1879875271
fchr[T]: 1879875271
fchr[$]: 2654621783
Exiting Ebwt::buildToDisk()
  Sorting block time: 00:00:36
Returning block of 30470255 for bucket 110
Returning from initFromVector
Wrote 889074190 bytes to primary EBWT file: BS_GA.1.bt2.tmp
Wrote 663655452 bytes to secondary EBWT file: BS_GA.2.bt2.tmp
Re-opening _in1 and _in2 as input streams
Returning from Ebwt constructor
Headers:
    len: 2654621783
    bwtLen: 2654621784
    sz: 663655446
    bwtSz: 663655446
    lineRate: 6
    offRate: 4
    offMask: 0xfffffff0
    ftabChars: 10
    eftabLen: 20
    eftabSz: 80
    ftabLen: 1048577
    ftabSz: 4194308
    offsLen: 165913862
    offsSz: 663655448
    lineSz: 64
    sideSz: 64
    sideBwtSz: 48
    sideBwtLen: 192
    numSides: 13826156
    numLines: 13826156
    ebwtTotLen: 884873984
    ebwtTotSz: 884873984
    color: 0
    reverse: 0
Total time for call to driver() for forward index: 00:18:02
Reading reference sizes
  Sorting block time: 00:00:34
Returning block of 29379125 for bucket 107
  Sorting block time: 00:00:32
Returning block of 27364522 for bucket 112
  Sorting block time: 00:00:35
Returning block of 30114813 for bucket 108
  Sorting block time: 00:00:31
Returning block of 27318771 for bucket 111
  Sorting block time: 00:00:36
Returning block of 31066077 for bucket 114
  Time reading reference sizes: 00:00:17
Calculating joined length
Writing header
Reserving space for joined string
Joining reference sequences
  Sorting block time: 00:00:31
Returning block of 28290767 for bucket 116
  Time to join reference sequences: 00:00:14
  Time to reverse reference sequence: 00:00:02
bmax according to bmaxDivN setting: 41478465
Using parameters --bmax 31108849 --dcv 1024
  Doing ahead-of-time memory usage test
  Passed!  Constructing with these parameters: --bmax 31108849 --dcv 1024
Constructing suffix-array element generator
Building DifferenceCoverSample
  Building sPrime
  Building sPrimeOrder
  V-Sorting samples
Exited Ebwt loop
fchr[A]: 0
fchr[C]: 773810649
fchr[G]: 773810649
fchr[T]: 1326866606
fchr[$]: 2654621783
Exiting Ebwt::buildToDisk()
Returning from initFromVector
Wrote 889074190 bytes to primary EBWT file: BS_CT.1.bt2.tmp
Wrote 663655452 bytes to secondary EBWT file: BS_CT.2.bt2.tmp
Re-opening _in1 and _in2 as input streams
Returning from Ebwt constructor
Headers:
    len: 2654621783
    bwtLen: 2654621784
    sz: 663655446
    bwtSz: 663655446
    lineRate: 6
    offRate: 4
    offMask: 0xfffffff0
    ftabChars: 10
    eftabLen: 20
    eftabSz: 80
    ftabLen: 1048577
    ftabSz: 4194308
    offsLen: 165913862
    offsSz: 663655448
    lineSz: 64
    sideSz: 64
    sideBwtSz: 48
    sideBwtLen: 192
    numSides: 13826156
    numLines: 13826156
    ebwtTotLen: 884873984
    ebwtTotSz: 884873984
    color: 0
    reverse: 0
Total time for call to driver() for forward index: 00:18:51
Reading reference sizes
  V-Sorting samples time: 00:00:26
  Allocating rank array
  Ranking v-sort output
  Time reading reference sizes: 00:00:17
Calculating joined length
Writing header
Reserving space for joined string
Joining reference sequences
  Time to join reference sequences: 00:00:14
  Time to reverse reference sequence: 00:00:02
bmax according to bmaxDivN setting: 41478465
Using parameters --bmax 31108849 --dcv 1024
  Doing ahead-of-time memory usage test
  Ranking v-sort output time: 00:00:21
  Invoking Larsson-Sadakane on ranks
  Passed!  Constructing with these parameters: --bmax 31108849 --dcv 1024
Constructing suffix-array element generator
Building DifferenceCoverSample
  Building sPrime
  Building sPrimeOrder
  V-Sorting samples
  V-Sorting samples time: 00:00:30
  Allocating rank array
  Ranking v-sort output
  Invoking Larsson-Sadakane on ranks time: 00:00:39
  Sanity-checking and returning
Building samples
Reserving space for 172 sample suffixes
Generating random suffixes
QSorting 172 sample offsets, eliminating duplicates
QSorting sample offsets, eliminating duplicates time: 00:00:00
Multikey QSorting 172 samples
  (Using difference cover)
  Multikey QSorting samples time: 00:00:00
Calculating bucket sizes
  Ranking v-sort output time: 00:00:22
  Invoking Larsson-Sadakane on ranks
Splitting and merging
  Splitting and merging time: 00:00:00
Split 21, merged 79; iterating...
  Invoking Larsson-Sadakane on ranks time: 00:00:38
  Sanity-checking and returning
Building samples
Reserving space for 172 sample suffixes
Generating random suffixes
QSorting 172 sample offsets, eliminating duplicates
QSorting sample offsets, eliminating duplicates time: 00:00:00
Multikey QSorting 172 samples
  (Using difference cover)
  Multikey QSorting samples time: 00:00:00
Calculating bucket sizes
Splitting and merging
  Splitting and merging time: 00:00:00
Split 13, merged 9; iterating...
Splitting and merging
  Splitting and merging time: 00:00:00
Split 22, merged 79; iterating...
Splitting and merging
  Splitting and merging time: 00:00:00
Split 7, merged 7; iterating...
Splitting and merging
  Splitting and merging time: 00:00:00
Split 11, merged 8; iterating...
Splitting and merging
  Splitting and merging time: 00:00:00
Split 4, merged 4; iterating...
Splitting and merging
  Splitting and merging time: 00:00:00
Split 4, merged 4; iterating...
Splitting and merging
  Splitting and merging time: 00:00:00
Split 2, merged 2; iterating...
Avg bucket size: 2.23077e+07 (target: 31108848)
Converting suffix-array elements to index image
Allocating ftab, absorbFtab
Entering Ebwt loop
Getting block 1 of 119
  Reserving size (31108849) for bucket 1
Getting block 2 of 119
Getting block 3 of 119
  Reserving size (31108849) for bucket 2
  Reserving size (31108849) for bucket 3
Getting block 4 of 119
Getting block 5 of 119
Getting block 6 of 119
Getting block 7 of 119
  Calculating Z arrays for bucket 1
  Reserving size (31108849) for bucket 4
  Calculating Z arrays for bucket 3
  Calculating Z arrays for bucket 2
  Reserving size (31108849) for bucket 5
  Reserving size (31108849) for bucket 6
  Reserving size (31108849) for bucket 7
Getting block 8 of 119
Getting block 9 of 119
Getting block 10 of 119
Getting block 11 of 119
  Entering block accumulator loop for bucket 1:
  Calculating Z arrays for bucket 4
Getting block 12 of 119
Getting block 13 of 119
  Entering block accumulator loop for bucket 3:
  Entering block accumulator loop for bucket 2:
  Calculating Z arrays for bucket 5
Getting block 14 of 119
  Calculating Z arrays for bucket 6
  Calculating Z arrays for bucket 7
  Reserving size (31108849) for bucket 8
  Reserving size (31108849) for bucket 9
  Reserving size (31108849) for bucket 10
  Reserving size (31108849) for bucket 11
Getting block 15 of 119
  Entering block accumulator loop for bucket 4:
  Reserving size (31108849) for bucket 12
  Reserving size (31108849) for bucket 13
  Reserving size (31108849) for bucket 14
  Entering block accumulator loop for bucket 5:
  Calculating Z arrays for bucket 10
  Entering block accumulator loop for bucket 7:
  Calculating Z arrays for bucket 8
  Calculating Z arrays for bucket 9
  Entering block accumulator loop for bucket 6:
  Calculating Z arrays for bucket 11
  Reserving size (31108849) for bucket 15
  Calculating Z arrays for bucket 12
  Calculating Z arrays for bucket 13
  Calculating Z arrays for bucket 14
  Entering block accumulator loop for bucket 10:
  Entering block accumulator loop for bucket 8:
  Entering block accumulator loop for bucket 9:
  Entering block accumulator loop for bucket 11:
  Calculating Z arrays for bucket 15
  Entering block accumulator loop for bucket 12:
  Entering block accumulator loop for bucket 13:
  Entering block accumulator loop for bucket 14:
  Entering block accumulator loop for bucket 15:
  bucket 1: 10%
  bucket 2: 10%
  bucket 3: 10%
  bucket 4: 10%
  bucket 6: 10%
  bucket 5: 10%
  bucket 7: 10%
  bucket 8: 10%
  bucket 9: 10%
  bucket 10: 10%
  bucket 11: 10%
  bucket 12: 10%
  bucket 14: 10%
  bucket 13: 10%
  bucket 15: 10%
  bucket 10: 20%
  bucket 1: 20%
  bucket 2: 20%
  bucket 3: 20%
  bucket 4: 20%
  bucket 6: 20%
  bucket 5: 20%
  bucket 7: 20%
  bucket 8: 20%
  bucket 9: 20%
  bucket 11: 20%
  bucket 12: 20%
  bucket 14: 20%
  bucket 13: 20%
  bucket 15: 20%
  bucket 1: 30%
  bucket 2: 30%
  bucket 10: 30%
  bucket 3: 30%
  bucket 4: 30%
  bucket 6: 30%
  bucket 5: 30%
  bucket 7: 30%
  bucket 8: 30%
  bucket 9: 30%
  bucket 11: 30%
  bucket 12: 30%
  bucket 14: 30%
  bucket 13: 30%
  bucket 15: 30%
  bucket 1: 40%
  bucket 2: 40%
  bucket 3: 40%
  bucket 10: 40%
  bucket 4: 40%
  bucket 6: 40%
  bucket 5: 40%
  bucket 7: 40%
  bucket 8: 40%
  bucket 9: 40%
  bucket 11: 40%
  bucket 12: 40%
  bucket 14: 40%
  bucket 13: 40%
  bucket 15: 40%
  bucket 1: 50%
  bucket 2: 50%
  bucket 3: 50%
  bucket 8: 50%
  bucket 4: 50%
  bucket 10: 50%
  bucket 6: 50%
  bucket 5: 50%
  bucket 7: 50%
  bucket 9: 50%
  bucket 11: 50%
  bucket 12: 50%
  bucket 1: 60%
  bucket 14: 50%
  bucket 13: 50%
  bucket 15: 50%
  bucket 3: 60%
  bucket 8: 60%
  bucket 2: 60%
Splitting and merging
  Splitting and merging time: 00:00:00
Split 2, merged 2; iterating...
  bucket 9: 60%
  bucket 4: 60%
  bucket 5: 60%
  bucket 10: 60%
  bucket 6: 60%
  bucket 7: 60%
  bucket 11: 60%
  bucket 1: 70%
  bucket 12: 60%
  bucket 14: 60%
  bucket 13: 60%
  bucket 3: 70%
  bucket 15: 60%
  bucket 8: 70%
  bucket 2: 70%
  bucket 10: 70%
  bucket 4: 70%
  bucket 9: 70%
  bucket 5: 70%
  bucket 6: 70%
  bucket 7: 70%
  bucket 11: 70%
  bucket 1: 80%
  bucket 10: 80%
  bucket 12: 70%
  bucket 3: 80%
  bucket 14: 70%
  bucket 13: 70%
  bucket 2: 80%
  bucket 8: 80%
  bucket 15: 70%
  bucket 4: 80%
  bucket 9: 80%
  bucket 5: 80%
  bucket 6: 80%
  bucket 7: 80%
  bucket 10: 90%
  bucket 1: 90%
  bucket 11: 80%
  bucket 3: 90%
  bucket 12: 80%
  bucket 2: 90%
  bucket 14: 80%
  bucket 8: 90%
  bucket 13: 80%
  bucket 15: 80%
  bucket 10: 100%
  Sorting block of length 25645058 for bucket 10
  (Using difference cover)
  bucket 4: 90%
  bucket 5: 90%
  bucket 9: 90%
  bucket 1: 100%
  Sorting block of length 13580623 for bucket 1
  (Using difference cover)
  bucket 6: 90%
  bucket 7: 90%
  bucket 11: 90%
  bucket 3: 100%
  Sorting block of length 30875513 for bucket 3
  (Using difference cover)
  bucket 2: 100%
  Sorting block of length 23381556 for bucket 2
  (Using difference cover)
  bucket 13: 90%
  bucket 12: 90%
  bucket 8: 100%
  Sorting block of length 25562291 for bucket 8
  (Using difference cover)
  bucket 14: 90%
  bucket 15: 90%
  bucket 4: 100%
  Sorting block of length 24155331 for bucket 4
  (Using difference cover)
  bucket 5: 100%
  Sorting block of length 23221434 for bucket 5
  (Using difference cover)
  bucket 6: 100%
  Sorting block of length 24775172 for bucket 6
  (Using difference cover)
  bucket 9: 100%
  Sorting block of length 18308443 for bucket 9
  (Using difference cover)
  bucket 7: 100%
  Sorting block of length 29291626 for bucket 7
  (Using difference cover)
  bucket 11: 100%
  Sorting block of length 21352290 for bucket 11
  (Using difference cover)
  bucket 13: 100%
  Sorting block of length 23106995 for bucket 13
  (Using difference cover)
  bucket 12: 100%
  Sorting block of length 29576110 for bucket 12
  (Using difference cover)
  bucket 14: 100%
  Sorting block of length 17726540 for bucket 14
  (Using difference cover)
  bucket 15: 100%
  Sorting block of length 29316466 for bucket 15
  (Using difference cover)
  Sorting block time: 00:00:13
Returning block of 13580624 for bucket 1
Getting block 16 of 119
  Reserving size (31108849) for bucket 16
  Calculating Z arrays for bucket 16
  Entering block accumulator loop for bucket 16:
Splitting and merging
  Splitting and merging time: 00:00:00
Split 1, merged 1; iterating...
Avg bucket size: 2.23077e+07 (target: 31108848)
Converting suffix-array elements to index image
Allocating ftab, absorbFtab
Entering Ebwt loop
Getting block 1 of 119
  Reserving size (31108849) for bucket 1
Getting block 2 of 119
Getting block 3 of 119
Getting block 4 of 119
  Reserving size (31108849) for bucket 2
Getting block 5 of 119
  Calculating Z arrays for bucket 1
  Reserving size (31108849) for bucket 3
  Reserving size (31108849) for bucket 4
Getting block 6 of 119
Getting block 7 of 119
Getting block 8 of 119
Getting block 9 of 119
  Reserving size (31108849) for bucket 5
  Calculating Z arrays for bucket 2
Getting block 10 of 119
Getting block 11 of 119
Getting block 12 of 119
Getting block 13 of 119
  Entering block accumulator loop for bucket 1:
Getting block 14 of 119
Getting block 15 of 119
  Calculating Z arrays for bucket 4
  Calculating Z arrays for bucket 3
  Reserving size (31108849) for bucket 6
  Reserving size (31108849) for bucket 7
  Reserving size (31108849) for bucket 8
  Reserving size (31108849) for bucket 9
  Calculating Z arrays for bucket 5
  Reserving size (31108849) for bucket 10
  Entering block accumulator loop for bucket 2:
  Reserving size (31108849) for bucket 11
  Reserving size (31108849) for bucket 12
  Reserving size (31108849) for bucket 13
  Reserving size (31108849) for bucket 14
  Reserving size (31108849) for bucket 15
  Entering block accumulator loop for bucket 3:
  Entering block accumulator loop for bucket 4:
  Calculating Z arrays for bucket 9
  Calculating Z arrays for bucket 6
  Calculating Z arrays for bucket 7
  Entering block accumulator loop for bucket 5:
  Calculating Z arrays for bucket 8
  Calculating Z arrays for bucket 14
  Calculating Z arrays for bucket 10
  Entering block accumulator loop for bucket 6:
  Entering block accumulator loop for bucket 9:
  Entering block accumulator loop for bucket 7:
  Calculating Z arrays for bucket 11
  Entering block accumulator loop for bucket 8:
  Entering block accumulator loop for bucket 14:
  Entering block accumulator loop for bucket 10:
  Calculating Z arrays for bucket 15
  Calculating Z arrays for bucket 13
  Entering block accumulator loop for bucket 11:
  Entering block accumulator loop for bucket 15:
  Entering block accumulator loop for bucket 13:
  Calculating Z arrays for bucket 12
  Entering block accumulator loop for bucket 12:
  bucket 16: 10%
  bucket 3: 10%
  bucket 1: 10%
  bucket 2: 10%
  bucket 6: 10%
  bucket 7: 10%
  bucket 5: 10%
  bucket 8: 10%
  bucket 9: 10%
  bucket 10: 10%
  bucket 12: 10%
  bucket 14: 10%
  bucket 4: 10%
  bucket 11: 10%
  bucket 13: 10%
  bucket 15: 10%
  bucket 3: 20%
  bucket 16: 20%
  bucket 1: 20%
  bucket 2: 20%
  Sorting block time: 00:00:27
Returning block of 25645059 for bucket 10
  bucket 6: 20%
  bucket 7: 20%
  bucket 5: 20%
  bucket 8: 20%
  bucket 3: 30%
  bucket 9: 20%
  bucket 10: 20%
  bucket 12: 20%
Getting block 17 of 119
  Reserving size (31108849) for bucket 17
  Calculating Z arrays for bucket 17
  Entering block accumulator loop for bucket 17:
  Sorting block time: 00:00:21
Returning block of 18308444 for bucket 9
  bucket 14: 20%
  bucket 4: 20%
  bucket 11: 20%
Getting block 18 of 119
  Reserving size (31108849) for bucket 18
  Calculating Z arrays for bucket 18
  Entering block accumulator loop for bucket 18:
  Sorting block time: 00:00:24
Returning block of 23381557 for bucket 2
  bucket 13: 20%
Getting block 19 of 119
  Reserving size (31108849) for bucket 19
  Calculating Z arrays for bucket 19
  Entering block accumulator loop for bucket 19:
  bucket 1: 30%
  bucket 3: 40%
  bucket 15: 20%
  bucket 2: 30%
  bucket 6: 30%
  bucket 7: 30%
  bucket 8: 30%
  Sorting block time: 00:00:20
Returning block of 17726541 for bucket 14
  bucket 16: 30%
  bucket 5: 30%
  bucket 10: 30%
Getting block 20 of 119
  Reserving size (31108849) for bucket 20
  Calculating Z arrays for bucket 20
  Entering block accumulator loop for bucket 20:
  bucket 12: 30%
  Sorting block time: 00:00:25
Returning block of 24775173 for bucket 6
  bucket 9: 30%
  bucket 14: 30%
  bucket 4: 30%
  bucket 17: 10%
  bucket 11: 30%
  Sorting block time: 00:00:26
Returning block of 24155332 for bucket 4
  Sorting block time: 00:00:24
Returning block of 21352291 for bucket 11
Getting block 21 of 119
  Reserving size (31108849) for bucket 21
  Calculating Z arrays for bucket 21
  Entering block accumulator loop for bucket 21:
  bucket 3: 50%
  bucket 1: 40%
Getting block 22 of 119
  Reserving size (31108849) for bucket 22
  Calculating Z arrays for bucket 22
  Entering block accumulator loop for bucket 22:
Getting block 23 of 119
  Reserving size (31108849) for bucket 23
  Calculating Z arrays for bucket 23
  Entering block accumulator loop for bucket 23:
  Sorting block time: 00:00:29
Returning block of 25562292 for bucket 8
  Sorting block time: 00:00:27
Returning block of 23221435 for bucket 5
  bucket 18: 10%
  bucket 6: 40%
  bucket 13: 30%
Getting block 24 of 119
  Reserving size (31108849) for bucket 24
  Calculating Z arrays for bucket 24
  Entering block accumulator loop for bucket 24:
Getting block 25 of 119
  Reserving size (31108849) for bucket 25
  Calculating Z arrays for bucket 25
  Entering block accumulator loop for bucket 25:
  bucket 2: 40%
  bucket 8: 40%
  bucket 7: 40%
  bucket 15: 30%
  bucket 19: 10%
  bucket 10: 40%
  bucket 9: 40%
  Sorting block time: 00:00:25
Returning block of 23106996 for bucket 13
  bucket 16: 40%
  bucket 5: 40%
  bucket 3: 60%
Getting block 26 of 119
  Reserving size (31108849) for bucket 26
  Calculating Z arrays for bucket 26
  Entering block accumulator loop for bucket 26:
  bucket 14: 40%
  bucket 4: 40%
  bucket 12: 40%
  bucket 11: 40%
  bucket 1: 50%
  bucket 20: 10%
  Sorting block time: 00:00:34
Returning block of 30875514 for bucket 3
  bucket 17: 20%
  bucket 6: 50%
  bucket 2: 50%
  bucket 21: 10%
  Sorting block time: 00:00:31
Returning block of 29291627 for bucket 7
Getting block 27 of 119
  Reserving size (31108849) for bucket 27
  Calculating Z arrays for bucket 27
  Entering block accumulator loop for bucket 27:
  bucket 8: 50%
  bucket 22: 10%
  bucket 13: 40%
  bucket 23: 10%
  bucket 16: 50%
  bucket 10: 50%
  bucket 7: 50%
Getting block 28 of 119
  Reserving size (31108849) for bucket 28
  Calculating Z arrays for bucket 28
  Entering block accumulator loop for bucket 28:
  bucket 18: 20%
  bucket 9: 50%
  bucket 15: 40%
  bucket 5: 50%
  bucket 3: 70%
  bucket 25: 10%
  bucket 24: 10%
  bucket 2: 60%
  Sorting block time: 00:00:31
Returning block of 29576111 for bucket 12
  bucket 4: 50%
  bucket 1: 60%
  bucket 19: 20%
  bucket 11: 50%
  bucket 12: 50%
  bucket 14: 50%
Getting block 29 of 119
  Reserving size (31108849) for bucket 29
  Calculating Z arrays for bucket 29
  Entering block accumulator loop for bucket 29:
  bucket 6: 60%
  bucket 26: 10%
  bucket 16: 60%
  bucket 20: 20%
  bucket 17: 30%
  Sorting block time: 00:00:32
Returning block of 29316467 for bucket 15
  bucket 8: 60%
  bucket 10: 60%
  bucket 2: 70%
  bucket 7: 60%
  bucket 21: 20%
  bucket 13: 50%
Getting block 30 of 119
  Reserving size (31108849) for bucket 30
  Calculating Z arrays for bucket 30
  Entering block accumulator loop for bucket 30:
  bucket 3: 80%
  bucket 27: 10%
  bucket 9: 60%
  bucket 5: 60%
  bucket 22: 20%
  bucket 1: 70%
  bucket 4: 60%
  bucket 18: 30%
  bucket 23: 20%
  bucket 28: 10%
  bucket 15: 50%
  bucket 12: 60%
  bucket 6: 70%
  bucket 11: 60%
  bucket 25: 20%
  bucket 24: 20%
  bucket 14: 60%
  bucket 2: 80%
  bucket 19: 30%
  bucket 16: 70%
  bucket 29: 10%
  bucket 26: 20%
  bucket 8: 70%
  bucket 10: 70%
  bucket 21: 30%
  bucket 7: 70%
  bucket 3: 90%
  bucket 20: 30%
  bucket 17: 40%
  bucket 13: 60%
  bucket 5: 70%
  bucket 1: 80%
  bucket 9: 70%
  bucket 4: 70%
  bucket 2: 90%
  bucket 30: 10%
  bucket 27: 20%
  bucket 15: 60%
  bucket 6: 80%
  bucket 18: 40%
  bucket 22: 30%
  bucket 28: 20%
  bucket 12: 70%
  bucket 23: 30%
  bucket 11: 70%
  bucket 25: 30%
  bucket 14: 70%
  bucket 21: 40%
  bucket 24: 30%
  bucket 8: 80%
  bucket 16: 80%
  bucket 10: 80%
  bucket 3: 100%
  Sorting block of length 18142410 for bucket 3
  (Using difference cover)
  bucket 19: 40%
  bucket 7: 80%
  bucket 2: 100%
  Sorting block of length 13426633 for bucket 2
  (Using difference cover)
  bucket 1: 90%
  bucket 29: 20%
  bucket 5: 80%
  bucket 4: 80%
  bucket 26: 30%
  bucket 9: 80%
  bucket 13: 70%
  bucket 20: 40%
  bucket 17: 50%
  bucket 6: 90%
  bucket 21: 50%
  bucket 15: 70%
  bucket 12: 80%
  bucket 27: 30%
  bucket 18: 50%
  bucket 30: 20%
  bucket 11: 80%
  bucket 14: 80%
  bucket 22: 40%
  bucket 28: 30%
  bucket 23: 40%
  bucket 16: 90%
  bucket 1: 100%
  Sorting block of length 27253052 for bucket 1
  (Using difference cover)
  bucket 8: 90%
  bucket 7: 90%
  bucket 10: 90%
  bucket 25: 40%
  bucket 4: 90%
  bucket 5: 90%
  bucket 9: 90%
  bucket 19: 50%
  bucket 24: 40%
  bucket 13: 80%
  bucket 15: 80%
  bucket 29: 30%
  bucket 6: 100%
  Sorting block of length 16123095 for bucket 6
  (Using difference cover)
  bucket 26: 40%
  bucket 17: 60%
  bucket 20: 50%
  bucket 21: 60%
  bucket 12: 90%
  bucket 11: 90%
  bucket 14: 90%
  bucket 16: 100%
  Sorting block of length 9977568 for bucket 16
  (Using difference cover)
  bucket 27: 40%
  bucket 7: 100%
  Sorting block of length 30568957 for bucket 7
  (Using difference cover)
  bucket 8: 100%
  Sorting block of length 25273141 for bucket 8
  (Using difference cover)
  bucket 18: 60%
  bucket 10: 100%
  Sorting block of length 18564712 for bucket 10
  (Using difference cover)
  bucket 4: 100%
  Sorting block of length 26275178 for bucket 4
  (Using difference cover)
  bucket 5: 100%
  Sorting block of length 25007562 for bucket 5
  (Using difference cover)
  bucket 28: 40%
  bucket 15: 90%
  bucket 30: 30%
  bucket 22: 50%
  bucket 23: 50%
  bucket 13: 90%
  bucket 9: 100%
  Sorting block of length 25407414 for bucket 9
  (Using difference cover)
  bucket 25: 50%
  bucket 19: 60%
  bucket 24: 50%
  bucket 29: 40%
  bucket 26: 50%
  bucket 12: 100%
  Sorting block of length 11838857 for bucket 12
  (Using difference cover)
  bucket 15: 100%
  Sorting block of length 8436644 for bucket 15
  (Using difference cover)
  bucket 20: 60%
  bucket 17: 70%
  bucket 21: 70%
  bucket 18: 70%
  bucket 27: 50%
  bucket 14: 100%
  Sorting block of length 23001835 for bucket 14
  (Using difference cover)
  bucket 11: 100%
  Sorting block of length 19675354 for bucket 11
  (Using difference cover)
  bucket 13: 100%
  Sorting block of length 22239563 for bucket 13
  (Using difference cover)
  bucket 28: 50%
  bucket 22: 60%
  bucket 30: 40%
  bucket 23: 60%
  Sorting block time: 00:00:17
Returning block of 13426634 for bucket 2
Getting block 16 of 119
  Reserving size (31108849) for bucket 16
  Calculating Z arrays for bucket 16
  Entering block accumulator loop for bucket 16:
  bucket 19: 70%
  bucket 25: 60%
  bucket 26: 60%
  bucket 29: 50%
  bucket 20: 70%
  bucket 24: 60%
  bucket 18: 80%
  bucket 17: 80%
  bucket 21: 80%
  bucket 27: 60%
  bucket 28: 60%
  bucket 22: 70%
  Sorting block time: 00:00:11
Returning block of 9977569 for bucket 16
  bucket 16: 10%
  bucket 30: 50%
  bucket 23: 70%
Getting block 31 of 119
  Reserving size (31108849) for bucket 31
  Calculating Z arrays for bucket 31
  Entering block accumulator loop for bucket 31:
  bucket 19: 80%
  Sorting block time: 00:00:23
Returning block of 18142411 for bucket 3
  Sorting block time: 00:00:09
Returning block of 8436645 for bucket 15
Getting block 17 of 119
  Reserving size (31108849) for bucket 17
  Calculating Z arrays for bucket 17
  Entering block accumulator loop for bucket 17:
Getting block 18 of 119
  Reserving size (31108849) for bucket 18
  Calculating Z arrays for bucket 18
  Entering block accumulator loop for bucket 18:
  bucket 26: 70%
  bucket 29: 60%
  bucket 20: 80%
  bucket 25: 70%
  bucket 18: 90%
  bucket 16: 20%
  bucket 27: 70%
  bucket 28: 70%
  bucket 24: 70%
  bucket 17: 90%
  bucket 21: 90%
  bucket 22: 80%
  bucket 23: 80%
  bucket 30: 60%
  bucket 31: 10%
  Sorting block time: 00:00:21
Returning block of 16123096 for bucket 6
  bucket 17: 10%
  bucket 19: 90%
  bucket 25: 80%
Getting block 19 of 119
  Reserving size (31108849) for bucket 19
  Calculating Z arrays for bucket 19
  Entering block accumulator loop for bucket 19:
  Sorting block time: 00:00:16
Returning block of 11838858 for bucket 12
  bucket 26: 80%
  bucket 20: 90%
  bucket 29: 70%
  bucket 16: 30%
  bucket 18: 10%
Getting block 20 of 119
  Reserving size (31108849) for bucket 20
  Calculating Z arrays for bucket 20
  Entering block accumulator loop for bucket 20:
  bucket 18: 100%
  Sorting block of length 17227361 for bucket 18
  (Using difference cover)
  bucket 28: 80%
  bucket 27: 80%
  bucket 22: 90%
  bucket 23: 90%
  bucket 17: 100%
  Sorting block of length 26761198 for bucket 17
  (Using difference cover)
  bucket 30: 70%
  bucket 24: 80%
  bucket 17: 20%
  bucket 21: 100%
  Sorting block of length 22845017 for bucket 21
  (Using difference cover)
  bucket 25: 90%
  bucket 16: 40%
  bucket 19: 100%
  Sorting block of length 30768135 for bucket 19
  (Using difference cover)
  bucket 19: 10%
  bucket 26: 90%
  bucket 31: 20%
  Sorting block time: 00:00:25
Returning block of 18564713 for bucket 10
  bucket 29: 80%
  bucket 18: 20%
Getting block 21 of 119
  Reserving size (31108849) for bucket 21
  Calculating Z arrays for bucket 21
  Entering block accumulator loop for bucket 21:
  bucket 20: 10%
  bucket 20: 100%
  Sorting block of length 14317896 for bucket 20
  (Using difference cover)
  bucket 17: 30%
  bucket 28: 90%
  bucket 22: 100%
  Sorting block of length 20389773 for bucket 22
  (Using difference cover)
  bucket 23: 100%
  Sorting block of length 21128816 for bucket 23
  (Using difference cover)
  bucket 24: 90%
  bucket 27: 90%
  bucket 16: 50%
  bucket 25: 100%
  Sorting block of length 25857416 for bucket 25
  (Using difference cover)
  bucket 30: 80%
  bucket 26: 100%
  Sorting block of length 10353053 for bucket 26
  (Using difference cover)
  Sorting block time: 00:00:35
Returning block of 27253053 for bucket 1
  bucket 19: 20%
  bucket 29: 90%
  bucket 20: 20%
  bucket 18: 30%
  bucket 17: 40%
Getting block 22 of 119
  Reserving size (31108849) for bucket 22
  Calculating Z arrays for bucket 22
  Entering block accumulator loop for bucket 22:
  bucket 21: 10%
  bucket 31: 30%
  bucket 28: 100%
  Sorting block of length 9054320 for bucket 28
  (Using difference cover)
  Sorting block time: 00:00:27
Returning block of 19675355 for bucket 11
  bucket 16: 60%
Getting block 23 of 119
  Reserving size (31108849) for bucket 23
  Calculating Z arrays for bucket 23
  Entering block accumulator loop for bucket 23:
  Sorting block time: 00:00:33
Returning block of 25273142 for bucket 8
  bucket 24: 100%
  Sorting block of length 19097277 for bucket 24
  (Using difference cover)
  Sorting block time: 00:00:34
Returning block of 25007563 for bucket 5
Getting block 24 of 119
  Reserving size (31108849) for bucket 24
  Calculating Z arrays for bucket 24
  Entering block accumulator loop for bucket 24:
  bucket 27: 100%
  Sorting block of length 24018533 for bucket 27
  (Using difference cover)
  Sorting block time: 00:00:29
Returning block of 22239564 for bucket 13
Getting block 25 of 119
  Reserving size (31108849) for bucket 25
  Calculating Z arrays for bucket 25
  Entering block accumulator loop for bucket 25:
  Sorting block time: 00:00:34
Returning block of 25407415 for bucket 9
  Sorting block time: 00:00:36
Returning block of 26275179 for bucket 4
  bucket 19: 30%
  bucket 20: 30%
  bucket 17: 50%
Getting block 26 of 119
  Reserving size (31108849) for bucket 26
  Calculating Z arrays for bucket 26
  Entering block accumulator loop for bucket 26:
  bucket 30: 90%
Getting block 27 of 119
  Reserving size (31108849) for bucket 27
  Calculating Z arrays for bucket 27
  Entering block accumulator loop for bucket 27:
  bucket 22: 10%
  Sorting block time: 00:00:31
Returning block of 23001836 for bucket 14
Getting block 28 of 119
  Reserving size (31108849) for bucket 28
  Calculating Z arrays for bucket 28
  Entering block accumulator loop for bucket 28:
  bucket 29: 100%
  Sorting block of length 26508051 for bucket 29
  (Using difference cover)
  bucket 18: 40%
  bucket 16: 70%
Getting block 29 of 119
  Reserving size (31108849) for bucket 29
  Calculating Z arrays for bucket 29
  Entering block accumulator loop for bucket 29:
  bucket 21: 20%
  bucket 31: 40%
  bucket 23: 10%
  bucket 24: 10%
  bucket 19: 40%
  bucket 17: 60%
  bucket 25: 10%
  bucket 20: 40%
  bucket 27: 10%
  Sorting block time: 00:00:41
Returning block of 30568958 for bucket 7
  bucket 16: 80%
  Sorting block time: 00:00:20
Returning block of 17227362 for bucket 18
  Sorting block time: 00:00:10
Returning block of 9054321 for bucket 28
  Sorting block time: 00:00:16
Returning block of 14317897 for bucket 20
Getting block 32 of 119
  Reserving size (31108849) for bucket 32
  Calculating Z arrays for bucket 32
  Entering block accumulator loop for bucket 32:
Getting block 30 of 119
  Reserving size (31108849) for bucket 30
  Calculating Z arrays for bucket 30
  Entering block accumulator loop for bucket 30:
  bucket 28: 10%
  bucket 22: 20%
  bucket 26: 10%
Getting block 33 of 119
  Reserving size (31108849) for bucket 33
  Calculating Z arrays for bucket 33
  Entering block accumulator loop for bucket 33:
  Sorting block time: 00:00:12
Returning block of 10353054 for bucket 26
Getting block 34 of 119
  Reserving size (31108849) for bucket 34
  Calculating Z arrays for bucket 34
  Entering block accumulator loop for bucket 34:
  bucket 18: 50%
  bucket 30: 100%
  Sorting block of length 25139265 for bucket 30
  (Using difference cover)
  bucket 29: 10%
Getting block 35 of 119
  Reserving size (31108849) for bucket 35
  Calculating Z arrays for bucket 35
  Entering block accumulator loop for bucket 35:
  bucket 21: 30%
  bucket 23: 20%
  bucket 31: 50%
  bucket 24: 20%
  bucket 17: 70%
  bucket 19: 50%
  bucket 27: 20%
  bucket 16: 90%
  bucket 20: 50%
  bucket 25: 20%
  bucket 28: 20%
  bucket 21: 40%
  bucket 30: 10%
  bucket 18: 60%
  bucket 22: 30%
  bucket 23: 30%
  Sorting block time: 00:00:25
Returning block of 22845018 for bucket 21
  bucket 26: 20%
  bucket 32: 10%
  bucket 33: 10%
  bucket 29: 20%
Getting block 36 of 119
  Reserving size (31108849) for bucket 36
  Calculating Z arrays for bucket 36
  Entering block accumulator loop for bucket 36:
  bucket 16: 100%
  Sorting block of length 25618778 for bucket 16
  (Using difference cover)
  bucket 35: 10%
  bucket 17: 80%
  bucket 34: 10%
  bucket 27: 30%
  bucket 19: 60%
  Sorting block time: 00:00:23
Returning block of 20389774 for bucket 22
  bucket 24: 30%
Getting block 37 of 119
  Reserving size (31108849) for bucket 37
  Calculating Z arrays for bucket 37
  Entering block accumulator loop for bucket 37:
  bucket 31: 60%
  bucket 20: 60%
  Sorting block time: 00:00:24
Returning block of 21128817 for bucket 23
  bucket 21: 50%
  bucket 25: 30%
  bucket 23: 40%
  Sorting block time: 00:00:30
Returning block of 26761199 for bucket 17
  bucket 30: 20%
Getting block 38 of 119
  Reserving size (31108849) for bucket 38
  Calculating Z arrays for bucket 38
  Entering block accumulator loop for bucket 38:
  bucket 28: 30%
  bucket 27: 40%
  bucket 18: 70%
  bucket 22: 40%
Getting block 39 of 119
  Reserving size (31108849) for bucket 39
  Calculating Z arrays for bucket 39
  Entering block accumulator loop for bucket 39:
  bucket 17: 90%
  bucket 26: 30%
  bucket 19: 70%
  bucket 36: 10%
  bucket 29: 30%
  bucket 32: 20%
  bucket 33: 20%
  Sorting block time: 00:00:22
Returning block of 19097278 for bucket 24
Getting block 40 of 119
  Reserving size (31108849) for bucket 40
  Calculating Z arrays for bucket 40
  Entering block accumulator loop for bucket 40:
  bucket 24: 40%
  bucket 35: 20%
  bucket 34: 20%
  bucket 21: 60%
  bucket 23: 50%
  bucket 20: 70%
  bucket 31: 70%
  bucket 37: 10%
  bucket 27: 50%
  Sorting block time: 00:00:29
Returning block of 25857417 for bucket 25
  Sorting block time: 00:00:35
Returning block of 30768136 for bucket 19
  bucket 17: 100%
  Sorting block of length 11002662 for bucket 17
  (Using difference cover)
  bucket 18: 80%
  bucket 25: 40%
Getting block 41 of 119
  Reserving size (31108849) for bucket 41
  Calculating Z arrays for bucket 41
  Entering block accumulator loop for bucket 41:
  bucket 19: 80%
Getting block 42 of 119
  Reserving size (31108849) for bucket 42
  Calculating Z arrays for bucket 42
  Entering block accumulator loop for bucket 42:
  bucket 30: 30%
  bucket 22: 50%
  bucket 28: 40%
  bucket 38: 10%
  bucket 26: 40%
  bucket 39: 10%
  bucket 29: 40%
  Sorting block time: 00:00:27
Returning block of 24018534 for bucket 27
  bucket 36: 20%
  bucket 33: 30%
  bucket 21: 70%
  bucket 32: 30%
Getting block 43 of 119
  Reserving size (31108849) for bucket 43
  Calculating Z arrays for bucket 43
  Entering block accumulator loop for bucket 43:
  bucket 24: 50%
  bucket 23: 60%
  bucket 27: 60%
  bucket 35: 30%
  bucket 40: 10%
  bucket 20: 80%
  bucket 34: 30%
  bucket 18: 90%
  bucket 31: 80%
  bucket 19: 90%
  bucket 37: 20%
  bucket 25: 50%
  Sorting block time: 00:00:29
Returning block of 26508052 for bucket 29
  bucket 42: 10%
  bucket 22: 60%
  bucket 30: 40%
  bucket 28: 50%
Getting block 44 of 119
  Reserving size (31108849) for bucket 44
  Calculating Z arrays for bucket 44
  Entering block accumulator loop for bucket 44:
  bucket 41: 10%
  bucket 21: 80%
  bucket 26: 50%
  bucket 38: 20%
  bucket 29: 50%
  bucket 23: 70%
  bucket 27: 70%
  bucket 39: 20%
  bucket 24: 60%
  bucket 36: 30%
  bucket 33: 40%
  bucket 32: 40%
  Sorting block time: 00:00:27
Returning block of 25139266 for bucket 30
  bucket 43: 10%
  bucket 20: 90%
  bucket 18: 100%
  Sorting block of length 21729592 for bucket 18
  (Using difference cover)
Getting block 45 of 119
  Reserving size (31108849) for bucket 45
  Calculating Z arrays for bucket 45
  Entering block accumulator loop for bucket 45:
  bucket 19: 100%
  Sorting block of length 29529384 for bucket 19
  (Using difference cover)
  bucket 35: 40%
  bucket 40: 20%
  bucket 31: 90%
  bucket 22: 70%
  bucket 42: 20%
  bucket 34: 40%
  bucket 25: 60%
  bucket 37: 30%
  bucket 21: 90%
  bucket 30: 50%
  bucket 27: 80%
  bucket 28: 60%
  bucket 26: 60%
  Sorting block time: 00:00:15
Returning block of 11002663 for bucket 17
  bucket 23: 80%
  bucket 44: 10%
Getting block 31 of 119
  Reserving size (31108849) for bucket 31
  Calculating Z arrays for bucket 31
  Entering block accumulator loop for bucket 31:
  bucket 29: 60%
  bucket 41: 20%
  bucket 24: 70%
  bucket 38: 30%
  bucket 33: 50%
  bucket 36: 40%
  bucket 39: 30%
  bucket 32: 50%
  bucket 43: 20%
  bucket 20: 100%
  Sorting block of length 23181405 for bucket 20
  (Using difference cover)
  bucket 31: 100%
  Sorting block of length 23542921 for bucket 31
  (Using difference cover)
  bucket 22: 80%
  bucket 27: 90%
  bucket 35: 50%
  bucket 21: 100%
  Sorting block of length 18855875 for bucket 21
  (Using difference cover)
  bucket 45: 10%
  bucket 25: 70%
  bucket 40: 30%
  bucket 34: 50%
  bucket 42: 30%
  bucket 37: 40%
  bucket 30: 60%
  bucket 23: 90%
  bucket 28: 70%
  bucket 26: 70%
  bucket 24: 80%
  bucket 29: 70%
  bucket 31: 10%
  bucket 44: 20%
  Sorting block time: 00:00:32
Returning block of 25618779 for bucket 16
  bucket 41: 30%
  bucket 38: 40%
  bucket 33: 60%
Getting block 32 of 119
  Reserving size (31108849) for bucket 32
  Calculating Z arrays for bucket 32
  Entering block accumulator loop for bucket 32:
  bucket 27: 100%
  Sorting block of length 18704852 for bucket 27
  (Using difference cover)
  bucket 36: 50%
  bucket 43: 30%
  bucket 32: 60%
  bucket 39: 40%
  bucket 22: 90%
  bucket 45: 20%
  bucket 30: 70%
  bucket 25: 80%
  bucket 34: 60%
  bucket 35: 60%
  bucket 23: 100%
  Sorting block of length 25778728 for bucket 23
  (Using difference cover)
  bucket 40: 40%
  bucket 26: 80%
  bucket 37: 50%
  bucket 24: 90%
  bucket 28: 80%
  bucket 42: 40%
  bucket 29: 80%
  bucket 31: 20%
  bucket 32: 10%
  bucket 44: 30%
  bucket 33: 70%
  bucket 41: 40%
  bucket 22: 100%
  Sorting block of length 16199123 for bucket 22
  (Using difference cover)
  bucket 38: 50%
  bucket 36: 60%
  bucket 32: 70%
  bucket 30: 80%
  bucket 43: 40%
  bucket 39: 50%
  bucket 45: 30%
  bucket 34: 70%
  bucket 25: 90%
  bucket 26: 90%
  bucket 35: 70%
  bucket 24: 100%
  Sorting block of length 18210812 for bucket 24
  (Using difference cover)
  bucket 28: 90%
  bucket 37: 60%
  bucket 29: 90%
  bucket 40: 50%
  bucket 32: 20%
  bucket 31: 30%
  bucket 44: 40%
  bucket 42: 50%
  bucket 30: 90%
  bucket 33: 80%
  bucket 32: 80%
  bucket 36: 70%
  bucket 41: 50%
  bucket 38: 60%
  bucket 45: 40%
  bucket 25: 100%
  Sorting block of length 27636511 for bucket 25
  (Using difference cover)
  bucket 43: 50%
  bucket 39: 60%
  bucket 34: 80%
  bucket 26: 100%
  Sorting block of length 30135179 for bucket 26
  (Using difference cover)
  bucket 32: 30%
  bucket 35: 80%
  bucket 37: 70%
  bucket 28: 100%
  Sorting block of length 14378795 for bucket 28
  (Using difference cover)
  bucket 29: 100%
  Sorting block of length 22792968 for bucket 29
  (Using difference cover)
  Sorting block time: 00:00:29
Returning block of 21729593 for bucket 18
  bucket 31: 40%
  bucket 44: 50%
  bucket 40: 60%
Getting block 33 of 119
  Reserving size (31108849) for bucket 33
  Calculating Z arrays for bucket 33
  Entering block accumulator loop for bucket 33:
  bucket 42: 60%
  bucket 30: 100%
  Sorting block of length 26606945 for bucket 30
  (Using difference cover)
  bucket 33: 90%
  bucket 32: 90%
  Sorting block time: 00:00:26
Returning block of 18855876 for bucket 21
  bucket 36: 80%
  bucket 41: 60%
  bucket 32: 40%
  bucket 45: 50%
Getting block 34 of 119
  Reserving size (31108849) for bucket 34
  Calculating Z arrays for bucket 34
  Entering block accumulator loop for bucket 34:
  bucket 38: 70%
  Sorting block time: 00:00:28
Returning block of 23542922 for bucket 31
  bucket 43: 60%
  bucket 35: 90%
  bucket 39: 70%
Getting block 46 of 119
  Reserving size (31108849) for bucket 46
  Calculating Z arrays for bucket 46
  Entering block accumulator loop for bucket 46:
  bucket 34: 90%
  bucket 37: 80%
  bucket 44: 60%
  Sorting block time: 00:00:31
Returning block of 23181406 for bucket 20
  bucket 31: 50%
  Sorting block time: 00:00:24
Returning block of 18704853 for bucket 27
  bucket 40: 70%
Getting block 35 of 119
  Reserving size (31108849) for bucket 35
  Calculating Z arrays for bucket 35
  Entering block accumulator loop for bucket 35:
Getting block 36 of 119
  Reserving size (31108849) for bucket 36
  Calculating Z arrays for bucket 36
  Entering block accumulator loop for bucket 36:
  bucket 33: 10%
  bucket 42: 70%
  bucket 32: 50%
  bucket 33: 100%
  Sorting block of length 26473341 for bucket 33
  (Using difference cover)
  bucket 32: 100%
  Sorting block of length 23761314 for bucket 32
  (Using difference cover)
  Sorting block time: 00:00:40
Returning block of 29529385 for bucket 19
  bucket 41: 70%
  bucket 36: 90%
  bucket 34: 10%
  bucket 35: 100%
  Sorting block of length 26616483 for bucket 35
  (Using difference cover)
  bucket 38: 80%
  Sorting block time: 00:00:22
Returning block of 16199124 for bucket 22
  bucket 45: 60%
Getting block 37 of 119
  Reserving size (31108849) for bucket 37
  Calculating Z arrays for bucket 37
  Entering block accumulator loop for bucket 37:
Getting block 38 of 119
  Reserving size (31108849) for bucket 38
  Calculating Z arrays for bucket 38
  Entering block accumulator loop for bucket 38:
  bucket 46: 10%
  bucket 39: 80%
  bucket 37: 90%
  bucket 43: 70%
  bucket 44: 70%
  bucket 34: 100%
  Sorting block of length 13269295 for bucket 34
  (Using difference cover)
  bucket 31: 60%
  bucket 40: 80%
  bucket 35: 10%
  bucket 33: 20%
  bucket 36: 10%
  bucket 32: 60%
  bucket 42: 80%
  Sorting block time: 00:00:25
Returning block of 18210813 for bucket 24
  bucket 41: 80%
Getting block 39 of 119
  Reserving size (31108849) for bucket 39
  Calculating Z arrays for bucket 39
  Entering block accumulator loop for bucket 39:
  bucket 45: 70%
  bucket 34: 20%
  bucket 36: 100%
  Sorting block of length 27358928 for bucket 36
  (Using difference cover)
  bucket 37: 10%
  bucket 38: 90%
  bucket 38: 10%
  Sorting block time: 00:00:33
Returning block of 25778729 for bucket 23
  bucket 39: 90%
  bucket 46: 20%
  bucket 31: 70%
  Sorting block time: 00:00:21
Returning block of 14378796 for bucket 28
  bucket 44: 80%
  bucket 37: 100%
  Sorting block of length 8117063 for bucket 37
  (Using difference cover)
Getting block 40 of 119
  Reserving size (31108849) for bucket 40
  Calculating Z arrays for bucket 40
  Entering block accumulator loop for bucket 40:
Getting block 41 of 119
  Reserving size (31108849) for bucket 41
  Calculating Z arrays for bucket 41
  Entering block accumulator loop for bucket 41:
  bucket 43: 80%
  bucket 32: 70%
  bucket 33: 30%
  bucket 35: 20%
  bucket 40: 90%
  bucket 42: 90%
  bucket 36: 20%
  bucket 39: 10%
  bucket 37: 20%
  bucket 34: 30%
  bucket 41: 90%
  bucket 38: 20%
  bucket 38: 100%
  Sorting block of length 26519816 for bucket 38
  (Using difference cover)
  bucket 39: 100%
  Sorting block of length 16659538 for bucket 39
  (Using difference cover)
  bucket 45: 80%
  bucket 46: 30%
  bucket 44: 90%
  bucket 32: 80%
  bucket 31: 80%
  bucket 40: 10%
  bucket 41: 10%
  bucket 33: 40%
  Sorting block time: 00:00:08
Returning block of 8117064 for bucket 37
  bucket 43: 90%
Getting block 47 of 119
  Reserving size (31108849) for bucket 47
  Calculating Z arrays for bucket 47
  Entering block accumulator loop for bucket 47:
  bucket 35: 30%
  bucket 42: 100%
  Sorting block of length 21409609 for bucket 42
  (Using difference cover)
  Sorting block time: 00:00:15
Returning block of 13269296 for bucket 34
  bucket 39: 20%
  bucket 40: 100%
  Sorting block of length 24714202 for bucket 40
  (Using difference cover)
Getting block 48 of 119
  Reserving size (31108849) for bucket 48
  Calculating Z arrays for bucket 48
  Entering block accumulator loop for bucket 48:
  bucket 36: 30%
  bucket 37: 30%
  bucket 34: 40%
  bucket 38: 30%
  Sorting block time: 00:00:31
Returning block of 22792969 for bucket 29
  bucket 41: 20%
Getting block 42 of 119
  Reserving size (31108849) for bucket 42
  Calculating Z arrays for bucket 42
  Entering block accumulator loop for bucket 42:
  bucket 44: 100%
  Sorting block of length 9974790 for bucket 44
  (Using difference cover)
  bucket 41: 100%
  Sorting block of length 30374413 for bucket 41
  (Using difference cover)
  bucket 32: 90%
  bucket 31: 90%
  bucket 40: 20%
  bucket 46: 40%
  bucket 45: 90%
  bucket 39: 30%
  bucket 33: 50%
  bucket 35: 40%
  Sorting block time: 00:00:37
Returning block of 27636512 for bucket 25
  bucket 47: 10%
  bucket 43: 100%
  Sorting block of length 10390724 for bucket 43
  (Using difference cover)
  bucket 36: 40%
Getting block 43 of 119
  Reserving size (31108849) for bucket 43
  Calculating Z arrays for bucket 43
  Entering block accumulator loop for bucket 43:
  bucket 37: 40%
  bucket 48: 10%
  bucket 34: 50%
  Sorting block time: 00:00:28
Returning block of 26473342 for bucket 33
  bucket 41: 30%
  bucket 38: 40%
  bucket 42: 10%
  Sorting block time: 00:00:28
Returning block of 23761315 for bucket 32
Getting block 49 of 119
  Reserving size (31108849) for bucket 49
  Calculating Z arrays for bucket 49
  Entering block accumulator loop for bucket 49:
Getting block 50 of 119
  Reserving size (31108849) for bucket 50
  Calculating Z arrays for bucket 50
  Entering block accumulator loop for bucket 50:
  Sorting block time: 00:00:40
Returning block of 30135180 for bucket 26
  Sorting block time: 00:00:38
Returning block of 26606946 for bucket 30
  bucket 32: 100%
  Sorting block of length 20544534 for bucket 32
  (Using difference cover)
  bucket 40: 30%
  bucket 31: 100%
  Sorting block of length 27350281 for bucket 31
  (Using difference cover)
  bucket 39: 40%
Getting block 44 of 119
  Reserving size (31108849) for bucket 44
  Calculating Z arrays for bucket 44
  Entering block accumulator loop for bucket 44:
Getting block 45 of 119
  Reserving size (31108849) for bucket 45
  Calculating Z arrays for bucket 45
  Entering block accumulator loop for bucket 45:
  bucket 35: 50%
  Sorting block time: 00:00:28
Returning block of 26616484 for bucket 35
  bucket 46: 50%
  bucket 33: 60%
  bucket 45: 100%
  Sorting block of length 30738018 for bucket 45
  (Using difference cover)
Getting block 51 of 119
  Reserving size (31108849) for bucket 51
  Calculating Z arrays for bucket 51
  Entering block accumulator loop for bucket 51:
  bucket 43: 10%
  bucket 47: 20%
  bucket 34: 60%
  bucket 37: 50%
  bucket 41: 40%
  bucket 42: 20%
  bucket 49: 10%
  Sorting block time: 00:00:11
Returning block of 9974791 for bucket 44
  bucket 36: 50%
  bucket 38: 50%
Getting block 52 of 119
  Reserving size (31108849) for bucket 52
  Calculating Z arrays for bucket 52
  Entering block accumulator loop for bucket 52:
  bucket 48: 20%
  bucket 50: 10%
  Sorting block time: 00:00:19
Returning block of 16659539 for bucket 39
  bucket 39: 50%
Getting block 53 of 119
  Reserving size (31108849) for bucket 53
  Calculating Z arrays for bucket 53
  Entering block accumulator loop for bucket 53:
  bucket 40: 40%
  bucket 33: 70%
  bucket 35: 60%
  bucket 45: 10%
  bucket 44: 10%
  Sorting block time: 00:00:12
Returning block of 10390725 for bucket 43
Getting block 54 of 119
  Reserving size (31108849) for bucket 54
  Calculating Z arrays for bucket 54
  Entering block accumulator loop for bucket 54:
  Sorting block time: 00:00:29
Returning block of 27358929 for bucket 36
  bucket 43: 20%
  bucket 46: 60%
  bucket 47: 30%
  bucket 34: 70%
  bucket 51: 10%
Getting block 55 of 119
  Reserving size (31108849) for bucket 55
  Calculating Z arrays for bucket 55
  Entering block accumulator loop for bucket 55:
  bucket 41: 50%
  bucket 37: 60%
  bucket 49: 20%
  bucket 42: 30%
  bucket 50: 20%
  bucket 38: 60%
  bucket 39: 60%
  bucket 36: 60%
  bucket 33: 80%
  bucket 48: 30%
  bucket 35: 70%
  Sorting block time: 00:00:24
Returning block of 21409610 for bucket 42
  bucket 40: 50%
  bucket 52: 10%
Getting block 56 of 119
  Reserving size (31108849) for bucket 56
  Calculating Z arrays for bucket 56
  Entering block accumulator loop for bucket 56:
  bucket 45: 20%
  bucket 53: 10%
  bucket 44: 20%
  bucket 43: 30%
  Sorting block time: 00:00:28
Returning block of 26519817 for bucket 38
  bucket 54: 10%
  bucket 34: 80%
  bucket 47: 40%
  bucket 41: 60%
Getting block 57 of 119
  Reserving size (31108849) for bucket 57
  Calculating Z arrays for bucket 57
  Entering block accumulator loop for bucket 57:
  bucket 49: 30%
  bucket 37: 70%
  bucket 46: 70%
  bucket 42: 40%
  bucket 51: 20%
  bucket 50: 30%
  Sorting block time: 00:00:27
Returning block of 24714203 for bucket 40
  bucket 38: 70%
  bucket 55: 10%
  bucket 33: 90%
Getting block 58 of 119
  Reserving size (31108849) for bucket 58
  Calculating Z arrays for bucket 58
  Entering block accumulator loop for bucket 58:
  bucket 39: 70%
  bucket 35: 80%
  bucket 40: 60%
  bucket 36: 70%
  bucket 48: 40%
  bucket 45: 30%
  bucket 44: 30%
  bucket 47: 50%
  bucket 34: 90%
  bucket 52: 20%
  bucket 43: 40%
  bucket 54: 20%
  bucket 56: 10%
  bucket 49: 40%
  bucket 41: 70%
  bucket 53: 20%
  bucket 37: 80%
  bucket 50: 40%
  bucket 33: 100%
  Sorting block of length 13852130 for bucket 33
  (Using difference cover)
  bucket 42: 50%
  bucket 57: 10%
  bucket 46: 80%
  bucket 38: 80%
  bucket 35: 90%
  bucket 51: 30%
  bucket 39: 80%
  bucket 40: 70%
  bucket 55: 20%
  bucket 58: 10%
  bucket 45: 40%
  Sorting block time: 00:00:27
Returning block of 20544535 for bucket 32
  bucket 36: 80%
  bucket 47: 60%
  bucket 49: 50%
Getting block 46 of 119
  Reserving size (31108849) for bucket 46
  Calculating Z arrays for bucket 46
  Entering block accumulator loop for bucket 46:
  bucket 48: 50%
  bucket 44: 40%
  bucket 34: 100%
  Sorting block of length 24268529 for bucket 34
  (Using difference cover)
  bucket 43: 50%
  Sorting block time: 00:00:35
Returning block of 30374414 for bucket 41
  bucket 54: 30%
  bucket 41: 80%
  bucket 50: 50%
  bucket 37: 90%
  bucket 52: 30%
Getting block 59 of 119
  Reserving size (31108849) for bucket 59
  Calculating Z arrays for bucket 59
  Entering block accumulator loop for bucket 59:
  bucket 56: 20%
  bucket 42: 60%
  bucket 53: 30%
  bucket 38: 90%
  bucket 35: 100%
  Sorting block of length 29156407 for bucket 35
  (Using difference cover)
  bucket 39: 90%
  bucket 46: 90%
  bucket 57: 20%
  bucket 51: 40%
  bucket 40: 80%
  bucket 58: 20%
  bucket 45: 50%
  bucket 49: 60%
  bucket 55: 30%
  bucket 46: 10%
  bucket 44: 50%
  bucket 47: 70%
  bucket 36: 90%
  bucket 43: 60%
  bucket 54: 40%
  bucket 37: 100%
  Sorting block of length 17440458 for bucket 37
  (Using difference cover)
  bucket 41: 90%
  bucket 48: 60%
  Sorting block time: 00:00:35
Returning block of 30738019 for bucket 45
  Sorting block time: 00:00:36
Returning block of 27350282 for bucket 31
  bucket 50: 60%
  bucket 38: 100%
  Sorting block of length 20366876 for bucket 38
  (Using difference cover)
  bucket 42: 70%
Getting block 60 of 119
  Reserving size (31108849) for bucket 60
  Calculating Z arrays for bucket 60
  Entering block accumulator loop for bucket 60:
Getting block 47 of 119
  Reserving size (31108849) for bucket 47
  Calculating Z arrays for bucket 47
  Entering block accumulator loop for bucket 47:
  bucket 39: 100%
  Sorting block of length 27343639 for bucket 39
  (Using difference cover)
  bucket 59: 10%
  bucket 56: 30%
  bucket 52: 40%
  bucket 53: 40%
  bucket 40: 90%
  bucket 46: 100%
  Sorting block of length 20625502 for bucket 46
  (Using difference cover)
  bucket 57: 30%
  bucket 58: 30%
  bucket 45: 60%
  bucket 51: 50%
  bucket 49: 70%
  bucket 46: 20%
  bucket 36: 100%
  Sorting block of length 27375521 for bucket 36
  (Using difference cover)
  bucket 55: 40%
  Sorting block time: 00:00:18
Returning block of 13852131 for bucket 33
  bucket 44: 60%
  bucket 41: 100%
  Sorting block of length 18892945 for bucket 41
  (Using difference cover)
  bucket 43: 70%
Getting block 48 of 119
  Reserving size (31108849) for bucket 48
  Calculating Z arrays for bucket 48
  Entering block accumulator loop for bucket 48:
  bucket 48: 70%
  bucket 47: 80%
  bucket 47: 10%
  bucket 54: 50%
  bucket 42: 80%
  bucket 40: 100%
  Sorting block of length 25474913 for bucket 40
  (Using difference cover)
  bucket 50: 70%
  bucket 60: 10%
  bucket 56: 40%
  bucket 59: 20%
  bucket 49: 80%
  bucket 52: 50%
  bucket 53: 50%
  bucket 45: 70%
  bucket 57: 40%
  bucket 58: 40%
  bucket 46: 30%
  bucket 51: 60%
  bucket 55: 50%
  bucket 44: 70%
  bucket 48: 10%
  bucket 43: 80%
  bucket 48: 80%
  bucket 47: 20%
  bucket 42: 90%
  bucket 47: 90%
  bucket 54: 60%
  bucket 49: 90%
  bucket 50: 80%
  bucket 45: 80%
  bucket 57: 50%
  bucket 58: 50%
  bucket 56: 50%
  bucket 59: 30%
  bucket 53: 60%
  bucket 46: 40%
  bucket 52: 60%
  bucket 60: 20%
  bucket 55: 60%
  bucket 48: 20%
  bucket 44: 80%
  bucket 48: 90%
  bucket 47: 30%
  bucket 51: 70%
  bucket 43: 90%
  bucket 42: 100%
  Sorting block of length 25472005 for bucket 42
  (Using difference cover)
  bucket 47: 100%
  Sorting block of length 25221505 for bucket 47
  (Using difference cover)
  Sorting block time: 00:00:22
Returning block of 17440459 for bucket 37
  bucket 49: 100%
  Sorting block of length 25956946 for bucket 49
  (Using difference cover)
Getting block 49 of 119
  Reserving size (31108849) for bucket 49
  Calculating Z arrays for bucket 49
  Entering block accumulator loop for bucket 49:
  bucket 57: 60%
  bucket 45: 90%
  bucket 54: 70%
  bucket 50: 90%
  bucket 58: 60%
  bucket 46: 50%
  bucket 53: 70%
  Sorting block time: 00:00:33
Returning block of 24268530 for bucket 34
  bucket 48: 30%
  bucket 48: 100%
  Sorting block of length 29052827 for bucket 48
  (Using difference cover)
  bucket 55: 70%
  bucket 56: 60%
  bucket 47: 40%
  bucket 59: 40%
  bucket 44: 90%
Getting block 50 of 119
  Reserving size (31108849) for bucket 50
  Calculating Z arrays for bucket 50
  Entering block accumulator loop for bucket 50:
  bucket 43: 100%
  Sorting block of length 31032205 for bucket 43
  (Using difference cover)
  bucket 52: 70%
  Sorting block time: 00:00:24
Returning block of 20625503 for bucket 46
  bucket 60: 30%
  bucket 51: 80%
Getting block 61 of 119
  Reserving size (31108849) for bucket 61
  Calculating Z arrays for bucket 61
  Entering block accumulator loop for bucket 61:
  bucket 49: 10%
  Sorting block time: 00:00:27
Returning block of 20366877 for bucket 38
  bucket 57: 70%
Getting block 51 of 119
  Reserving size (31108849) for bucket 51
  Calculating Z arrays for bucket 51
  Entering block accumulator loop for bucket 51:
  bucket 46: 60%
  bucket 45: 100%
  Sorting block of length 29118789 for bucket 45
  (Using difference cover)
  Sorting block time: 00:00:24
Returning block of 18892946 for bucket 41
  bucket 53: 80%
Getting block 52 of 119
  Reserving size (31108849) for bucket 52
  Calculating Z arrays for bucket 52
  Entering block accumulator loop for bucket 52:
  bucket 50: 100%
  Sorting block of length 26719362 for bucket 50
  (Using difference cover)
  bucket 58: 70%
  bucket 54: 80%
  bucket 48: 40%
  bucket 44: 100%
  Sorting block of length 19304743 for bucket 44
  (Using difference cover)
  bucket 47: 50%
  bucket 56: 70%
  bucket 55: 80%
  bucket 50: 10%
  Sorting block time: 00:00:38
Returning block of 29156408 for bucket 35
  bucket 49: 20%
  bucket 51: 90%
  bucket 59: 50%
Getting block 53 of 119
  Reserving size (31108849) for bucket 53
  Calculating Z arrays for bucket 53
  Entering block accumulator loop for bucket 53:
  bucket 61: 10%
  bucket 51: 10%
  bucket 52: 80%
  bucket 57: 80%
  bucket 46: 70%
  Sorting block time: 00:00:34
Returning block of 27343640 for bucket 39
  bucket 60: 40%
Getting block 54 of 119
  Reserving size (31108849) for bucket 54
  Calculating Z arrays for bucket 54
  Entering block accumulator loop for bucket 54:
  bucket 50: 20%
  bucket 53: 90%
  bucket 51: 100%
  Sorting block of length 24419183 for bucket 51
  (Using difference cover)
  bucket 52: 10%
  bucket 48: 50%
  bucket 47: 60%
  bucket 49: 30%
  bucket 56: 80%
  bucket 53: 10%
  bucket 58: 80%
  bucket 55: 90%
  bucket 54: 90%
  bucket 59: 60%
  bucket 51: 20%
  bucket 46: 80%
  Sorting block time: 00:00:33
Returning block of 25474914 for bucket 40
  bucket 61: 20%
  bucket 57: 90%
Getting block 55 of 119
  Reserving size (31108849) for bucket 55
  Calculating Z arrays for bucket 55
  Entering block accumulator loop for bucket 55:
  bucket 52: 90%
  bucket 50: 30%
  bucket 54: 10%
  Sorting block time: 00:00:39
Returning block of 27375522 for bucket 36
  bucket 53: 100%
  Sorting block of length 30338529 for bucket 53
  (Using difference cover)
  bucket 49: 40%
  bucket 60: 50%
  bucket 46: 90%
  bucket 47: 70%
  bucket 48: 60%
Getting block 56 of 119
  Reserving size (31108849) for bucket 56
  Calculating Z arrays for bucket 56
  Entering block accumulator loop for bucket 56:
  bucket 56: 90%
  bucket 52: 20%
  bucket 53: 20%
  bucket 59: 70%
  bucket 51: 30%
  bucket 58: 90%
  Sorting block time: 00:00:26
Returning block of 25956947 for bucket 49
  bucket 55: 100%
  Sorting block of length 28496777 for bucket 55
  (Using difference cover)
  bucket 54: 100%
  Sorting block of length 11920096 for bucket 54
  (Using difference cover)
  bucket 57: 100%
  Sorting block of length 10574899 for bucket 57
  (Using difference cover)
  bucket 50: 40%
Getting block 62 of 119
  Reserving size (31108849) for bucket 62
  Calculating Z arrays for bucket 62
  Entering block accumulator loop for bucket 62:
  bucket 61: 30%
  bucket 55: 10%
  Sorting block time: 00:00:28
Returning block of 25221506 for bucket 47
  bucket 46: 100%
  Sorting block of length 26493554 for bucket 46
  (Using difference cover)
  bucket 54: 20%
Getting block 63 of 119
  Reserving size (31108849) for bucket 63
  Calculating Z arrays for bucket 63
  Entering block accumulator loop for bucket 63:
  bucket 52: 100%
  Sorting block of length 24924279 for bucket 52
  (Using difference cover)
  bucket 49: 50%
  bucket 47: 80%
  bucket 48: 70%
  bucket 53: 30%
  bucket 56: 100%
  Sorting block of length 26073389 for bucket 56
  (Using difference cover)
  bucket 60: 60%
  bucket 52: 30%
  bucket 56: 10%
  Sorting block time: 00:00:32
Returning block of 25472006 for bucket 42
  bucket 59: 80%
Getting block 57 of 119
  Reserving size (31108849) for bucket 57
  Calculating Z arrays for bucket 57
  Entering block accumulator loop for bucket 57:
  bucket 62: 10%
  bucket 51: 40%
  bucket 58: 100%
  Sorting block of length 25147131 for bucket 58
  (Using difference cover)
  bucket 50: 50%
  bucket 61: 40%
  bucket 54: 30%
  bucket 55: 20%
  bucket 53: 40%
  bucket 47: 90%
  bucket 63: 10%
  bucket 49: 60%
  bucket 48: 80%
  bucket 52: 40%
  Sorting block time: 00:00:33
Returning block of 29052828 for bucket 48
  bucket 60: 70%
  bucket 62: 20%
Getting block 64 of 119
  Reserving size (31108849) for bucket 64
  Calculating Z arrays for bucket 64
  Entering block accumulator loop for bucket 64:
  Sorting block time: 00:00:27
Returning block of 19304744 for bucket 44
  bucket 56: 20%
  bucket 57: 10%
  Sorting block time: 00:00:28
Returning block of 26719363 for bucket 50
  bucket 59: 90%
Getting block 58 of 119
  Reserving size (31108849) for bucket 58
  Calculating Z arrays for bucket 58
  Entering block accumulator loop for bucket 58:
  Sorting block time: 00:00:12
Returning block of 10574900 for bucket 57
Getting block 65 of 119
  Reserving size (31108849) for bucket 65
  Calculating Z arrays for bucket 65
  Entering block accumulator loop for bucket 65:
Getting block 66 of 119
  Reserving size (31108849) for bucket 66
  Calculating Z arrays for bucket 66
  Entering block accumulator loop for bucket 66:
  bucket 50: 60%
  bucket 61: 50%
  bucket 51: 50%
  Sorting block time: 00:00:13
Returning block of 11920097 for bucket 54
  bucket 54: 40%
Getting block 67 of 119
  Reserving size (31108849) for bucket 67
  Calculating Z arrays for bucket 67
  Entering block accumulator loop for bucket 67:
  bucket 53: 50%
  bucket 47: 100%
  Sorting block of length 19340545 for bucket 47
  (Using difference cover)
  bucket 52: 50%
  bucket 48: 90%
  bucket 55: 30%
  bucket 49: 70%
  bucket 63: 20%
  bucket 62: 30%
  Sorting block time: 00:00:27
Returning block of 24419184 for bucket 51
  bucket 57: 20%
  bucket 58: 10%
  bucket 64: 10%
  bucket 60: 80%
Getting block 68 of 119
  Reserving size (31108849) for bucket 68
  Calculating Z arrays for bucket 68
  Entering block accumulator loop for bucket 68:
  bucket 56: 30%
  bucket 61: 60%
  Sorting block time: 00:00:38
Returning block of 29118790 for bucket 45
  bucket 54: 50%
  Sorting block time: 00:00:41
Returning block of 31032206 for bucket 43
  bucket 50: 70%
  bucket 59: 100%
  Sorting block of length 29183541 for bucket 59
  (Using difference cover)
  bucket 65: 10%
Getting block 59 of 119
  Reserving size (31108849) for bucket 59
  Calculating Z arrays for bucket 59
  Entering block accumulator loop for bucket 59:
  bucket 66: 10%
  bucket 51: 60%
Getting block 60 of 119
  Reserving size (31108849) for bucket 60
  Calculating Z arrays for bucket 60
  Entering block accumulator loop for bucket 60:
  bucket 48: 100%
  Sorting block of length 12212398 for bucket 48
  (Using difference cover)
  bucket 52: 60%
  bucket 67: 10%
  bucket 53: 60%
  bucket 49: 80%
  bucket 62: 40%
  bucket 55: 40%
  bucket 57: 30%
  bucket 63: 30%
  bucket 58: 20%
  bucket 61: 70%
  bucket 54: 60%
  bucket 68: 10%
  bucket 64: 20%
  bucket 56: 40%
  bucket 65: 20%
  bucket 50: 80%
  bucket 60: 90%
  bucket 51: 70%
  bucket 60: 10%
  bucket 52: 70%
  bucket 59: 10%
  bucket 66: 20%
  bucket 53: 70%
  bucket 67: 20%
  bucket 55: 50%
  bucket 62: 50%
  Sorting block time: 00:00:33
Returning block of 30338530 for bucket 53
  Sorting block time: 00:00:27
Returning block of 24924280 for bucket 52
  bucket 49: 90%
Getting block 69 of 119
  Reserving size (31108849) for bucket 69
  Calculating Z arrays for bucket 69
  Entering block accumulator loop for bucket 69:
  bucket 57: 40%
Getting block 70 of 119
  Reserving size (31108849) for bucket 70
  Calculating Z arrays for bucket 70
  Entering block accumulator loop for bucket 70:
  bucket 61: 80%
  bucket 54: 70%
  bucket 63: 40%
  Sorting block time: 00:00:33
Returning block of 28496778 for bucket 55
  bucket 58: 30%
  bucket 65: 30%
  bucket 51: 80%
  bucket 52: 80%
  Sorting block time: 00:00:30
Returning block of 26073390 for bucket 56
Getting block 71 of 119
  Reserving size (31108849) for bucket 71
  Calculating Z arrays for bucket 71
  Entering block accumulator loop for bucket 71:
  bucket 50: 90%
  bucket 60: 20%
  bucket 68: 20%
  bucket 64: 30%
  bucket 56: 50%
Getting block 72 of 119
  Reserving size (31108849) for bucket 72
  Calculating Z arrays for bucket 72
  Entering block accumulator loop for bucket 72:
  Sorting block time: 00:00:28
Returning block of 25147132 for bucket 58
  bucket 55: 60%
  Sorting block time: 00:00:34
Returning block of 26493555 for bucket 46
Getting block 73 of 119
  Reserving size (31108849) for bucket 73
  Calculating Z arrays for bucket 73
  Entering block accumulator loop for bucket 73:
  bucket 59: 20%
  bucket 60: 100%
  Sorting block of length 14184728 for bucket 60
  (Using difference cover)
  bucket 62: 60%
  bucket 53: 80%
  bucket 66: 30%
Getting block 61 of 119
  Reserving size (31108849) for bucket 61
  Calculating Z arrays for bucket 61
  Entering block accumulator loop for bucket 61:
  bucket 49: 100%
  Sorting block of length 26607466 for bucket 49
  (Using difference cover)
  bucket 67: 30%
  bucket 61: 90%
  bucket 69: 10%
  Sorting block time: 00:00:16
Returning block of 12212399 for bucket 48
Getting block 62 of 119
  Reserving size (31108849) for bucket 62
  Calculating Z arrays for bucket 62
  Entering block accumulator loop for bucket 62:
  bucket 70: 10%
  bucket 57: 50%
  bucket 54: 80%
  bucket 51: 90%
  bucket 65: 40%
  bucket 58: 40%
  bucket 63: 50%
  bucket 52: 90%
  Sorting block time: 00:00:24
Returning block of 19340546 for bucket 47
  bucket 50: 100%
  Sorting block of length 13370741 for bucket 50
  (Using difference cover)
  bucket 60: 30%
  bucket 56: 60%
Getting block 63 of 119
  Reserving size (31108849) for bucket 63
  Calculating Z arrays for bucket 63
  Entering block accumulator loop for bucket 63:
  bucket 71: 10%
  bucket 68: 30%
  bucket 64: 40%
  bucket 72: 10%
  bucket 55: 70%
  bucket 59: 30%
  bucket 73: 10%
  bucket 62: 70%
  bucket 67: 40%
  bucket 61: 100%
  Sorting block of length 22721677 for bucket 61
  (Using difference cover)
  bucket 53: 90%
  bucket 66: 40%
  bucket 61: 10%
  bucket 69: 20%
  bucket 62: 10%
  bucket 65: 50%
  bucket 54: 90%
  bucket 70: 20%
  bucket 63: 60%
  bucket 57: 60%
  bucket 60: 40%
  bucket 56: 70%
  bucket 51: 100%
  Sorting block of length 23424625 for bucket 51
  (Using difference cover)
  bucket 58: 50%
  bucket 52: 100%
  Sorting block of length 22513429 for bucket 52
  (Using difference cover)
  bucket 63: 10%
  bucket 71: 20%
  bucket 68: 40%
  bucket 72: 20%
  bucket 64: 50%
  bucket 67: 50%
  bucket 55: 80%
  bucket 59: 40%
  bucket 62: 80%
  bucket 53: 100%
  Sorting block of length 18197674 for bucket 53
  (Using difference cover)
  bucket 73: 20%
  bucket 62: 20%
  bucket 66: 50%
  Sorting block time: 00:00:17
Returning block of 14184729 for bucket 60
  bucket 60: 50%
  bucket 56: 80%
  bucket 65: 60%
  bucket 61: 20%
  bucket 63: 70%
Getting block 74 of 119
  Reserving size (31108849) for bucket 74
  Calculating Z arrays for bucket 74
  Entering block accumulator loop for bucket 74:
  bucket 69: 30%
  Sorting block time: 00:00:32
Returning block of 29183542 for bucket 59
  bucket 54: 100%
  Sorting block of length 29340867 for bucket 54
  (Using difference cover)
  bucket 70: 30%
  bucket 57: 70%
Getting block 75 of 119
  Reserving size (31108849) for bucket 75
  Calculating Z arrays for bucket 75
  Entering block accumulator loop for bucket 75:
  bucket 58: 60%
  bucket 68: 50%
  bucket 63: 20%
  bucket 71: 30%
  bucket 67: 60%
  bucket 72: 30%
  bucket 64: 60%
  bucket 55: 90%
  bucket 62: 30%
  bucket 59: 50%
  Sorting block time: 00:00:17
Returning block of 13370742 for bucket 50
  bucket 62: 90%
  bucket 60: 60%
  bucket 73: 30%
Getting block 64 of 119
  Reserving size (31108849) for bucket 64
  Calculating Z arrays for bucket 64
  Entering block accumulator loop for bucket 64:
  bucket 56: 90%
  bucket 63: 80%
  bucket 61: 30%
  bucket 66: 60%
  bucket 65: 70%
  bucket 69: 40%
  bucket 74: 10%
  bucket 58: 70%
  bucket 57: 80%
  bucket 70: 40%
  bucket 63: 30%
  bucket 75: 10%
  bucket 68: 60%
  bucket 71: 40%
  bucket 62: 40%
  bucket 72: 40%
  bucket 67: 70%
  bucket 64: 70%
  bucket 55: 100%
  Sorting block of length 27974510 for bucket 55
  (Using difference cover)
  bucket 62: 100%
  Sorting block of length 11561547 for bucket 62
  (Using difference cover)
  bucket 59: 60%
  bucket 64: 10%
  bucket 73: 40%
  bucket 60: 70%
  bucket 56: 100%
  Sorting block of length 18292521 for bucket 56
  (Using difference cover)
  bucket 61: 40%
  bucket 63: 90%
  bucket 69: 50%
  bucket 62: 50%
  bucket 58: 80%
  bucket 66: 70%
  Sorting block time: 00:00:24
Returning block of 22721678 for bucket 61
  bucket 63: 40%
  bucket 65: 80%
  bucket 68: 70%
  bucket 74: 20%
Getting block 76 of 119
  Reserving size (31108849) for bucket 76
  Calculating Z arrays for bucket 76
  Entering block accumulator loop for bucket 76:
  bucket 72: 50%
  bucket 70: 50%
  bucket 57: 90%
  bucket 75: 20%
  bucket 71: 50%
  bucket 67: 80%
  Sorting block time: 00:00:34
Returning block of 26607467 for bucket 49
  bucket 62: 60%
  bucket 64: 20%
Getting block 65 of 119
  Reserving size (31108849) for bucket 65
  Calculating Z arrays for bucket 65
  Entering block accumulator loop for bucket 65:
  bucket 64: 80%
  bucket 69: 60%
  bucket 58: 90%
  bucket 59: 70%
  bucket 61: 50%
  bucket 73: 50%
  bucket 60: 80%
  Sorting block time: 00:00:23
Returning block of 18197675 for bucket 53
  bucket 63: 50%
  bucket 63: 100%
  Sorting block of length 30517972 for bucket 63
  (Using difference cover)
Getting block 66 of 119
  Reserving size (31108849) for bucket 66
  Calculating Z arrays for bucket 66
  Entering block accumulator loop for bucket 66:
  bucket 68: 80%
  bucket 72: 60%
  bucket 66: 80%
  bucket 65: 90%
  bucket 74: 30%
  bucket 76: 10%
  Sorting block time: 00:00:28
Returning block of 22513430 for bucket 52
  bucket 70: 60%
  bucket 57: 100%
  Sorting block of length 24780145 for bucket 57
  (Using difference cover)
  bucket 75: 30%
Getting block 67 of 119
  Reserving size (31108849) for bucket 67
  Calculating Z arrays for bucket 67
  Entering block accumulator loop for bucket 67:
  bucket 62: 70%
  bucket 64: 30%
  bucket 67: 90%
  Sorting block time: 00:00:31
Returning block of 23424626 for bucket 51
  bucket 71: 60%
  Sorting block time: 00:00:13
Returning block of 11561548 for bucket 62
Getting block 68 of 119
  Reserving size (31108849) for bucket 68
  Calculating Z arrays for bucket 68
  Entering block accumulator loop for bucket 68:
  bucket 65: 10%
  bucket 69: 70%
Getting block 77 of 119
  Reserving size (31108849) for bucket 77
  Calculating Z arrays for bucket 77
  Entering block accumulator loop for bucket 77:
  bucket 64: 90%
  bucket 58: 100%
  Sorting block of length 11461179 for bucket 58
  (Using difference cover)
  bucket 59: 80%
  bucket 61: 60%
  bucket 73: 60%
  bucket 60: 90%
  bucket 63: 60%
  bucket 74: 40%
  bucket 72: 70%
  bucket 66: 10%
  bucket 68: 90%
  bucket 62: 80%
  bucket 66: 90%
  bucket 70: 70%
  bucket 75: 40%
  bucket 65: 100%
  Sorting block of length 24594850 for bucket 65
  (Using difference cover)
  bucket 67: 10%
  bucket 76: 20%
  bucket 64: 40%
  bucket 65: 20%
  bucket 67: 100%
  Sorting block of length 4612058 for bucket 67
  (Using difference cover)
  bucket 71: 70%
  bucket 64: 100%
  Sorting block of length 30480667 for bucket 64
  (Using difference cover)
  bucket 68: 10%
  bucket 69: 80%
  bucket 77: 10%
  bucket 59: 90%
  bucket 74: 50%
  bucket 63: 70%
  bucket 67: 20%
  bucket 72: 80%
  bucket 73: 70%
  bucket 60: 100%
  Sorting block of length 12580728 for bucket 60
  (Using difference cover)
  bucket 68: 100%
  Sorting block of length 29674774 for bucket 68
  (Using difference cover)
  bucket 75: 50%
  bucket 61: 70%
  bucket 70: 80%
  bucket 62: 90%
  bucket 76: 30%
  bucket 66: 20%
  Sorting block time: 00:00:05
Returning block of 4612059 for bucket 67
  bucket 66: 100%
  Sorting block of length 30734728 for bucket 66
  (Using difference cover)
Getting block 78 of 119
  Reserving size (31108849) for bucket 78
  Calculating Z arrays for bucket 78
  Entering block accumulator loop for bucket 78:
  Sorting block time: 00:00:25
Returning block of 18292522 for bucket 56
  Sorting block time: 00:00:37
Returning block of 29340868 for bucket 54
  bucket 65: 30%
Getting block 69 of 119
  Reserving size (31108849) for bucket 69
  Calculating Z arrays for bucket 69
  Entering block accumulator loop for bucket 69:
  bucket 64: 50%
Getting block 70 of 119
  Reserving size (31108849) for bucket 70
  Calculating Z arrays for bucket 70
  Entering block accumulator loop for bucket 70:
  bucket 67: 30%
  bucket 71: 80%
  bucket 74: 60%
  bucket 68: 20%
  bucket 69: 90%
  bucket 72: 90%
  bucket 77: 20%
  bucket 59: 100%
  Sorting block of length 22707026 for bucket 59
  (Using difference cover)
  bucket 75: 60%
  bucket 63: 80%
  bucket 70: 90%
  bucket 73: 80%
  Sorting block time: 00:00:16
Returning block of 11461180 for bucket 58
Getting block 71 of 119
  Reserving size (31108849) for bucket 71
  Calculating Z arrays for bucket 71
  Entering block accumulator loop for bucket 71:
  bucket 76: 40%
  bucket 62: 100%
  Sorting block of length 30185877 for bucket 62
  (Using difference cover)
  bucket 67: 40%
  bucket 66: 30%
  bucket 61: 80%
  bucket 64: 60%
  bucket 65: 40%
  bucket 70: 10%
  bucket 78: 10%
  bucket 69: 10%
  bucket 74: 70%
  bucket 71: 90%
  Sorting block time: 00:00:35
Returning block of 27974511 for bucket 55
  bucket 63: 90%
  bucket 72: 100%
  Sorting block of length 25749264 for bucket 72
  (Using difference cover)
Getting block 72 of 119
  Reserving size (31108849) for bucket 72
  Calculating Z arrays for bucket 72
  Entering block accumulator loop for bucket 72:
  bucket 67: 50%
  bucket 75: 70%
  bucket 70: 100%
  Sorting block of length 22841605 for bucket 70
  (Using difference cover)
  bucket 68: 30%
  bucket 69: 100%
  Sorting block of length 22939210 for bucket 69
  (Using difference cover)
  bucket 77: 30%
  bucket 71: 10%
  bucket 73: 90%
  bucket 64: 70%
  bucket 76: 50%
  bucket 65: 50%
  bucket 70: 20%
  bucket 66: 40%
  bucket 71: 100%
  Sorting block of length 29062697 for bucket 71
  (Using difference cover)
  bucket 69: 20%
  bucket 74: 80%
  bucket 61: 90%
  Sorting block time: 00:00:17
Returning block of 12580729 for bucket 60
  bucket 78: 20%
Getting block 73 of 119
  Reserving size (31108849) for bucket 73
  Calculating Z arrays for bucket 73
  Entering block accumulator loop for bucket 73:
  bucket 67: 60%
  bucket 63: 100%
  Sorting block of length 25514073 for bucket 63
  (Using difference cover)
  Sorting block time: 00:00:33
Returning block of 30517973 for bucket 63
Getting block 79 of 119
  Reserving size (31108849) for bucket 79
  Calculating Z arrays for bucket 79
  Entering block accumulator loop for bucket 79:
  bucket 75: 80%
  bucket 72: 10%
  bucket 71: 20%
  bucket 68: 40%
  bucket 70: 30%
  bucket 64: 80%
  Sorting block time: 00:00:27
Returning block of 24594851 for bucket 65
  Sorting block time: 00:00:33
Returning block of 24780146 for bucket 57
  bucket 76: 60%
  bucket 65: 60%
Getting block 80 of 119
  Reserving size (31108849) for bucket 80
  Calculating Z arrays for bucket 80
  Entering block accumulator loop for bucket 80:
Getting block 74 of 119
  Reserving size (31108849) for bucket 74
  Calculating Z arrays for bucket 74
  Entering block accumulator loop for bucket 74:
  bucket 73: 100%
  Sorting block of length 25389048 for bucket 73
  (Using difference cover)
  bucket 77: 40%
  bucket 66: 50%
  bucket 67: 70%
  bucket 69: 30%
  bucket 73: 10%
  bucket 74: 90%
  bucket 78: 30%
  bucket 61: 100%
  Sorting block of length 25128509 for bucket 61
  (Using difference cover)
  bucket 70: 40%
  bucket 71: 30%
  bucket 64: 90%
  bucket 79: 10%
  bucket 75: 90%
  bucket 68: 50%
  bucket 76: 70%
  bucket 72: 20%
  bucket 74: 10%
  bucket 80: 10%
  bucket 65: 70%
  bucket 66: 60%
  bucket 74: 100%
  Sorting block of length 26934319 for bucket 74
  (Using difference cover)
  bucket 77: 50%
  bucket 67: 80%
  Sorting block time: 00:00:34
Returning block of 30480668 for bucket 64
  bucket 73: 20%
  bucket 69: 40%
Getting block 81 of 119
  Reserving size (31108849) for bucket 81
  Calculating Z arrays for bucket 81
  Entering block accumulator loop for bucket 81:
  bucket 64: 100%
  Sorting block of length 9319368 for bucket 64
  (Using difference cover)
  Sorting block time: 00:00:32
Returning block of 30734729 for bucket 66
  Sorting block time: 00:00:33
Returning block of 29674775 for bucket 68
  bucket 68: 60%
  bucket 78: 40%
  bucket 70: 50%
  bucket 71: 40%
Getting block 82 of 119
  Reserving size (31108849) for bucket 82
  Calculating Z arrays for bucket 82
  Entering block accumulator loop for bucket 82:
  bucket 76: 80%
Getting block 83 of 119
  Reserving size (31108849) for bucket 83
  Calculating Z arrays for bucket 83
  Entering block accumulator loop for bucket 83:
  bucket 75: 100%
  Sorting block of length 6967547 for bucket 75
  (Using difference cover)
  bucket 74: 20%
  bucket 80: 20%
  bucket 72: 30%
  bucket 79: 20%
  bucket 66: 70%
  bucket 65: 80%
  bucket 73: 30%
  bucket 67: 90%
  Sorting block time: 00:00:25
Returning block of 22841606 for bucket 70
  Sorting block time: 00:00:32
Returning block of 22707027 for bucket 59
  bucket 77: 60%
  Sorting block time: 00:00:25
Returning block of 22939211 for bucket 69
  bucket 69: 50%
Getting block 84 of 119
  Reserving size (31108849) for bucket 84
  Calculating Z arrays for bucket 84
  Entering block accumulator loop for bucket 84:
Getting block 75 of 119
  Reserving size (31108849) for bucket 75
  Calculating Z arrays for bucket 75
  Entering block accumulator loop for bucket 75:
Getting block 85 of 119
  Reserving size (31108849) for bucket 85
  Calculating Z arrays for bucket 85
  Entering block accumulator loop for bucket 85:
  bucket 68: 70%
  bucket 81: 10%
  bucket 82: 10%
  Sorting block time: 00:00:28
Returning block of 25749265 for bucket 72
  bucket 76: 90%
  bucket 70: 60%
  bucket 71: 50%
Getting block 86 of 119
  Reserving size (31108849) for bucket 86
  Calculating Z arrays for bucket 86
  Entering block accumulator loop for bucket 86:
  bucket 78: 50%
  bucket 72: 40%
  bucket 80: 30%
  bucket 74: 30%
  bucket 66: 80%
  bucket 83: 10%
  Sorting block time: 00:00:09
Returning block of 6967548 for bucket 75
Getting block 87 of 119
  Reserving size (31108849) for bucket 87
  Calculating Z arrays for bucket 87
  Entering block accumulator loop for bucket 87:
  bucket 79: 30%
  bucket 65: 90%
  bucket 67: 100%
  Sorting block of length 15904401 for bucket 67
  (Using difference cover)
  bucket 69: 60%
  bucket 73: 40%
  Sorting block time: 00:00:12
Returning block of 9319369 for bucket 64
  bucket 75: 10%
  bucket 68: 80%
Getting block 76 of 119
  Reserving size (31108849) for bucket 76
  Calculating Z arrays for bucket 76
  Entering block accumulator loop for bucket 76:
  Sorting block time: 00:00:38
Returning block of 30185878 for bucket 62
  bucket 77: 70%
  bucket 85: 10%
Getting block 77 of 119
  Reserving size (31108849) for bucket 77
  Calculating Z arrays for bucket 77
  Entering block accumulator loop for bucket 77:
  bucket 82: 20%
  bucket 84: 10%
  bucket 70: 70%
  bucket 86: 10%
  bucket 80: 40%
  bucket 76: 100%
  Sorting block of length 30769367 for bucket 76
  (Using difference cover)
  Sorting block time: 00:00:31
Returning block of 29062698 for bucket 71
  bucket 81: 20%
  bucket 66: 90%
  bucket 72: 50%
  bucket 71: 60%
Getting block 88 of 119
  Reserving size (31108849) for bucket 88
  Calculating Z arrays for bucket 88
  Entering block accumulator loop for bucket 88:
  bucket 83: 20%
  bucket 78: 60%
  Sorting block time: 00:00:28
Returning block of 25389049 for bucket 73
  bucket 74: 40%
Getting block 89 of 119
  Reserving size (31108849) for bucket 89
  Calculating Z arrays for bucket 89
  Entering block accumulator loop for bucket 89:
  bucket 69: 70%
  bucket 65: 100%
  Sorting block of length 23913342 for bucket 65
  (Using difference cover)
  bucket 87: 10%
  bucket 79: 40%
  bucket 68: 90%
  bucket 75: 20%
  bucket 73: 50%
  Sorting block time: 00:00:35
Returning block of 25514074 for bucket 63
  bucket 76: 10%
  bucket 85: 20%
Getting block 78 of 119
  Reserving size (31108849) for bucket 78
  Calculating Z arrays for bucket 78
  Entering block accumulator loop for bucket 78:
  bucket 70: 80%
  bucket 77: 80%
  bucket 86: 20%
  bucket 77: 10%
  bucket 82: 30%
  bucket 80: 50%
  bucket 66: 100%
  Sorting block of length 21015967 for bucket 66
  (Using difference cover)
  bucket 83: 30%
  bucket 84: 20%
  bucket 72: 60%
  bucket 81: 30%
  bucket 71: 70%
  bucket 88: 10%
  bucket 68: 100%
  Sorting block of length 24040492 for bucket 68
  (Using difference cover)
  bucket 78: 70%
  bucket 79: 50%
  bucket 89: 10%
  bucket 74: 50%
  bucket 69: 80%
  bucket 87: 20%
  bucket 75: 30%
  Sorting block time: 00:00:29
Returning block of 26934320 for bucket 74
  bucket 85: 30%
Getting block 90 of 119
  Reserving size (31108849) for bucket 90
  Calculating Z arrays for bucket 90
  Entering block accumulator loop for bucket 90:
  bucket 77: 20%
  Sorting block time: 00:00:36
Returning block of 25128510 for bucket 61
  bucket 73: 60%
  bucket 76: 20%
Getting block 79 of 119
  Reserving size (31108849) for bucket 79
  Calculating Z arrays for bucket 79
  Entering block accumulator loop for bucket 79:
  bucket 86: 30%
  bucket 70: 90%
  bucket 78: 10%
  bucket 77: 90%
  bucket 83: 40%
  bucket 80: 60%
  bucket 82: 40%
  bucket 71: 80%
  bucket 72: 70%
  bucket 79: 60%
  bucket 81: 40%
  bucket 89: 20%
  bucket 88: 20%
  bucket 84: 30%
  bucket 69: 90%
  bucket 78: 80%
  Sorting block time: 00:00:22
Returning block of 15904402 for bucket 67
  bucket 74: 60%
Getting block 80 of 119
  Reserving size (31108849) for bucket 80
  Calculating Z arrays for bucket 80
  Entering block accumulator loop for bucket 80:
  bucket 87: 30%
  bucket 85: 40%
  bucket 90: 10%
  bucket 75: 40%
  bucket 77: 30%
  bucket 73: 70%
  bucket 70: 100%
  Sorting block of length 30897791 for bucket 70
  (Using difference cover)
  bucket 76: 30%
  bucket 86: 40%
  bucket 78: 20%
  bucket 79: 10%
  bucket 83: 50%
  bucket 77: 100%
  Sorting block of length 28363461 for bucket 77
  (Using difference cover)
  bucket 80: 70%
  bucket 81: 50%
  bucket 82: 50%
  bucket 69: 100%
  Sorting block of length 27418119 for bucket 69
  (Using difference cover)
  bucket 71: 90%
  bucket 72: 80%
  bucket 89: 30%
  bucket 79: 70%
  bucket 78: 90%
  bucket 80: 10%
  bucket 75: 50%
  bucket 87: 40%
  bucket 84: 40%
  bucket 74: 70%
  bucket 73: 80%
  bucket 85: 50%
  bucket 88: 30%
  bucket 90: 20%
  bucket 76: 40%
  bucket 77: 40%
  bucket 86: 50%
  bucket 78: 30%
  bucket 79: 20%
  bucket 80: 80%
  bucket 81: 60%
  bucket 83: 60%
  bucket 72: 90%
  bucket 80: 20%
  bucket 71: 100%
  Sorting block of length 6757109 for bucket 71
  (Using difference cover)
  bucket 82: 60%
  bucket 87: 50%
  bucket 75: 60%
  bucket 73: 90%
  bucket 79: 80%
  bucket 78: 100%
  Sorting block of length 25423848 for bucket 78
  (Using difference cover)
  bucket 89: 40%
  bucket 74: 80%
  Sorting block time: 00:00:31
Returning block of 23913343 for bucket 65
  bucket 88: 40%
  bucket 85: 60%
  bucket 84: 50%
Getting block 81 of 119
  Reserving size (31108849) for bucket 81
  Calculating Z arrays for bucket 81
  Entering block accumulator loop for bucket 81:
  bucket 77: 50%
  bucket 76: 50%
  bucket 90: 30%
  Sorting block time: 00:00:28
Returning block of 21015968 for bucket 66
  Sorting block time: 00:00:37
Returning block of 30769368 for bucket 76
Getting block 82 of 119
  Reserving size (31108849) for bucket 82
  Calculating Z arrays for bucket 82
  Entering block accumulator loop for bucket 82:
  bucket 86: 60%
  bucket 79: 30%
  bucket 78: 40%
  bucket 81: 70%
  bucket 80: 90%
Getting block 91 of 119
  Reserving size (31108849) for bucket 91
  Calculating Z arrays for bucket 91
  Entering block accumulator loop for bucket 91:
  bucket 83: 70%
  bucket 80: 30%
  bucket 72: 100%
  Sorting block of length 26261519 for bucket 72
  (Using difference cover)
  bucket 87: 60%
  bucket 75: 70%
  bucket 82: 70%
  bucket 73: 100%
  Sorting block of length 29948608 for bucket 73
  (Using difference cover)
  Sorting block time: 00:00:09
Returning block of 6757110 for bucket 71
  bucket 89: 50%
  bucket 74: 90%
  bucket 79: 90%
Getting block 83 of 119
  Reserving size (31108849) for bucket 83
  Calculating Z arrays for bucket 83
  Entering block accumulator loop for bucket 83:
  bucket 88: 50%
  bucket 85: 70%
  bucket 81: 10%
  bucket 77: 60%
  bucket 90: 40%
  bucket 76: 60%
  bucket 82: 10%
  bucket 84: 60%
  bucket 80: 100%
  Sorting block of length 21362699 for bucket 80
  (Using difference cover)
  bucket 81: 80%
  bucket 79: 40%
  bucket 78: 50%
  Sorting block time: 00:00:36
Returning block of 24040493 for bucket 68
  bucket 86: 70%
  bucket 91: 10%
Getting block 84 of 119
  Reserving size (31108849) for bucket 84
  Calculating Z arrays for bucket 84
  Entering block accumulator loop for bucket 84:
  bucket 80: 40%
  bucket 83: 80%
  bucket 87: 70%
  bucket 89: 60%
  bucket 75: 80%
  bucket 82: 80%
  bucket 74: 100%
  Sorting block of length 28454929 for bucket 74
  (Using difference cover)
  bucket 79: 100%
  Sorting block of length 25211540 for bucket 79
  (Using difference cover)
  bucket 83: 10%
  bucket 88: 60%
  bucket 85: 80%
  bucket 76: 70%
  bucket 81: 20%
  bucket 77: 70%
  bucket 90: 50%
  bucket 79: 50%
  bucket 82: 20%
  bucket 84: 70%
  bucket 81: 90%
  bucket 86: 80%
  bucket 78: 60%
  bucket 84: 10%
  bucket 83: 90%
  bucket 91: 20%
  bucket 80: 50%
  bucket 89: 70%
  bucket 87: 80%
  bucket 75: 90%
  bucket 82: 90%
  bucket 83: 20%
  Sorting block time: 00:00:35
Returning block of 28363462 for bucket 77
  bucket 88: 70%
Getting block 92 of 119
  Reserving size (31108849) for bucket 92
  Calculating Z arrays for bucket 92
  Entering block accumulator loop for bucket 92:
  bucket 76: 80%
  bucket 90: 60%
  bucket 81: 30%
  bucket 85: 90%
  bucket 77: 80%
  bucket 79: 60%
  bucket 86: 90%
  bucket 82: 30%
  Sorting block time: 00:00:39
Returning block of 30897792 for bucket 70
  bucket 81: 100%
  Sorting block of length 20401163 for bucket 81
  (Using difference cover)
  bucket 78: 70%
  bucket 83: 100%
  Sorting block of length 17724950 for bucket 83
  (Using difference cover)
  bucket 89: 80%
  bucket 84: 80%
Getting block 85 of 119
  Reserving size (31108849) for bucket 85
  Calculating Z arrays for bucket 85
  Entering block accumulator loop for bucket 85:
  bucket 91: 30%
  bucket 84: 20%
  Sorting block time: 00:00:38
Returning block of 27418120 for bucket 69
  bucket 80: 60%
  bucket 75: 100%
  Sorting block of length 25018266 for bucket 75
  (Using difference cover)
  bucket 87: 90%
Getting block 86 of 119
  Reserving size (31108849) for bucket 86
  Calculating Z arrays for bucket 86
  Entering block accumulator loop for bucket 86:
  bucket 82: 100%
  Sorting block of length 16946920 for bucket 82
  (Using difference cover)
  Sorting block time: 00:00:30
Returning block of 25423849 for bucket 78
Getting block 93 of 119
  Reserving size (31108849) for bucket 93
  Calculating Z arrays for bucket 93
  Entering block accumulator loop for bucket 93:
  bucket 83: 30%
  bucket 92: 10%
  bucket 88: 80%
  bucket 76: 90%
  bucket 90: 70%
  bucket 85: 100%
  Sorting block of length 22298228 for bucket 85
  (Using difference cover)
  bucket 81: 40%
  bucket 79: 70%
  bucket 77: 90%
  bucket 82: 40%
  bucket 86: 100%
  Sorting block of length 30260021 for bucket 86
  (Using difference cover)
  bucket 89: 90%
  bucket 78: 80%
  bucket 80: 70%
  Sorting block time: 00:00:24
Returning block of 21362700 for bucket 80
  bucket 85: 10%
  bucket 86: 10%
  bucket 87: 100%
  Sorting block of length 24739922 for bucket 87
  (Using difference cover)
  bucket 91: 40%
Getting block 94 of 119
  Reserving size (31108849) for bucket 94
  Calculating Z arrays for bucket 94
  Entering block accumulator loop for bucket 94:
  bucket 84: 30%
  bucket 84: 90%
  bucket 93: 10%
  bucket 92: 20%
  bucket 83: 40%
  bucket 88: 90%
  bucket 77: 100%
  Sorting block of length 26935847 for bucket 77
  (Using difference cover)
  Sorting block time: 00:00:35
Returning block of 26261520 for bucket 72
  bucket 79: 80%
  bucket 76: 100%
  Sorting block of length 21271360 for bucket 76
  (Using difference cover)
  bucket 82: 50%
  bucket 89: 100%
  Sorting block of length 23828322 for bucket 89
  (Using difference cover)
  bucket 91: 50%
  bucket 90: 80%
Getting block 87 of 119
  Reserving size (31108849) for bucket 87
  Calculating Z arrays for bucket 87
  Entering block accumulator loop for bucket 87:
  bucket 80: 80%
  bucket 81: 50%
  bucket 85: 20%
  bucket 78: 90%
  bucket 94: 10%
  Sorting block time: 00:00:29
Returning block of 25211541 for bucket 79
  bucket 84: 100%
  Sorting block of length 16558438 for bucket 84
  (Using difference cover)
  bucket 86: 20%
  bucket 84: 40%
Getting block 95 of 119
  Reserving size (31108849) for bucket 95
  Calculating Z arrays for bucket 95
  Entering block accumulator loop for bucket 95:
  bucket 83: 50%
  bucket 93: 20%
  bucket 92: 30%
  bucket 79: 90%
  bucket 82: 60%
  bucket 87: 10%
  bucket 80: 90%
  bucket 88: 100%
  Sorting block of length 16371253 for bucket 88
  (Using difference cover)
  bucket 91: 60%
  Sorting block time: 00:00:42
Returning block of 29948609 for bucket 73
  bucket 90: 90%
  Sorting block time: 00:00:20
Returning block of 16946921 for bucket 82
Getting block 88 of 119
  Reserving size (31108849) for bucket 88
  Calculating Z arrays for bucket 88
  Entering block accumulator loop for bucket 88:
  bucket 81: 60%
  Sorting block time: 00:00:22
Returning block of 17724951 for bucket 83
  bucket 85: 30%
Getting block 96 of 119
  Reserving size (31108849) for bucket 96
  Calculating Z arrays for bucket 96
  Entering block accumulator loop for bucket 96:
Getting block 97 of 119
  Reserving size (31108849) for bucket 97
  Calculating Z arrays for bucket 97
  Entering block accumulator loop for bucket 97:
  Sorting block time: 00:00:23
Returning block of 20401164 for bucket 81
  bucket 78: 100%
  Sorting block of length 29209758 for bucket 78
  (Using difference cover)
Getting block 98 of 119
  Reserving size (31108849) for bucket 98
  Calculating Z arrays for bucket 98
  Entering block accumulator loop for bucket 98:
  bucket 95: 10%
  bucket 84: 50%
  bucket 83: 60%
  bucket 94: 20%
  bucket 80: 100%
  Sorting block of length 26634109 for bucket 80
  (Using difference cover)
  bucket 86: 30%
  bucket 87: 20%
  bucket 93: 30%
  bucket 92: 40%
  bucket 79: 100%
  Sorting block of length 15194666 for bucket 79
  (Using difference cover)
  bucket 82: 70%
  Sorting block time: 00:00:41
Returning block of 28454930 for bucket 74
  bucket 91: 70%
  bucket 81: 70%
Getting block 89 of 119
  Reserving size (31108849) for bucket 89
  Calculating Z arrays for bucket 89
  Entering block accumulator loop for bucket 89:
  bucket 85: 40%
  bucket 90: 100%
  Sorting block of length 24946328 for bucket 90
  (Using difference cover)
  bucket 97: 10%
  bucket 96: 10%
  bucket 88: 10%
  bucket 83: 70%
  bucket 95: 20%
  bucket 98: 10%
  bucket 84: 60%
  Sorting block time: 00:00:26
Returning block of 22298229 for bucket 85
  bucket 87: 30%
  bucket 94: 30%
Getting block 99 of 119
  Reserving size (31108849) for bucket 99
  Calculating Z arrays for bucket 99
  Entering block accumulator loop for bucket 99:
  bucket 93: 40%
  bucket 86: 40%
  bucket 92: 50%
  bucket 81: 80%
  bucket 91: 80%
  bucket 82: 80%
  bucket 83: 80%
  bucket 96: 20%
  bucket 85: 50%
  bucket 95: 30%
  bucket 89: 10%
  Sorting block time: 00:00:20
Returning block of 16558439 for bucket 84
  bucket 97: 20%
  bucket 98: 20%
  Sorting block time: 00:00:35
Returning block of 25018267 for bucket 75
  Sorting block time: 00:00:28
Returning block of 24739923 for bucket 87
Getting block 100 of 119
  Reserving size (31108849) for bucket 100
  Calculating Z arrays for bucket 100
  Entering block accumulator loop for bucket 100:
  bucket 88: 20%
  bucket 84: 70%
Getting block 90 of 119
  Reserving size (31108849) for bucket 90
  Calculating Z arrays for bucket 90
  Entering block accumulator loop for bucket 90:
Getting block 101 of 119
  Reserving size (31108849) for bucket 101
  Calculating Z arrays for bucket 101
  Entering block accumulator loop for bucket 101:
  bucket 87: 40%
  Sorting block time: 00:00:19
Returning block of 16371254 for bucket 88
  bucket 99: 10%
  Sorting block time: 00:00:27
Returning block of 23828323 for bucket 89
Getting block 102 of 119
  Reserving size (31108849) for bucket 102
  Calculating Z arrays for bucket 102
  Entering block accumulator loop for bucket 102:
  bucket 93: 50%
  bucket 94: 40%
Getting block 103 of 119
  Reserving size (31108849) for bucket 103
  Calculating Z arrays for bucket 103
  Entering block accumulator loop for bucket 103:
  bucket 81: 90%
  Sorting block time: 00:00:34
Returning block of 30260022 for bucket 86
  bucket 83: 90%
  Sorting block time: 00:00:29
Returning block of 21271361 for bucket 76
  bucket 96: 30%
  bucket 92: 60%
Getting block 104 of 119
  Reserving size (31108849) for bucket 104
  Calculating Z arrays for bucket 104
  Entering block accumulator loop for bucket 104:
  bucket 86: 50%
Getting block 91 of 119
  Reserving size (31108849) for bucket 91
  Calculating Z arrays for bucket 91
  Entering block accumulator loop for bucket 91:
  bucket 85: 60%
  bucket 91: 90%
  bucket 95: 40%
  bucket 82: 90%
  bucket 100: 10%
  bucket 89: 20%
  bucket 98: 30%
  bucket 97: 30%
  bucket 88: 30%
  bucket 84: 80%
  bucket 90: 10%
  bucket 87: 50%
  bucket 101: 10%
  bucket 93: 60%
  bucket 99: 20%
  Sorting block time: 00:00:21
Returning block of 15194667 for bucket 79
Getting block 92 of 119
  Reserving size (31108849) for bucket 92
  Calculating Z arrays for bucket 92
  Entering block accumulator loop for bucket 92:
  bucket 94: 50%
  bucket 102: 10%
  bucket 81: 100%
  Sorting block of length 19007825 for bucket 81
  (Using difference cover)
  Sorting block time: 00:00:36
Returning block of 26935848 for bucket 77
  bucket 103: 10%
  bucket 83: 100%
  Sorting block of length 26576244 for bucket 83
  (Using difference cover)
Getting block 93 of 119
  Reserving size (31108849) for bucket 93
  Calculating Z arrays for bucket 93
  Entering block accumulator loop for bucket 93:
  bucket 92: 70%
  bucket 96: 40%
  bucket 104: 10%
  bucket 91: 10%
  bucket 95: 50%
  bucket 91: 100%
  Sorting block of length 21998723 for bucket 91
  (Using difference cover)
  bucket 86: 60%
  bucket 98: 40%
  bucket 85: 70%
  bucket 82: 100%
  Sorting block of length 23253099 for bucket 82
  (Using difference cover)
  bucket 100: 20%
  bucket 89: 30%
  bucket 88: 40%
  bucket 97: 40%
  bucket 101: 20%
  bucket 84: 90%
  bucket 90: 20%
  bucket 87: 60%
  bucket 93: 70%
  bucket 99: 30%
  bucket 92: 10%
  bucket 102: 20%
  bucket 94: 60%
  bucket 93: 10%
  Sorting block time: 00:00:28
Returning block of 24946329 for bucket 90
  bucket 103: 20%
Getting block 105 of 119
  Reserving size (31108849) for bucket 105
  Calculating Z arrays for bucket 105
  Entering block accumulator loop for bucket 105:
  bucket 95: 60%
  bucket 92: 80%
  bucket 96: 50%
  bucket 91: 20%
  bucket 104: 20%
  bucket 84: 100%
  Sorting block of length 25344473 for bucket 84
  (Using difference cover)
  bucket 98: 50%
  Sorting block time: 00:00:35
Returning block of 26634110 for bucket 80
  bucket 88: 50%
  bucket 89: 40%
  bucket 86: 70%
  bucket 100: 30%
  bucket 97: 50%
  Sorting block time: 00:00:37
Returning block of 29209759 for bucket 78
  bucket 85: 80%
  bucket 101: 30%
Getting block 94 of 119
  Reserving size (31108849) for bucket 94
  Calculating Z arrays for bucket 94
  Entering block accumulator loop for bucket 94:
  bucket 92: 20%
Getting block 95 of 119
  Reserving size (31108849) for bucket 95
  Calculating Z arrays for bucket 95
  Entering block accumulator loop for bucket 95:
  bucket 90: 30%
  bucket 93: 20%
  bucket 87: 70%
  bucket 102: 30%
  bucket 93: 80%
  bucket 99: 40%
  bucket 94: 70%
  bucket 105: 10%
  bucket 95: 70%
  bucket 103: 30%
  bucket 92: 90%
  bucket 91: 30%
  bucket 96: 60%
  bucket 98: 60%
  bucket 104: 30%
  bucket 93: 30%
  bucket 94: 10%
  bucket 88: 60%
  bucket 89: 50%
  bucket 97: 60%
  bucket 100: 40%
  bucket 101: 40%
  bucket 86: 80%
  bucket 93: 90%
  bucket 102: 40%
  bucket 85: 90%
  bucket 92: 30%
  bucket 90: 40%
  bucket 95: 10%
  bucket 87: 80%
  bucket 95: 80%
  bucket 105: 20%
  bucket 99: 50%
  bucket 94: 80%
  Sorting block time: 00:00:25
Returning block of 19007826 for bucket 81
  bucket 103: 40%
  bucket 92: 100%
  Sorting block of length 24432692 for bucket 92
  (Using difference cover)
Getting block 96 of 119
  Reserving size (31108849) for bucket 96
  Calculating Z arrays for bucket 96
  Entering block accumulator loop for bucket 96:
  bucket 98: 70%
  bucket 91: 40%
  bucket 96: 70%
  bucket 93: 40%
  bucket 94: 20%
  bucket 104: 40%
  bucket 93: 100%
  Sorting block of length 10780676 for bucket 93
  (Using difference cover)
  bucket 88: 70%
  bucket 102: 50%
  bucket 97: 70%
  bucket 89: 60%
  bucket 100: 50%
  bucket 92: 40%
  bucket 95: 90%
  bucket 101: 50%
  bucket 87: 90%
  Sorting block time: 00:00:26
Returning block of 21998724 for bucket 91
  bucket 95: 20%
  bucket 90: 50%
  bucket 86: 90%
Getting block 106 of 119
  Reserving size (31108849) for bucket 106
  Calculating Z arrays for bucket 106
  Entering block accumulator loop for bucket 106:
  bucket 105: 30%
  bucket 85: 100%
  Sorting block of length 26774728 for bucket 85
  (Using difference cover)
  bucket 103: 50%
  bucket 94: 90%
  bucket 99: 60%
  bucket 97: 80%
  Sorting block time: 00:00:33
Returning block of 26576245 for bucket 83
  bucket 96: 10%
  bucket 98: 80%
  bucket 94: 30%
  bucket 91: 50%
Getting block 97 of 119
  Reserving size (31108849) for bucket 97
  Calculating Z arrays for bucket 97
  Entering block accumulator loop for bucket 97:
  bucket 96: 80%
  bucket 104: 50%
  bucket 102: 60%
  bucket 95: 100%
  Sorting block of length 28333561 for bucket 95
  (Using difference cover)
  bucket 88: 80%
  bucket 93: 50%
  Sorting block time: 00:00:32
Returning block of 23253100 for bucket 82
  bucket 87: 100%
  Sorting block of length 16087732 for bucket 87
  (Using difference cover)
  bucket 106: 10%
  bucket 92: 50%
  bucket 89: 70%
  bucket 101: 60%
Getting block 98 of 119
  Reserving size (31108849) for bucket 98
  Calculating Z arrays for bucket 98
  Entering block accumulator loop for bucket 98:
  bucket 95: 30%
  bucket 90: 60%
  bucket 100: 60%
  bucket 105: 40%
  bucket 86: 100%
  Sorting block of length 25115861 for bucket 86
  (Using difference cover)
  bucket 103: 60%
  bucket 94: 100%
  Sorting block of length 26752019 for bucket 94
  (Using difference cover)
  bucket 99: 70%
  Sorting block time: 00:00:13
Returning block of 10780677 for bucket 93
Getting block 107 of 119
  Reserving size (31108849) for bucket 107
  Calculating Z arrays for bucket 107
  Entering block accumulator loop for bucket 107:
  bucket 97: 90%
  Sorting block time: 00:00:31
Returning block of 25344474 for bucket 84
  bucket 91: 60%
  bucket 98: 90%
  bucket 94: 40%
Getting block 99 of 119
  Reserving size (31108849) for bucket 99
  Calculating Z arrays for bucket 99
  Entering block accumulator loop for bucket 99:
  bucket 96: 20%
  bucket 104: 60%
  bucket 96: 90%
  bucket 102: 70%
  bucket 97: 10%
  bucket 88: 90%
  bucket 93: 60%
  bucket 89: 80%
  bucket 98: 10%
  bucket 92: 60%
  bucket 106: 20%
  bucket 101: 70%
  bucket 95: 40%
  bucket 103: 70%
  bucket 90: 70%
  bucket 100: 70%
  bucket 105: 50%
  bucket 107: 10%
  bucket 97: 100%
  Sorting block of length 19515098 for bucket 97
  (Using difference cover)
  bucket 91: 70%
  bucket 99: 80%
  bucket 96: 100%
  Sorting block of length 25199414 for bucket 96
  (Using difference cover)
  bucket 102: 80%
  bucket 98: 100%
  Sorting block of length 23659056 for bucket 98
  (Using difference cover)
  bucket 96: 30%
  bucket 99: 10%
  bucket 98: 20%
  bucket 94: 50%
  bucket 89: 90%
  bucket 88: 100%
  Sorting block of length 18710174 for bucket 88
  (Using difference cover)
  bucket 93: 70%
  bucket 97: 20%
  Sorting block time: 00:00:28
Returning block of 24432693 for bucket 92
  bucket 95: 50%
  bucket 92: 70%
  bucket 106: 30%
  bucket 101: 80%
  bucket 104: 70%
  bucket 103: 80%
Getting block 108 of 119
  Reserving size (31108849) for bucket 108
  Calculating Z arrays for bucket 108
  Entering block accumulator loop for bucket 108:
  bucket 90: 80%
  bucket 100: 80%
  bucket 105: 60%
  bucket 91: 80%
  bucket 107: 20%
  bucket 102: 90%
  bucket 99: 90%
  Sorting block time: 00:00:22
Returning block of 16087733 for bucket 87
Getting block 100 of 119
  Reserving size (31108849) for bucket 100
  Calculating Z arrays for bucket 100
  Entering block accumulator loop for bucket 100:
  bucket 89: 100%
  Sorting block of length 24415320 for bucket 89
  (Using difference cover)
  bucket 98: 30%
  bucket 96: 40%
  bucket 106: 40%
  bucket 99: 20%
  bucket 93: 80%
  bucket 101: 90%
  bucket 97: 30%
  bucket 94: 60%
  bucket 95: 60%
  bucket 92: 80%
  bucket 104: 80%
  bucket 108: 10%
  bucket 91: 90%
  bucket 103: 90%
  bucket 105: 70%
  bucket 90: 90%
  bucket 107: 30%
  bucket 100: 90%
  bucket 102: 100%
  Sorting block of length 29578158 for bucket 102
  (Using difference cover)
  bucket 99: 100%
  Sorting block of length 30022113 for bucket 99
  (Using difference cover)
  bucket 106: 50%
  bucket 100: 10%
  bucket 101: 100%
  Sorting block of length 16360459 for bucket 101
  (Using difference cover)
  bucket 105: 80%
  bucket 98: 40%
  bucket 91: 100%
  Sorting block of length 30847818 for bucket 91
  (Using difference cover)
  bucket 96: 50%
  bucket 99: 30%
  bucket 93: 90%
  bucket 97: 40%
  bucket 95: 70%
  bucket 107: 40%
  bucket 92: 90%
  bucket 108: 20%
  bucket 94: 70%
  bucket 90: 100%
  Sorting block of length 19790650 for bucket 90
  (Using difference cover)
  bucket 104: 90%
  Sorting block time: 00:00:34
Returning block of 28333562 for bucket 95
  Sorting block time: 00:00:40
Returning block of 26774729 for bucket 85
  bucket 103: 100%
  Sorting block of length 25894401 for bucket 103
  (Using difference cover)
  Sorting block time: 00:00:31
Returning block of 26752020 for bucket 94
Getting block 109 of 119
  Reserving size (31108849) for bucket 109
  Calculating Z arrays for bucket 109
  Entering block accumulator loop for bucket 109:
Getting block 110 of 119
  Reserving size (31108849) for bucket 110
  Calculating Z arrays for bucket 110
  Entering block accumulator loop for bucket 110:
Getting block 101 of 119
  Reserving size (31108849) for bucket 101
  Calculating Z arrays for bucket 101
  Entering block accumulator loop for bucket 101:
  bucket 100: 100%
  Sorting block of length 31069359 for bucket 100
  (Using difference cover)
  Sorting block time: 00:00:23
Returning block of 19515099 for bucket 97
Getting block 111 of 119
  Reserving size (31108849) for bucket 111
  Calculating Z arrays for bucket 111
  Entering block accumulator loop for bucket 111:
  bucket 105: 90%
  bucket 106: 60%
  bucket 100: 20%
  bucket 99: 40%
  bucket 93: 100%
  Sorting block of length 6982518 for bucket 93
  (Using difference cover)
  Sorting block time: 00:00:37
Returning block of 25115862 for bucket 86
  Sorting block time: 00:00:24
Returning block of 23659057 for bucket 98
  bucket 107: 50%
  bucket 98: 50%
Getting block 102 of 119
  Reserving size (31108849) for bucket 102
  Calculating Z arrays for bucket 102
  Entering block accumulator loop for bucket 102:
  bucket 96: 60%
  bucket 97: 50%
  bucket 95: 80%
  bucket 108: 30%
Getting block 112 of 119
  Reserving size (31108849) for bucket 112
  Calculating Z arrays for bucket 112
  Entering block accumulator loop for bucket 112:
  bucket 110: 10%
  bucket 92: 100%
  Sorting block of length 30737683 for bucket 92
  (Using difference cover)
  Sorting block time: 00:00:25
Returning block of 18710175 for bucket 88
  Sorting block time: 00:00:27
Returning block of 25199415 for bucket 96
  bucket 104: 100%
  Sorting block of length 12211158 for bucket 104
  (Using difference cover)
  bucket 94: 80%
Getting block 103 of 119
  Reserving size (31108849) for bucket 103
  Calculating Z arrays for bucket 103
  Entering block accumulator loop for bucket 103:
  bucket 109: 10%
Getting block 113 of 119
  Reserving size (31108849) for bucket 113
  Calculating Z arrays for bucket 113
  Entering block accumulator loop for bucket 113:
  bucket 111: 10%
  bucket 105: 100%
  Sorting block of length 27693924 for bucket 105
  (Using difference cover)
  bucket 101: 10%
  bucket 106: 70%
  bucket 100: 30%
  bucket 99: 50%
  bucket 110: 20%
  bucket 102: 10%
  bucket 96: 70%
  bucket 98: 60%
  bucket 94: 90%
  bucket 108: 40%
  bucket 107: 60%
  bucket 112: 10%
  bucket 95: 90%
  bucket 111: 20%
  bucket 97: 60%
  bucket 113: 10%
  Sorting block time: 00:00:11
Returning block of 6982519 for bucket 93
Getting block 104 of 119
  Reserving size (31108849) for bucket 104
  Calculating Z arrays for bucket 104
  Entering block accumulator loop for bucket 104:
  Sorting block time: 00:00:18
Returning block of 16360460 for bucket 101
  bucket 109: 20%
  bucket 103: 10%
Getting block 114 of 119
  Reserving size (31108849) for bucket 114
  Calculating Z arrays for bucket 114
  Entering block accumulator loop for bucket 114:
  bucket 101: 20%
  bucket 100: 40%
  bucket 99: 60%
  bucket 110: 30%
  bucket 106: 80%
  bucket 102: 20%
  bucket 96: 80%
  bucket 113: 20%
  bucket 94: 100%
  Sorting block of length 30190855 for bucket 94
  (Using difference cover)
  Sorting block time: 00:00:14
Returning block of 12211159 for bucket 104
  bucket 111: 30%
  bucket 112: 20%
  bucket 108: 50%
  bucket 98: 70%
Getting block 115 of 119
  Reserving size (31108849) for bucket 115
  Calculating Z arrays for bucket 115
  Entering block accumulator loop for bucket 115:
  bucket 95: 100%
  Sorting block of length 7130703 for bucket 95
  (Using difference cover)
  bucket 97: 70%
  bucket 107: 70%
  bucket 104: 10%
  bucket 106: 90%
  bucket 109: 30%
  bucket 114: 10%
  bucket 103: 20%
  Sorting block time: 00:00:34
Returning block of 24415321 for bucket 89
  bucket 110: 40%
  bucket 99: 70%
Getting block 105 of 119
  Reserving size (31108849) for bucket 105
  Calculating Z arrays for bucket 105
  Entering block accumulator loop for bucket 105:
  bucket 100: 50%
  bucket 101: 30%
  bucket 102: 30%
  Sorting block time: 00:00:33
Returning block of 29578159 for bucket 102
  bucket 96: 90%
  Sorting block time: 00:00:28
Returning block of 19790651 for bucket 90
  bucket 113: 30%
  bucket 111: 40%
Getting block 116 of 119
  Reserving size (31108849) for bucket 116
  Calculating Z arrays for bucket 116
  Entering block accumulator loop for bucket 116:
  bucket 112: 30%
Getting block 106 of 119
  Reserving size (31108849) for bucket 106
  Calculating Z arrays for bucket 106
  Entering block accumulator loop for bucket 106:
  bucket 97: 80%
  bucket 106: 100%
  Sorting block of length 17868740 for bucket 106
  (Using difference cover)
  Sorting block time: 00:00:29
Returning block of 25894402 for bucket 103
  bucket 108: 60%
  bucket 115: 10%
  bucket 114: 20%
  bucket 104: 20%
Getting block 117 of 119
  Reserving size (31108849) for bucket 117
  Calculating Z arrays for bucket 117
  Entering block accumulator loop for bucket 117:
  bucket 110: 50%
  bucket 98: 80%
  Sorting block time: 00:00:35
Returning block of 30022114 for bucket 99
  bucket 109: 40%
  bucket 107: 80%
  bucket 99: 80%
Getting block 118 of 119
  Reserving size (31108849) for bucket 118
  Calculating Z arrays for bucket 118
  Entering block accumulator loop for bucket 118:
  bucket 103: 30%
  bucket 105: 10%
  Sorting block time: 00:00:09
Returning block of 7130704 for bucket 95
Getting block 107 of 119
  Reserving size (31108849) for bucket 107
  Calculating Z arrays for bucket 107
  Entering block accumulator loop for bucket 107:
  bucket 100: 60%
  Sorting block time: 00:00:33
Returning block of 31069360 for bucket 100
  bucket 101: 40%
  bucket 111: 50%
Getting block 119 of 119
  Reserving size (31108849) for bucket 119
  Calculating Z arrays for bucket 119
  Entering block accumulator loop for bucket 119:
  bucket 96: 100%
  Sorting block of length 26504704 for bucket 96
  (Using difference cover)
  bucket 102: 40%
  bucket 113: 40%
  bucket 112: 40%
  bucket 106: 10%
  bucket 116: 10%
  bucket 114: 30%
  bucket 97: 90%
  bucket 108: 70%
  bucket 115: 20%
  bucket 110: 60%
  bucket 104: 30%
  bucket 117: 10%
  bucket 98: 90%
  bucket 109: 50%
  Sorting block time: 00:00:41
Returning block of 30847819 for bucket 91
  bucket 119: 10%
  bucket 107: 90%
  bucket 118: 10%
  Sorting block time: 00:00:31
Returning block of 27693925 for bucket 105
  bucket 99: 90%
  bucket 103: 40%
Getting block 108 of 119
  Reserving size (31108849) for bucket 108
  Calculating Z arrays for bucket 108
  Entering block accumulator loop for bucket 108:
  bucket 105: 20%
  bucket 111: 60%
  bucket 107: 10%
  bucket 100: 70%
  bucket 112: 50%
  bucket 101: 50%
  bucket 106: 20%
  bucket 114: 40%
  bucket 113: 50%
  bucket 116: 20%
  bucket 119: 20%
  bucket 102: 50%
  bucket 110: 70%
  bucket 108: 80%
  bucket 97: 100%
  Sorting block of length 18375388 for bucket 97
  (Using difference cover)
  bucket 117: 20%
  bucket 115: 30%
  bucket 109: 60%
  bucket 104: 40%
  bucket 98: 100%
  Sorting block of length 26898257 for bucket 98
  (Using difference cover)
  bucket 118: 20%
  bucket 111: 70%
  bucket 107: 100%
  Sorting block of length 15932869 for bucket 107
  (Using difference cover)
  bucket 99: 100%
  Sorting block of length 28746885 for bucket 99
  (Using difference cover)
  bucket 119: 30%
  bucket 112: 60%
  bucket 103: 50%
  Sorting block time: 00:00:20
Returning block of 17868741 for bucket 106
  bucket 107: 20%
  bucket 106: 30%
  bucket 108: 10%
  bucket 110: 80%
  bucket 105: 30%
  Sorting block time: 00:00:43
Returning block of 30737684 for bucket 92
Getting block 109 of 119
  Reserving size (31108849) for bucket 109
  Calculating Z arrays for bucket 109
  Entering block accumulator loop for bucket 109:
  bucket 101: 60%
  bucket 100: 80%
  bucket 114: 50%
  bucket 113: 60%
  bucket 116: 30%
  bucket 117: 30%
  bucket 108: 90%
  bucket 102: 60%
  bucket 119: 40%
  bucket 112: 70%
  bucket 115: 40%
  bucket 109: 70%
  bucket 110: 90%
  bucket 104: 50%
  bucket 111: 80%
  bucket 118: 30%
  bucket 106: 40%
  bucket 107: 30%
  bucket 103: 60%
  bucket 112: 80%
  bucket 109: 10%
  bucket 119: 50%
  bucket 108: 20%
  bucket 105: 40%
  bucket 117: 40%
  bucket 114: 60%
  bucket 101: 70%
  bucket 113: 70%
  bucket 116: 40%
  bucket 110: 100%
  Sorting block of length 4644546 for bucket 110
  (Using difference cover)
  bucket 100: 90%
  bucket 108: 100%
  Sorting block of length 21763693 for bucket 108
  (Using difference cover)
  bucket 102: 70%
  bucket 112: 90%
  bucket 106: 50%
  bucket 115: 50%
  bucket 109: 80%
  bucket 119: 60%
  bucket 111: 90%
  Sorting block time: 00:00:42
Returning block of 30190856 for bucket 94
  bucket 107: 40%
  bucket 118: 40%
Getting block 110 of 119
  Reserving size (31108849) for bucket 110
  Calculating Z arrays for bucket 110
  Entering block accumulator loop for bucket 110:
  Sorting block time: 00:00:04
Returning block of 4644547 for bucket 110
  bucket 104: 60%
  bucket 109: 20%
  bucket 117: 50%
  Sorting block time: 00:00:30
Returning block of 26504705 for bucket 96
  bucket 103: 70%
Getting block 111 of 119
  Reserving size (31108849) for bucket 111
  Calculating Z arrays for bucket 111
  Entering block accumulator loop for bucket 111:
  bucket 108: 30%
  bucket 105: 50%
  bucket 114: 70%
  bucket 119: 70%
  bucket 112: 100%
  Sorting block of length 9928876 for bucket 112
  (Using difference cover)
  bucket 113: 80%
  bucket 116: 50%
  bucket 101: 80%
  Sorting block time: 00:00:19
Returning block of 15932870 for bucket 107
  bucket 115: 60%
  bucket 118: 50%
  bucket 106: 60%
  bucket 100: 100%
  Sorting block of length 24100477 for bucket 100
  (Using difference cover)
  bucket 111: 100%
  Sorting block of length 29224685 for bucket 111
  (Using difference cover)
  Sorting block time: 00:00:24
Returning block of 18375389 for bucket 97
  bucket 102: 80%
Getting block 112 of 119
  Reserving size (31108849) for bucket 112
  Calculating Z arrays for bucket 112
  Entering block accumulator loop for bucket 112:
  bucket 109: 90%
  bucket 107: 50%
  bucket 111: 10%
  bucket 117: 60%
  bucket 119: 80%
  bucket 115: 70%
  bucket 118: 60%
  bucket 110: 10%
  bucket 104: 70%
  bucket 109: 30%
  bucket 103: 80%
  bucket 114: 80%
  bucket 106: 70%
  bucket 108: 40%
  bucket 113: 90%
  bucket 105: 60%
  bucket 116: 60%
  bucket 111: 20%
  bucket 101: 90%
  bucket 119: 90%
  bucket 102: 90%
  bucket 115: 80%
  bucket 118: 70%
  bucket 117: 70%
  bucket 109: 100%
  Sorting block of length 29769373 for bucket 109
  (Using difference cover)
  Sorting block time: 00:00:11
Returning block of 9928877 for bucket 112
  bucket 112: 10%
  bucket 107: 60%
  bucket 106: 80%
  bucket 119: 100%
  Sorting block of length 13688635 for bucket 119
  (Using difference cover)
  bucket 111: 30%
  bucket 115: 90%
  bucket 118: 80%
  bucket 104: 80%
  Sorting block time: 00:00:34
Returning block of 26898258 for bucket 98
  bucket 110: 20%
  bucket 109: 40%
  bucket 114: 90%
  bucket 103: 90%
Getting block 113 of 119
  Reserving size (31108849) for bucket 113
  Calculating Z arrays for bucket 113
  Entering block accumulator loop for bucket 113:
  bucket 105: 70%
  bucket 117: 80%
  bucket 113: 100%
  Sorting block of length 27742619 for bucket 113
  (Using difference cover)
  bucket 116: 70%
  bucket 102: 100%
  Sorting block of length 20741293 for bucket 102
  (Using difference cover)
  bucket 108: 50%
  bucket 101: 100%
  Sorting block of length 15944807 for bucket 101
  (Using difference cover)
  bucket 106: 90%
  bucket 118: 90%
  bucket 115: 100%
  Sorting block of length 30125564 for bucket 115
  (Using difference cover)
  Sorting block time: 00:00:25
Returning block of 21763694 for bucket 108
  Sorting block time: 00:00:37
Returning block of 28746886 for bucket 99
Getting block 114 of 119
  Reserving size (31108849) for bucket 114
  Calculating Z arrays for bucket 114
  Entering block accumulator loop for bucket 114:
  bucket 111: 40%
  bucket 113: 10%
  bucket 112: 20%
  bucket 117: 90%
  bucket 107: 70%
  bucket 104: 90%
  bucket 116: 80%
  bucket 103: 100%
  Sorting block of length 29560616 for bucket 103
  (Using difference cover)
  bucket 105: 80%
  bucket 106: 100%
  Sorting block of length 23732418 for bucket 106
  (Using difference cover)
  bucket 114: 100%
  Sorting block of length 12584474 for bucket 114
  (Using difference cover)
  bucket 118: 100%
  Sorting block of length 21362691 for bucket 118
  (Using difference cover)
  bucket 109: 50%
  bucket 110: 30%
  bucket 108: 60%
  bucket 114: 10%
  bucket 113: 20%
  bucket 112: 30%
  bucket 107: 80%
  bucket 111: 50%
  bucket 117: 100%
  Sorting block of length 14147415 for bucket 117
  (Using difference cover)
  bucket 116: 90%
  bucket 104: 100%
  Sorting block of length 28453213 for bucket 104
  (Using difference cover)
  Sorting block time: 00:00:16
Returning block of 13688636 for bucket 119
  bucket 105: 90%
  bucket 114: 20%
  bucket 113: 30%
  bucket 112: 40%
  bucket 107: 90%
  bucket 109: 60%
  bucket 111: 60%
  bucket 108: 70%
  bucket 110: 40%
  bucket 114: 30%
  bucket 113: 40%
  bucket 116: 100%
  Sorting block of length 26269975 for bucket 116
  (Using difference cover)
  bucket 112: 50%
  bucket 107: 100%
  Sorting block of length 15512882 for bucket 107
  (Using difference cover)
  bucket 111: 70%
  bucket 105: 100%
  Sorting block of length 24316558 for bucket 105
  (Using difference cover)
  Sorting block time: 00:00:34
Returning block of 29224686 for bucket 111
  Sorting block time: 00:00:34
Returning block of 24100478 for bucket 100
  Sorting block time: 00:00:15
Returning block of 12584475 for bucket 114
Getting block 115 of 119
  Reserving size (31108849) for bucket 115
  Calculating Z arrays for bucket 115
  Entering block accumulator loop for bucket 115:
  bucket 108: 80%
  Sorting block time: 00:00:22
Returning block of 15944808 for bucket 101
  bucket 109: 70%
Getting block 116 of 119
  Reserving size (31108849) for bucket 116
  Calculating Z arrays for bucket 116
  Entering block accumulator loop for bucket 116:
  bucket 113: 50%
  bucket 110: 50%
  bucket 114: 40%
  bucket 112: 60%
  bucket 111: 80%
  Sorting block time: 00:00:27
Returning block of 27742620 for bucket 113
  Sorting block time: 00:00:17
Returning block of 14147416 for bucket 117
  bucket 108: 90%
  Sorting block time: 00:00:22
Returning block of 21362692 for bucket 118
  Sorting block time: 00:00:34
Returning block of 29769374 for bucket 109
  Sorting block time: 00:00:29
Returning block of 20741294 for bucket 102
  bucket 109: 80%
Getting block 117 of 119
  Reserving size (31108849) for bucket 117
  Calculating Z arrays for bucket 117
  Entering block accumulator loop for bucket 117:
  bucket 113: 60%
  bucket 115: 10%
  bucket 110: 60%
  bucket 116: 10%
  bucket 112: 70%
  bucket 111: 90%
  bucket 114: 50%
  bucket 108: 100%
  Sorting block of length 28754653 for bucket 108
  (Using difference cover)
  bucket 109: 90%
  bucket 117: 10%
  bucket 113: 70%
  Sorting block time: 00:00:29
Returning block of 23732419 for bucket 106
Getting block 118 of 119
  Reserving size (31108849) for bucket 118
  Calculating Z arrays for bucket 118
  Entering block accumulator loop for bucket 118:
  bucket 110: 70%
  Sorting block time: 00:00:35
Returning block of 30125565 for bucket 115
  bucket 112: 80%
  bucket 116: 20%
  bucket 111: 100%
  Sorting block of length 19645814 for bucket 111
  (Using difference cover)
  bucket 115: 20%
  Sorting block time: 00:00:19
Returning block of 15512883 for bucket 107
Getting block 119 of 119
  Reserving size (31108849) for bucket 119
  Calculating Z arrays for bucket 119
  Entering block accumulator loop for bucket 119:
  bucket 117: 20%
  bucket 109: 100%
  Sorting block of length 17429179 for bucket 109
  (Using difference cover)
  bucket 113: 80%
  bucket 118: 10%
  bucket 110: 80%
  bucket 114: 60%
  bucket 116: 30%
  bucket 119: 10%
  bucket 112: 90%
  Sorting block time: 00:00:38
Returning block of 29560617 for bucket 103
  bucket 117: 30%
  bucket 118: 20%
  bucket 113: 90%
  bucket 119: 20%
  Sorting block time: 00:00:28
Returning block of 26269976 for bucket 116
  Sorting block time: 00:00:34
Returning block of 28453214 for bucket 104
  bucket 115: 30%
  bucket 110: 90%
  bucket 116: 40%
  bucket 112: 100%
  Sorting block of length 25389763 for bucket 112
  (Using difference cover)
  bucket 119: 30%
  bucket 114: 70%
  bucket 117: 40%
  Sorting block time: 00:00:30
Returning block of 24316559 for bucket 105
  bucket 118: 30%
  bucket 113: 100%
  Sorting block of length 10772271 for bucket 113
  (Using difference cover)
  bucket 115: 40%
  bucket 110: 100%
  Sorting block of length 30625673 for bucket 110
  (Using difference cover)
  bucket 116: 50%
  bucket 119: 40%
  bucket 114: 80%
  bucket 117: 50%
  bucket 118: 40%
  bucket 119: 50%
  bucket 115: 50%
  bucket 116: 60%
  bucket 119: 60%
  bucket 114: 90%
  bucket 117: 60%
  Sorting block time: 00:00:20
Returning block of 17429180 for bucket 109
  bucket 118: 50%
  Sorting block time: 00:00:23
Returning block of 19645815 for bucket 111
  bucket 115: 60%
  bucket 116: 70%
  bucket 119: 70%
  Sorting block time: 00:00:13
Returning block of 10772272 for bucket 113
  bucket 114: 100%
  Sorting block of length 30062717 for bucket 114
  (Using difference cover)
  bucket 117: 70%
  bucket 118: 60%
  bucket 119: 80%
  bucket 115: 70%
  bucket 116: 80%
  Sorting block time: 00:00:34
Returning block of 28754654 for bucket 108
  bucket 119: 90%
  bucket 117: 80%
  bucket 118: 70%
  bucket 115: 80%
  bucket 119: 100%
  Sorting block of length 24866355 for bucket 119
  (Using difference cover)
  bucket 116: 90%
  bucket 117: 90%
  bucket 118: 80%
Exited Ebwt loop
fchr[A]: 0
fchr[C]: 1326866606
fchr[G]: 1879875271
fchr[T]: 1879875271
fchr[$]: 2654621783
Exiting Ebwt::buildToDisk()
Returning from initFromVector
Wrote 889074190 bytes to primary EBWT file: BS_GA.rev.1.bt2.tmp
Wrote 663655452 bytes to secondary EBWT file: BS_GA.rev.2.bt2.tmp
Renaming BS_GA.3.bt2.tmp to BS_GA.3.bt2
Re-opening _in1 and _in2 as input streams
Returning from Ebwt constructor
Headers:
    len: 2654621783
    bwtLen: 2654621784
    sz: 663655446
    bwtSz: 663655446
    lineRate: 6
    offRate: 4
    offMask: 0xfffffff0
    ftabChars: 10
    eftabLen: 20
    eftabSz: 80
    ftabLen: 1048577
    ftabSz: 4194308
    offsLen: 165913862
    offsSz: 663655448
    lineSz: 64
    sideSz: 64
    sideBwtSz: 48
    sideBwtLen: 192
    numSides: 13826156
    numLines: 13826156
    ebwtTotLen: 884873984
    ebwtTotSz: 884873984
    color: 0
    reverse: 1
Total time for backward call to driver() for mirror index: 00:18:15
Renaming BS_GA.4.bt2.tmp to BS_GA.4.bt2
Renaming BS_GA.1.bt2.tmp to BS_GA.1.bt2
Renaming BS_GA.2.bt2.tmp to BS_GA.2.bt2
Renaming BS_GA.rev.1.bt2.tmp to BS_GA.rev.1.bt2
Renaming BS_GA.rev.2.bt2.tmp to BS_GA.rev.2.bt2
  bucket 115: 90%
  Sorting block time: 00:00:29
Returning block of 25389764 for bucket 112
  bucket 116: 100%
  Sorting block of length 25226210 for bucket 116
  (Using difference cover)
  bucket 117: 100%
  Sorting block of length 7559865 for bucket 117
  (Using difference cover)
  bucket 118: 90%
  bucket 115: 100%
  Sorting block of length 16676337 for bucket 115
  (Using difference cover)
  bucket 118: 100%
  Sorting block of length 26848138 for bucket 118
  (Using difference cover)
  Sorting block time: 00:00:34
Returning block of 30625674 for bucket 110
  Sorting block time: 00:00:09
Returning block of 7559866 for bucket 117
  Sorting block time: 00:00:26
Returning block of 24866356 for bucket 119
  Sorting block time: 00:00:34
Returning block of 30062718 for bucket 114
  Sorting block time: 00:00:19
Returning block of 16676338 for bucket 115
  Sorting block time: 00:00:28
Returning block of 25226211 for bucket 116
  Sorting block time: 00:00:29
Returning block of 26848139 for bucket 118
Exited Ebwt loop
fchr[A]: 0
fchr[C]: 773810649
fchr[G]: 773810649
fchr[T]: 1326866606
fchr[$]: 2654621783
Exiting Ebwt::buildToDisk()
Returning from initFromVector
Wrote 889074190 bytes to primary EBWT file: BS_CT.rev.1.bt2.tmp
Wrote 663655452 bytes to secondary EBWT file: BS_CT.rev.2.bt2.tmp
Re-opening _in1 and _in2 as input streams
Returning from Ebwt constructor
Headers:
    len: 2654621783
    bwtLen: 2654621784
    sz: 663655446
    bwtSz: 663655446
    lineRate: 6
    offRate: 4
    offMask: 0xfffffff0
    ftabChars: 10
    eftabLen: 20
    eftabSz: 80
    ftabLen: 1048577
    ftabSz: 4194308
    offsLen: 165913862
    offsSz: 663655448
    lineSz: 64
    sideSz: 64
    sideBwtSz: 48
    sideBwtLen: 192
    numSides: 13826156
    numLines: 13826156
    ebwtTotLen: 884873984
    ebwtTotSz: 884873984
    color: 0
    reverse: 1
Renaming BS_CT.3.bt2.tmp to BS_CT.3.bt2
Renaming BS_CT.4.bt2.tmp to BS_CT.4.bt2
Total time for backward call to driver() for mirror index: 00:18:15
Renaming BS_CT.1.bt2.tmp to BS_CT.1.bt2
Renaming BS_CT.2.bt2.tmp to BS_CT.2.bt2
Renaming BS_CT.rev.1.bt2.tmp to BS_CT.rev.1.bt2
Renaming BS_CT.rev.2.bt2.tmp to BS_CT.rev.2.bt2

=========================================

Genome preparation complete. Enjoy!

EXIT=0
