t_s	temp_kb	out_kb	converted_kb	mem_bytes	anon_bytes	cpu_pct	pids	fifos
0.00	0	0	0	6180864	303104	35.5	2	0
1.00	0	0	0	378466304	356163584	98.7	2	0
2.01	0	0	0	897605632	874975232	100.0	2	0
3.01	0	0	0	1333129216	1301000192	101.0	2	0
4.02	0	1	0	1749385216	1702649856	100.0	2	0
5.02	0	1	0	2203271168	2156183552	101.0	2	0
6.02	0	1	0	2557181952	2511974400	100.0	2	0
7.03	0	1	0	2792816640	2746568704	101.0	2	0
8.03	81788	2	81788	2922655744	2787450880	100.0	2	0
9.04	349002	2	349002	3197333504	2784956416	100.7	2	0
10.04	617130	2	617130	3471998976	2784956416	100.0	2	0
11.04	886201	2	886201	3748401152	2784956416	100.0	2	0
12.05	1155312	2	1155312	4024909824	2784956416	101.0	2	0
13.05	1423819	2	1423819	4300427264	2784956416	100.0	2	0
14.06	1692718	2	1692718	4576436224	2784956416	101.0	2	0
15.06	1962059	2	1962059	4852740096	2784956416	100.0	2	0
16.06	2232179	2	2232179	5129723904	2784956416	100.0	2	0
17.07	2502331	2	2502331	5409935360	2789801984	101.0	2	0
18.07	2771094	2	2771094	5686136832	2789801984	100.0	2	0
19.08	3041506	2	3041506	5963186176	2789801984	101.1	2	0
20.08	3311915	2	3311915	6240755712	2789801984	100.0	2	0
21.08	3346733	2	3346733	7793094656	4302016512	99.8	6	0
22.09	3346733	2	3346733	9549160448	6052171776	129.6	15	0
23.09	3346733	2	3346733	11396796416	7897194496	499.3	15	0
24.10	3346733	2	3346733	12771213312	9267761152	593.8	20	0
25.10	3346733	385	3346733	12785610752	9281064960	806.1	20	0
26.11	3346733	584	3346733	12791926784	9288556544	803.2	20	0
27.11	3346733	1181	3346733	12798242816	9294270464	818.1	20	0
28.11	3346733	1181	3346733	12801478656	9296740352	800.3	20	0
29.12	3346733	1744	3346733	12805390336	9299529728	818.5	20	0
30.12	3346733	1744	3346733	12805033984	9299853312	800.3	20	0
31.13	3346733	2323	3346733	12808404992	9302810624	810.2	20	0
32.13	3346733	2323	3346733	12811776000	9305698304	808.1	20	0
33.13	3346733	2406	3346733	12814344192	9308299264	801.5	20	0
34.14	3346733	2886	3346733	12817522688	9310162944	816.8	20	0
35.14	3346733	3465	3346733	12818010112	9310285824	810.5	20	0
36.15	3346733	3465	3346733	12817391616	9310396416	808.0	20	0
37.15	3346733	4044	3346733	12820664320	9312845824	810.4	20	0
38.16	3346733	4044	3346733	12823232512	9315483648	800.1	20	0
39.16	3346733	4608	3346733	12826800128	9318400000	818.5	20	0
40.16	3346733	4608	3346733	12829716480	9320792064	800.2	20	0
41.17	3346733	4707	3346733	12831526912	9323532288	809.7	20	0
42.17	3346733	4707	3346733	12834705408	9325932544	800.1	20	0
43.18	3346733	4707	3346733	12838764544	9329807360	800.1	20	0
44.18	3346733	5204	3346733	12841709568	9333026816	817.1	20	0
45.18	3346733	6365	3346733	12844318720	9334136832	820.8	20	0
46.19	3346733	6365	3346733	12844355584	9334198272	808.2	20	0
47.19	3346733	6945	3346733	12845240320	9334206464	810.6	20	0
48.20	3346733	6945	3346733	12845088768	9334255616	807.5	20	0
49.20	3346733	6945	3346733	12847497216	9336401920	799.6	20	0
50.21	3346733	6945	3346733	12850409472	9339060224	799.5	20	0
51.21	3346733	8104	3346733	12853989376	9341964288	828.1	20	0
52.21	3346733	8104	3346733	12856901632	9344528384	799.6	20	0
53.22	3346733	8682	3346733	12859592704	9347215360	817.9	20	0
54.22	3346733	8682	3346733	12862251008	9349615616	799.6	20	0
55.23	3346733	8682	3346733	12864630784	9352626176	799.8	20	0
56.23	3346733	8682	3346733	12867842048	9355157504	807.4	20	0
57.23	3346733	9325	3346733	12871950336	9357905920	811.2	20	0
58.24	3346733	9325	3346733	12873830400	9360424960	807.5	20	0
59.24	3346733	9325	3346733	12877873152	9364303872	799.4	20	0
60.25	3346733	9325	3346733	12882161664	9368358912	807.5	20	0
61.25	3346733	9325	3346733	12885786624	9372315648	799.3	20	0
62.26	3346733	9325	3346733	12889636864	9376055296	799.3	20	0
63.26	3346733	9325	3346733	12893556736	9380024320	807.4	20	0
64.26	3346733	9836	3346733	12895997952	9381642240	808.3	20	0
65.27	3346733	12132	3346733	12899659776	9382432768	848.3	20	0
66.27	3346733	12132	3346733	12899160064	9382469632	799.7	20	0
67.28	3346733	12132	3346733	12899303424	9382506496	799.5	20	0
68.28	3346733	12132	3346733	12899414016	9382674432	807.7	20	0
69.28	3346733	13303	3346733	12900884480	9382756352	820.1	20	0
70.29	3346733	13303	3346733	12900769792	9382858752	807.6	20	0
71.29	3346733	13303	3346733	12901343232	9382936576	799.6	20	0
72.30	3346733	13303	3346733	12899987456	9383108608	799.6	20	0
73.30	3346733	13303	3346733	12901724160	9383993344	807.5	20	0
74.30	3346733	13303	3346733	12904833024	9386868736	799.6	20	0
75.31	3346733	13303	3346733	12907421696	9389236224	807.5	20	0
76.31	3346733	13303	3346733	12910432256	9391980544	799.4	20	0
77.32	3346733	15613	3346733	12915367936	9394724864	853.3	20	0
78.32	3346733	15613	3346733	12917649408	9397407744	799.6	20	0
79.33	3346733	15613	3346733	12921077760	9400291328	801.2	20	0
80.33	3346733	15613	3346733	12923629568	9403142144	806.0	20	0
81.33	3346733	16770	3346733	12926857216	9405747200	820.3	20	0
82.34	3346733	16770	3346733	12929949696	9408557056	807.1	20	0
83.34	3346733	16770	3346733	12932972544	9411264512	799.5	20	0
84.35	3346733	16770	3346733	12935507968	9413922816	799.6	20	0
85.35	3346733	16770	3346733	12938493952	9416552448	807.4	20	0
86.35	3346733	16770	3346733	12941500416	9419530240	799.8	20	0
87.36	3346733	16770	3346733	12943769600	9422159872	807.6	20	0
88.36	3346733	16770	3346733	12946972672	9424883712	799.6	20	0
89.37	3346733	18536	3346733	12951166976	9427619840	831.7	20	0
90.37	3346733	18536	3346733	12953329664	9429934080	807.0	20	0
91.37	3346733	18536	3346733	12956237824	9432522752	799.6	20	0
92.38	3346733	18536	3346733	12958613504	9434988544	807.6	20	0
93.38	3346733	18536	3346733	12961251328	9438068736	799.8	20	0
94.39	3346733	18536	3346733	12965515264	9441808384	807.5	20	0
95.39	3346733	18536	3346733	12968488960	9445998592	799.8	20	0
96.40	3346733	18536	3346733	12974043136	9450549248	800.6	20	0
97.40	3346733	18536	3346733	12977967104	9454673920	806.7	20	0
98.40	3346733	18536	3346733	12981526528	9458745344	799.6	20	0
99.41	3346733	18536	3346733	12985667584	9462886400	807.6	20	0
100.41	3346733	18536	3346733	12990029824	9466765312	799.7	20	0
101.42	3346733	18536	3346733	12994134016	9471008768	799.7	20	0
102.42	3346733	19031	3346733	12998090752	9473892352	816.3	20	0
103.42	3346733	19031	3346733	12999208960	9475522560	799.8	20	0
104.43	3346733	19031	3346733	13000720384	9477095424	807.6	20	0
105.43	3346733	19971	3346733	13003509760	9478434816	815.6	20	0
106.44	3346733	23570	3346733	13007069184	9478463488	863.9	20	0
107.44	3346733	23570	3346733	13006991360	9478479872	807.7	20	0
108.44	3346733	23570	3346733	13006925824	9478492160	799.7	20	0
109.45	3346733	23570	3346733	13007331328	9478516736	807.5	20	0
110.45	3346733	23570	3346733	13006761984	9478529024	799.6	20	0
111.46	3346733	23570	3346733	13007187968	9478561792	807.5	20	0
112.46	3346733	23570	3346733	13006761984	9478574080	799.5	20	0
113.47	3346733	24509	3346733	13007880192	9478574080	815.4	20	0
114.47	3346733	25896	3346733	13008711680	9478631424	832.6	20	0
115.47	3346733	25896	3346733	13008760832	9478660096	799.8	20	0
116.48	3346733	25896	3346733	13009571840	9478676480	807.3	20	0
117.48	3346733	25896	3346733	13009272832	9478701056	799.6	20	0
118.49	3346733	25896	3346733	13009448960	9478742016	799.4	20	0
119.49	3346733	25896	3346733	13008904192	9478750208	807.5	20	0
120.49	3346733	25896	3346733	13009424384	9478782976	799.3	20	0
121.50	3346733	25896	3346733	13009838080	9479757824	807.5	20	0
122.50	3346733	25896	3346733	13013041152	9482252288	799.4	20	0
123.51	3346733	25896	3346733	13015560192	9484353536	799.2	20	0
124.51	3346733	25896	3346733	13017591808	9486696448	807.4	20	0
125.51	3346733	25896	3346733	13019713536	9489190912	799.4	20	0
126.52	3346733	25896	3346733	13021134848	9491308544	807.2	20	0
127.52	3346733	25896	3346733	13024047104	9493831680	799.8	20	0
128.53	3346733	25896	3346733	13026996224	9496477696	807.5	20	0
129.53	3346733	25896	3346733	13029670912	9499246592	799.7	20	0
130.54	3346733	30486	3346733	13037051904	9501786112	880.7	20	0
131.54	3346733	30486	3346733	13039570944	9504239616	807.4	20	0
132.54	3346733	30486	3346733	13042524160	9506963456	799.6	20	0
133.55	3346733	30486	3346733	13044948992	9509298176	807.2	20	0
134.55	3346733	30486	3346733	13046358016	9511485440	799.4	20	0
135.56	3346733	30486	3346733	13049364480	9514295296	799.5	20	0
136.56	3346733	30486	3346733	13052665856	9516896256	807.4	20	0
137.56	3346733	30486	3346733	13054935040	9519337472	799.6	20	0
138.57	3346733	32782	3346733	13060464640	9522352128	848.0	20	0
139.57	3346733	32782	3346733	13063282688	9527025664	799.5	20	0
140.58	3346733	32782	3346733	13065748480	9529339904	807.4	20	0
141.58	3346733	32782	3346733	13068374016	9532006400	799.7	20	0
142.59	3346733	32782	3346733	13071020032	9534734336	799.9	20	0
143.59	3346733	32782	3346733	13073588224	9537400832	807.1	20	0
144.59	3346733	32782	3346733	13076295680	9539944448	799.8	20	0
145.60	3346733	32782	3346733	13078548480	9542619136	807.0	20	0
146.60	3346733	32782	3346733	13080645632	9545158656	799.6	20	0
147.61	3346733	32782	3346733	13083381760	9547714560	799.6	20	0
148.61	3346733	32782	3346733	13086138368	9550491648	807.5	20	0
149.61	3346733	32782	3346733	13088567296	9553080320	799.6	20	0
150.62	3346733	32782	3346733	13090570240	9555484672	807.5	20	0
151.62	3346733	32782	3346733	13093167104	9557970944	799.7	20	0
152.63	3346733	32782	3346733	13095809024	9560408064	807.2	20	0
153.63	3346733	32782	3346733	13098610688	9562968064	799.7	20	0
154.64	3346733	32782	3346733	13101150208	9565499392	799.6	20	0
155.64	3346733	36892	3346733	13107757056	9567772672	880.4	20	0
156.64	3346733	36892	3346733	13110001664	9570140160	799.4	20	0
157.65	3346733	36892	3346733	13112635392	9572409344	807.4	20	0
158.65	3346733	36892	3346733	13114859520	9574744064	799.6	20	0
159.66	3346733	36892	3346733	13117517824	9577291776	807.4	20	0
160.66	3346733	36892	3346733	13119848448	9579905024	799.5	20	0
161.67	3346733	36892	3346733	13122396160	9582305280	799.4	20	0
162.67	3346733	36892	3346733	13125234688	9584988160	807.6	20	0
163.67	3346733	36892	3346733	13128826880	9588736000	799.4	20	0
164.68	3346733	36892	3346733	13132345344	9592401920	807.3	20	0
165.68	3346733	36892	3346733	13136347136	9596768256	799.6	20	0
166.69	3346733	36892	3346733	13141131264	9601224704	799.6	20	0
167.69	3346733	36892	3346733	13145165824	9605431296	807.6	20	0
168.69	3346733	36892	3346733	13149638656	9609527296	799.5	20	0
169.70	3346733	36892	3346733	13153267712	9613381632	807.2	20	0
170.70	3346733	36892	3346733	13157392384	9617350656	799.5	20	0
171.71	3346733	36892	3346733	13161836544	9621622784	807.8	20	0
172.71	3346733	36892	3346733	13166473216	9625792512	800.0	20	0
173.71	3346733	36892	3346733	13170143232	9630064640	799.3	20	0
174.72	3346733	36892	3346733	13174026240	9634062336	807.5	20	0
175.72	3346733	36892	3346733	13178789888	9638363136	799.6	20	0
176.73	3346733	36892	3346733	13182369792	9642389504	807.6	20	0
177.73	3346733	36892	3346733	13187584000	9646710784	799.6	20	0
178.74	3346733	36892	3346733	13190594560	9650823168	799.7	20	0
179.74	3346733	36892	3346733	13195264000	9655087104	807.4	20	0
180.74	3346733	36892	3346733	13199478784	9659445248	799.7	20	0
181.75	3346733	37387	3346733	13203460096	9662185472	816.1	20	0
182.75	3346733	37387	3346733	13204471808	9663823872	799.7	20	0
183.76	3346733	37387	3346733	13206085632	9665150976	799.4	20	0
184.76	3346733	37387	3346733	13207343104	9666666496	807.6	20	0
185.76	3346733	37387	3346733	13208797184	9668194304	799.5	20	0
186.77	3346733	37387	3346733	13210664960	9669730304	807.5	20	0
187.77	3346733	37768	3346733	13212835840	9671225344	805.8	20	0
188.78	3346733	43697	3346733	13219221504	9671241728	911.7	20	0
189.78	3346733	46782	3346733	13221621760	9671262208	853.5	20	0
190.78	3346733	46782	3346733	13222055936	9671262208	799.6	20	0
191.79	3346733	46782	3346733	13222481920	9671274496	807.6	20	0
192.79	3346733	46782	3346733	13222121472	9671282688	799.4	20	0
193.80	3346733	46782	3346733	13222301696	9671290880	807.5	20	0
194.80	3346733	46782	3346733	13221699584	9671299072	799.8	20	0
195.81	3346733	46782	3346733	13221703680	9671311360	799.4	20	0
196.81	3346733	46782	3346733	13221756928	9671323648	807.5	20	0
197.81	3346733	46782	3346733	13221933056	9671327744	800.1	20	0
198.82	3346733	46782	3346733	13221851136	9671344128	806.9	20	0
199.82	3346733	46782	3346733	13221691392	9671352320	799.3	20	0
200.83	3346733	46782	3346733	13221969920	9671360512	799.4	20	0
201.83	3346733	46782	3346733	13222293504	9671376896	807.4	20	0
202.83	3346733	46782	3346733	13222563840	9671389184	799.9	20	0
203.84	3346733	46782	3346733	13222465536	9671462912	807.2	20	0
204.84	3346733	48944	3346733	13225328640	9671467008	836.6	20	0
205.85	3346733	51421	3346733	13227679744	9671471104	843.6	20	0
206.85	3346733	51421	3346733	13226553344	9671475200	807.6	20	0
207.85	3346733	51421	3346733	13226811392	9671483392	800.2	20	0
208.86	3346733	51421	3346733	13226491904	9671495680	807.5	20	0
209.86	3346733	51421	3346733	13226287104	9671499776	799.3	20	0
210.87	3346733	51421	3346733	13226672128	9671512064	807.8	20	0
211.87	3346733	51421	3346733	13226553344	9671520256	799.4	20	0
212.88	3346733	51421	3346733	13226635264	9671520256	799.3	20	0
213.88	3346733	51421	3346733	13226909696	9671536640	807.5	20	0
214.88	3346733	51421	3346733	13227466752	9671540736	799.4	20	0
215.89	3346733	51421	3346733	13227253760	9671553024	807.6	20	0
216.89	3346733	51421	3346733	13227610112	9671577600	799.5	20	0
217.90	3346733	51421	3346733	13227196416	9671581696	799.6	20	0
218.90	3346733	51421	3346733	13227065344	9671581696	807.7	20	0
219.90	3346733	51421	3346733	13227220992	9671581696	799.6	20	0
220.91	3346733	51421	3346733	13227003904	9671692288	807.5	20	0
221.91	3346733	51421	3346733	13229060096	9673662464	799.5	20	0
222.92	3346733	51421	3346733	13231874048	9676783616	800.2	20	0
223.92	3346733	51421	3346733	13234888704	9679429632	807.2	20	0
224.92	3346733	51421	3346733	13237649408	9682083840	800.1	20	0
225.93	3346733	51421	3346733	13240774656	9684713472	807.0	20	0
226.93	3346733	51421	3346733	13242941440	9687175168	799.5	20	0
227.94	3346733	51421	3346733	13245116416	9689939968	807.7	20	0
228.94	3346733	51421	3346733	13248159744	9692585984	799.5	20	0
229.95	3346733	51421	3346733	13251133440	9695059968	799.5	20	0
230.95	3346733	51421	3346733	13253668864	9698000896	807.6	20	0
231.95	3346733	51421	3346733	13256417280	9702662144	799.8	20	0
232.96	3346733	51421	3346733	13258670080	9705201664	807.4	20	0
233.96	3346733	51421	3346733	13260505088	9707741184	799.4	20	0
234.97	3346733	51421	3346733	13263912960	9710088192	800.5	20	0
235.97	3346733	51421	3346733	13264523264	9712439296	806.2	20	0
236.98	3346733	51421	3346733	13267394560	9715212288	799.8	20	0
237.98	3346733	55484	3346733	13274742784	9717665792	878.7	20	0
238.98	3346733	60686	3346733	13282209792	9719975936	891.6	20	0
239.99	3346733	60686	3346733	13284728832	9722630144	808.2	20	0
240.99	3346733	60686	3346733	13287026688	9724878848	799.9	20	0
242.00	3346733	60686	3346733	13289627648	9727463424	800.0	20	0
243.00	3346733	60686	3346733	13292707840	9729929216	807.9	20	0
244.00	3346733	60686	3346733	13295063040	9732386816	800.2	20	0
245.01	3346733	60686	3346733	13297905664	9734918144	808.1	20	0
246.01	3346733	60686	3346733	13300916224	9737801728	800.1	20	0
247.02	3346733	60686	3346733	13303590912	9740488704	800.2	20	0
248.02	3346733	60686	3346733	13306286080	9743200256	808.2	20	0
249.02	3346733	60686	3346733	13308506112	9745776640	800.1	20	0
250.03	3346733	60686	3346733	13310808064	9748430848	808.2	20	0
251.03	3346733	60686	3346733	13313597440	9751154688	800.2	20	0
252.04	3346733	60686	3346733	13316333568	9753722880	808.2	20	0
253.04	3346733	60686	3346733	13319028736	9756385280	800.0	20	0
254.04	3346733	61775	3346733	13323534336	9758928896	817.8	20	0
255.05	3346733	65258	3346733	13329043456	9761710080	870.7	20	0
256.05	3346733	65258	3346733	13331382272	9764093952	799.8	20	0
257.06	3346733	65258	3346733	13333970944	9766707200	807.9	20	0
258.06	3346733	65258	3346733	13337387008	9769574400	800.2	20	0
259.07	3346733	65258	3346733	13339774976	9772253184	800.2	20	0
260.07	3346733	65258	3346733	13342150656	9774706688	808.0	20	0
261.07	3346733	65258	3346733	13344235520	9777049600	799.8	20	0
262.08	3346733	65258	3346733	13346828288	9779662848	807.5	20	0
263.08	3346733	65258	3346733	13349715968	9782177792	799.5	20	0
264.09	3346733	65258	3346733	13352370176	9784877056	799.6	20	0
265.09	3346733	65258	3346733	13355311104	9787678720	807.5	20	0
266.09	3346733	65258	3346733	13358067712	9790177280	799.4	20	0
267.10	3346733	65258	3346733	13360779264	9792983040	807.5	20	0
268.10	3346733	65258	3346733	13362999296	9795530752	799.6	20	0
269.11	3346733	65258	3346733	13365882880	9798283264	799.7	20	0
270.11	3346733	65258	3346733	13368385536	9800761344	807.4	20	0
271.11	3346733	65258	3346733	13370777600	9802903552	799.3	20	0
272.12	3346733	65258	3346733	13373906944	9805836288	807.7	20	0
273.12	3346733	65258	3346733	13376094208	9808310272	799.5	20	0
274.13	3346733	65258	3346733	13378727936	9810984960	807.5	20	0
275.13	3346733	65258	3346733	13381644288	9813651456	799.7	20	0
276.14	3346733	65258	3346733	13384220672	9816498176	799.8	20	0
277.14	3346733	65258	3346733	13386547200	9818980352	807.5	20	0
278.14	3346733	65258	3346733	13388857344	9821868032	799.7	20	0
279.15	3346733	65258	3346733	13391884288	9824595968	807.7	20	0
280.15	3346733	65258	3346733	13394591744	9827233792	799.4	20	0
281.16	3346733	65258	3346733	13397192704	9830125568	799.8	20	0
282.16	3346733	65258	3346733	13399998464	9832980480	807.6	20	0
283.16	3346733	65258	3346733	13402886144	9835937792	799.8	20	0
284.17	3346733	65258	3346733	13405536256	9838583808	807.6	20	0
285.17	3346733	65258	3346733	13408612352	9841524736	799.7	20	0
286.18	3346733	65258	3346733	13410947072	9844215808	799.6	20	0
287.18	3346733	67125	3346733	13416058880	9846759424	839.7	20	0
288.18	3346733	73135	3346733	13425238016	9849630720	904.0	20	0
289.19	3346733	74142	3346733	13429317632	9852346368	825.9	20	0
290.19	3346733	74142	3346733	13431193600	9854754816	799.6	20	0
291.20	3346733	74142	3346733	13434146816	9857634304	800.4	20	0
292.20	3346733	74142	3346733	13436825600	9860358144	807.0	20	0
293.20	3346733	74142	3346733	13439664128	9862971392	799.5	20	0
294.21	3346733	74142	3346733	13442691072	9865736192	807.6	20	0
295.21	3346733	74142	3346733	13445439488	9868566528	799.6	20	0
296.22	3346733	74142	3346733	13447753728	9871155200	807.6	20	0
297.22	3346733	74142	3346733	13450797056	9874120704	799.7	20	0
298.22	3346733	74142	3346733	13453602816	9876856832	799.6	20	0
299.23	3346733	74142	3346733	13456400384	9879773184	807.7	20	0
300.23	3346733	74142	3346733	13459120128	9882402816	800.0	20	0
301.24	3346733	74142	3346733	13461835776	9884831744	807.0	20	0
302.24	3346733	74142	3346733	13464268800	9887477760	799.6	20	0
303.25	3346733	74142	3346733	13465804800	9889968128	800.0	20	0
304.25	3346733	74142	3346733	13469302784	9892904960	807.5	20	0
305.25	3346733	74142	3346733	13473140736	9896898560	799.8	20	0
306.26	3346733	74142	3346733	13477371904	9901023232	807.9	20	0
307.26	3346733	74142	3346733	13481328640	9905254400	799.2	20	0
308.27	3346733	74142	3346733	13486608384	9909587968	807.8	20	0
309.27	3346733	74142	3346733	13491060736	9914019840	799.4	20	0
310.28	3346733	74142	3346733	13495070720	9918308352	799.6	20	0
311.28	3346733	74142	3346733	13499842560	9922772992	807.7	20	0
312.29	3346733	74142	3346733	13503700992	9926991872	799.3	20	0
313.29	3346733	74142	3346733	13508562944	9931280384	807.6	20	0
314.29	3346733	74142	3346733	13511217152	9934991360	799.4	20	0
315.30	3346733	74142	3346733	13515452416	9938808832	807.3	20	0
316.30	3346733	74142	3346733	13519167488	9943089152	799.6	20	0
317.31	3346733	74142	3346733	13523529728	9947013120	799.5	20	0
318.31	3346733	74142	3346733	13528797184	9951473664	807.7	20	0
319.31	3346733	74142	3346733	13532319744	9955446784	799.4	20	0
320.32	3346733	74142	3346733	13536194560	9959358464	807.4	20	0
321.32	3346733	74142	3346733	13540577280	9963032576	799.5	20	0
322.33	3346733	74142	3346733	13544816640	9967419392	799.7	20	0
323.33	3346733	74142	3346733	13547999232	9971183616	807.4	20	0
324.33	3346733	74142	3346733	13553192960	9977491456	799.5	20	0
325.34	3346733	74142	3346733	13557161984	9981566976	807.5	20	0
326.34	3346733	74142	3346733	13561266176	9985761280	799.6	20	0
327.35	3346733	74142	3346733	13565313024	9989734400	799.5	20	0
328.35	3346733	74142	3346733	13569200128	9993461760	808.1	20	0
329.35	3346733	74142	3346733	13572550656	9997406208	799.1	20	0
330.36	3346733	74142	3346733	13576482816	10001375232	807.3	20	0
331.36	3346733	74142	3346733	13580566528	10005303296	799.4	20	0
332.37	3346733	74142	3346733	13585244160	10009309184	807.6	20	0
333.37	3346733	74142	3346733	13588692992	10013601792	799.6	20	0
334.37	3346733	74142	3346733	13593296896	10017697792	799.5	20	0
335.38	3346733	74142	3346733	13597655040	10021900288	807.4	20	0
336.38	3346733	74142	3346733	13601845248	10025963520	799.5	20	0
337.39	3346733	74142	3346733	13606203392	10030321664	807.7	20	0
338.39	3346733	74637	3346733	13607833600	10031980544	808.2	20	0
339.40	3346733	74637	3346733	13608837120	10033545216	800.3	20	0
340.40	3346733	74637	3346733	13610340352	10035068928	806.8	20	0
341.40	3346733	74637	3346733	13612232704	10036699136	800.0	20	0
342.41	3346733	74637	3346733	13613662208	10038104064	808.2	20	0
343.41	3346733	74637	3346733	13615190016	10039549952	799.7	20	0
344.42	3346733	74637	3346733	13617201152	10041315328	799.7	20	0
345.42	3346733	74637	3346733	13618647040	10042748928	807.7	20	0
346.42	3346733	74637	3346733	13620244480	10044248064	799.6	20	0
347.43	3346733	74637	3346733	13622079488	10045681664	807.6	20	0
348.43	3346733	74637	3346733	13623017472	10047172608	799.6	20	0
349.44	3346733	74637	3346733	13624864768	10049015808	800.0	20	0
350.44	3346733	74637	3346733	13626834944	10050592768	807.7	20	0
351.44	3346733	74637	3346733	13628850176	10052218880	799.8	20	0
352.45	3346733	74637	3346733	13630078976	10053701632	807.7	20	0
353.45	3346733	76320	3346733	13633110016	10054963200	828.3	20	0
354.46	3346733	82316	3346733	13639184384	10054975488	904.4	20	0
355.46	3346733	88328	3346733	13645406208	10054975488	912.8	20	0
356.46	3346733	93297	3346733	13650489344	10054975488	886.1	20	0
357.47	3346733	93297	3346733	13650456576	10054995968	807.7	20	0
358.47	3346733	93297	3346733	13649985536	10055004160	799.5	20	0
359.48	3346733	93297	3346733	13649797120	10055028736	799.3	20	0
360.48	3346733	93297	3346733	13649772544	10055032832	807.6	20	0
361.48	3346733	93297	3346733	13649682432	10055036928	799.6	20	0
362.49	3346733	93297	3346733	13649883136	10055061504	807.6	20	0
363.49	3346733	93297	3346733	13649678336	10055061504	799.5	20	0
364.50	3346733	93297	3346733	13649838080	10055069696	807.4	20	0
365.50	3346733	93297	3346733	13649960960	10055069696	799.5	20	0
366.51	3346733	93297	3346733	13649723392	10055077888	799.6	20	0
367.51	3346733	93297	3346733	13649920000	10055081984	807.6	20	0
368.51	3346733	93297	3346733	13650358272	10055094272	799.7	20	0
369.52	3346733	93297	3346733	13649747968	10055094272	807.5	20	0
370.52	3346733	93297	3346733	13650223104	10055098368	800.0	20	0
371.53	3346733	93297	3346733	13649756160	10055098368	799.1	20	0
372.53	3346733	93297	3346733	13650059264	10055114752	807.4	20	0
373.53	3346733	93297	3346733	13649973248	10055114752	799.7	20	0
374.54	3346733	93297	3346733	13649649664	10055184384	807.7	20	0
375.54	3346733	93297	3346733	13649911808	10055200768	799.4	20	0
376.55	3346733	93297	3346733	13649747968	10055204864	799.7	20	0
377.55	3346733	93297	3346733	13649838080	10055208960	807.7	20	0
378.55	3346733	93297	3346733	13650006016	10055217152	799.5	20	0
379.56	3346733	93297	3346733	13650239488	10055221248	807.3	20	0
380.56	3346733	93297	3346733	13650444288	10055221248	799.9	20	0
381.57	3346733	93297	3346733	13649522688	10055225344	799.4	20	0
382.57	3346733	93297	3346733	13649842176	10055229440	807.5	20	0
383.57	3346733	93297	3346733	13649321984	10055229440	799.6	20	0
384.58	3346733	93297	3346733	13649317888	10055233536	807.6	20	0
385.58	3346733	93297	3346733	13649514496	10055241728	799.8	20	0
386.59	3346733	99158	3346733	13656236032	10055245824	911.2	20	0
387.59	3346733	102529	3346733	13659181056	10055245824	860.5	20	0
388.60	3346733	102529	3346733	13659111424	10055245824	799.0	20	0
389.60	3346733	102529	3346733	13658976256	10055245824	807.5	20	0
390.60	3346733	102529	3346733	13658877952	10055249920	799.8	20	0
391.61	3346733	102529	3346733	13658816512	10055258112	807.5	20	0
392.61	3346733	102529	3346733	13658955776	10055258112	799.8	20	0
393.62	3346733	102529	3346733	13659045888	10055262208	799.6	20	0
394.62	3346733	102529	3346733	13659504640	10055270400	807.6	20	0
395.62	3346733	102529	3346733	13659344896	10055274496	799.7	20	0
396.63	3346733	102529	3346733	13659275264	10055274496	807.6	20	0
397.63	3346733	102529	3346733	13659590656	10055282688	799.7	20	0
398.64	3346733	102529	3346733	13659877376	10055290880	807.5	20	0
399.64	3346733	102529	3346733	13659246592	10055290880	799.7	20	0
400.65	3346733	102529	3346733	13659303936	10055290880	799.8	20	0
401.65	3346733	102529	3346733	13658898432	10055294976	807.4	20	0
402.65	3346733	102529	3346733	13659062272	10055299072	799.5	20	0
403.66	3346733	102529	3346733	13659365376	10055311360	807.7	20	0
404.66	3346733	102529	3346733	13659619328	10055315456	799.6	20	0
405.67	3346733	102529	3346733	13659582464	10057351168	799.5	20	0
406.67	3346733	102529	3346733	13659619328	10057351168	807.4	20	0
407.67	3346733	102529	3346733	13660188672	10057371648	799.6	20	0
408.68	3346733	102529	3346733	13659787264	10057379840	807.6	20	0
409.68	3346733	102529	3346733	13659820032	10057379840	799.6	20	0
410.69	3346733	102529	3346733	13659586560	10057379840	799.5	20	0
411.69	3346733	102529	3346733	13659734016	10057388032	807.6	20	0
412.69	3346733	102529	3346733	13659447296	10057392128	799.6	20	0
413.70	3346733	102529	3346733	13661155328	10058452992	807.3	20	0
414.70	3346733	102529	3346733	13663526912	10061111296	799.5	20	0
415.71	3346733	102529	3346733	13665939456	10063572992	807.5	20	0
416.71	3346733	102529	3346733	13667827712	10066051072	799.4	20	0
417.72	3346733	102529	3346733	13670346752	10068639744	799.5	20	0
418.72	3346733	102529	3346733	13673070592	10071384064	807.5	20	0
419.72	3346733	102529	3346733	13675085824	10073825280	799.5	20	0
420.73	3346733	102529	3346733	13678370816	10076303360	807.4	20	0
421.73	3346733	102529	3346733	13681156096	10078953472	799.6	20	0
422.74	3346733	102529	3346733	13683830784	10081812480	799.7	20	0
423.74	3346733	102529	3346733	13686587392	10084372480	807.5	20	0
424.74	3346733	102529	3346733	13689360384	10087161856	799.6	20	0
425.75	3346733	102529	3346733	13691215872	10089549824	807.3	20	0
426.75	3346733	102529	3346733	13694865408	10092167168	799.6	20	0
427.76	3346733	102529	3346733	13696909312	10094686208	807.5	20	0
428.76	3346733	102529	3346733	13699338240	10097049600	799.5	20	0
429.77	3346733	102529	3346733	13701627904	10099773440	799.5	20	0
430.77	3346733	102529	3346733	13704445952	10102243328	807.5	20	0
431.77	3346733	102529	3346733	13707083776	10104938496	799.5	20	0
432.78	3346733	102529	3346733	13709922304	10107408384	807.5	20	0
433.78	3346733	102529	3346733	13712449536	10110005248	800.3	20	0
434.79	3346733	102529	3346733	13714767872	10112393216	798.7	20	0
435.79	3346733	102529	3346733	13717655552	10114965504	807.6	20	0
436.79	3346733	102529	3346733	13720145920	10117791744	799.8	20	0
437.80	3346733	102529	3346733	13722636288	10120552448	807.6	20	0
438.80	3346733	102529	3346733	13725696000	10123247616	799.7	20	0
439.81	3346733	102529	3346733	13728776192	10125852672	807.4	20	0
440.81	3346733	102529	3346733	13731991552	10128760832	799.6	20	0
441.82	3346733	102529	3346733	13734604800	10131640320	799.7	20	0
442.82	3346733	102529	3346733	13737414656	10134446080	807.6	20	0
443.82	3346733	102529	3346733	13739503616	10137063424	799.6	20	0
444.83	3346733	102529	3346733	13741891584	10139873280	807.7	20	0
445.83	3346733	102529	3346733	13745328128	10142777344	799.7	20	0
446.84	3346733	102529	3346733	13747470336	10145062912	799.4	20	0
447.84	3346733	102529	3346733	13749870592	10147803136	807.6	20	0
448.84	3346733	102529	3346733	13752504320	10150748160	799.7	20	0
449.85	3346733	102529	3346733	13755465728	10153463808	807.5	20	0
450.85	3346733	102529	3346733	13758623744	10156273664	799.7	20	0
451.86	3346733	102529	3346733	13761859584	10159235072	800.4	20	0
452.86	3346733	102529	3346733	13764497408	10161700864	806.8	20	0
453.86	3346733	102529	3346733	13766860800	10163949568	799.5	20	0
454.87	3346733	103663	3346733	13771735040	10166685696	827.6	20	0
455.87	3346733	109519	3346733	13780070400	10169253888	904.2	20	0
456.88	3346733	115434	3346733	13788852224	10171957248	903.9	20	0
457.88	3346733	120899	3346733	13797052416	10174447616	904.6	20	0
458.88	3346733	120899	3346733	13799464960	10177200128	799.7	20	0
459.89	3346733	120899	3346733	13801332736	10179518464	807.4	20	0
460.89	3346733	120899	3346733	13804171264	10182111232	799.6	20	0
461.90	3346733	120899	3346733	13806673920	10184663040	807.6	20	0
462.90	3346733	120899	3346733	13809373184	10187362304	799.8	20	0
463.90	3346733	120899	3346733	13811138560	10189737984	799.5	20	0
464.91	3346733	120899	3346733	13813800960	10192695296	807.7	20	0
465.91	3346733	120899	3346733	13816971264	10195296256	799.5	20	0
466.92	3346733	120899	3346733	13819146240	10197676032	807.5	20	0
467.92	3346733	120899	3346733	13822353408	10200444928	800.1	20	0
468.93	3346733	120899	3346733	13824671744	10202968064	799.3	20	0
469.93	3346733	120899	3346733	13827276800	10205491200	807.6	20	0
470.93	3346733	120899	3346733	13829971968	10208075776	799.5	20	0
471.94	3346733	120899	3346733	13832159232	10210844672	807.6	20	0
472.94	3346733	120899	3346733	13834833920	10213527552	799.6	20	0
473.95	3346733	120899	3346733	13837459456	10216153088	799.6	20	0
474.95	3346733	120899	3346733	13840760832	10219114496	807.7	20	0
475.95	3346733	120899	3346733	13843238912	10221875200	799.6	20	0
476.96	3346733	120899	3346733	13846048768	10224422912	807.3	20	0
477.96	3346733	120899	3346733	13848449024	10226839552	799.5	20	0
478.97	3346733	120899	3346733	13851017216	10229555200	799.7	20	0
479.97	3346733	120899	3346733	13853941760	10232655872	807.6	20	0
480.97	3346733	120899	3346733	13857873920	10235543552	799.6	20	0
481.98	3346733	120899	3346733	13860016128	10238476288	807.7	20	0
482.98	3346733	120899	3346733	13862400000	10240962560	799.6	20	0
483.99	3346733	120899	3346733	13865345024	10243158016	807.4	20	0
484.99	3346733	120899	3346733	13868470272	10246160384	799.6	20	0
485.99	3346733	120899	3346733	13869953024	10248597504	799.6	20	0
487.00	3346733	120899	3346733	13873197056	10251419648	807.5	20	0
488.00	3346733	126791	3346733	13881982976	10255872000	902.2	20	0
489.01	3346733	130179	3346733	13888229376	10258599936	867.7	20	0
490.01	3346733	130179	3346733	13960044544	10330824704	801.0	20	0
491.02	3346733	130179	3346733	13892837376	10263146496	797.7	20	0
492.02	3346733	130179	3346733	13895262208	10265743360	807.5	20	0
493.02	3346733	130179	3346733	13897768960	10268221440	799.6	20	0
494.03	3346733	130179	3346733	13899923456	10270978048	807.7	20	0
495.03	3346733	130179	3346733	13902856192	10273779712	799.5	20	0
496.04	3346733	130179	3346733	13905371136	10276528128	799.6	20	0
497.04	3346733	130179	3346733	13908488192	10279108608	807.6	20	0
498.04	3346733	130179	3346733	13910040576	10281627648	799.7	20	0
499.05	3346733	130179	3346733	13912612864	10284118016	807.6	20	0
500.05	3346733	130179	3346733	13914923008	10286456832	799.4	20	0
501.06	3346733	130179	3346733	13917323264	10288820224	799.5	20	0
502.06	3346733	130179	3346733	13919285248	10291257344	807.3	20	0
503.06	3346733	130179	3346733	13921796096	10293907456	799.8	20	0
504.07	3346733	130179	3346733	13924577280	10296438784	807.6	20	0
505.07	3346733	130179	3346733	13927243776	10298720256	799.5	20	0
506.08	3346733	130179	3346733	13929472000	10301554688	807.0	20	0
507.08	3346733	130179	3346733	13931950080	10304024576	799.4	20	0
508.09	3346733	130179	3346733	13934678016	10306416640	799.4	20	0
509.09	3346733	130179	3346733	13936979968	10308714496	807.5	20	0
510.09	3346733	130179	3346733	13938814976	10311372800	799.6	20	0
511.10	3346733	130179	3346733	13941854208	10313994240	807.4	20	0
512.10	3346733	130179	3346733	13944889344	10316775424	799.6	20	0
513.11	3346733	130179	3346733	13947559936	10319495168	799.6	20	0
514.11	3346733	130179	3346733	13949976576	10322055168	807.6	20	0
515.11	3346733	130179	3346733	13952598016	10324733952	799.5	20	0
516.12	3346733	130179	3346733	13955313664	10327252992	807.5	20	0
517.12	3346733	130179	3346733	13958008832	10330001408	799.9	20	0
518.13	3346733	130179	3346733	13960933376	10332229632	807.8	20	0
519.13	3346733	130179	3346733	13964300288	10335940608	800.0	20	0
520.13	3346733	130179	3346733	13967269888	10338942976	799.7	20	0
521.14	3346733	130179	3346733	13969895424	10341814272	807.6	20	0
522.14	3346733	130179	3346733	13972041728	10344439808	799.5	20	0
523.15	3346733	130179	3346733	13975502848	10347220992	807.6	20	0
524.15	3346733	130179	3346733	13977841664	10349809664	799.5	20	0
525.16	3346733	130179	3346733	13980827648	10352386048	799.5	20	0
526.16	3346733	130179	3346733	13983158272	10354855936	807.4	20	0
527.16	3346733	130179	3346733	13986000896	10357784576	799.7	20	0
528.17	3346733	130179	3346733	13986709504	10360569856	807.6	20	0
529.17	3346733	130179	3346733	13989695488	10363387904	799.6	20	0
530.18	3346733	130179	3346733	13992873984	10366320640	799.7	20	0
531.18	3346733	130179	3346733	13995339776	10369044480	807.6	20	0
532.18	3346733	130179	3346733	13998256128	10371985408	799.7	20	0
533.19	3346733	130179	3346733	14001111040	10374676480	807.7	20	0
534.19	3346733	130179	3346733	14003552256	10377388032	799.6	20	0
535.20	3346733	130179	3346733	14006456320	10380431360	799.7	20	0
536.20	3346733	130179	3346733	14009495552	10383298560	807.6	20	0
537.20	3346733	130179	3346733	14012313600	10386206720	799.8	20	0
538.21	3346733	130179	3346733	14015299584	10389200896	807.8	20	0
539.21	3346733	130179	3346733	14017667072	10391773184	799.6	20	0
540.22	3346733	130179	3346733	14020767744	10394783744	799.9	20	0
541.22	3346733	130179	3346733	14023983104	10397798400	807.6	20	0
542.22	3346733	130179	3346733	14026620928	10400522240	799.7	20	0
543.23	3346733	130179	3346733	14029488128	10403074048	807.6	20	0
544.23	3346733	130179	3346733	14032121856	10405425152	799.5	20	0
545.24	3346733	130179	3346733	14035181568	10408009728	807.7	20	0
546.24	3346733	130179	3346733	14037229568	10410565632	799.6	20	0
547.24	3346733	130179	3346733	14039904256	10413182976	799.5	20	0
548.25	3346733	130179	3346733	14042484736	10415828992	807.5	20	0
549.25	3346733	130179	3346733	14045040640	10418388992	799.6	20	0
550.26	3346733	130179	3346733	14047522816	10421288960	807.5	20	0
551.26	3346733	130179	3346733	14049980416	10423672832	799.5	20	0
552.27	3346733	132486	3346733	14055677952	10426601472	840.4	20	0
553.27	3346733	138344	3346733	14064074752	10429157376	913.1	20	0
554.27	3346733	144171	3346733	14072434688	10431930368	904.1	20	0
555.28	3346733	148139	3346733	14079287296	10434129920	877.6	20	0
556.28	3346733	148139	3346733	14081835008	10436988928	799.5	20	0
557.29	3346733	148139	3346733	14084272128	10439434240	799.6	20	0
558.29	3346733	148139	3346733	14087135232	10442084352	807.7	20	0
559.29	3346733	148139	3346733	14089232384	10444500992	799.5	20	0
560.30	3346733	148139	3346733	14091325440	10447065088	807.4	20	0
561.30	3346733	148139	3346733	14094471168	10449797120	799.6	20	0
562.31	3346733	148139	3346733	14097190912	10452217856	807.5	20	0
563.31	3346733	148139	3346733	14099787776	10454593536	799.6	20	0
564.31	3346733	148139	3346733	14102192128	10457169920	800.1	20	0
565.32	3346733	148139	3346733	14104666112	10459750400	807.0	20	0
566.32	3346733	148139	3346733	14108008448	10462375936	800.5	20	0
567.33	3346733	148139	3346733	14110281728	10465144832	808.7	20	0
568.33	3346733	148139	3346733	14113185792	10467954688	800.0	20	0
569.34	3346733	148139	3346733	14116372480	10472960000	799.9	20	0
570.34	3346733	148139	3346733	14118707200	10475991040	807.9	20	0
571.34	3346733	148139	3346733	14121598976	10478776320	799.7	20	0
572.35	3346733	148139	3346733	14125002752	10481770496	807.8	20	0
573.35	3346733	148139	3346733	14127656960	10484596736	799.9	20	0
574.36	3346733	148139	3346733	14130778112	10487353344	799.6	20	0
575.36	3346733	148139	3346733	14132903936	10489913344	808.4	20	0
576.36	3346733	148139	3346733	14136012800	10493034496	800.6	20	0
577.37	3346733	148139	3346733	14138949632	10495836160	808.1	20	0
578.37	3346733	148139	3346733	14141542400	10498342912	799.6	20	0
579.38	3346733	148139	3346733	14143795200	10500915200	799.6	20	0
580.38	3346733	148139	3346733	14146854912	10503618560	807.8	20	0
581.38	3346733	148139	3346733	14149070848	10506375168	799.8	20	0
582.39	3346733	148139	3346733	14152171520	10509119488	807.6	20	0
583.39	3346733	148139	3346733	14155157504	10511974400	799.7	20	0
584.40	3346733	148139	3346733	14158815232	10516197376	799.5	20	0
585.40	3346733	148139	3346733	14163439616	10520756224	807.9	20	0
586.40	3346733	148139	3346733	14167969792	10524901376	799.5	20	0
587.41	3346733	148139	3346733	14172872704	10529243136	807.6	20	0
588.41	3346733	148139	3346733	14176055296	10533466112	800.2	20	0
589.42	3346733	148139	3346733	14181670912	10537918464	807.3	20	0
590.42	3346733	148139	3346733	14185836544	10542649344	799.8	20	0
591.42	3346733	148139	3346733	14190104576	10547101696	799.8	20	0
592.43	3346733	148139	3346733	14195253248	10551525376	807.6	20	0
593.43	3346733	148139	3346733	14199365632	10555994112	799.6	20	0
594.44	3346733	148139	3346733	14203256832	10559705088	807.5	20	0
595.44	3346733	148139	3346733	14207770624	10564313088	799.7	20	0
596.45	3346733	148139	3346733	14211420160	10568302592	799.5	20	0
597.45	3346733	148139	3346733	14215745536	10572488704	807.5	20	0
598.45	3346733	148139	3346733	14219378688	10576347136	799.5	20	0
599.46	3346733	148139	3346733	14223183872	10580717568	807.5	20	0
600.46	3346733	148139	3346733	14227902464	10585276416	800.3	20	0
601.47	3346733	148139	3346733	14233198592	10589896704	799.3	20	0
602.47	3346733	148139	3346733	14237093888	10594021376	808.0	20	0
603.47	3346733	148139	3346733	14240202752	10597761024	799.7	20	0
604.48	3346733	148139	3346733	14244237312	10601971712	808.2	20	0
605.48	3346733	148139	3346733	14248357888	10605920256	799.6	20	0
606.49	3346733	148139	3346733	14251958272	10609770496	807.2	20	0
607.49	3346733	148139	3346733	14256955392	10613956608	800.1	20	0
608.50	3346733	148139	3346733	14260772864	10618114048	808.1	20	0
609.50	3346733	148139	3346733	14265233408	10622537728	798.4	20	0
610.51	3346733	148139	3346733	14270156800	10626838528	800.4	20	0
611.51	3346733	148139	3346733	14273536000	10631081984	807.9	20	0
612.51	3346733	148139	3346733	14277918720	10635337728	799.4	20	0
613.52	3346733	148139	3346733	14282813440	10639831040	807.9	20	0
614.52	3346733	148139	3346733	14286655488	10643865600	800.3	20	0
615.53	3346733	148139	3346733	14291030016	10647855104	808.2	20	0
616.53	3346733	148139	3346733	14295396352	10652053504	800.4	20	0
617.54	3346733	148139	3346733	14299246592	10656198656	801.2	20	0
618.54	3346733	148139	3346733	14302928896	10659987456	807.4	20	0
619.54	3346733	148139	3346733	14307160064	10663948288	800.4	20	0
620.55	3346733	148139	3346733	14311313408	10668068864	808.6	20	0
621.55	3346733	148139	3346733	14315810816	10672336896	800.9	20	0
622.56	3346733	148139	3346733	14320087040	10676314112	809.1	20	0
623.56	3346733	148139	3346733	14323671040	10680512512	801.1	20	0
624.56	3346733	148139	3346733	14328025088	10684649472	800.6	20	0
625.57	3346733	148139	3346733	14332334080	10689040384	807.8	20	0
626.57	3346733	148139	3346733	14336565248	10693160960	799.6	20	0
627.58	3346733	148139	3346733	14341578752	10697379840	807.5	20	0
628.58	3346733	148139	3346733	14345621504	10701598720	799.6	20	0
629.59	3346733	148139	3346733	14349443072	10705952768	799.7	20	0
630.59	3346733	148139	3346733	14353645568	10710142976	807.5	20	0
631.59	3346733	148139	3346733	14357749760	10714443776	799.6	20	0
632.60	3346733	148139	3346733	14362370048	10718703616	807.4	20	0
633.60	3346733	148139	3346733	14366674944	10722869248	799.6	20	0
634.61	3346733	148139	3346733	14370951168	10726838272	799.5	20	0
635.61	3346733	148139	3346733	14375002112	10731433984	807.6	20	0
636.61	3346733	148139	3346733	14379573248	10735939584	799.9	20	0
637.62	3346733	148139	3346733	14384017408	10740531200	807.7	20	0
638.62	3346733	148139	3346733	14388269056	10745286656	800.0	20	0
639.63	3346733	148139	3346733	14392844288	10750349312	800.0	20	0
640.63	3346733	148139	3346733	14398402560	10755080192	807.8	20	0
641.63	3346733	148139	3346733	14402641920	10761441280	799.6	20	0
642.64	3346733	148666	3346733	14404767744	10763194368	821.7	20	0
643.64	3346733	148666	3346733	14407053312	10765012992	799.9	20	0
644.65	3346733	148666	3346733	14407983104	10765516800	808.0	20	0
645.65	3346733	148666	3346733	14409953280	10768199680	799.9	20	0
646.65	3346733	148666	3346733	14411788288	10770014208	800.1	20	0
647.66	3346733	148666	3346733	14413545472	10771623936	807.7	20	0
648.66	3346733	148666	3346733	14415130624	10773323776	799.6	20	0
649.67	3346733	148666	3346733	14416732160	10774962176	807.7	20	0
650.67	3346733	148666	3346733	14418403328	10776502272	799.7	20	0
651.68	3346733	148666	3346733	14419537920	10778107904	799.7	20	0
652.68	3346733	148666	3346733	14421598208	10779996160	807.8	20	0
653.68	3346733	148666	3346733	14423207936	10781552640	800.0	20	0
654.69	3346733	148666	3346733	14424788992	10783080448	807.0	20	0
655.69	3346733	148666	3346733	14426271744	10784632832	799.5	20	0
656.70	3346733	148666	3346733	14427774976	10786197504	799.6	20	0
657.70	3346733	148666	3346733	14429601792	10787770368	807.7	20	0
658.70	3346733	148666	3346733	14431166464	10789412864	799.7	20	0
659.71	3346733	148666	3346733	14432296960	10791092224	807.7	20	0
660.71	3346733	148666	3346733	14434611200	10792722432	799.7	20	0
661.72	3346733	148666	3346733	14433214464	10795802624	799.5	20	0
662.72	3346733	148666	3346733	14434988032	10797502464	807.7	20	0
663.72	3346733	148666	3346733	14436352000	10799108096	799.8	20	0
664.73	3346733	148666	3346733	14438334464	10800635904	807.6	20	0
665.73	3346733	148666	3346733	14440484864	10802274304	799.7	20	0
666.74	3346733	148666	3346733	14441959424	10804056064	807.9	20	0
667.74	3346733	148666	3346733	14443835392	10805706752	800.1	20	0
668.74	3346733	148666	3346733	14444851200	10807324672	799.4	20	0
669.75	3346733	148666	3346733	14447050752	10808983552	807.6	20	0
670.75	3346733	148666	3346733	14448275456	10810662912	799.8	20	0
671.76	3346733	148666	3346733	14450556928	10813685760	807.7	20	0
672.76	3346733	148666	3346733	14451990528	10815275008	799.6	20	0
673.77	3346733	148666	3346733	14453706752	10816831488	799.7	20	0
674.77	3346733	148666	3346733	14455345152	10818662400	807.8	20	0
675.77	3346733	148666	3346733	14456389632	10820358144	799.8	20	0
676.78	3346733	148666	3346733	14457909248	10821922816	807.6	20	0
677.78	3346733	151479	3346733	14462775296	10822787072	848.1	20	0
678.79	3346733	157398	3346733	14468653056	10822791168	902.9	20	0
679.79	3346733	163353	3346733	14475177984	10822791168	911.8	20	0
680.79	3346733	169263	3346733	14481641472	10822791168	902.8	20	0
681.80	3346733	175189	3346733	14487527424	10822795264	912.0	20	0
682.80	3346733	181083	3346733	14493216768	10822795264	903.3	20	0
683.81	3346733	185937	3346733	14497779712	10822811648	884.6	20	0
684.81	3346733	185937	3346733	14497914880	10822811648	807.3	20	0
685.81	3346733	185937	3346733	14497996800	10822815744	799.7	20	0
686.82	3346733	185937	3346733	14498222080	10822815744	807.6	20	0
687.82	3346733	185937	3346733	14497845248	10822819840	799.6	20	0
688.83	3346733	185937	3346733	14498136064	10822819840	807.7	20	0
689.83	3346733	185937	3346733	14497411072	10822819840	799.6	20	0
690.84	3346733	185937	3346733	14497824768	10822832128	799.7	20	0
691.84	3346733	185937	3346733	14498086912	10822832128	807.4	20	0
692.84	3346733	185937	3346733	14498013184	10822836224	799.7	20	0
693.85	3346733	185937	3346733	14498205696	10822836224	807.5	20	0
694.85	3346733	185937	3346733	14498045952	10822840320	799.5	20	0
695.86	3346733	185937	3346733	14498349056	10822840320	799.6	20	0
696.86	3346733	185937	3346733	14497849344	10822840320	807.5	20	0
697.86	3346733	185937	3346733	14498189312	10822848512	800.1	20	0
698.87	3346733	185937	3346733	14497775616	10822848512	807.1	20	0
699.87	3346733	185937	3346733	14497435648	10822852608	799.9	20	0
700.88	3346733	185937	3346733	14497988608	10822860800	799.0	20	0
701.88	3346733	185937	3346733	14498238464	10822860800	807.5	20	0
702.88	3346733	185937	3346733	14497959936	10822864896	799.7	20	0
703.89	3346733	185937	3346733	14498021376	10822864896	807.5	20	0
704.89	3346733	185937	3346733	14497615872	10822868992	800.3	20	0
705.90	3346733	185937	3346733	14498050048	10822897664	798.8	20	0
706.90	3346733	185937	3346733	14497984512	10822897664	807.7	20	0
707.90	3346733	185937	3346733	14497943552	10822897664	800.4	20	0
708.91	3346733	185937	3346733	14498336768	10822905856	806.9	20	0
709.91	3346733	185937	3346733	14497918976	10822905856	799.5	20	0
710.92	3346733	185937	3346733	14497972224	10822914048	807.6	20	0
711.92	3346733	185937	3346733	14497705984	10822914048	799.4	20	0
712.93	3346733	185937	3346733	14497501184	10822922240	800.3	20	0
713.93	3346733	185937	3346733	14498000896	10822926336	806.7	20	0
714.93	3346733	185937	3346733	14497579008	10822926336	799.7	20	0
715.94	3346733	185937	3346733	14498439168	10822934528	807.3	20	0
716.94	3346733	185937	3346733	14497943552	10822934528	799.6	20	0
717.95	3346733	185937	3346733	14497910784	10822938624	799.6	20	0
718.95	3346733	185937	3346733	14498152448	10822938624	807.6	20	0
719.95	3346733	185937	3346733	14497853440	10822938624	799.5	20	0
720.96	3346733	185937	3346733	14498045952	10822938624	807.6	20	0
721.96	3346733	185937	3346733	14498197504	10822942720	799.8	20	0
722.97	3346733	185937	3346733	14498004992	10822946816	799.8	20	0
723.97	3346733	185937	3346733	14498152448	10822946816	807.9	20	0
724.97	3346733	185937	3346733	14498258944	10822946816	800.1	20	0
725.98	3346733	185937	3346733	14498295808	10822946816	807.5	20	0
726.98	3346733	185937	3346733	14498103296	10822946816	799.7	20	0
727.99	3346733	185937	3346733	14498283520	10822946816	799.7	20	0
728.99	3346733	185937	3346733	14497693696	10822946816	807.8	20	0
729.99	3346733	185937	3346733	14497607680	10822950912	799.8	20	0
731.00	3346733	185937	3346733	14497669120	10822950912	807.7	20	0
732.00	3346733	185937	3346733	14497206272	10822959104	799.7	20	0
733.01	3346733	185937	3346733	14497193984	10824994816	807.7	20	0
734.01	3346733	185937	3346733	14497644544	10825003008	799.8	20	0
735.02	3346733	185937	3346733	14497361920	10825007104	799.6	20	0
736.02	3346733	185937	3346733	14497538048	10825007104	807.6	20	0
737.02	3346733	185937	3346733	14497804288	10825007104	799.7	20	0
738.03	3346733	185937	3346733	14497648640	10825007104	807.7	20	0
739.03	3346733	185937	3346733	14497423360	10825007104	799.6	20	0
740.04	3346733	185937	3346733	14497394688	10825015296	807.6	20	0
741.04	3346733	185937	3346733	14497972224	10825023488	799.8	20	0
742.04	3346733	190316	3346733	14502502400	10825023488	875.4	20	0
743.05	3346733	196243	3346733	14508122112	10825023488	912.1	20	0
744.05	3346733	202179	3346733	14514733056	10825027584	902.9	20	0
745.06	3346733	204666	3346733	14517198848	10825027584	851.6	20	0
746.06	3346733	204666	3346733	14516928512	10825027584	799.5	20	0
747.07	3346733	204666	3346733	14517018624	10825027584	799.7	20	0
748.07	3346733	204666	3346733	14516920320	10825027584	807.4	20	0
749.07	3346733	204666	3346733	14516813824	10825027584	800.3	20	0
750.08	3346733	204666	3346733	14516588544	10825027584	806.6	20	0
751.08	3346733	204666	3346733	14516887552	10825027584	799.7	20	0
752.09	3346733	204666	3346733	14516703232	10825031680	799.7	20	0
753.09	3346733	204666	3346733	14516977664	10825031680	807.6	20	0
754.09	3346733	204666	3346733	14516621312	10825125888	799.8	20	0
755.10	3346733	204666	3346733	14517424128	10825138176	807.7	20	0
756.10	3346733	204666	3346733	14517465088	10825138176	799.6	20	0
757.11	3346733	204666	3346733	14516801536	10825138176	807.7	20	0
758.11	3346733	204666	3346733	14516920320	10825142272	799.9	20	0
759.11	3346733	204666	3346733	14516891648	10825142272	800.3	20	0
760.12	3346733	204666	3346733	14517129216	10825154560	808.3	20	0
761.12	3346733	204666	3346733	14517354496	10825162752	800.5	20	0
762.13	3346733	204666	3346733	14516838400	10825162752	807.8	20	0
763.13	3346733	204666	3346733	14517035008	10825162752	800.3	20	0
764.14	3346733	204666	3346733	14517305344	10825162752	800.1	20	0
765.14	3346733	204666	3346733	14516645888	10825273344	808.2	20	0
766.14	3346733	204666	3346733	14517112832	10825273344	799.5	20	0
767.15	3346733	204666	3346733	14516977664	10825273344	807.7	20	0
768.15	3346733	204666	3346733	14516621312	10825277440	799.8	20	0
769.16	3346733	204666	3346733	14516928512	10825277440	799.6	20	0
770.16	3346733	204666	3346733	14517469184	10825285632	807.3	20	0
771.16	3346733	204666	3346733	14517895168	10825293824	799.4	20	0
772.17	3346733	204666	3346733	14517825536	10825297920	807.5	20	0
773.17	3346733	204666	3346733	14517411840	10825297920	799.4	20	0
774.18	3346733	204666	3346733	14517641216	10825297920	799.7	20	0
775.18	3346733	204666	3346733	14517952512	10825297920	807.5	20	0
776.18	3346733	204666	3346733	14517551104	10825297920	799.9	20	0
777.19	3346733	204666	3346733	14517866496	10825375744	807.4	20	0
778.19	3346733	204666	3346733	14517919744	10825379840	799.8	20	0
779.20	3346733	204666	3346733	14517772288	10825383936	799.6	20	0
780.20	3346733	204666	3346733	14517235712	10825383936	807.9	20	0
781.20	3346733	204666	3346733	14517391360	10825383936	799.8	20	0
782.21	3346733	204666	3346733	14517690368	10825383936	807.6	20	0
783.21	3346733	204666	3346733	14518239232	10825400320	799.7	20	0
784.22	3346733	204666	3346733	14518022144	10825400320	807.7	20	0
785.22	3346733	204666	3346733	14517620736	10825408512	799.7	20	0
786.22	3346733	204666	3346733	14517362688	10825408512	799.8	20	0
787.23	3346733	204666	3346733	14517444608	10825408512	807.7	20	0
788.23	3346733	204666	3346733	14517346304	10825412608	799.6	20	0
789.24	3346733	204666	3346733	14722396160	11029450752	807.4	20	0
790.24	3346733	204666	3346733	14520537088	10828578816	799.8	20	0
791.25	3346733	204666	3346733	14523465728	10831331328	799.7	20	0
792.25	3346733	204666	3346733	14526558208	10834018304	807.7	20	0
793.25	3346733	204666	3346733	14529236992	10836733952	799.7	20	0
794.26	3346733	204666	3346733	14531948544	10839552000	807.7	20	0
795.26	3346733	204666	3346733	14534438912	10844020736	799.6	20	0
796.27	3346733	204666	3346733	14537089024	10846949376	799.8	20	0
797.27	3346733	204666	3346733	14540378112	10849648640	807.6	20	0
798.27	3346733	204666	3346733	14542319616	10852315136	799.6	20	0
799.28	3346733	204666	3346733	14545264640	10854793216	807.5	20	0
800.28	3346733	204666	3346733	14547771392	10857566208	799.8	20	0
801.29	3346733	204666	3346733	14549962752	10860220416	799.6	20	0
802.29	3346733	204666	3346733	14552338432	10862915584	807.6	20	0
803.29	3346733	204666	3346733	14555414528	10865590272	800.5	20	0
804.30	3346733	204666	3346733	14558310400	10868088832	806.8	20	0
805.30	3346733	204666	3346733	14561329152	10871181312	799.7	20	0
806.31	3346733	204666	3346733	14564605952	10874634240	800.3	20	0
807.31	3346733	204666	3346733	14568128512	10877575168	807.5	20	0
808.31	3346733	204666	3346733	14570864640	10880241664	800.2	20	0
809.32	3346733	204666	3346733	14573498368	10883506176	807.2	20	0
810.32	3346733	204666	3346733	14576013312	10886639616	799.9	20	0
811.33	3346733	204666	3346733	14579322880	10889555968	807.8	20	0
812.33	3346733	204666	3346733	14582972416	10892304384	799.7	20	0
813.33	3346733	204666	3346733	14585450496	10895429632	799.9	20	0
814.34	3346733	204666	3346733	14589087744	10898440192	807.8	20	0
815.34	3346733	204666	3346733	14591561728	10901020672	799.6	20	0
816.35	3346733	204666	3346733	14593740800	10903486464	807.5	20	0
817.35	3346733	204666	3346733	14597365760	10906476544	799.7	20	0
818.36	3346733	204666	3346733	14599471104	10909433856	799.8	20	0
819.36	3346733	204666	3346733	14602330112	10912374784	807.7	20	0
820.36	3346733	204666	3346733	14605496320	10914795520	799.5	20	0
821.37	3346733	204666	3346733	14607949824	10917289984	807.7	20	0
822.37	3346733	204666	3346733	14610767872	10920022016	799.7	20	0
823.38	3346733	204666	3346733	14613229568	10923102208	799.7	20	0
824.38	3346733	204666	3346733	14615519232	10925649920	807.4	20	0
825.38	3346733	204666	3346733	14618124288	10928148480	799.6	20	0
826.39	3346733	204666	3346733	14620471296	10930663424	807.4	20	0
827.39	3346733	204666	3346733	14624456704	10933575680	799.6	20	0
828.40	3346733	204666	3346733	14627110912	10936332288	799.7	20	0
829.40	3346733	204666	3346733	14630039552	10939183104	807.7	20	0
830.40	3346733	204666	3346733	14632890368	10941988864	799.6	20	0
831.41	3346733	204666	3346733	14636343296	10944684032	807.6	20	0
832.41	3346733	204666	3346733	14638505984	10947506176	799.8	20	0
833.42	3346733	204666	3346733	14641037312	10950475776	807.9	20	0
834.42	3346733	204666	3346733	14644428800	10953478144	799.8	20	0
835.42	3346733	204666	3346733	14647148544	10956369920	799.9	20	0
836.43	3346733	204666	3346733	14650216448	10958909440	807.4	20	0
837.43	3346733	204666	3346733	14652256256	10961879040	799.9	20	0
838.44	3346733	204666	3346733	14655115264	10964549632	807.6	20	0
839.44	3346733	204666	3346733	14657060864	10967187456	799.8	20	0
840.45	3346733	204666	3346733	14659846144	10969804800	799.7	20	0
841.45	3346733	204666	3346733	14662959104	10972614656	807.7	20	0
842.45	3346733	204666	3346733	14665416704	10975367168	799.8	20	0
843.46	3346733	204666	3346733	14668238848	10977992704	807.8	20	0
844.46	3346733	204666	3346733	14670958592	10980614144	799.8	20	0
845.47	3346733	204666	3346733	14673596416	10983137280	799.7	20	0
846.47	3346733	204666	3346733	14676754432	10985627648	807.5	20	0
847.47	3346733	204666	3346733	14678777856	10988441600	799.8	20	0
848.48	3346733	204666	3346733	14681972736	10991124480	807.8	20	0
849.48	3346733	204666	3346733	14684680192	10993848320	799.9	20	0
850.49	3346733	204666	3346733	14687412224	10996789248	799.8	20	0
851.49	3346733	204666	3346733	14690103296	10999414784	807.6	20	0
852.49	3346733	204666	3346733	14693040128	11002015744	800.5	20	0
853.50	3346733	204666	3346733	14695366656	11004952576	807.2	20	0
854.50	3346733	204666	3346733	14698127360	11007533056	799.8	20	0
855.51	3346733	204666	3346733	14700576768	11010240512	799.7	20	0
856.51	3346733	204666	3346733	14703792128	11013238784	807.7	20	0
857.51	3346733	204666	3346733	14707298304	11016269824	800.0	20	0
858.52	3346733	204666	3346733	14709538816	11019374592	807.8	20	0
859.52	3346733	204666	3346733	14713126912	11022516224	799.9	20	0
860.53	3346733	204666	3346733	14715842560	11025133568	799.8	20	0
861.53	3346733	204666	3346733	14718750720	11028402176	808.1	20	0
862.53	3346733	204666	3346733	14722232320	11031363584	800.1	20	0
863.54	3346733	204666	3346733	14724030464	11033595904	807.4	20	0
864.54	3346733	204666	3346733	14726348800	11035983872	799.4	20	0
865.55	3346733	204666	3346733	14728916992	11038371840	799.6	20	0
866.55	3346733	204666	3346733	14731288576	11040759808	807.4	20	0
867.55	3346733	206885	3346733	14736674816	11043225600	836.6	20	0
868.56	3346733	212943	3346733	14744862720	11045441536	911.5	20	0
869.56	3346733	219000	3346733	14753345536	11047677952	902.7	20	0
870.57	3346733	225058	3346733	14762344448	11050303488	912.0	20	0
871.57	3346733	231049	3346733	14770667520	11052924928	903.6	20	0
872.57	3346733	237060	3346733	14779625472	11055325184	903.2	20	0
873.58	3346733	242016	3346733	14786871296	11057795072	894.3	20	0
874.58	3346733	242016	3346733	14789517312	11060084736	799.5	20	0
875.59	3346733	242016	3346733	14792536064	11063054336	808.0	20	0
876.59	3346733	242016	3346733	14794706944	11065356288	799.5	20	0
877.60	3346733	242016	3346733	14798262272	11068432384	800.1	20	0
878.60	3346733	242016	3346733	14799048704	11070361600	807.3	20	0
879.60	3346733	242016	3346733	14801424384	11072577536	799.6	20	0
880.61	3346733	242016	3346733	14804455424	11075227648	807.6	20	0
881.61	3346733	242016	3346733	14807015424	11078000640	799.8	20	0
882.62	3346733	242016	3346733	14809604096	11080486912	799.6	20	0
883.62	3346733	242016	3346733	14811729920	11083096064	807.7	20	0
884.62	3346733	242016	3346733	14815412224	11085914112	799.7	20	0
885.63	3346733	242016	3346733	14817005568	11088642048	807.9	20	0
886.63	3346733	242016	3346733	14820134912	11091664896	799.7	20	0
887.64	3346733	242016	3346733	14823591936	11094425600	799.6	20	0
888.64	3346733	242016	3346733	14825828352	11097546752	807.6	20	0
889.64	3346733	242016	3346733	14829813760	11100618752	799.8	20	0
890.65	3346733	242016	3346733	14832361472	11103289344	807.7	20	0
891.65	3346733	242016	3346733	14835978240	11106623488	799.9	20	0
892.66	3346733	242016	3346733	14839046144	11109494784	799.8	20	0
893.66	3346733	242016	3346733	14841294848	11112058880	807.6	20	0
894.66	3346733	242016	3346733	14844084224	11115302912	799.9	20	0
895.67	3346733	242016	3346733	14846631936	11117850624	807.7	20	0
896.67	3346733	242016	3346733	14850285568	11120988160	799.7	20	0
897.68	3346733	242016	3346733	14853234688	11123847168	807.6	20	0
898.68	3346733	242016	3346733	14855561216	11126681600	799.8	20	0
899.68	3346733	242016	3346733	14857781248	11129647104	799.9	20	0
900.69	3346733	242016	3346733	14860800000	11132506112	807.8	20	0
901.69	3346733	242016	3346733	14863929344	11135418368	799.7	20	0
902.70	3346733	242016	3346733	14866157568	11138129920	808.0	20	0
903.70	3346733	242016	3346733	14868594688	11140837376	800.1	20	0
904.71	3346733	242016	3346733	14871216128	11143356416	799.8	20	0
905.71	3346733	242016	3346733	14874103808	11146436608	806.9	20	0
906.72	3346733	242016	3346733	14877110272	11149324288	799.7	20	0
907.72	3346733	242016	3346733	14880501760	11152330752	807.6	20	0
908.72	3346733	242016	3346733	14883835904	11155439616	800.5	20	0
909.73	3346733	242016	3346733	14886821888	11158417408	807.6	20	0
910.73	3346733	242016	3346733	14890094592	11161153536	799.6	20	0
911.74	3346733	242016	3346733	14892728320	11164520448	807.8	20	0
912.74	3346733	242016	3346733	14895874048	11167395840	799.5	20	0
913.75	3346733	242016	3346733	14898442240	11170295808	799.6	20	0
914.75	3346733	242016	3346733	14901137408	11173019648	807.7	20	0
915.75	3346733	242016	3346733	14904356864	11175776256	799.8	20	0
916.76	3346733	242016	3346733	14906937344	11178311680	807.3	20	0
917.76	3346733	242016	3346733	14909542400	11181232128	799.7	20	0
918.77	3346733	242016	3346733	14912294912	11184074752	800.1	20	0
919.77	3346733	242016	3346733	14915215360	11186712576	807.1	20	0
920.77	3346733	242016	3346733	14918578176	11189587968	799.6	20	0
921.78	3346733	242016	3346733	14921244672	11192250368	807.4	20	0
922.78	3346733	242016	3346733	14923673600	11194933248	799.6	20	0
923.79	3346733	242016	3346733	14926356480	11197853696	799.7	20	0
924.79	3346733	242016	3346733	14929375232	11200761856	807.7	20	0
925.79	3346733	242016	3346733	14932070400	11203457024	799.6	20	0
926.80	3346733	242016	3346733	14935457792	11206742016	807.8	20	0
927.80	3346733	242016	3346733	14938279936	11209400320	799.9	20	0
928.81	3346733	242164	3346733	14941712384	11212292096	811.5	20	0
929.81	3346733	247875	3346733	14951149568	11215257600	903.6	20	0
930.82	3346733	253786	3346733	14960984064	11218227200	903.1	20	0
931.82	3346733	259731	3346733	14969069568	11220934656	912.0	20	0
932.82	3346733	260489	3346733	14972268544	11223744512	813.3	20	0
933.83	3346733	260489	3346733	14975574016	11226566656	807.6	20	0
934.83	3346733	260489	3346733	14978715648	11229507584	799.9	20	0
935.84	3346733	260489	3346733	15689506816	11939418112	801.7	20	0
936.84	3346733	260489	3346733	14982168576	11233525760	805.0	20	0
937.84	3346733	260489	3346733	14984847360	11236311040	799.8	20	0
938.85	3346733	260489	3346733	14987743232	11238977536	807.4	20	0
939.85	3346733	260489	3346733	14990274560	11241607168	799.6	20	0
940.86	3346733	260489	3346733	14993408000	11244277760	799.9	20	0
941.86	3346733	260489	3346733	14995636224	11246669824	807.5	20	0
942.86	3346733	260489	3346733	14998540288	11249483776	800.8	20	0
943.87	3346733	260489	3346733	15000350720	11252039680	806.6	20	0
944.87	3346733	260489	3346733	15002841088	11254476800	799.9	20	0
945.88	3346733	260489	3346733	15005769728	11257257984	808.3	20	0
946.88	3346733	260489	3346733	15008485376	11259838464	800.3	20	0
947.89	3346733	260489	3346733	15010906112	11262484480	800.4	20	0
948.89	3346733	260489	3346733	15013605376	11265421312	808.3	20	0
949.89	3346733	260489	3346733	15016079360	11268214784	800.2	20	0
950.90	3346733	260489	3346733	15019036672	11270549504	807.4	20	0
951.90	3346733	260489	3346733	15022505984	11273625600	800.4	20	0
952.91	3346733	260489	3346733	15025041408	11276324864	799.4	20	0
953.91	3346733	260489	3346733	15027728384	11279106048	807.7	20	0
954.91	3346733	260489	3346733	15029903360	11281543168	799.5	20	0
955.92	3346733	260489	3346733	15033204736	11284287488	807.7	20	0
956.92	3346733	260489	3346733	15035625472	11287093248	799.9	20	0
957.93	3346733	260489	3346733	15038812160	11289776128	799.7	20	0
958.93	3346733	260489	3346733	15041269760	11292868608	807.8	20	0
959.93	3346733	260489	3346733	15044689920	11295748096	799.8	20	0
960.94	3346733	260489	3346733	15046840320	11298344960	807.8	20	0
961.94	3346733	260489	3346733	15049793536	11300958208	799.8	20	0
962.95	3346733	260489	3346733	15051956224	11303559168	807.8	20	0
963.95	3346733	260489	3346733	15055048704	11306369024	799.9	20	0
964.96	3346733	260489	3346733	15058001920	11309174784	801.8	20	0
965.96	3346733	260489	3346733	15061262336	11311874048	805.8	20	0
966.96	3346733	260489	3346733	15063818240	11314499584	799.8	20	0
967.97	3346733	260489	3346733	15066406912	11317342208	807.8	20	0
968.97	3346733	260489	3346733	15069138944	11320123392	799.8	20	0
969.98	3346733	260489	3346733	15071346688	11322875904	799.7	20	0
970.98	3346733	260489	3346733	15073890304	11325632512	807.7	20	0
971.98	3346733	260489	3346733	15076925440	11328327680	799.6	20	0
972.99	3346733	260489	3346733	15079329792	11331096576	807.7	20	0
973.99	3346733	260489	3346733	15082229760	11333771264	799.5	20	0
975.00	3346733	260489	3346733	15084363776	11336118272	799.4	20	0
976.00	3346733	260489	3346733	15087165440	11338588160	807.3	20	0
977.00	3346733	260489	3346733	15089786880	11341189120	799.7	20	0
978.01	3346733	260489	3346733	15092625408	11343892480	807.4	20	0
979.01	3346733	260489	3346733	15095623680	11346477056	799.5	20	0
980.02	3346733	260489	3346733	15098355712	11349331968	807.6	20	0
981.02	3346733	260489	3346733	15101595648	11351990272	799.7	20	0
982.03	3346733	260489	3346733	15103754240	11354746880	799.4	20	0
983.03	3346733	260489	3346733	15106949120	11357708288	807.8	20	0
984.03	3346733	260489	3346733	15108694016	11359997952	799.7	20	0
985.04	3346733	260489	3346733	15111659520	11362795520	807.6	20	0
986.04	3346733	260489	3346733	15114698752	11365564416	799.8	20	0
987.05	3346733	260489	3346733	15117012992	11368271872	799.8	20	0
988.05	3346733	260489	3346733	15119900672	11371188224	807.9	20	0
989.05	3346733	260489	3346733	15122653184	11373596672	799.5	20	0
990.06	3346733	260489	3346733	15124615168	11376054272	807.6	20	0
991.06	3346733	260489	3346733	15127707648	11378802688	799.8	20	0
992.07	3346733	260489	3346733	15130796032	11381903360	808.0	20	0
993.07	3346733	260489	3346733	15133458432	11384446976	799.8	20	0
994.08	3346733	260489	3346733	15136641024	11387252736	799.8	20	0
995.08	3346733	260489	3346733	15139741696	11390156800	807.9	20	0
996.08	3346733	260489	3346733	15143006208	11393511424	799.6	20	0
997.09	3346733	260489	3346733	15144984576	11396415488	807.9	20	0
998.09	3346733	260489	3346733	15148388352	11399270400	799.8	20	0
999.10	3346733	260489	3346733	15150301184	11401748480	799.7	20	0
1000.10	3346733	260489	3346733	15154802688	11404828672	807.6	20	0
1001.10	3346733	260489	3346733	15157678080	11407704064	799.4	20	0
1002.11	3346733	260489	3346733	15159808000	11410571264	807.7	20	0
1003.11	3346733	260489	3346733	15162728448	11413286912	799.4	20	0
1004.12	3346733	260489	3346733	15165419520	11415924736	807.8	20	0
1005.12	3346733	260489	3346733	15167688704	11418673152	799.8	20	0
1006.13	3346733	260489	3346733	15170748416	11421413376	799.8	20	0
1007.13	3346733	260489	3346733	15173099520	11424276480	807.8	20	0
1008.13	3346733	260489	3346733	15175778304	11426881536	799.7	20	0
1009.14	3346733	260489	3346733	15177797632	11428716544	807.3	20	0
1010.14	3346733	260489	3346733	15179956224	11430699008	799.4	20	0
1011.15	3346733	260489	3346733	15182254080	11433050112	808.3	20	0
1012.15	3346733	260489	3346733	15183638528	11434348544	799.3	20	0
1013.16	3346733	260489	3346733	15184461824	11435532288	799.4	20	0
1014.16	3346733	260489	3346733	15186075648	11436822528	807.2	20	0
1015.16	3346733	260489	3346733	15187763200	11438436352	799.6	20	0
1016.17	3346733	260489	3346733	15189049344	11440001024	807.4	20	0
1017.17	3346733	260489	3346733	15190999040	11441799168	799.0	20	0
1018.18	3346733	260489	3346733	15193395200	11444232192	807.3	20	0
1019.18	3346733	260489	3346733	15194849280	11445784576	799.0	20	0
1020.19	3346733	260489	3346733	15196233728	11447529472	807.1	20	0
1021.19	3346733	260489	3346733	15200034816	11450081280	799.4	20	0
1022.20	3346733	260489	3346733	15202004992	11452399616	800.0	20	0
1023.20	3346733	260489	3346733	15204249600	11454660608	807.1	20	0
1024.20	3346733	260489	3346733	15206936576	11457437696	799.9	20	0
1025.21	3346733	260489	3346733	15209353216	11460104192	807.8	20	0
1026.21	3346733	260489	3346733	15211708416	11462320128	800.0	20	0
1027.22	3346733	260489	3346733	15214473216	11464982528	799.2	20	0
1028.22	3346733	260489	3346733	15217475584	11467841536	807.9	20	0
1029.22	3346733	260489	3346733	15219576832	11470491648	799.8	20	0
1030.23	3346733	260489	3346733	15222571008	11473129472	807.6	20	0
1031.23	3346733	260489	3346733	15225487360	11475763200	799.6	20	0
1032.24	3346733	260489	3346733	15228116992	11478220800	807.6	20	0
1033.24	3346733	260489	3346733	15229988864	11480838144	800.0	20	0
1034.25	3346733	260489	3346733	15232942080	11483430912	799.5	20	0
1035.25	3346733	260489	3346733	15235604480	11485986816	807.5	20	0
1036.25	3346733	260489	3346733	15238389760	11488796672	799.8	20	0
1037.26	3346733	260489	3346733	15241711616	11491495936	807.6	20	0
1038.26	3346733	260489	3346733	15243857920	11494146048	799.8	20	0
1039.27	3346733	260489	3346733	15247118336	11497185280	799.8	20	0
1040.27	3346733	260489	3346733	15250292736	11500171264	807.7	20	0
1041.27	3346733	260489	3346733	15252463616	11502874624	799.9	20	0
1042.28	3346733	260489	3346733	15255547904	11505639424	807.7	20	0
1043.28	3346733	260489	3346733	15258124288	11508551680	800.1	20	0
1044.29	3346733	260489	3346733	15260786688	11511697408	807.4	20	0
1045.29	3346733	260489	3346733	15263842304	11514552320	799.8	20	0
1046.30	3346733	260489	3346733	15266332672	11517210624	799.7	20	0
1047.30	3346733	260489	3346733	15268372480	11519045632	807.3	20	0
1048.30	3346733	260489	3346733	15270518784	11521273856	799.8	20	0
1049.31	3346733	260489	3346733	15271866368	11523551232	807.4	20	0
1050.31	3346733	260489	3346733	15275376640	11526217728	799.8	20	0
1051.32	3346733	260489	3346733	15278673920	11528687616	807.7	20	0
1052.32	3346733	260489	3346733	15281410048	11531415552	799.8	20	0
1053.33	3346733	260489	3346733	15284322304	11534295040	799.9	20	0
1054.33	3346733	260489	3346733	15287410688	11537104896	807.7	20	0
1055.33	3346733	260489	3346733	15289593856	11539365888	799.6	20	0
1056.34	3346733	266215	3346733	15297892352	11541807104	907.0	20	0
1057.34	3346733	272156	3346733	15306260480	11544227840	903.2	20	0
1058.35	3346733	278100	3346733	15315341312	11547070464	903.9	20	0
1059.35	3346733	284011	3346733	15323893760	11549573120	911.7	20	0
1060.35	3346733	289903	3346733	15331627008	11552079872	903.3	20	0
1061.36	3346733	295857	3346733	15340773376	11554557952	912.2	20	0
1062.36	3346733	297682	3346733	15345553408	11557240832	832.2	20	0
1063.37	3346733	297682	3346733	15347650560	11559817216	807.8	20	0
1064.37	3346733	297682	3346733	15349866496	11562455040	799.7	20	0
1065.38	3346733	297682	3346733	15352614912	11565109248	799.8	20	0
1066.38	3346733	297682	3346733	15355617280	11568074752	807.9	20	0
1067.38	3346733	297682	3346733	15358697472	11571044352	800.0	20	0
1068.39	3346733	297682	3346733	15360712704	11573211136	807.5	20	0
1069.39	3346733	297682	3346733	15362949120	11575279616	799.5	20	0
1070.40	3346733	297682	3346733	15365292032	11578056704	807.8	20	0
1071.40	3346733	297682	3346733	15367602176	11580903424	799.8	20	0
1072.41	3346733	297682	3346733	15371169792	11583864832	799.8	20	0
1073.41	3346733	297682	3346733	15374225408	11586904064	807.9	20	0
1074.41	3346733	297682	3346733	15376539648	11589382144	799.7	20	0
1075.42	3346733	297682	3346733	15379140608	11591843840	807.6	20	0
1076.42	3346733	297682	3346733	15381770240	11594088448	799.5	20	0
1077.43	3346733	297682	3346733	15383990272	11596640256	799.8	20	0
1078.43	3346733	297682	3346733	15386779648	11599069184	807.7	20	0
1079.43	3346733	297682	3346733	15388721152	11601686528	799.6	20	0
1080.44	3346733	297682	3346733	15391371264	11603742720	807.3	20	0
1081.44	3346733	297682	3346733	15393280000	11606224896	799.5	20	0
1082.45	3346733	297682	3346733	15395885056	11608641536	807.6	20	0
1083.45	3346733	297682	3346733	15398191104	11611164672	799.6	20	0
1084.46	3346733	297682	3346733	15401160704	11613609984	799.5	20	0
1085.46	3346733	297682	3346733	15403663360	11616182272	807.5	20	0
1086.46	3346733	297682	3346733	15405801472	11618455552	799.7	20	0
1087.47	3346733	297682	3346733	15408644096	11621163008	807.7	20	0
1088.47	3346733	297682	3346733	15411240960	11624062976	799.7	20	0
1089.48	3346733	297682	3346733	15413604352	11626561536	799.6	20	0
1090.48	3346733	297682	3346733	15416188928	11629256704	807.7	20	0
1091.48	3346733	297682	3346733	15419420672	11631697920	799.5	20	0
1092.49	3346733	297682	3346733	15420719104	11633430528	807.0	20	0
1093.49	3346733	297682	3346733	15422910464	11635552256	799.6	20	0
1094.50	3346733	297682	3346733	15425302528	11637972992	807.5	20	0
1095.50	3346733	297682	3346733	15427796992	11640377344	799.6	20	0
1096.51	3346733	297682	3346733	15429996544	11642503168	800.1	20	0
1097.51	3346733	297682	3346733	15432380416	11644788736	807.2	20	0
1098.51	3346733	297682	3346733	15434870784	11647180800	799.3	20	0
1099.52	3346733	297682	3346733	15437074432	11649794048	807.6	20	0
1100.52	3346733	297682	3346733	15440011264	11652272128	799.7	20	0
1101.53	3346733	297682	3346733	15442411520	11654787072	799.6	20	0
1102.53	3346733	297682	3346733	15444590592	11657211904	807.7	20	0
1103.53	3346733	297682	3346733	15446863872	11659849728	799.8	20	0
1104.54	3346733	297682	3346733	15449784320	11662344192	807.7	20	0
1105.54	3346733	297682	3346733	15451955200	11664793600	799.7	20	0
1106.55	3346733	297682	3346733	15455088640	11667603456	807.9	20	0
1107.55	3346733	297682	3346733	15457923072	11670138880	799.6	20	0
1108.56	3346733	297682	3346733	15460114432	11672616960	799.8	20	0
1109.56	3346733	297682	3346733	15463006208	11675443200	807.6	20	0
1110.56	3346733	297682	3346733	15465005056	11678355456	799.9	20	0
1111.57	3346733	297682	3346733	15468318720	11680886784	807.7	20	0
1112.57	3346733	297682	3346733	15471689728	11683946496	799.7	20	0
1113.58	3346733	297682	3346733	15474589696	11687014400	800.5	20	0
1114.58	3346733	297682	3346733	15476867072	11689414656	806.7	20	0
1115.58	3346733	297682	3346733	15479767040	11692138496	800.3	20	0
1116.59	3346733	297682	3346733	15482269696	11694505984	807.0	20	0
1117.59	3346733	297682	3346733	15485304832	11697065984	799.7	20	0
1118.60	3346733	297682	3346733	15488663552	11700985856	807.7	20	0
1119.60	3346733	297682	3346733	15493009408	11705565184	799.9	20	0
1120.61	3346733	297682	3346733	15497785344	11710070784	799.7	20	0
1121.61	3346733	297682	3346733	15501791232	11714547712	808.0	20	0
1122.61	3346733	297682	3346733	15506624512	11719086080	799.5	20	0
1123.62	3346733	297682	3346733	15511343104	11723776000	807.7	20	0
1124.62	3346733	297682	3346733	15515971584	11728265216	799.9	20	0
1125.63	3346733	297682	3346733	15520043008	11732496384	807.6	20	0
1126.63	3346733	297682	3346733	15524859904	11736756224	799.7	20	0
1127.64	3346733	297682	3346733	15529312256	11741339648	799.8	20	0
1128.64	3346733	297682	3346733	15533174784	11745382400	807.6	20	0
1129.64	3346733	297682	3346733	15537471488	11749658624	799.6	20	0
1130.65	3346733	297682	3346733	15541280768	11753308160	807.4	20	0
1131.65	3346733	297682	3346733	15545098240	11757752320	799.6	20	0
1132.66	3346733	297682	3346733	15550402560	11762204672	799.8	20	0
1133.66	3346733	297682	3346733	15554076672	11766349824	807.5	20	0
1134.66	3346733	297682	3346733	15558070272	11770863616	800.4	20	0
1135.67	3346733	297682	3346733	15562731520	11775270912	807.3	20	0
1136.67	3346733	297682	3346733	15567011840	11779469312	800.1	20	0
1137.68	3346733	297682	3346733	15570935808	11783270400	807.1	20	0
1138.68	3346733	297682	3346733	15575191552	11787657216	799.7	20	0
1139.69	3346733	297682	3346733	15579308032	11791941632	799.8	20	0
1140.69	3346733	297682	3346733	15583117312	11795939328	807.5	20	0
1141.69	3346733	297682	3346733	15588429824	11800662016	799.8	20	0
1142.70	3346733	297682	3346733	15592665088	11804876800	807.5	20	0
1143.70	3346733	297682	3346733	15596699648	11809075200	799.8	20	0
1144.71	3346733	297682	3346733	15601750016	11813621760	799.8	20	0
1145.71	3346733	297682	3346733	15605870592	11817754624	807.6	20	0
1146.71	3346733	297682	3346733	15609905152	11822182400	800.8	20	0
1147.72	3346733	297682	3346733	15614402560	11826544640	806.5	20	0
1148.72	3346733	297682	3346733	15619076096	11830767616	799.5	20	0
1149.73	3346733	297682	3346733	15622524928	11834966016	807.7	20	0
1150.73	3346733	297682	3346733	15627284480	11839508480	799.7	20	0
1151.74	3346733	297682	3346733	15631253504	11843686400	799.6	20	0
1152.74	3346733	297682	3346733	15635988480	11847925760	807.6	20	0
1153.74	3346733	297682	3346733	15640707072	11852136448	799.6	20	0
1154.75	3346733	297682	3346733	15644000256	11856252928	807.6	20	0
1155.75	3346733	297682	3346733	15649435648	11860582400	799.5	20	0
1156.76	3346733	297682	3346733	15652589568	11864678400	799.6	20	0
1157.76	3346733	297682	3346733	15657578496	11869122560	807.7	20	0
1158.76	3346733	297682	3346733	15661985792	11873587200	799.7	20	0
1159.77	3346733	297682	3346733	15665070080	11877507072	807.4	20	0
1160.77	3346733	297682	3346733	15669526528	11881668608	799.7	20	0
1161.78	3346733	297682	3346733	15674200064	11885703168	799.6	20	0
1162.78	3346733	297682	3346733	15678177280	11889831936	807.4	20	0
1163.78	3346733	297682	3346733	15683084288	11894562816	800.6	20	0
1164.79	3346733	297682	3346733	15687995392	11898986496	806.9	20	0
1165.79	3346733	297682	3346733	15690645504	11902619648	799.3	20	0
1166.80	3346733	297682	3346733	15694729216	11906887680	807.8	20	0
1167.80	3346733	297682	3346733	15698812928	11911016448	799.6	20	0
1168.81	3346733	297682	3346733	15703293952	11914870784	799.6	20	0
1169.81	3346733	297682	3346733	15706628096	11918950400	807.4	20	0
1170.81	3346733	297682	3346733	15711219712	11923468288	800.6	20	0
1171.82	3346733	297682	3346733	15715323904	11927724032	807.1	20	0
1172.82	3346733	297682	3346733	15720607744	11931791360	799.6	20	0
1173.83	3346733	297682	3346733	15724568576	11935739904	807.6	20	0
1174.83	3346733	297682	3346733	15728533504	11939962880	799.5	20	0
1175.84	3346733	297682	3346733	15732363264	11944464384	799.7	20	0
1176.84	3346733	297682	3346733	15737192448	11949027328	807.8	20	0
1177.84	3346733	297682	3346733	15741927424	11953360896	799.7	20	0
1178.85	3346733	297682	3346733	15745433600	11957227520	807.6	20	0
1179.85	3346733	297682	3346733	15748464640	11961094144	799.4	20	0
1180.86	3346733	297682	3346733	15753666560	11965337600	799.6	20	0
1181.86	3346733	297682	3346733	15757774848	11969679360	807.5	20	0
1182.86	3346733	297682	3346733	15761485824	11973521408	799.4	20	0
1183.87	3346733	297682	3346733	15766413312	11977551872	807.4	20	0
1184.87	3346733	297682	3346733	15770320896	11981643776	799.9	20	0
1185.88	3346733	297682	3346733	15773761536	11985752064	808.1	20	0
1186.88	3346733	297682	3346733	15778627584	11989794816	799.5	20	0
1187.89	3346733	297682	3346733	15782907904	11994087424	800.3	20	0
1188.89	3346733	297682	3346733	15787175936	11998117888	806.9	20	0
1189.89	3346733	297682	3346733	15791013888	12002271232	799.6	20	0
1190.90	3346733	297682	3346733	15795306496	12006899712	807.8	20	0
1191.90	3346733	297682	3346733	15799758848	12011356160	799.7	20	0
1192.91	3346733	297682	3346733	15804006400	12015849472	800.7	20	0
1193.91	3346733	297682	3346733	15808307200	12020002816	806.8	20	0
1194.91	3346733	297682	3346733	15812300800	12024471552	799.7	20	0
1195.92	3346733	297682	3346733	15816392704	12028362752	807.4	20	0
1196.92	3346733	297682	3346733	15819825152	12032253952	799.6	20	0
1197.93	3346733	297682	3346733	15824388096	12036562944	807.8	20	0
1198.93	3346733	297682	3346733	15829250048	12041228288	799.7	20	0
1199.94	3346733	297682	3346733	15833255936	12045357056	799.6	20	0
1200.94	3346733	297682	3346733	15837671424	12049879040	807.6	20	0
1201.94	3346733	297682	3346733	15841820672	12054089728	800.2	20	0
1202.95	3346733	297682	3346733	15845801984	12058157056	807.3	20	0
1203.95	3346733	297682	3346733	15849111552	12061986816	800.4	20	0
1204.96	3346733	297682	3346733	15853621248	12067938304	800.4	20	0
1205.96	3346733	297682	3346733	15858315264	12072497152	807.4	20	0
1206.97	3346733	297682	3346733	15861374976	12076134400	800.1	20	0
1207.97	3346733	297682	3346733	15865823232	12079980544	808.1	20	0
1208.97	3346733	297682	3346733	15870480384	12084584448	801.1	20	0
1209.98	3346733	297682	3346733	15875297280	12089044992	807.0	20	0
1210.98	3346733	297682	3346733	15879380992	12093206528	800.3	20	0
1211.99	3346733	297682	3346733	15883337728	12097671168	808.7	20	0
1212.99	3346733	297682	3346733	15887876096	12101971968	800.5	20	0
1214.00	3346733	297682	3346733	15892115456	12106313728	800.4	20	0
1215.00	3346733	297682	3346733	15896502272	12110442496	807.5	20	0
1216.00	3346733	297682	3346733	15900598272	12114886656	799.7	20	0
1217.01	3346733	297682	3346733	15905611776	12119261184	807.8	20	0
1218.01	3346733	297682	3346733	15909871616	12123729920	799.6	20	0
1219.02	3346733	297682	3346733	15913918464	12127821824	807.7	20	0
1220.02	3346733	297682	3346733	15917957120	12132233216	800.7	20	0
1221.03	3346733	297682	3346733	15922544640	12136525824	800.2	20	0
1222.03	3346733	297682	3346733	15926915072	12140666880	807.1	20	0
1223.03	3346733	297682	3346733	15930716160	12144463872	799.6	20	0
1224.04	3346733	297682	3346733	15935688704	12148629504	807.6	20	0
1225.04	3346733	297682	3346733	15939973120	12152930304	799.6	20	0
1226.05	3346733	297682	3346733	15943294976	12156870656	799.5	20	0
1227.05	3346733	297682	3346733	15948267520	12161576960	809.0	20	0
1228.05	3346733	297682	3346733	15952396288	12166049792	801.0	20	0
1229.06	3346733	297682	3346733	15956463616	12169981952	808.7	20	0
1230.06	3346733	297682	3346733	15960289280	12174254080	800.5	20	0
1231.07	3346733	297682	3346733	15964995584	12178223104	808.2	20	0
1232.07	3346733	297682	3346733	15968743424	12182237184	799.4	20	0
1233.08	3346733	297682	3346733	15973412864	12186722304	801.4	20	0
1234.08	3346733	297682	3346733	15977934848	12191080448	807.9	20	0
1235.08	3346733	297682	3346733	15981715456	12194856960	799.5	20	0
1236.09	3346733	297682	3346733	15985119232	12198674432	807.4	20	0
1237.09	3346733	297682	3346733	15989350400	12202831872	799.6	20	0
1238.10	3346733	297682	3346733	15993815040	12207046656	799.8	20	0
1239.10	3346733	297682	3346733	15997845504	12211519488	808.5	20	0
1240.10	3346733	297682	3346733	16002084864	12216020992	799.9	20	0
1241.11	3346733	297682	3346733	16006197248	12220026880	808.0	20	0
1242.11	3346733	297682	3346733	16009891840	12224278528	800.4	20	0
1243.12	3346733	297682	3346733	16014295040	12228276224	800.0	20	0
1244.12	3346733	297682	3346733	16019447808	12232638464	808.4	20	0
1245.12	3346733	297682	3346733	16023425024	12237180928	800.9	20	0
1246.13	3346733	297682	3346733	16027889664	12241637376	808.6	20	0
1247.13	3346733	298224	3346733	16033271808	12245762048	810.3	20	0
1248.14	3346733	298224	3346733	16034545664	12247482368	807.7	20	0
1249.14	3346733	298224	3346733	16035983360	12249165824	800.7	20	0
1250.15	3346733	298224	3346733	16037871616	12250808320	800.6	20	0
1251.15	3346733	298224	3346733	16039706624	12252610560	808.7	20	0
1252.15	3346733	298224	3346733	16041345024	12254355456	800.6	20	0
1253.16	3346733	298224	3346733	16042610688	12255981568	808.6	20	0
1254.16	3346733	298224	3346733	16044707840	12257681408	800.6	20	0
1255.17	3346733	298224	3346733	16046358528	12259364864	800.5	20	0
1256.17	3346733	298224	3346733	16047951872	12260921344	808.4	20	0
1257.17	3346733	298224	3346733	16049545216	12262572032	800.6	20	0
1258.18	3346733	298224	3346733	16051634176	12264296448	808.4	20	0
1259.18	3346733	298224	3346733	16053653504	12265885696	800.7	20	0
1260.19	3346733	298224	3346733	16054575104	12267716608	808.7	20	0
1261.19	3346733	298224	3346733	16056467456	12269248512	800.3	20	0
1262.20	3346733	298224	3346733	16058544128	12270956544	800.6	20	0
1263.20	3346733	298224	3346733	16058908672	12272549888	808.9	20	0
1264.20	3346733	298224	3346733	16061026304	12274110464	800.0	20	0
1265.21	3346733	298224	3346733	16062468096	12275724288	807.7	20	0
1266.21	3346733	298224	3346733	16064417792	12277362688	799.6	20	0
1267.22	3346733	298224	3346733	16065855488	12279091200	799.5	20	0
1268.22	3346733	298224	3346733	16068349952	12280758272	808.1	20	0
1269.22	3346733	298224	3346733	16069607424	12282331136	800.7	20	0
1270.23	3346733	298224	3346733	16071417856	12283908096	808.1	20	0
1271.23	3346733	298224	3346733	16073281536	12285607936	800.6	20	0
1272.24	3346733	298224	3346733	16074956800	12287213568	808.4	20	0
1273.24	3346733	298224	3346733	16076984320	12288835584	800.7	20	0
1274.24	3346733	298224	3346733	16078532608	12290285568	799.6	20	0
1275.25	3346733	298224	3346733	16079282176	12291907584	807.7	20	0
1276.25	3346733	298224	3346733	16080494592	12293378048	799.5	20	0
1277.26	3346733	298224	3346733	16082161664	12294975488	807.6	20	0
1278.26	3346733	298224	3346733	16083939328	12296585216	799.7	20	0
1279.27	3346733	298224	3346733	16085520384	12298215424	799.9	20	0
1280.27	3346733	298224	3346733	16087674880	12299776000	807.6	20	0
1281.27	3346733	298224	3346733	16088760320	12301176832	799.5	20	0
1282.28	3346733	298224	3346733	16090607616	12302594048	807.7	20	0
1283.28	3346733	298224	3346733	16092192768	12304097280	800.4	20	0
1284.29	3346733	298224	3346733	16093683712	12305793024	800.6	20	0
1285.29	3346733	298224	3346733	16094556160	12307329024	808.4	20	0
1286.29	3346733	298224	3346733	16096485376	12309024768	800.6	20	0
1287.30	3346733	298224	3346733	16097837056	12310409216	808.6	20	0
1288.30	3346733	298224	3346733	16099454976	12312027136	800.6	20	0
1289.31	3346733	298224	3346733	16101130240	12313690112	800.8	20	0
1290.31	3346733	298224	3346733	16102588416	12315451392	808.9	20	0
1291.31	3346733	298224	3346733	16104177664	12317208576	800.6	20	0
1292.32	3346733	298224	3346733	16106237952	12318879744	808.5	20	0
1293.32	3346733	298224	3346733	16108085248	12320489472	801.1	20	0
1294.33	3346733	298224	3346733	16109412352	12322172928	807.9	20	0
1295.33	3346733	298224	3346733	16111280128	12323905536	799.8	20	0
1296.33	3346733	298224	3346733	16112775168	12325539840	799.5	20	0
1297.34	3346733	298224	3346733	16114421760	12327362560	807.6	20	0
1298.34	3346733	298224	3346733	16116781056	12329017344	799.6	20	0
1299.35	3346733	298224	3346733	16118046720	12330737664	807.7	20	0
1300.35	3346733	298224	3346733	16120320000	12332527616	799.4	20	0
1301.36	3346733	298224	3346733	16121589760	12334112768	799.8	20	0
1302.36	3346733	298224	3346733	16123535360	12335792128	807.5	20	0
1303.36	3346733	298224	3346733	16124964864	12337520640	799.7	20	0
1304.37	3346733	298224	3346733	16126939136	12339322880	807.7	20	0
1305.37	3346733	298224	3346733	16128602112	12341198848	799.8	20	0
1306.38	3346733	302501	3346733	16133718016	12341596160	873.3	20	0
1307.38	3346733	308491	3346733	16139730944	12341596160	912.6	20	0
1308.38	3346733	314449	3346733	16145686528	12341596160	904.3	20	0
1309.39	3346733	320423	3346733	16151576576	12341596160	913.2	20	0
1310.39	3346733	326365	3346733	16158072832	12341596160	904.5	20	0
1311.40	3346733	332359	3346733	16164474880	12341596160	904.8	20	0
1312.40	3346733	338366	3346733	16170270720	12341596160	914.7	20	0
1313.40	3346733	344347	3346733	16176373760	12341596160	905.2	20	0
1314.41	3346733	350370	3346733	16182312960	12341604352	913.2	20	0
1315.41	3346733	356362	3346733	16188354560	12341604352	904.5	20	0
1316.42	3346733	362352	3346733	16194895872	12341690368	912.5	20	0
1317.42	3346733	368327	3346733	16201252864	12341772288	904.4	20	0
1318.43	3346733	374340	3346733	16207073280	12341788672	904.3	20	0
1319.43	3346733	374734	3346733	16207179776	12341788672	815.6	20	0
1320.43	3346733	374734	3346733	16206938112	12341788672	799.8	20	0
1321.44	3346733	374734	3346733	16207491072	12341923840	807.5	20	0
1322.44	3346733	374734	3346733	16207675392	12341923840	799.9	20	0
1323.45	3346733	374734	3346733	16207892480	12341923840	799.8	20	0
1324.45	3346733	374734	3346733	16207622144	12341932032	807.6	20	0
1325.45	3346733	374734	3346733	16207421440	12341932032	799.8	20	0
1326.46	3346733	374734	3346733	16207056896	12341932032	807.7	20	0
1327.46	3346733	374734	3346733	16207134720	12341936128	799.4	20	0
1328.47	3346733	374734	3346733	16207056896	12341936128	799.9	20	0
1329.47	3346733	374734	3346733	16207536128	12341944320	807.6	20	0
1330.47	3346733	374734	3346733	16207491072	12341944320	800.1	20	0
1331.48	3346733	374734	3346733	16207474688	12341944320	807.3	20	0
1332.48	3346733	374734	3346733	16207536128	12341944320	799.8	20	0
1333.49	3346733	374734	3346733	16207147008	12341944320	807.5	20	0
1334.49	3346733	374734	3346733	16207335424	12341960704	800.1	20	0
1335.50	3346733	374734	3346733	16207507456	12341960704	799.3	20	0
1336.50	3346733	374734	3346733	16207491072	12341964800	807.6	20	0
1337.50	3346733	374734	3346733	16207671296	12342059008	799.9	20	0
1338.51	3346733	374734	3346733	16207863808	12342063104	807.9	20	0
1339.51	3346733	374734	3346733	16207806464	12342063104	799.8	20	0
1340.52	3346733	374734	3346733	16207552512	12342063104	799.6	20	0
1341.52	3346733	374734	3346733	16207478784	12342063104	807.7	20	0
1342.52	3346733	374734	3346733	16207732736	12342071296	799.6	20	0
1343.53	3346733	374734	3346733	16207532032	12342079488	807.9	20	0
1344.53	3346733	374734	3346733	16208064512	12342083584	799.8	20	0
1345.54	3346733	374734	3346733	16207888384	12342083584	799.6	20	0
1346.54	3346733	374734	3346733	16207192064	12342083584	807.6	20	0
1347.54	3346733	374734	3346733	16207523840	12342128640	799.7	20	0
1348.55	3346733	374734	3346733	16207536128	12342132736	807.7	20	0
1349.55	3346733	374734	3346733	16207654912	12342136832	799.7	20	0
1350.56	3346733	374734	3346733	16208105472	12342157312	807.6	20	0
1351.56	3346733	374734	3346733	16207499264	12342157312	799.6	20	0
1352.57	3346733	374734	3346733	16208277504	12342157312	799.6	20	0
1353.57	3346733	374734	3346733	16207945728	12342157312	807.5	20	0
1354.57	3346733	374734	3346733	16207908864	12342157312	799.5	20	0
1355.58	3346733	374734	3346733	16208191488	12342157312	807.5	20	0
1356.58	3346733	374734	3346733	16208015360	12342157312	799.6	20	0
1357.59	3346733	374734	3346733	16207896576	12342157312	799.6	20	0
1358.59	3346733	374734	3346733	16207814656	12342165504	807.5	20	0
1359.60	3346733	374734	3346733	16207798272	12342165504	799.8	20	0
1360.60	3346733	374734	3346733	16208076800	12342165504	807.6	20	0
1361.60	3346733	374734	3346733	16207683584	12342165504	799.8	20	0
1362.61	3346733	374734	3346733	16207679488	12342169600	807.8	20	0
1363.61	3346733	374734	3346733	16207966208	12342169600	799.6	20	0
1364.62	3346733	374734	3346733	16207618048	12342169600	799.7	20	0
1365.62	3346733	374734	3346733	16207781888	12342169600	807.4	20	0
1366.62	3346733	374734	3346733	16207896576	12342173696	799.6	20	0
1367.63	3346733	374734	3346733	16208392192	12342177792	807.4	20	0
1368.63	3346733	374734	3346733	16208031744	12342181888	799.9	20	0
1369.64	3346733	374734	3346733	16207859712	12342181888	807.7	20	0
1370.64	3346733	374734	3346733	16208273408	12342181888	799.6	20	0
1371.65	3346733	374734	3346733	16208011264	12342185984	799.9	20	0
1372.65	3346733	374734	3346733	16208134144	12342185984	807.7	20	0
1373.65	3346733	374734	3346733	16208224256	12342185984	799.6	20	0
1374.66	3346733	374734	3346733	16208203776	12342185984	807.7	20	0
1375.66	3346733	374734	3346733	16208883712	12342190080	799.8	20	0
1376.67	3346733	374734	3346733	16208265216	12342190080	799.6	20	0
1377.67	3346733	374734	3346733	16208396288	12342190080	807.6	20	0
1378.67	3346733	374734	3346733	16208523264	12342190080	799.8	20	0
1379.68	3346733	374734	3346733	16208101376	12342194176	807.6	20	0
1380.68	3346733	374734	3346733	16207474688	12342198272	799.9	20	0
1381.69	3346733	374734	3346733	16207454208	12342198272	799.7	20	0
1382.69	3346733	374734	3346733	16207802368	12342202368	807.7	20	0
1383.69	3346733	374734	3346733	16207822848	12342202368	799.6	20	0
1384.70	3346733	374734	3346733	16208166912	12342202368	807.6	20	0
1385.70	3346733	374734	3346733	16208207872	12342202368	799.4	20	0
1386.71	3346733	374734	3346733	16208019456	12342202368	807.7	20	0
1387.71	3346733	374734	3346733	16208101376	12342202368	799.9	20	0
1388.72	3346733	374734	3346733	16207872000	12342202368	799.4	20	0
1389.72	3346733	374734	3346733	16207114240	12342202368	807.5	20	0
1390.72	3346733	374734	3346733	16207659008	12342206464	799.8	20	0
1391.73	3346733	374734	3346733	16207708160	12342210560	807.6	20	0
1392.73	3346733	374734	3346733	16207740928	12342210560	799.6	20	0
1393.74	3346733	374734	3346733	16207290368	12342210560	807.6	20	0
1394.74	3346733	374734	3346733	16207863808	12342210560	799.4	20	0
1395.74	3346733	374734	3346733	16207994880	12342210560	799.7	20	0
1396.75	3346733	374734	3346733	16207523840	12342222848	807.5	20	0
1397.75	3346733	374734	3346733	16207785984	12342222848	799.9	20	0
1398.76	3346733	374734	3346733	16207282176	12342226944	807.7	20	0
1399.76	3346733	374734	3346733	16207298560	12342226944	799.7	20	0
1400.77	3346733	374734	3346733	16207593472	12342226944	799.5	20	0
1401.77	3346733	374734	3346733	16207613952	12342226944	807.4	20	0
1402.77	3346733	374734	3346733	16207548416	12342226944	799.5	20	0
1403.78	3346733	374734	3346733	16207212544	12342226944	807.4	20	0
1404.78	3346733	374734	3346733	16207310848	12342226944	799.6	20	0
1405.79	3346733	374734	3346733	16207728640	12342226944	799.6	20	0
1406.79	3346733	374734	3346733	16207790080	12342243328	807.6	20	0
1407.79	3346733	374734	3346733	16207900672	12342251520	799.5	20	0
1408.80	3346733	374734	3346733	16208203776	12342255616	807.7	20	0
1409.80	3346733	374734	3346733	16207753216	12342255616	799.8	20	0
1410.81	3346733	374734	3346733	16207855616	12342255616	807.5	20	0
1411.81	3346733	374734	3346733	16207622144	12342255616	799.5	20	0
1412.82	3346733	374734	3346733	16207740928	12342255616	799.7	20	0
1413.82	3346733	374734	3346733	16207994880	12342255616	807.7	20	0
1414.82	3346733	374734	3346733	16207953920	12342255616	799.2	20	0
1415.83	3346733	374734	3346733	16208052224	12342255616	807.6	20	0
1416.83	3346733	374734	3346733	16208171008	12342263808	799.5	20	0
1417.84	3346733	374734	3346733	16208244736	12342263808	799.7	20	0
1418.84	3346733	374734	3346733	16208060416	12342263808	807.6	20	0
1419.84	3346733	374734	3346733	16208084992	12342263808	799.5	20	0
1420.85	3346733	374734	3346733	16208068608	12342263808	807.4	20	0
1421.85	3346733	374734	3346733	16207806464	12342263808	799.6	20	0
1422.86	3346733	374734	3346733	16207687680	12342263808	799.6	20	0
1423.86	3346733	374734	3346733	16207896576	12342263808	807.5	20	0
1424.86	3346733	374734	3346733	16207486976	12342263808	799.6	20	0
1425.87	3346733	374734	3346733	16207634432	12342263808	807.6	20	0
1426.87	3346733	374734	3346733	16207618048	12342263808	799.7	20	0
1427.88	3346733	374734	3346733	16207687680	12342267904	807.7	20	0
1428.88	3346733	374734	3346733	16207695872	12342267904	799.9	20	0
1429.89	3346733	380262	3346733	16214089728	12342267904	893.9	20	0
1430.89	3346733	386280	3346733	16220647424	12342267904	911.5	20	0
1431.89	3346733	392284	3346733	16226451456	12342267904	902.7	20	0
1432.90	3346733	398272	3346733	16232382464	12342267904	911.7	20	0
1433.90	3346733	404278	3346733	16238645248	12342272000	902.8	20	0
1434.91	3346733	410262	3346733	16245350400	12342272000	902.8	20	0
1435.91	3346733	413235	3346733	16247984128	12342272000	859.9	20	0
1436.91	3346733	413235	3346733	16247361536	12342284288	799.7	20	0
1437.92	3346733	413235	3346733	16247242752	12342284288	807.7	20	0
1438.92	3346733	413235	3346733	16247193600	12342284288	799.6	20	0
1439.93	3346733	413235	3346733	16247156736	12342284288	799.7	20	0
1440.93	3346733	413235	3346733	16247169024	12342284288	807.6	20	0
1441.93	3346733	413235	3346733	16247263232	12342284288	799.8	20	0
1442.94	3346733	413235	3346733	16247332864	12342284288	807.8	20	0
1443.94	3346733	413235	3346733	16247459840	12342284288	799.4	20	0
1444.95	3346733	413235	3346733	16247828480	12342284288	807.5	20	0
1445.95	3346733	413235	3346733	16247451648	12342284288	799.7	20	0
1446.96	3346733	413235	3346733	16247607296	12342284288	799.8	20	0
1447.96	3346733	413235	3346733	16247300096	12342288384	807.7	20	0
1448.96	3346733	413235	3346733	16246906880	12342288384	800.0	20	0
1449.97	3346733	413235	3346733	16246722560	12342296576	807.7	20	0
1450.97	3346733	413235	3346733	16246943744	12342296576	799.8	20	0
1451.98	3346733	413235	3346733	16246939648	12342296576	799.9	20	0
1452.98	3346733	413235	3346733	16247083008	12342300672	807.8	20	0
1453.98	3346733	413235	3346733	16247050240	12342300672	799.9	20	0
1454.99	3346733	413235	3346733	16246894592	12342300672	807.6	20	0
1455.99	3346733	413235	3346733	16247234560	12342300672	799.8	20	0
1457.00	3346733	413235	3346733	16246984704	12342300672	807.5	20	0
1458.00	3346733	413235	3346733	16247267328	12342304768	799.5	20	0
1459.01	3346733	413235	3346733	16247406592	12342304768	799.7	20	0
1460.01	3346733	413235	3346733	16247369728	12342304768	807.5	20	0
1461.01	3346733	413235	3346733	16247619584	12342304768	799.5	20	0
1462.02	3346733	413235	3346733	16247390208	12342304768	807.6	20	0
1463.02	3346733	413235	3346733	16247582720	12342304768	799.7	20	0
1464.03	3346733	413235	3346733	16247627776	12342304768	807.8	20	0
1465.03	3346733	413235	3346733	16247648256	12342304768	799.7	20	0
1466.03	3346733	413235	3346733	16247844864	12342304768	799.6	20	0
1467.04	3346733	413235	3346733	16247447552	12342304768	807.6	20	0
1468.04	3346733	413235	3346733	16247709696	12342304768	799.6	20	0
1469.05	3346733	413235	3346733	16247963648	12342304768	807.6	20	0
1470.05	3346733	413235	3346733	16247111680	12342304768	799.5	20	0
1471.06	3346733	413235	3346733	16247476224	12342304768	799.7	20	0
1472.06	3346733	413235	3346733	16247058432	12342304768	807.8	20	0
1473.06	3346733	413235	3346733	16247242752	12342304768	799.4	20	0
1474.07	3346733	413235	3346733	16247836672	12342304768	807.7	20	0
1475.07	3346733	413235	3346733	16248401920	12342308864	799.7	20	0
1476.08	3346733	413235	3346733	16248049664	12342308864	799.7	20	0
1477.08	3346733	413235	3346733	16247672832	12342308864	807.6	20	0
1478.08	3346733	413235	3346733	16247767040	12342308864	799.6	20	0
1479.09	3346733	413235	3346733	16248061952	12342308864	807.4	20	0
1480.09	3346733	413235	3346733	16247984128	12342308864	799.4	20	0
1481.10	3346733	413235	3346733	16247566336	12342308864	799.7	20	0
1482.10	3346733	413235	3346733	16247824384	12342308864	807.8	20	0
1483.10	3346733	413235	3346733	16248082432	12342521856	799.2	20	0
1484.11	3346733	413235	3346733	16247750656	12342521856	807.6	20	0
1485.11	3346733	413235	3346733	16247574528	12342521856	799.5	20	0
1486.12	3346733	413235	3346733	16247496704	12342521856	799.6	20	0
1487.12	3346733	413235	3346733	16247795712	12342525952	807.7	20	0
1488.13	3346733	413235	3346733	16247574528	12342538240	799.5	20	0
1489.13	3346733	413235	3346733	16247894016	12342538240	807.5	20	0
1490.13	3346733	413235	3346733	16247775232	12342538240	799.6	20	0
1491.14	3346733	413235	3346733	16247771136	12342538240	807.7	20	0
1492.14	3346733	413235	3346733	16248053760	12342538240	799.6	20	0
1493.15	3346733	413235	3346733	16247848960	12342538240	799.7	20	0
1494.15	3346733	413235	3346733	16247799808	12342538240	807.7	20	0
1495.15	3346733	413235	3346733	16247787520	12342538240	799.6	20	0
1496.16	3346733	413235	3346733	16247812096	12342538240	807.6	20	0
1497.16	3346733	413235	3346733	16247767040	12342550528	799.7	20	0
1498.17	3346733	413235	3346733	16247914496	12342550528	799.5	20	0
1499.17	3346733	413235	3346733	16247808000	12342554624	807.7	20	0
1500.17	3346733	413235	3346733	16247533568	12342554624	799.6	20	0
1501.18	3346733	413235	3346733	16248221696	12342554624	807.5	20	0
1502.18	3346733	413235	3346733	16247742464	12342554624	799.7	20	0
1503.19	3346733	413235	3346733	16247291904	12342554624	799.9	20	0
1504.19	3346733	413235	3346733	16247078912	12342554624	807.5	20	0
1505.20	3346733	413235	3346733	16247029760	12342554624	800.4	20	0
1506.20	3346733	413235	3346733	16247062528	12342554624	808.7	20	0
1507.20	3346733	413235	3346733	16247164928	12342554624	801.4	20	0
1508.21	3346733	413235	3346733	16247279616	12342554624	808.5	20	0
1509.21	3346733	413235	3346733	16247054336	12342554624	800.6	20	0
1510.22	3346733	413235	3346733	16247156736	12342554624	800.4	20	0
1511.22	3346733	413235	3346733	16247185408	12342554624	808.3	20	0
1512.23	3346733	413235	3346733	16247214080	12342554624	799.6	20	0
1513.23	3346733	413235	3346733	16247394304	12342554624	807.4	20	0
1514.23	3346733	413235	3346733	16246951936	12342558720	800.0	20	0
1515.24	3346733	413235	3346733	16246947840	12342558720	808.6	20	0
1516.24	3346733	413235	3346733	16247070720	12342558720	800.9	20	0
1517.25	3346733	413235	3346733	16247279616	12342558720	800.7	20	0
1518.25	3346733	413235	3346733	16247164928	12342558720	808.9	20	0
1519.25	3346733	413235	3346733	16247701504	12342558720	801.0	20	0
1520.26	3346733	413235	3346733	16247508992	12342558720	808.6	20	0
1521.26	3346733	413235	3346733	16247459840	12342558720	800.9	20	0
1522.27	3346733	413235	3346733	16247214080	12342558720	801.0	20	0
1523.27	3346733	413235	3346733	16247234560	12342558720	808.0	20	0
1524.27	3346733	413235	3346733	16247656448	12342558720	799.8	20	0
1525.28	3346733	413235	3346733	16247775232	12342562816	808.1	20	0
1526.28	3346733	413235	3346733	16247562240	12342562816	801.0	20	0
1527.29	3346733	413235	3346733	16247517184	12342562816	808.6	20	0
1528.29	3346733	413235	3346733	16247099392	12342562816	801.0	20	0
1529.30	3346733	413235	3346733	16247410688	12342566912	800.3	20	0
1530.30	3346733	413235	3346733	16247234560	12342571008	807.6	20	0
1531.30	3346733	413235	3346733	16247656448	12342583296	799.7	20	0
1532.31	3346733	413235	3346733	16247693312	12342583296	807.4	20	0
1533.31	3346733	413235	3346733	16247660544	12342587392	799.8	20	0
1534.32	3346733	413235	3346733	16247881728	12342587392	800.5	20	0
1535.32	3346733	413235	3346733	16248389632	12342587392	806.9	20	0
1536.32	3346733	413235	3346733	16247422976	12342587392	799.5	20	0
1537.33	3346733	413235	3346733	16248004608	12342591488	807.8	20	0
1538.33	3346733	413235	3346733	16247910400	12342595584	799.6	20	0
1539.34	3346733	413235	3346733	16247894016	12342595584	807.7	20	0
1540.34	3346733	413235	3346733	16247914496	12342595584	799.6	20	0
1541.35	3346733	413235	3346733	16247500800	12342595584	799.5	20	0
1542.35	3346733	413235	3346733	16247386112	12342595584	807.6	20	0
1543.35	3346733	413235	3346733	16247525376	12342595584	799.9	20	0
1544.36	3346733	413235	3346733	16247554048	12342595584	807.7	20	0
1545.36	3346733	413235	3346733	16247283712	12342595584	800.3	20	0
1546.37	3346733	413235	3346733	16247353344	12342599680	799.3	20	0
1547.37	3346733	413235	3346733	16247754752	12342603776	807.8	20	0
1548.37	3346733	413235	3346733	16247549952	12342603776	799.8	20	0
1549.38	3346733	413235	3346733	16247988224	12342607872	807.8	20	0
1550.38	3346733	413235	3346733	16247918592	12342607872	799.9	20	0
1551.39	3346733	413235	3346733	16247812096	12342607872	807.8	20	0
1552.39	3346733	413235	3346733	16248045568	12342607872	799.8	20	0
1553.40	3346733	413235	3346733	16247910400	12342607872	799.8	20	0
1554.40	3346733	413235	3346733	16248057856	12342611968	807.8	20	0
1555.40	3346733	413235	3346733	16248160256	12342611968	799.8	20	0
1556.41	3346733	413235	3346733	16248270848	12343287808	806.8	20	0
1557.41	3346733	413235	3346733	16250572800	12345622528	799.6	20	0
1558.42	3346733	413235	3346733	16253849600	12348469248	799.7	20	0
1559.42	3346733	413235	3346733	16255782912	12350865408	807.5	20	0
1560.42	3346733	413235	3346733	16258101248	12353519616	799.8	20	0
1561.43	3346733	413235	3346733	16260800512	12356304896	807.5	20	0
1562.43	3346733	413235	3346733	16263487488	12358803456	799.9	20	0
1563.44	3346733	413235	3346733	16266022912	12361261056	807.0	20	0
1564.44	3346733	413235	3346733	16269377536	12363833344	799.4	20	0
1565.45	3346733	413235	3346733	16272367616	12366442496	799.6	20	0
1566.45	3346733	413235	3346733	16274444288	12368945152	807.5	20	0
1567.45	3346733	413235	3346733	16277643264	12371738624	799.9	20	0
1568.46	3346733	413235	3346733	16280309760	12374495232	807.3	20	0
1569.46	3346733	413235	3346733	16282767360	12377128960	799.7	20	0
1570.47	3346733	413235	3346733	16285339648	12379811840	799.5	20	0
1571.47	3346733	413235	3346733	16287907840	12382535680	807.5	20	0
1572.47	3346733	413235	3346733	16290856960	12385386496	799.7	20	0
1573.48	3346733	413235	3346733	16292876288	12388057088	807.7	20	0
1574.48	3346733	413235	3346733	16295366656	12390752256	799.6	20	0
1575.49	3346733	413235	3346733	16298835968	12393721856	799.8	20	0
1576.49	3346733	413235	3346733	16301359104	12396277760	807.4	20	0
1577.49	3346733	413235	3346733	16304033792	12399009792	799.7	20	0
1578.50	3346733	413235	3346733	16306499584	12401463296	807.4	20	0
1579.50	3346733	413235	3346733	16308846592	12403941376	799.5	20	0
1580.51	3346733	413235	3346733	16311549952	12406394880	807.4	20	0
1581.51	3346733	413235	3346733	16314097664	12408987648	799.5	20	0
1582.52	3346733	413235	3346733	16316403712	12411691008	799.8	20	0
1583.52	3346733	413235	3346733	16319258624	12414140416	807.5	20	0
1584.52	3346733	413235	3346733	16321658880	12416626688	799.6	20	0
1585.53	3346733	413235	3346733	16324583424	12419391488	807.4	20	0
1586.53	3346733	413235	3346733	16326664192	12421963776	799.5	20	0
1587.54	3346733	413235	3346733	16329871360	12424667136	799.9	20	0
1588.54	3346733	413235	3346733	16331956224	12427276288	807.2	20	0
1589.54	3346733	413235	3346733	16334532608	12429533184	799.3	20	0
1590.55	3346733	413235	3346733	16337178624	12432113664	807.7	20	0
1591.55	3346733	413235	3346733	16339808256	12434767872	799.6	20	0
1592.56	3346733	413235	3346733	16342982656	12437581824	807.5	20	0
1593.56	3346733	413235	3346733	16345399296	12439953408	799.5	20	0
1594.57	3346733	413235	3346733	16348528640	12442710016	799.6	20	0
1595.57	3346733	413235	3346733	16350478336	12445130752	807.5	20	0
1596.57	3346733	413235	3346733	16352743424	12447657984	799.5	20	0
1597.58	3346733	413235	3346733	16355610624	12450250752	807.5	20	0
1598.58	3346733	413235	3346733	16358019072	12452728832	799.6	20	0
1599.59	3346733	413235	3346733	16360763392	12454920192	799.4	20	0
1600.59	3346733	413235	3346733	16363077632	12457226240	807.5	20	0
1601.59	3346733	413235	3346733	16365518848	12459692032	799.5	20	0
1602.60	3346733	413235	3346733	16368869376	12462669824	807.9	20	0
1603.60	3346733	413235	3346733	16371433472	12465328128	799.6	20	0
1604.61	3346733	413235	3346733	16373817344	12468060160	799.8	20	0
1605.61	3346733	413235	3346733	16376774656	12470710272	807.6	20	0
1606.61	3346733	413235	3346733	16378683392	12473507840	799.5	20	0
1607.62	3346733	413235	3346733	16381685760	12476166144	807.6	20	0
1608.62	3346733	413235	3346733	16384122880	12478857216	799.6	20	0
1609.63	3346733	413235	3346733	16387080192	12481699840	807.6	20	0
1610.63	3346733	413235	3346733	16389304320	12484018176	799.4	20	0
1611.63	3346733	413235	3346733	16391909376	12486696960	799.6	20	0
1612.64	3346733	413235	3346733	16394788864	12489322496	807.5	20	0
1613.64	3346733	413235	3346733	16397877248	12492107776	799.6	20	0
1614.65	3346733	413235	3346733	16400289792	12494794752	807.5	20	0
1615.65	3346733	413235	3346733	16403386368	12497588224	799.7	20	0
1616.66	3346733	413235	3346733	16406372352	12500844544	799.9	20	0
1617.66	3346733	413235	3346733	16409305088	12503580672	807.5	20	0
1618.66	3346733	413235	3346733	16412401664	12506677248	799.7	20	0
1619.67	3346733	413235	3346733	16415404032	12509757440	807.7	20	0
1620.67	3346733	413235	3346733	16417685504	12512247808	799.8	20	0
1621.68	3346733	413235	3346733	16420376576	12515176448	799.7	20	0
1622.68	3346733	413235	3346733	16423874560	12518158336	807.7	20	0
1623.68	3346733	413235	3346733	16426774528	12521189376	801.1	20	0
1624.69	3346733	413235	3346733	16429281280	12524150784	806.4	20	0
1625.69	3346733	413235	3346733	16432734208	12527087616	799.8	20	0
1626.70	3346733	413235	3346733	16435425280	12529909760	799.7	20	0
1627.70	3346733	413235	3346733	16438505472	12532510720	807.5	20	0
1628.70	3346733	413235	3346733	16439758848	12535111680	799.7	20	0
1629.71	3346733	413235	3346733	16443187200	12537593856	807.1	20	0
1630.71	3346733	413235	3346733	16446328832	12540518400	800.4	20	0
1631.72	3346733	413235	3346733	16449318912	12543139840	806.9	20	0
1632.72	3346733	413235	3346733	16451358720	12545773568	799.6	20	0
1633.73	3346733	413235	3346733	16453844992	12548288512	799.6	20	0
1634.73	3346733	413235	3346733	16456765440	12551053312	807.6	20	0
1635.73	3346733	413235	3346733	16460095488	12553805824	799.7	20	0
1636.74	3346733	413235	3346733	16462516224	12556816384	807.7	20	0
1637.74	3346733	413235	3346733	16465711104	12559327232	799.6	20	0
1638.75	3346733	413235	3346733	16467472384	12561874944	799.9	20	0
1639.75	3346733	413235	3346733	16469753856	12564549632	807.4	20	0
1640.75	3346733	413235	3346733	16472752128	12567154688	799.6	20	0
1641.76	3346733	413235	3346733	16475762688	12569837568	807.4	20	0
1642.76	3346733	413235	3346733	16478527488	12572221440	799.3	20	0
1643.77	3346733	413235	3346733	16480542720	12574703616	799.4	20	0
1644.77	3346733	413235	3346733	16483053568	12577361920	807.4	20	0
1645.77	3346733	413235	3346733	16485474304	12579930112	799.7	20	0
1646.78	3346733	413235	3346733	16488423424	12582809600	807.7	20	0
1647.78	3346733	413235	3346733	16491540480	12585607168	799.7	20	0
1648.79	3346733	413235	3346733	16493604864	12588343296	807.7	20	0
1649.79	3346733	413235	3346733	16496791552	12591370240	799.9	20	0
1650.80	3346733	413235	3346733	16499421184	12594130944	799.3	20	0
1651.80	3346733	413235	3346733	16502300672	12596633600	807.4	20	0
1652.80	3346733	413235	3346733	16504766464	12599152640	799.9	20	0
1653.81	3346733	413235	3346733	16508104704	12601921536	807.4	20	0
1654.81	3346733	413235	3346733	16511311872	12605046784	799.7	20	0
1655.82	3346733	413235	3346733	16514162688	12607737856	799.8	20	0
1656.82	3346733	413235	3346733	16516788224	12610670592	807.7	20	0
1657.82	3346733	413235	3346733	16519536640	12613459968	799.7	20	0
1658.83	3346733	413235	3346733	16522616832	12616155136	807.6	20	0
1659.83	3346733	413235	3346733	16525131776	12618764288	799.8	20	0
1660.84	3346733	413235	3346733	16528003072	12621664256	801.4	20	0
1661.84	3346733	413235	3346733	16530464768	12624117760	805.8	20	0
1662.84	3346733	413235	3346733	16532705280	12626878464	799.9	20	0
1663.85	3346733	413235	3346733	16535695360	12629520384	807.5	20	0
1664.85	3346733	413235	3346733	16538083328	12632236032	799.5	20	0
1665.86	3346733	413235	3346733	16541241344	12634943488	807.8	20	0
1666.86	3346733	413235	3346733	16543784960	12637736960	799.6	20	0
1667.87	3346733	413235	3346733	16545787904	12640047104	799.3	20	0
1668.87	3346733	413235	3346733	16548556800	12642484224	807.6	20	0
1669.87	3346733	413235	3346733	16551759872	12645322752	799.6	20	0
1670.88	3346733	413235	3346733	16554119168	12647600128	807.4	20	0
1671.88	3346733	413235	3346733	16556376064	12650311680	799.7	20	0
1672.89	3346733	413235	3346733	16559276032	12653162496	799.7	20	0
1673.89	3346733	413235	3346733	16562106368	12656074752	807.7	20	0
1674.89	3346733	413235	3346733	16564883456	12658962432	800.1	20	0
1675.90	3346733	413235	3346733	16567427072	12661452800	806.7	20	0
1676.90	3346733	413235	3346733	16569851904	12664139776	799.4	20	0
1677.91	3346733	413235	3346733	16572743680	12666945536	799.7	20	0
1678.91	3346733	413235	3346733	16575299584	12669673472	807.4	20	0
1679.91	3346733	413235	3346733	16578371584	12672258048	799.1	20	0
1680.92	3346733	413367	3346733	16581181440	12675088384	809.3	20	0
1681.92	3346733	419275	3346733	16589897728	12677201920	903.6	20	0
1682.93	3346733	425202	3346733	16597622784	12679839744	903.8	20	0
1683.93	3346733	431290	3346733	16607600640	12682776576	912.4	20	0
1684.93	3346733	437369	3346733	16616472576	12685021184	902.5	20	0
1685.94	3346733	443426	3346733	16624914432	12687577088	911.9	20	0
1686.94	3346733	449494	3346733	16634212352	12690362368	902.7	20	0
1687.95	3346733	455567	3346733	16642764800	12693262336	912.4	20	0
1688.95	3346733	461627	3346733	16651755520	12695674880	902.8	20	0
1689.95	3346733	467685	3346733	16660901888	12698292224	902.7	20	0
1690.96	3346733	473723	3346733	16669540352	12700917760	912.0	20	0
1691.96	3346733	479746	3346733	16678846464	12703703040	902.8	20	0
1692.97	3346733	485788	3346733	16686977024	12706582528	912.3	20	0
1693.97	3346733	488012	3346733	16692604928	12709167104	839.7	20	0
1694.98	3346733	488012	3346733	16694788096	12711677952	799.9	20	0
1695.98	3346733	488012	3346733	16697573376	12714164224	806.9	20	0
1696.98	3346733	488012	3346733	16699867136	12716707840	799.6	20	0
1697.99	3346733	488012	3346733	16701927424	12719521792	807.6	20	0
1698.99	3346733	488012	3346733	16704606208	12722069504	799.5	20	0
1700.00	3346733	488012	3346733	16707960832	12725026816	801.2	20	0
1701.00	3346733	488012	3346733	16710881280	12727697408	806.0	20	0
1702.00	3346733	488012	3346733	16713125888	12730236928	799.7	20	0
1703.01	3346733	488012	3346733	16715128832	12732973056	807.6	20	0
1704.01	3346733	488012	3346733	16718196736	12735676416	799.8	20	0
1705.02	3346733	488012	3346733	16721002496	12738269184	799.6	20	0
1706.02	3346733	488012	3346733	16723783680	12741009408	807.8	20	0
1707.02	3346733	488012	3346733	16726355968	12743925760	800.1	20	0
1708.03	3346733	488012	3346733	16729006080	12746543104	807.0	20	0
1709.03	3346733	488012	3346733	16731869184	12749357056	799.7	20	0
1710.04	3346733	488012	3346733	16734519296	12751859712	807.5	20	0
1711.04	3346733	488012	3346733	16736899072	12754558976	799.6	20	0
1712.05	3346733	488012	3346733	16739606528	12757032960	799.8	20	0
1713.05	3346733	488012	3346733	16742707200	12760141824	807.8	20	0
1714.05	3346733	488012	3346733	16745299968	12762787840	799.7	20	0
1715.06	3346733	488012	3346733	16748310528	12765577216	807.6	20	0
1716.06	3346733	488012	3346733	16751034368	12768526336	799.8	20	0
1717.07	3346733	488012	3346733	16753500160	12771078144	799.6	20	0
1718.07	3346733	488012	3346733	16756436992	12773855232	808.4	20	0
1719.07	3346733	488012	3346733	16759681024	12776738816	799.6	20	0
1720.08	3346733	488012	3346733	16762056704	12779454464	806.9	20	0
1721.08	3346733	488012	3346733	16764981248	12782055424	799.6	20	0
1722.09	3346733	488012	3346733	16767606784	12784963584	807.6	20	0
1723.09	3346733	488012	3346733	16770674688	12787957760	799.9	20	0
1724.10	3346733	488012	3346733	16773484544	12790874112	799.7	20	0
1725.10	3346733	488012	3346733	16776187904	12793470976	807.6	20	0
1726.10	3346733	488012	3346733	16779071488	12796313600	800.2	20	0
1727.11	3346733	488012	3346733	16781651968	12798705664	807.1	20	0
1728.11	3346733	488012	3346733	16784318464	12801150976	799.5	20	0
1729.12	3346733	488012	3346733	16786313216	12803633152	800.4	20	0
1730.12	3346733	488012	3346733	16789032960	12806021120	807.0	20	0
1731.12	3346733	488012	3346733	16791613440	12808691712	799.6	20	0
1732.13	3346733	488012	3346733	16794120192	12811444224	807.6	20	0
1733.13	3346733	488012	3346733	16796225536	12814028800	799.7	20	0
1734.14	3346733	488012	3346733	16798666752	12816224256	807.3	20	0
1735.14	3346733	488012	3346733	16801259520	12818866176	799.6	20	0
1736.15	3346733	488012	3346733	16804220928	12821348352	799.5	20	0
1737.15	3346733	488012	3346733	16807190528	12824203264	808.0	20	0
1738.15	3346733	488012	3346733	16809807872	12826763264	799.3	20	0
1739.16	3346733	488012	3346733	16811986944	12829175808	807.5	20	0
1740.16	3346733	488012	3346733	16814612480	12831576064	799.8	20	0
1741.17	3346733	488012	3346733	16816418816	12834168832	799.3	20	0
1742.17	3346733	488012	3346733	16819810304	12837011456	807.6	20	0
1743.17	3346733	488012	3346733	16822480896	12839780352	799.9	20	0
1744.18	3346733	488012	3346733	16825360384	12842164224	807.5	20	0
1745.18	3346733	488012	3346733	16828563456	12845146112	799.9	20	0
1746.19	3346733	488012	3346733	16831356928	12847845376	800.0	20	0
1747.19	3346733	488012	3346733	16833601536	12850098176	807.3	20	0
1748.19	3346733	488012	3346733	16836407296	12852776960	799.7	20	0
1749.20	3346733	488012	3346733	16839254016	12855566336	807.7	20	0
1750.20	3346733	488012	3346733	16841641984	12858060800	800.3	20	0
1751.21	3346733	488012	3346733	16844570624	12860592128	808.5	20	0
1752.21	3346733	488012	3346733	16847245312	12862885888	800.5	20	0
1753.22	3346733	488012	3346733	16849260544	12865470464	799.7	20	0
1754.22	3346733	488012	3346733	16852029440	12868190208	807.6	20	0
1755.23	3346733	488012	3346733	16854679552	12870705152	799.2	20	0
1756.23	3346733	488012	3346733	16857067520	12873093120	807.4	20	0
1757.23	3346733	488012	3346733	16859742208	12875960320	799.5	20	0
1758.24	3346733	488012	3346733	16862167040	12878594048	807.6	20	0
1759.24	3346733	488012	3346733	16865107968	12881305600	799.7	20	0
1760.25	3346733	488012	3346733	16867762176	12883984384	799.6	20	0
1761.25	3346733	488012	3346733	16869625856	12886421504	807.4	20	0
1762.25	3346733	488012	3346733	16872845312	12889264128	799.5	20	0
1763.26	3346733	488012	3346733	16875651072	12892053504	807.5	20	0
1764.26	3346733	488012	3346733	16878088192	12894650368	799.4	20	0
1765.27	3346733	488012	3346733	16880926720	12897529856	807.5	20	0
1766.27	3346733	488012	3346733	16884310016	12900737024	799.9	20	0
1767.28	3346733	488012	3346733	16887336960	12903985152	800.0	20	0
1768.28	3346733	488012	3346733	16890200064	12906856448	807.6	20	0
1769.28	3346733	488012	3346733	16893124608	12909690880	799.7	20	0
1770.29	3346733	488012	3346733	16896438272	12912975872	807.7	20	0
1771.29	3346733	488012	3346733	16899207168	12915904512	799.6	20	0
1772.30	3346733	488012	3346733	16902250496	12918890496	807.8	20	0
1773.30	3346733	488012	3346733	16905682944	12921712640	799.8	20	0
1774.30	3346733	488012	3346733	16908472320	12924538880	800.5	20	0
1775.31	3346733	488012	3346733	16910733312	12927115264	806.7	20	0
1776.31	3346733	488012	3346733	16913936384	12930134016	799.7	20	0
1777.32	3346733	488012	3346733	13715935232	9738362880	742.6	15	0
1778.32	3346733	488012	3346733	13715898368	9738362880	399.8	15	0
1779.33	3346733	488012	3346733	13715345408	9738362880	399.8	15	0
1780.33	3346733	488012	3346733	13715607552	9738362880	404.1	15	0
1781.33	3346733	488012	3346733	13715656704	9738362880	399.3	15	0
1782.34	3346733	488012	3346733	13715832832	9738362880	403.7	15	0
1783.34	3346733	488012	3346733	13716066304	9738362880	399.8	15	0
1784.35	3346733	488012	3346733	13715750912	9738362880	399.8	15	0
1785.35	3346733	488012	3346733	13715783680	9738362880	403.8	15	0
1786.35	3346733	488012	3346733	13716094976	9738362880	399.7	15	0
1787.36	3346733	488012	3346733	13715365888	9738362880	403.8	15	0
1788.36	3346733	488012	3346733	13715353600	9738362880	399.7	15	0
1789.37	3346733	488012	3346733	13715636224	9738362880	399.7	15	0
1790.37	3346733	488012	3346733	13715738624	9738362880	403.6	15	0
1791.37	3346733	488012	3346733	13715656704	9738362880	399.7	15	0
1792.38	3346733	488012	3346733	13715935232	9738362880	403.8	15	0
1793.38	3346733	488012	3346733	13715513344	9738362880	399.7	15	0
1794.39	3346733	488012	3346733	13715456000	9738362880	399.8	15	0
1795.39	3346733	488012	3346733	13715599360	9738362880	403.7	15	0
1796.39	3346733	488012	3346733	13715419136	9738362880	399.8	15	0
1797.40	3346733	488012	3346733	13715705856	9738362880	403.9	15	0
1798.40	3346733	488012	3346733	13715456000	9738362880	399.7	15	0
1799.41	3346733	488012	3346733	13715017728	9738362880	399.8	15	0
1800.41	3346733	488012	3346733	13714657280	9738362880	403.7	15	0
1801.41	3346733	488012	3346733	13714608128	9738362880	399.7	15	0
1802.42	3346733	488012	3346733	13714350080	9738362880	403.8	15	0
1803.42	3346733	488012	3346733	13713911808	9738362880	399.9	15	0
1804.43	3346733	488012	3346733	13713907712	9738362880	399.9	15	0
1805.43	3346733	488012	3346733	13713915904	9738362880	403.9	15	0
1806.44	3346733	488012	3346733	13714165760	9738362880	399.8	15	0
1807.44	3346733	488012	3346733	13714264064	9738362880	403.8	15	0
1808.44	3346733	488012	3346733	13714415616	9738362880	399.8	15	0
1809.45	3346733	488012	3346733	13714235392	9738362880	403.8	15	0
1810.45	3346733	488012	3346733	13714112512	9738362880	399.8	15	0
1811.46	3346733	492197	3346733	13719461888	9738362880	474.4	15	0
1812.46	3346733	498167	3346733	13725593600	9738371072	509.1	15	0
1813.46	3346733	504035	3346733	13731184640	9738371072	504.3	15	0
1814.47	3346733	509720	3346733	13736464384	9738371072	509.3	15	0
1815.47	3346733	515499	3346733	13743312896	9738371072	503.0	15	0
1816.48	3346733	521328	3346733	13749821440	9738371072	503.3	15	0
1817.48	3346733	522664	3346733	13750726656	9738371072	429.3	15	0
1818.48	3346733	522664	3346733	13750980608	9738371072	399.8	15	0
1819.49	3346733	522664	3346733	13750775808	9738371072	403.9	15	0
1820.49	3346733	522664	3346733	13750611968	9738371072	399.8	15	0
1821.50	3346733	522664	3346733	13750558720	9738371072	399.8	15	0
1822.50	3346733	522664	3346733	13750788096	9738371072	403.9	15	0
1823.50	3346733	522664	3346733	13750468608	9738371072	399.9	15	0
1824.51	3346733	522664	3346733	13750284288	9738371072	403.9	15	0
1825.51	3346733	522664	3346733	13750448128	9738371072	399.7	15	0
1826.52	3346733	522664	3346733	13749780480	9738371072	399.8	15	0
1827.52	3346733	522664	3346733	13750054912	9738371072	403.8	15	0
1828.52	3346733	522664	3346733	13750116352	9738371072	399.8	15	0
1829.53	3346733	522664	3346733	13749501952	9738375168	403.9	15	0
1830.53	3346733	522664	3346733	13749522432	9738375168	399.9	15	0
1831.54	3346733	522664	3346733	13749497856	9738383360	399.9	15	0
1832.54	3346733	522664	3346733	13749768192	9738383360	403.8	15	0
1833.54	3346733	522664	3346733	13749764096	9738383360	400.1	15	0
1834.55	3346733	522664	3346733	13750136832	9738383360	403.6	15	0
1835.55	3346733	522664	3346733	13750427648	9738383360	399.9	15	0
1836.56	3346733	522664	3346733	13750460416	9738383360	399.8	15	0
1837.56	3346733	522664	3346733	13749952512	9738383360	403.8	15	0
1838.56	3346733	522664	3346733	13749870592	9738383360	399.9	15	0
1839.57	3346733	522664	3346733	13749592064	9738387456	403.9	15	0
1840.57	3346733	522664	3346733	13749882880	9738387456	400.0	15	0
1841.57	3346733	522664	3346733	13749796864	9738387456	399.8	15	0
1842.58	3346733	522664	3346733	13749903360	9738387456	403.8	15	0
1843.58	3346733	522664	3346733	13749575680	9738387456	399.7	15	0
1844.59	3346733	522664	3346733	13749768192	9738387456	399.8	15	0
1845.59	3346733	522664	3346733	13749702656	9738387456	403.8	15	0
1846.59	3346733	522664	3346733	13749997568	9738387456	399.8	15	0
1847.60	3346733	522664	3346733	13750312960	9738407936	403.8	15	0
1848.60	3346733	522664	3346733	13750079488	9738412032	399.9	15	0
1849.61	3346733	522664	3346733	13750272000	9738412032	399.9	15	0
1850.61	3346733	522664	3346733	13750321152	9738412032	403.8	15	0
1851.61	3346733	522664	3346733	13749964800	9738412032	399.9	15	0
1852.62	3346733	522664	3346733	13750120448	9738412032	403.7	15	0
1853.62	3346733	522664	3346733	13750276096	9738412032	399.9	15	0
1854.63	3346733	522664	3346733	13750009856	9738412032	399.9	15	0
1855.63	3346733	522664	3346733	13750149120	9738412032	403.7	15	0
1856.63	3346733	522664	3346733	13750210560	9738412032	399.8	15	0
1857.64	3346733	522664	3346733	13750095872	9738412032	403.8	15	0
1858.64	3346733	522664	3346733	13749882880	9738412032	399.8	15	0
1859.65	3346733	522664	3346733	13749698560	9738412032	399.8	15	0
1860.65	3346733	522664	3346733	13750026240	9738412032	403.8	15	0
1861.65	3346733	522664	3346733	13750030336	9738412032	399.9	15	0
1862.66	3346733	522664	3346733	13749919744	9738412032	403.6	15	0
1863.66	3346733	522664	3346733	13750140928	9738412032	399.8	15	0
1864.67	3346733	522664	3346733	13750579200	9738412032	399.9	15	0
1865.67	3346733	522664	3346733	13750620160	9738412032	403.8	15	0
1866.67	3346733	522664	3346733	13749997568	9738412032	399.8	15	0
1867.68	3346733	522664	3346733	13750300672	9738412032	403.8	15	0
1868.68	3346733	522664	3346733	13750091776	9738412032	399.8	15	0
1869.69	3346733	522664	3346733	13750173696	9738416128	399.8	15	0
1870.69	3346733	522664	3346733	13750259712	9738416128	403.8	15	0
1871.69	3346733	522664	3346733	13750382592	9738416128	399.7	15	0
1872.70	3346733	522664	3346733	13750607872	9738416128	403.7	15	0
1873.70	3346733	522664	3346733	13750566912	9738416128	399.7	15	0
1874.71	3346733	522664	3346733	13750431744	9738416128	399.8	15	0
1875.71	3346733	522664	3346733	13750337536	9738420224	403.7	15	0
1876.71	3346733	522664	3346733	13750099968	9738420224	399.8	15	0
1877.72	3346733	522664	3346733	13750673408	9738420224	403.8	15	0
1878.72	3346733	522664	3346733	13750386688	9738420224	399.7	15	0
1879.72	3346733	522664	3346733	13750665216	9738420224	399.9	15	0
1880.73	3346733	522664	3346733	13750149120	9738420224	403.8	15	0
1881.73	3346733	522664	3346733	13750378496	9738420224	399.8	15	0
1882.74	3346733	522664	3346733	13750505472	9738420224	400.0	15	0
1883.74	3346733	522664	3346733	13750706176	9738432512	403.8	15	0
1884.74	3346733	522664	3346733	13750743040	9738432512	399.9	15	0
1885.75	3346733	522664	3346733	13750804480	9738432512	403.8	15	0
1886.75	3346733	522664	3346733	13750480896	9738432512	399.8	15	0
1887.76	3346733	522664	3346733	13750452224	9738444800	400.2	15	0
1888.76	3346733	522664	3346733	13750743040	9738444800	403.3	15	0
1889.76	3346733	522664	3346733	13749936128	9738444800	399.7	15	0
1890.77	3346733	522664	3346733	13749936128	9738444800	403.7	15	0
1891.77	3346733	522664	3346733	13750288384	9738444800	399.7	15	0
1892.78	3346733	522664	3346733	13750554624	9738444800	399.8	15	0
1893.78	3346733	522664	3346733	13750517760	9738444800	403.7	15	0
1894.78	3346733	522664	3346733	13750603776	9738444800	399.7	15	0
1895.79	3346733	522664	3346733	13750951936	9738444800	403.7	15	0
1896.79	3346733	522664	3346733	13750849536	9738444800	399.7	15	0
1897.80	3346733	522664	3346733	13750804480	9738444800	399.8	15	0
1898.80	3346733	522664	3346733	13750964224	9738448896	403.7	15	0
1899.80	3346733	522664	3346733	13750697984	9738448896	399.7	15	0
1900.81	3346733	522664	3346733	13750738944	9738448896	403.8	15	0
1901.81	3346733	522664	3346733	13750661120	9738452992	399.8	15	0
1902.82	3346733	522664	3346733	13750173696	9738452992	399.7	15	0
1903.82	3346733	522664	3346733	13750689792	9738452992	403.8	15	0
1904.82	3346733	522664	3346733	13750837248	9738452992	399.8	15	0
1905.83	3346733	522664	3346733	13750890496	9738452992	403.7	15	0
1906.83	3346733	522664	3346733	13750755328	9738452992	399.8	15	0
1907.84	3346733	522664	3346733	13750673408	9738452992	399.8	15	0
1908.84	3346733	522664	3346733	13750792192	9738461184	403.8	15	0
1909.84	3346733	522664	3346733	13750808576	9738461184	399.7	15	0
1910.85	3346733	522664	3346733	13751128064	9738477568	403.7	15	0
1911.85	3346733	522664	3346733	13750636544	9738477568	399.7	15	0
1912.86	3346733	522664	3346733	13750669312	9738477568	399.7	15	0
1913.86	3346733	522664	3346733	13750775808	9738477568	403.8	15	0
1914.86	3346733	522664	3346733	13751267328	9738477568	399.7	15	0
1915.87	3346733	522664	3346733	13751226368	9738477568	403.7	15	0
1916.87	3346733	522664	3346733	13750820864	9738477568	399.7	15	0
1917.88	3346733	522664	3346733	13750898688	9738477568	399.8	15	0
1918.88	3346733	522664	3346733	13750616064	9738477568	403.7	15	0
1919.88	3346733	522664	3346733	13750689792	9738477568	399.7	15	0
1920.89	3346733	522664	3346733	13750714368	9738477568	403.7	15	0
1921.89	3346733	522664	3346733	13750624256	9738477568	399.8	15	0
1922.90	3346733	522664	3346733	13750476800	9738477568	399.9	15	0
1923.90	3346733	522664	3346733	13750673408	9738477568	403.8	15	0
1924.90	3346733	522664	3346733	13750566912	9738477568	399.7	15	0
1925.91	3346733	522664	3346733	13750431744	9738477568	403.8	15	0
1926.91	3346733	522664	3346733	13751054336	9738485760	399.8	15	0
1927.91	3346733	522664	3346733	13750833152	9738489856	399.7	15	0
1928.92	3346733	522664	3346733	13750763520	9738489856	403.7	15	0
1929.92	3346733	522664	3346733	13751070720	9738489856	399.8	15	0
1930.93	3346733	522664	3346733	13751214080	9738489856	403.7	15	0
1931.93	3346733	522664	3346733	13750927360	9738489856	399.9	15	0
1932.93	3346733	522664	3346733	13750784000	9738489856	399.7	15	0
1933.94	3346733	522664	3346733	13750431744	9738489856	403.7	15	0
1934.94	3346733	522664	3346733	13749891072	9738489856	399.7	15	0
1935.95	3346733	522664	3346733	13750448128	9738489856	399.8	15	0
1936.95	3346733	522664	3346733	13750980608	9738489856	403.7	15	0
1937.95	3346733	522664	3346733	13750722560	9738489856	399.8	15	0
1938.96	3346733	522664	3346733	13751021568	9738502144	403.7	15	0
1939.96	3346733	522664	3346733	13751115776	9738502144	399.9	15	0
1940.97	3346733	522664	3346733	13750996992	9738502144	399.8	15	0
1941.97	3346733	522664	3346733	13750779904	9738502144	403.8	15	0
1942.97	3346733	522664	3346733	13750226944	9738502144	399.8	15	0
1943.98	3346733	522664	3346733	13751001088	9738506240	403.7	15	0
1944.98	3346733	522664	3346733	13751050240	9738506240	399.8	15	0
1945.99	3346733	522664	3346733	13750935552	9738506240	399.7	15	0
1946.99	3346733	522664	3346733	13750640640	9738506240	403.8	15	0
1947.99	3346733	522664	3346733	13750353920	9738506240	399.7	15	0
1949.00	3346733	522664	3346733	13750665216	9738506240	403.7	15	0
1950.00	3346733	522664	3346733	13750665216	9738506240	399.8	15	0
1951.01	3346733	522664	3346733	13750169600	9738514432	399.9	15	0
1952.01	3346733	522664	3346733	13750276096	9738514432	404.1	15	0
1953.01	3346733	522664	3346733	13750644736	9738514432	399.3	15	0
1954.02	3346733	522664	3346733	13750939648	9738514432	403.8	15	0
1955.02	3346733	522664	3346733	13751308288	9738514432	399.7	15	0
1956.03	3346733	522664	3346733	13751431168	9738514432	399.8	15	0
1957.03	3346733	522664	3346733	13750484992	9738514432	403.7	15	0
1958.03	3346733	522664	3346733	13750603776	9738514432	399.7	15	0
1959.04	3346733	522664	3346733	13750550528	9738514432	403.7	15	0
1960.04	3346733	522664	3346733	13750743040	9738514432	399.8	15	0
1961.05	3346733	522664	3346733	13750697984	9738514432	399.8	15	0
1962.05	3346733	522664	3346733	13750546432	9738514432	403.8	15	0
1963.05	3346733	522664	3346733	13750308864	9738514432	399.8	15	0
1964.06	3346733	522664	3346733	13750206464	9738514432	403.8	15	0
1965.06	3346733	522664	3346733	13750726656	9738518528	399.9	15	0
1966.06	3346733	522664	3346733	13750702080	9738518528	399.8	15	0
1967.07	3346733	522664	3346733	13750546432	9738518528	403.7	15	0
1968.07	3346733	522664	3346733	13750870016	9738518528	399.7	15	0
1969.08	3346733	522664	3346733	13750812672	9738518528	403.7	15	0
1970.08	3346733	522664	3346733	13750120448	9738518528	399.7	15	0
1971.08	3346733	522664	3346733	13750214656	9738518528	399.9	15	0
1972.09	3346733	522664	3346733	13750218752	9738518528	403.8	15	0
1973.09	3346733	522664	3346733	13750251520	9738518528	399.7	15	0
1974.10	3346733	522664	3346733	13750067200	9738518528	403.8	15	0
1975.10	3346733	522664	3346733	13750292480	9738518528	399.7	15	0
1976.10	3346733	522664	3346733	13750280192	9738518528	399.7	15	0
1977.11	3346733	522664	3346733	13750439936	9738518528	403.8	15	0
1978.11	3346733	522664	3346733	13750300672	9738518528	399.8	15	0
1979.12	3346733	522664	3346733	13750157312	9738518528	399.8	15	0
1980.12	3346733	522664	3346733	13750661120	9738518528	403.8	15	0
1981.12	3346733	522664	3346733	13750153216	9738518528	399.8	15	0
1982.13	3346733	522664	3346733	13750210560	9738518528	403.8	15	0
1983.13	3346733	522664	3346733	13750231040	9738518528	399.8	15	0
1984.14	3346733	522664	3346733	13750124544	9738518528	399.9	15	0
1985.14	3346733	522664	3346733	13750435840	9738526720	403.7	15	0
1986.14	3346733	522664	3346733	13750489088	9738526720	399.8	15	0
1987.15	3346733	522664	3346733	13750509568	9738526720	403.8	15	0
1988.15	3346733	522664	3346733	13750419456	9738526720	399.7	15	0
1989.16	3346733	522664	3346733	13750251520	9738526720	399.7	15	0
1990.16	3346733	522664	3346733	13750288384	9738526720	403.7	15	0
1991.16	3346733	522664	3346733	13750067200	9738526720	399.8	15	0
1992.17	3346733	522664	3346733	13750046720	9738526720	403.8	15	0
1993.17	3346733	522664	3346733	13749809152	9738526720	399.6	15	0
1994.18	3346733	522664	3346733	13750104064	9738526720	399.8	15	0
1995.18	3346733	522664	3346733	13750181888	9738526720	403.9	15	0
1996.18	3346733	522664	3346733	13749923840	9738526720	399.7	15	0
1997.19	3346733	522664	3346733	13750136832	9738539008	403.8	15	0
1998.19	3346733	522664	3346733	13750013952	9738539008	399.7	15	0
1999.20	3346733	522664	3346733	13749907456	9738539008	399.8	15	0
2000.20	3346733	522664	3346733	13749948416	9738539008	403.7	15	0
2001.20	3346733	522664	3346733	13750513664	9738539008	399.8	15	0
2002.21	3346733	522664	3346733	13750337536	9738539008	403.8	15	0
2003.21	3346733	522664	3346733	13750398976	9738547200	399.7	15	0
2004.22	3346733	522664	3346733	13750661120	9738547200	399.8	15	0
2005.22	3346733	522664	3346733	13750161408	9738547200	403.8	15	0
2006.22	3346733	522664	3346733	13750177792	9738547200	399.7	15	0
2007.23	3346733	522664	3346733	13750255616	9738547200	403.8	15	0
2008.23	3346733	522664	3346733	13750009856	9738547200	399.8	15	0
2009.24	3346733	522664	3346733	13750378496	9738555392	399.7	15	0
2010.24	3346733	522664	3346733	13750054912	9738559488	403.7	15	0
2011.24	3346733	522664	3346733	13750095872	9738559488	399.8	15	0
2012.25	3346733	522664	3346733	13750534144	9738559488	403.7	15	0
2013.25	3346733	522664	3346733	13750194176	9738559488	399.8	15	0
2014.26	3346733	522664	3346733	13750423552	9738559488	399.7	15	0
2015.26	3346733	522664	3346733	13750796288	9738559488	403.8	15	0
2016.26	3346733	522664	3346733	13749723136	9738559488	399.6	15	0
2017.27	3346733	522664	3346733	13749882880	9738559488	403.8	15	0
2018.27	3346733	522664	3346733	13749960704	9738559488	399.8	15	0
2019.28	3346733	522664	3346733	13750071296	9738559488	399.6	15	0
2020.28	3346733	522664	3346733	13750329344	9738559488	403.7	15	0
2021.28	3346733	522664	3346733	13749948416	9738559488	399.6	15	0
2022.29	3346733	522664	3346733	13750464512	9738559488	403.7	15	0
2023.29	3346733	522664	3346733	13750587392	9738563584	399.7	15	0
2024.30	3346733	522664	3346733	13750382592	9738563584	399.7	15	0
2025.30	3346733	522664	3346733	13750083584	9738563584	403.7	15	0
2026.30	3346733	522664	3346733	13750304768	9738563584	399.7	15	0
2027.31	3346733	522664	3346733	13750423552	9738563584	403.8	15	0
2028.31	3346733	522664	3346733	13750120448	9738563584	399.7	15	0
2029.32	3346733	522664	3346733	13750181888	9738563584	399.7	15	0
2030.32	3346733	522664	3346733	13750374400	9738563584	403.7	15	0
2031.32	3346733	522664	3346733	13750534144	9738563584	399.8	15	0
2032.33	3346733	522664	3346733	13750562816	9738563584	403.8	15	0
2033.33	3346733	522664	3346733	13750083584	9738567680	399.8	15	0
2034.33	3346733	522664	3346733	13750194176	9738567680	399.7	15	0
2035.34	3346733	522664	3346733	13750521856	9738567680	403.6	15	0
2036.34	3346733	522664	3346733	13750505472	9738567680	399.8	15	0
2037.35	3346733	522664	3346733	13750648832	9738567680	403.8	15	0
2038.35	3346733	522664	3346733	13750722560	9738567680	399.6	15	0
2039.35	3346733	522664	3346733	13750370304	9738567680	399.8	15	0
2040.36	3346733	522664	3346733	13750784000	9738567680	403.8	15	0
2041.36	3346733	522664	3346733	13750218752	9738567680	399.9	15	0
2042.37	3346733	522664	3346733	13750247424	9738567680	403.8	15	0
2043.37	3346733	522664	3346733	13749886976	9738567680	399.7	15	0
2044.37	3346733	522664	3346733	13750210560	9738571776	399.8	15	0
2045.38	3346733	522664	3346733	13750235136	9738571776	403.6	15	0
2046.38	3346733	522664	3346733	13750517760	9738571776	399.8	15	0
2047.39	3346733	522664	3346733	13750378496	9738571776	399.7	15	0
2048.39	3346733	522664	3346733	13750235136	9738571776	403.8	15	0
2049.39	3346733	522664	3346733	13749972992	9738571776	399.7	15	0
2050.40	3346733	522664	3346733	13749841920	9738571776	403.7	15	0
2051.40	3346733	522664	3346733	13750145024	9738571776	399.7	15	0
2052.41	3346733	522664	3346733	13750464512	9738575872	399.8	15	0
2053.41	3346733	522664	3346733	13750349824	9738575872	403.7	15	0
2054.41	3346733	522664	3346733	13750587392	9738575872	399.7	15	0
2055.42	3346733	522664	3346733	13750263808	9738575872	403.6	15	0
2056.42	3346733	522664	3346733	13749923840	9738575872	399.8	15	0
2057.43	3346733	522664	3346733	13750726656	9738575872	399.7	15	0
2058.43	3346733	522664	3346733	13750337536	9738575872	403.7	15	0
2059.43	3346733	522664	3346733	13749948416	9738575872	399.7	15	0
2060.44	3346733	522664	3346733	13750218752	9738579968	403.6	15	0
2061.44	3346733	522664	3346733	13750472704	9738579968	399.7	15	0
2062.45	3346733	522664	3346733	13750247424	9738579968	399.8	15	0
2063.45	3346733	522664	3346733	13750161408	9738579968	403.8	15	0
2064.45	3346733	522664	3346733	13750132736	9738579968	399.7	15	0
2065.46	3346733	522664	3346733	13750145024	9738579968	403.7	15	0
2066.46	3346733	522664	3346733	13750312960	9738579968	399.7	15	0
2067.47	3346733	523604	3346733	13751947264	9738579968	416.5	15	0
2068.47	3346733	529464	3346733	13757378560	9738579968	507.4	15	0
2069.47	3346733	535368	3346733	13764259840	9738579968	503.0	15	0
2070.48	3346733	541166	3346733	13769945088	9738579968	508.5	15	0
2071.48	3346733	546931	3346733	13775564800	9738579968	503.3	15	0
2072.49	3346733	552793	3346733	13781917696	9738579968	503.5	15	0
2073.49	3346733	558652	3346733	13787705344	9738579968	508.4	15	0
2074.49	3346733	564556	3346733	13794263040	9738579968	503.4	15	0
2075.50	3346733	570464	3346733	13800271872	9738579968	508.1	15	0
2076.50	3346733	576375	3346733	13805981696	9738579968	503.0	15	0
2077.50	3346733	582330	3346733	13811765248	9738579968	503.0	15	0
2078.51	3346733	588256	3346733	13818093568	9738579968	508.0	15	0
2079.51	3346733	594200	3346733	13824008192	9738579968	503.0	15	0
2080.52	3346733	594397	3346733	13823762432	9738579968	408.1	15	0
2081.52	3346733	594397	3346733	13824073728	9738579968	399.7	15	0
2082.52	3346733	594397	3346733	13823565824	9738579968	399.7	15	0
2083.53	3346733	594397	3346733	13823434752	9738579968	403.7	15	0
2084.53	3346733	594397	3346733	13823422464	9738579968	399.8	15	0
2085.54	3346733	594397	3346733	13823619072	9738579968	399.8	15	0
2086.54	3346733	594397	3346733	13823754240	9738579968	403.8	15	0
2087.54	3346733	594397	3346733	13823803392	9738579968	399.8	15	0
2088.55	3346733	594397	3346733	13824151552	9738579968	403.7	15	0
2089.55	3346733	594397	3346733	13823864832	9738588160	399.8	15	0
2090.56	3346733	594397	3346733	13824028672	9738588160	399.7	15	0
2091.56	3346733	594397	3346733	13823787008	9738588160	403.7	15	0
2092.56	3346733	594397	3346733	13824049152	9738588160	399.7	15	0
2093.57	3346733	594397	3346733	13823778816	9738588160	403.9	15	0
2094.57	3346733	594397	3346733	13824151552	9738588160	399.7	15	0
2095.58	3346733	594397	3346733	13824159744	9738588160	399.8	15	0
2096.58	3346733	594397	3346733	13823741952	9738588160	403.8	15	0
2097.58	3346733	594397	3346733	13824294912	9738588160	399.7	15	0
2098.59	3346733	594397	3346733	13823500288	9738588160	403.7	15	0
2099.59	3346733	594397	3346733	13823557632	9738588160	399.7	15	0
2100.60	3346733	594397	3346733	13823725568	9738588160	399.7	15	0
2101.60	3346733	594397	3346733	13823639552	9738588160	403.7	15	0
2102.60	3346733	594397	3346733	13823438848	9738588160	399.8	15	0
2103.61	3346733	594397	3346733	13823430656	9738588160	403.8	15	0
2104.61	3346733	594397	3346733	13823438848	9738588160	399.8	15	0
2105.62	3346733	594397	3346733	13823299584	9738588160	399.7	15	0
2106.62	3346733	594397	3346733	13823111168	9738588160	403.6	15	0
2107.62	3346733	594397	3346733	13823066112	9738588160	399.8	15	0
2108.63	3346733	594397	3346733	13823119360	9738588160	403.7	15	0
2109.63	3346733	594397	3346733	13823692800	9738588160	399.7	15	0
2110.64	3346733	594397	3346733	13823655936	9738588160	399.7	15	0
2111.64	3346733	594397	3346733	13823426560	9738588160	403.6	15	0
2112.64	3346733	594397	3346733	13823475712	9738588160	399.7	15	0
2113.65	3346733	594397	3346733	13823049728	9738588160	403.6	15	0
2114.65	3346733	594397	3346733	13823180800	9738588160	399.7	15	0
2115.66	3346733	594397	3346733	13823496192	9738588160	403.9	15	0
2116.66	3346733	594397	3346733	13823270912	9738588160	399.7	15	0
2117.66	3346733	594397	3346733	13823545344	9738588160	399.7	15	0
2118.67	3346733	594397	3346733	13823000576	9738588160	403.7	15	0
2119.67	3346733	594397	3346733	13823008768	9738588160	399.7	15	0
2120.68	3346733	594397	3346733	13823062016	9738588160	399.8	15	0
2121.68	3346733	594397	3346733	13822873600	9738588160	403.8	15	0
2122.68	3346733	594397	3346733	13822926848	9738588160	399.8	15	0
2123.69	3346733	594397	3346733	13823397888	9738588160	403.8	15	0
2124.69	3346733	594397	3346733	13823397888	9738588160	399.7	15	0
2125.70	3346733	594397	3346733	13823291392	9738588160	399.7	15	0
2126.70	3346733	594397	3346733	13823197184	9738588160	403.7	15	0
2127.70	3346733	594397	3346733	13823479808	9738588160	399.8	15	0
2128.71	3346733	594397	3346733	13823242240	9738588160	403.6	15	0
2129.71	3346733	594397	3346733	13823139840	9738588160	399.7	15	0
2130.72	3346733	594397	3346733	13823328256	9738588160	399.7	15	0
2131.72	3346733	594397	3346733	13823639552	9738588160	403.7	15	0
2132.72	3346733	594397	3346733	13823479808	9738588160	399.8	15	0
2133.73	3346733	594397	3346733	13823496192	9738588160	403.7	15	0
2134.73	3346733	594397	3346733	13823315968	9738588160	399.7	15	0
2135.74	3346733	594397	3346733	13823520768	9738588160	399.7	15	0
2136.74	3346733	594397	3346733	13823508480	9738588160	403.8	15	0
2137.74	3346733	594397	3346733	13823950848	9738588160	399.7	15	0
2138.75	3346733	594397	3346733	13823610880	9738588160	403.8	15	0
2139.75	3346733	594397	3346733	13823520768	9738588160	399.8	15	0
2140.76	3346733	594397	3346733	13823688704	9738588160	399.7	15	0
2141.76	3346733	594397	3346733	13823049728	9738588160	403.8	15	0
2142.76	3346733	594397	3346733	13822943232	9738588160	399.8	15	0
2143.77	3346733	594397	3346733	13823045632	9738588160	403.7	15	0
2144.77	3346733	594397	3346733	13823356928	9738588160	399.7	15	0
2145.78	3346733	594397	3346733	13823643648	9738588160	399.8	15	0
2146.78	3346733	594397	3346733	13823504384	9738588160	403.7	15	0
2147.78	3346733	594397	3346733	13823488000	9738588160	399.7	15	0
2148.79	3346733	594397	3346733	13823655936	9738588160	403.7	15	0
2149.79	3346733	594397	3346733	13823819776	9738588160	399.7	15	0
2150.80	3346733	594397	3346733	13823979520	9738588160	399.8	15	0
2151.80	3346733	594397	3346733	13823557632	9738588160	403.9	15	0
2152.80	3346733	594397	3346733	13823213568	9738588160	399.6	15	0
2153.81	3346733	594397	3346733	13823483904	9738588160	403.8	15	0
2154.81	3346733	594397	3346733	13823664128	9738588160	399.6	15	0
2155.82	3346733	594397	3346733	13823692800	9738592256	399.7	15	0
2156.82	3346733	594397	3346733	13823709184	9738592256	403.8	15	0
2157.82	3346733	594397	3346733	13823541248	9738592256	399.8	15	0
2158.83	3346733	594397	3346733	13823877120	9738592256	403.7	15	0
2159.83	3346733	594397	3346733	13823647744	9738592256	399.7	15	0
2160.84	3346733	594397	3346733	13823660032	9738592256	399.8	15	0
2161.84	3346733	594397	3346733	13823840256	9738592256	403.7	15	0
2162.84	3346733	594397	3346733	13823975424	9738592256	399.8	15	0
2163.85	3346733	594397	3346733	13823987712	9738592256	403.8	15	0
2164.85	3346733	594397	3346733	13824122880	9738592256	399.8	15	0
2165.86	3346733	594397	3346733	13823758336	9738592256	400.2	15	0
2166.86	3346733	594397	3346733	13823832064	9738592256	403.0	15	0
2167.86	3346733	594397	3346733	13823340544	9738592256	399.7	15	0
2168.87	3346733	594397	3346733	13823098880	9738592256	403.7	15	0
2169.87	3346733	594397	3346733	13823160320	9738592256	399.7	15	0
2170.88	3346733	594397	3346733	13823426560	9738592256	399.7	15	0
2171.88	3346733	594397	3346733	13823488000	9738592256	403.7	15	0
2172.88	3346733	594397	3346733	13823238144	9738592256	399.8	15	0
2173.89	3346733	594397	3346733	13823401984	9738592256	403.8	15	0
2174.89	3346733	594397	3346733	13823631360	9738592256	399.7	15	0
2175.90	3346733	594397	3346733	13823430656	9738592256	399.7	15	0
2176.90	3346733	594397	3346733	13823483904	9738592256	403.7	15	0
2177.90	3346733	594397	3346733	13823074304	9738592256	399.8	15	0
2178.91	3346733	594397	3346733	13823344640	9738592256	403.8	15	0
2179.91	3346733	594397	3346733	13823238144	9738592256	399.8	15	0
2180.92	3346733	594397	3346733	13823205376	9738592256	399.8	15	0
2181.92	3346733	594397	3346733	13823328256	9738592256	403.7	15	0
2182.92	3346733	594397	3346733	13823217664	9738592256	399.7	15	0
2183.93	3346733	594397	3346733	13822894080	9738592256	403.8	15	0
2184.93	3346733	594397	3346733	13823455232	9738592256	399.7	15	0
2185.94	3346733	594397	3346733	13823451136	9738592256	403.9	15	0
2186.94	3346733	594397	3346733	13823414272	9738592256	399.6	15	0
2187.94	3346733	594397	3346733	13823377408	9738592256	399.8	15	0
2188.95	3346733	594397	3346733	13823631360	9738592256	403.7	15	0
2189.95	3346733	594397	3346733	13823258624	9738592256	399.7	15	0
2190.96	3346733	594397	3346733	13823537152	9738592256	403.7	15	0
2191.96	3346733	594397	3346733	13823250432	9738592256	399.7	15	0
2192.97	3346733	594397	3346733	13823344640	9738592256	399.7	15	0
2193.97	3346733	594397	3346733	13823643648	9738592256	403.7	15	0
2194.97	3346733	594397	3346733	13823500288	9738592256	399.8	15	0
2195.98	3346733	594397	3346733	13823553536	9738592256	403.8	15	0
2196.98	3346733	594397	3346733	13823451136	9738592256	399.7	15	0
2197.99	3346733	594397	3346733	13823787008	9738596352	399.8	15	0
2198.99	3346733	594397	3346733	13823479808	9738612736	403.7	15	0
2199.99	3346733	594595	3346733	13824487424	9738612736	402.3	15	0
2201.00	3346733	600532	3346733	13830213632	9738612736	509.3	15	0
2202.00	3346733	606504	3346733	13836255232	9738612736	503.5	15	0
2203.00	3346733	612445	3346733	13842022400	9738612736	503.4	15	0
2204.01	3346733	618385	3346733	13847842816	9738612736	507.9	15	0
2205.01	3346733	624307	3346733	13854797824	9738612736	503.4	15	0
2206.02	3346733	630278	3346733	13861019648	9738612736	508.2	15	0
2207.02	3346733	631626	3346733	13862268928	9738612736	423.4	15	0
2208.03	3346733	631626	3346733	13862076416	9738612736	399.8	15	0
2209.03	3346733	631626	3346733	13861941248	9738612736	403.9	15	0
2210.03	3346733	631626	3346733	13861851136	9738612736	399.8	15	0
2211.04	3346733	631626	3346733	13861781504	9738612736	403.8	15	0
2212.04	3346733	631626	3346733	13861806080	9738612736	399.6	15	0
2213.04	3346733	631626	3346733	13861634048	9738612736	400.2	15	0
2214.05	3346733	631626	3346733	13861863424	9738612736	403.3	15	0
2215.05	3346733	631626	3346733	13862215680	9738612736	399.8	15	0
2216.06	3346733	631626	3346733	13862281216	9738612736	403.7	15	0
2217.06	3346733	631626	3346733	13862318080	9738620928	399.7	15	0
2218.06	3346733	631626	3346733	13862514688	9738620928	399.8	15	0
2219.07	3346733	631626	3346733	13862567936	9738620928	403.8	15	0
2220.07	3346733	631626	3346733	13862002688	9738620928	399.7	15	0
2221.08	3346733	631626	3346733	13861597184	9738620928	403.7	15	0
2222.08	3346733	631626	3346733	13861892096	9738620928	399.7	15	0
2223.08	3346733	631626	3346733	13861728256	9738620928	399.7	15	0
2224.09	3346733	631626	3346733	13862002688	9738620928	403.7	15	0
2225.09	3346733	631626	3346733	13862051840	9738625024	399.8	15	0
2226.10	3346733	631626	3346733	13862096896	9738625024	399.8	15	0
2227.10	3346733	631626	3346733	13861724160	9738625024	403.7	15	0
2228.10	3346733	631626	3346733	13861933056	9738625024	399.8	15	0
2229.11	3346733	631626	3346733	13862121472	9738625024	403.7	15	0
2230.11	3346733	631626	3346733	13861953536	9738625024	399.7	15	0
2231.12	3346733	631626	3346733	13862248448	9738625024	399.8	15	0
2232.12	3346733	631626	3346733	13861974016	9738625024	403.7	15	0
2233.12	3346733	631626	3346733	13861994496	9738625024	399.7	15	0
2234.13	3346733	631626	3346733	13862088704	9738625024	403.7	15	0
2235.13	3346733	631626	3346733	13862461440	9738661888	399.7	15	0
2236.14	3346733	631626	3346733	13862199296	9738661888	399.8	15	0
2237.14	3346733	631626	3346733	13862219776	9738661888	403.8	15	0
2238.14	3346733	631626	3346733	13862121472	9738661888	399.7	15	0
2239.15	3346733	631626	3346733	13862027264	9738661888	403.7	15	0
2240.15	3346733	631626	3346733	13862318080	9738661888	399.7	15	0
2241.16	3346733	631626	3346733	13862211584	9738661888	399.7	15	0
2242.16	3346733	631626	3346733	13862510592	9738661888	403.8	15	0
2243.16	3346733	631626	3346733	13861908480	9738661888	399.8	15	0
2244.17	3346733	631626	3346733	13861990400	9738661888	403.8	15	0
2245.17	3346733	631626	3346733	13862326272	9738661888	399.6	15	0
2246.18	3346733	631626	3346733	13862305792	9738661888	399.7	15	0
2247.18	3346733	631626	3346733	13861924864	9738661888	403.7	15	0
2248.18	3346733	631626	3346733	13862105088	9738661888	399.8	15	0
2249.19	3346733	631626	3346733	13862125568	9738661888	403.7	15	0
2250.19	3346733	631626	3346733	13862129664	9738661888	399.6	15	0
2251.20	3346733	631626	3346733	13861904384	9738661888	399.7	15	0
2252.20	3346733	631626	3346733	13862227968	9738661888	403.6	15	0
2253.20	3346733	631626	3346733	13862133760	9738661888	399.7	15	0
2254.21	3346733	631626	3346733	13861851136	9738661888	403.7	15	0
2255.21	3346733	631626	3346733	13862227968	9738661888	399.7	15	0
2256.22	3346733	631626	3346733	13862166528	9738661888	399.7	15	0
2257.22	3346733	631626	3346733	13862449152	9738661888	403.7	15	0
2258.22	3346733	631626	3346733	13861732352	9738661888	399.8	15	0
2259.23	3346733	631626	3346733	13862129664	9738661888	403.7	15	0
2260.23	3346733	631626	3346733	13862408192	9738661888	399.6	15	0
2261.24	3346733	631626	3346733	13862531072	9738661888	399.8	15	0
2262.24	3346733	631626	3346733	13862191104	9738661888	403.7	15	0
2263.24	3346733	631626	3346733	13862125568	9738661888	399.7	15	0
2264.25	3346733	631626	3346733	13862273024	9738661888	403.8	15	0
2265.25	3346733	631626	3346733	13862174720	9738661888	399.7	15	0
2266.26	3346733	631626	3346733	13862248448	9738661888	399.7	15	0
2267.26	3346733	631626	3346733	13862731776	9738661888	403.7	15	0
2268.26	3346733	631626	3346733	13862510592	9738661888	399.9	15	0
2269.27	3346733	631626	3346733	13862297600	9738661888	403.7	15	0
2270.27	3346733	631626	3346733	13862055936	9738661888	399.8	15	0
2271.28	3346733	631626	3346733	13862109184	9738661888	399.8	15	0
2272.28	3346733	631626	3346733	13862285312	9738661888	403.7	15	0
2273.28	3346733	631626	3346733	13862109184	9738661888	399.7	15	0
2274.29	3346733	631626	3346733	13862010880	9738661888	403.7	15	0
2275.29	3346733	631626	3346733	13861867520	9738661888	399.7	15	0
2276.30	3346733	631626	3346733	13862150144	9738661888	399.8	15	0
2277.30	3346733	631626	3346733	13862031360	9738661888	403.7	15	0
2278.30	3346733	631626	3346733	13861871616	9738661888	399.7	15	0
2279.31	3346733	631626	3346733	13861810176	9738661888	403.7	15	0
2280.31	3346733	631626	3346733	13862281216	9738661888	399.7	15	0
2281.32	3346733	631626	3346733	13862109184	9738661888	399.8	15	0
2282.32	3346733	631626	3346733	13861965824	9738661888	403.7	15	0
2283.32	3346733	631626	3346733	13861957632	9738661888	399.7	15	0
2284.33	3346733	631626	3346733	13862174720	9738661888	403.7	15	0
2285.33	3346733	631626	3346733	13862318080	9738661888	399.7	15	0
2286.34	3346733	631626	3346733	13862010880	9738661888	399.7	15	0
2287.34	3346733	631626	3346733	13862219776	9738661888	403.7	15	0
2288.34	3346733	631626	3346733	13862207488	9738661888	399.7	15	0
2289.35	3346733	631626	3346733	13862174720	9738661888	403.7	15	0
2290.35	3346733	631626	3346733	13862731776	9738661888	399.8	15	0
2291.36	3346733	631626	3346733	13862395904	9738661888	399.7	15	0
2292.36	3346733	631626	3346733	13862961152	9738661888	403.8	15	0
2293.36	3346733	631626	3346733	13861990400	9738661888	399.8	15	0
2294.37	3346733	631626	3346733	13862096896	9738661888	403.7	15	0
2295.37	3346733	631626	3346733	13862092800	9738661888	399.7	15	0
2296.38	3346733	631626	3346733	13861752832	9738661888	399.8	15	0
2297.38	3346733	631626	3346733	13862621184	9738661888	403.7	15	0
2298.38	3346733	631626	3346733	13862612992	9738661888	399.7	15	0
2299.39	3346733	631626	3346733	13862457344	9738661888	403.7	15	0
2300.39	3346733	631626	3346733	13862002688	9738661888	399.8	15	0
2301.40	3346733	631626	3346733	13862309888	9738661888	399.7	15	0
2302.40	3346733	631626	3346733	13862301696	9738661888	403.7	15	0
2303.40	3346733	631626	3346733	13861732352	9738661888	399.7	15	0
2304.41	3346733	631626	3346733	13862109184	9738661888	403.7	15	0
2305.41	3346733	631626	3346733	13862408192	9738661888	399.7	15	0
2306.42	3346733	631626	3346733	13862010880	9738661888	399.8	15	0
2307.42	3346733	631626	3346733	13862256640	9738661888	403.7	15	0
2308.42	3346733	631626	3346733	13862309888	9738661888	399.8	15	0
2309.43	3346733	631626	3346733	13861867520	9738661888	403.7	15	0
2310.43	3346733	631626	3346733	13862100992	9738661888	399.8	15	0
2311.44	3346733	631626	3346733	13862461440	9738661888	399.6	15	0
2312.44	3346733	631626	3346733	13861720064	9738661888	403.6	15	0
2313.44	3346733	631626	3346733	13861363712	9738661888	399.7	15	0
2314.45	3346733	631626	3346733	13861990400	9738661888	403.8	15	0
2315.45	3346733	631626	3346733	13862133760	9738661888	399.7	15	0
2316.46	3346733	631626	3346733	13861867520	9738661888	399.7	15	0
2317.46	3346733	631626	3346733	13861920768	9738661888	403.8	15	0
2318.46	3346733	631626	3346733	13862121472	9738661888	399.7	15	0
2319.47	3346733	631626	3346733	13862064128	9738661888	403.7	15	0
2320.47	3346733	631626	3346733	13861842944	9738661888	399.9	15	0
2321.48	3346733	631626	3346733	13861920768	9738661888	399.7	15	0
2322.48	3346733	631626	3346733	13861916672	9738661888	403.7	15	0
2323.48	3346733	631626	3346733	13861662720	9738661888	399.8	15	0
2324.49	3346733	631626	3346733	13861953536	9738661888	403.7	15	0
2325.49	3346733	631626	3346733	13862174720	9738661888	399.7	15	0
2326.50	3346733	631626	3346733	13861797888	9738661888	399.8	15	0
2327.50	3346733	631626	3346733	13861699584	9738661888	403.7	15	0
2328.50	3346733	631626	3346733	13861740544	9738661888	399.7	15	0
2329.51	3346733	631626	3346733	13862047744	9738661888	403.6	15	0
2330.51	3346733	631626	3346733	13862309888	9738665984	399.8	15	0
2331.52	3346733	631626	3346733	13862342656	9738665984	399.8	15	0
2332.52	3346733	631626	3346733	13862715392	9738670080	403.7	15	0
2333.52	3346733	631626	3346733	13862596608	9738670080	399.8	15	0
2334.53	3346733	631626	3346733	13862674432	9738670080	403.8	15	0
2335.53	3346733	631626	3346733	13862948864	9738670080	399.7	15	0
2336.54	3346733	631626	3346733	13862748160	9738670080	399.8	15	0
2337.54	3346733	631626	3346733	13862834176	9738670080	403.7	15	0
2338.54	3346733	631626	3346733	13862490112	9738670080	399.7	15	0
2339.55	3346733	631626	3346733	13862559744	9738674176	403.7	15	0
2340.55	3346733	631626	3346733	13862334464	9738674176	399.8	15	0
2341.56	3346733	631626	3346733	13862223872	9738674176	399.7	15	0
2342.56	3346733	631626	3346733	13862498304	9738674176	403.7	15	0
2343.56	3346733	631626	3346733	13862166528	9738674176	399.7	15	0
2344.57	3346733	631626	3346733	13862129664	9738674176	403.7	15	0
2345.57	3346733	631626	3346733	13862371328	9738674176	399.7	15	0
2346.58	3346733	631626	3346733	13861982208	9738674176	399.7	15	0
2347.58	3346733	631626	3346733	13862260736	9738674176	403.7	15	0
2348.58	3346733	631626	3346733	13862469632	9738674176	399.8	15	0
2349.59	3346733	631626	3346733	13862281216	9738674176	403.7	15	0
2350.59	3346733	631626	3346733	13862420480	9738674176	399.7	15	0
2351.60	3346733	631626	3346733	13862850560	9738674176	399.6	15	0
2352.60	3346733	631626	3346733	13862682624	9738674176	403.8	15	0
2353.60	3346733	631626	3346733	13862408192	9738674176	399.8	15	0
2354.61	3346733	631626	3346733	13862506496	9738674176	403.7	15	0
2355.61	3346733	631626	3346733	13862313984	9738674176	399.7	15	0
2356.61	3346733	631626	3346733	13862567936	9738674176	399.8	15	0
2357.62	3346733	631626	3346733	13862608896	9738674176	403.7	15	0
2358.62	3346733	631626	3346733	13862150144	9738674176	399.7	15	0
2359.63	3346733	631626	3346733	13862379520	9738674176	403.8	15	0
2360.63	3346733	631626	3346733	13862428672	9738674176	399.8	15	0
2361.63	3346733	631626	3346733	13862436864	9738678272	399.7	15	0
2362.64	3346733	631626	3346733	13862735872	9738678272	403.6	15	0
2363.64	3346733	631626	3346733	13862744064	9738678272	399.8	15	0
2364.65	3346733	631626	3346733	13862830080	9738678272	399.7	15	0
2365.65	3346733	631626	3346733	13863010304	9738678272	403.7	15	0
2366.65	3346733	631626	3346733	13862649856	9738678272	399.6	15	0
2367.66	3346733	631626	3346733	13862760448	9738678272	403.8	15	0
2368.66	3346733	631626	3346733	13862670336	9738678272	399.6	15	0
2369.67	3346733	631626	3346733	13862608896	9738678272	399.7	15	0
2370.67	3346733	631626	3346733	13862268928	9738678272	403.8	15	0
2371.67	3346733	631626	3346733	13862367232	9738678272	399.8	15	0
2372.68	3346733	631626	3346733	13862567936	9738678272	403.7	15	0
2373.68	3346733	631626	3346733	13862125568	9738678272	399.6	15	0
2374.69	3346733	631626	3346733	13862178816	9738678272	399.8	15	0
2375.69	3346733	631626	3346733	13862305792	9738678272	403.8	15	0
2376.69	3346733	631626	3346733	13862707200	9738678272	399.7	15	0
2377.70	3346733	631626	3346733	13862662144	9738678272	403.8	15	0
2378.70	3346733	631626	3346733	13861765120	9738678272	399.8	15	0
2379.71	3346733	631626	3346733	13862166528	9738678272	399.8	15	0
2380.71	3346733	631626	3346733	13862682624	9738678272	403.7	15	0
2381.71	3346733	631626	3346733	13862707200	9738678272	399.8	15	0
2382.72	3346733	631626	3346733	13862768640	9738678272	403.8	15	0
2383.72	3346733	631626	3346733	13862764544	9738678272	399.8	15	0
2384.73	3346733	631626	3346733	13862641664	9738678272	399.8	15	0
2385.73	3346733	631626	3346733	13862457344	9738678272	403.8	15	0
2386.73	3346733	631626	3346733	13862780928	9738678272	399.7	15	0
2387.74	3346733	631626	3346733	13862739968	9738678272	403.7	15	0
2388.74	3346733	631626	3346733	13862060032	9738678272	399.7	15	0
2389.75	3346733	631626	3346733	13862129664	9738678272	399.7	15	0
2390.75	3346733	631626	3346733	13862268928	9738678272	403.7	15	0
2391.75	3346733	631626	3346733	13862232064	9738678272	399.7	15	0
2392.76	3346733	631626	3346733	13862739968	9738678272	403.7	15	0
2393.76	3346733	631626	3346733	13862739968	9738678272	399.8	15	0
2394.77	3346733	631626	3346733	13862834176	9738678272	399.7	15	0
2395.77	3346733	631626	3346733	13862694912	9738678272	403.7	15	0
2396.77	3346733	631626	3346733	13862207488	9738678272	399.8	15	0
2397.78	3346733	631626	3346733	13862510592	9738678272	403.7	15	0
2398.78	3346733	631626	3346733	13862559744	9738678272	399.7	15	0
2399.79	3346733	631626	3346733	13862383616	9738678272	399.8	15	0
2400.79	3346733	631626	3346733	13862408192	9738678272	403.8	15	0
2401.79	3346733	631626	3346733	13862039552	9738682368	399.7	15	0
2402.80	3346733	631626	3346733	13861879808	9738682368	403.8	15	0
2403.80	3346733	631626	3346733	13861658624	9738682368	399.9	15	0
2404.81	3346733	631626	3346733	13861507072	9738682368	400.0	15	0
2405.81	3346733	631626	3346733	13861572608	9738682368	403.8	15	0
2406.81	3346733	631626	3346733	13861638144	9738682368	399.8	15	0
2407.82	3346733	631626	3346733	13861838848	9738682368	403.8	15	0
2408.82	3346733	631626	3346733	13861937152	9738682368	399.8	15	0
2409.83	3346733	631626	3346733	13862023168	9738682368	399.7	15	0
2410.83	3346733	631626	3346733	13862404096	9738682368	403.7	15	0
2411.83	3346733	631626	3346733	13862121472	9738682368	399.7	15	0
2412.84	3346733	631626	3346733	13862301696	9738682368	403.8	15	0
2413.84	3346733	631626	3346733	13862019072	9738682368	399.8	15	0
2414.85	3346733	631626	3346733	13861801984	9738682368	399.8	15	0
2415.85	3346733	631626	3346733	13862129664	9738682368	403.7	15	0
2416.85	3346733	631626	3346733	13862076416	9738682368	399.8	15	0
2417.86	3346733	631626	3346733	13862182912	9738682368	403.7	15	0
2418.86	3346733	631626	3346733	13862465536	9738682368	399.8	15	0
2419.87	3346733	631626	3346733	13861670912	9738682368	399.8	15	0
2420.87	3346733	631626	3346733	13862281216	9738682368	403.7	15	0
2421.87	3346733	631626	3346733	13862051840	9738682368	399.7	15	0
2422.88	3346733	631626	3346733	13862076416	9738682368	403.7	15	0
2423.88	3346733	631626	3346733	13862625280	9738682368	399.8	15	0
2424.88	3346733	631626	3346733	13862748160	9738682368	399.8	15	0
2425.89	3346733	631626	3346733	13862068224	9738682368	403.8	15	0
2426.89	3346733	631626	3346733	13861801984	9738682368	399.8	15	0
2427.90	3346733	631626	3346733	13862035456	9738682368	403.7	15	0
2428.90	3346733	631626	3346733	13862023168	9738682368	399.8	15	0
2429.90	3346733	631626	3346733	13861560320	9738682368	399.7	15	0
2430.91	3346733	631626	3346733	13862117376	9738686464	403.8	15	0
2431.91	3346733	631626	3346733	13861838848	9738686464	399.6	15	0
2432.92	3346733	631626	3346733	13862146048	9738686464	399.7	15	0
2433.92	3346733	631626	3346733	13862129664	9738686464	403.8	15	0
2434.92	3346733	631626	3346733	13862244352	9738686464	399.8	15	0
2435.93	3346733	631626	3346733	13862330368	9738686464	403.7	15	0
2436.93	3346733	631626	3346733	13862047744	9738686464	399.7	15	0
2437.94	3346733	631626	3346733	13862293504	9738686464	399.6	15	0
2438.94	3346733	631626	3346733	13861855232	9738686464	403.7	15	0
2439.94	3346733	631626	3346733	13861879808	9738686464	399.6	15	0
2440.95	3346733	631626	3346733	13862449152	9738686464	403.7	15	0
2441.95	3346733	631626	3346733	13861871616	9738686464	399.7	15	0
2442.96	3346733	631626	3346733	13862440960	9738686464	399.7	15	0
2443.96	3346733	631626	3346733	13862100992	9738686464	403.8	15	0
2444.96	3346733	631626	3346733	13862244352	9738686464	399.7	15	0
2445.97	3346733	631626	3346733	13862305792	9738686464	403.7	15	0
2446.97	3346733	631626	3346733	13862277120	9738686464	399.8	15	0
2447.98	3346733	631626	3346733	13862084608	9738686464	399.7	15	0
2448.98	3346733	631626	3346733	13862100992	9738686464	403.7	15	0
2449.98	3346733	631626	3346733	13862039552	9738686464	399.8	15	0
2450.99	3346733	631626	3346733	13862658048	9738686464	403.7	15	0
2451.99	3346733	631626	3346733	13862260736	9738686464	399.7	15	0
2453.00	3346733	631626	3346733	13861564416	9738686464	399.7	15	0
2454.00	3346733	631626	3346733	13861789696	9738686464	403.7	15	0
2455.00	3346733	631626	3346733	13861707776	9738686464	399.7	15	0
2456.01	3346733	631790	3346733	13862617088	9738686464	406.3	15	0
2457.01	3346733	637844	3346733	13868933120	9738686464	503.8	15	0
2458.02	3346733	643884	3346733	13874520064	9738686464	503.5	15	0
2459.02	3346733	649921	3346733	13881008128	9738686464	508.4	15	0
2460.02	3346733	655993	3346733	13887496192	9738686464	503.3	15	0
2461.03	3346733	662064	3346733	13893455872	9738686464	508.4	15	0
2462.03	3346733	668135	3346733	13899894784	9738686464	503.5	15	0
2463.04	3346733	674185	3346733	13906018304	9738686464	503.1	15	0
2464.04	3346733	680238	3346733	13913014272	9738686464	508.4	15	0
2465.04	3346733	686279	3346733	13918814208	9738686464	503.3	15	0
2466.05	3346733	692353	3346733	13925511168	9738686464	508.3	15	0
2467.05	3346733	698423	3346733	13931315200	9738686464	503.4	15	0
2468.05	3346733	704494	3346733	13937852416	9738686464	503.3	15	0
2469.06	3346733	706943	3346733	13940383744	9738686464	446.8	15	0
2470.06	3346733	706943	3346733	13940260864	9738686464	399.8	15	0
2471.07	3346733	706943	3346733	13940543488	9738686464	399.7	15	0
2472.07	3346733	706943	3346733	13940154368	9738686464	403.7	15	0
2473.07	3346733	706943	3346733	13940174848	9738686464	399.7	15	0
2474.08	3346733	706943	3346733	13940154368	9738686464	403.8	15	0
2475.08	3346733	706943	3346733	13939548160	9738686464	399.8	15	0
2476.09	3346733	706943	3346733	13939843072	9738686464	399.9	15	0
2477.09	3346733	706943	3346733	13939621888	9738686464	403.8	15	0
2478.09	3346733	706943	3346733	13939798016	9738686464	399.8	15	0
2479.10	3346733	706943	3346733	13939576832	9738686464	403.8	15	0
2480.10	3346733	706943	3346733	13939777536	9738686464	399.6	15	0
2481.11	3346733	706943	3346733	13939535872	9738686464	399.8	15	0
2482.11	3346733	706943	3346733	13939703808	9738686464	403.7	15	0
2483.11	3346733	706943	3346733	13939707904	9738686464	399.8	15	0
2484.12	3346733	706943	3346733	13939417088	9738686464	403.9	15	0
2485.12	3346733	706943	3346733	13939494912	9738686464	399.7	15	0
2486.13	3346733	706943	3346733	13939625984	9738686464	399.8	15	0
2487.13	3346733	706943	3346733	13939376128	9738686464	403.7	15	0
2488.13	3346733	706943	3346733	13939294208	9738686464	399.7	15	0
2489.14	3346733	706943	3346733	13939068928	9738686464	403.8	15	0
2490.14	3346733	706943	3346733	13939138560	9738686464	399.7	15	0
2491.14	3346733	706943	3346733	13939380224	9738686464	399.8	15	0
2492.15	3346733	706943	3346733	13939134464	9738686464	403.7	15	0
2493.15	3346733	706943	3346733	13938991104	9738686464	399.8	15	0
2494.16	3346733	706943	3346733	13938892800	9738686464	399.7	15	0
2495.16	3346733	706943	3346733	13939036160	9738686464	403.7	15	0
2496.16	3346733	706943	3346733	13939146752	9738686464	399.8	15	0
2497.17	3346733	706943	3346733	13939486720	9738686464	403.7	15	0
2498.17	3346733	706943	3346733	13939200000	9738686464	399.8	15	0
2499.18	3346733	706943	3346733	13939302400	9738686464	399.8	15	0
2500.18	3346733	706943	3346733	13939904512	9738686464	403.7	15	0
2501.18	3346733	706943	3346733	13939924992	9738686464	399.7	15	0
2502.19	3346733	706943	3346733	13939572736	9738686464	403.8	15	0
2503.19	3346733	706943	3346733	13939560448	9738686464	399.6	15	0
2504.20	3346733	706943	3346733	13939499008	9738686464	399.7	15	0
2505.20	3346733	706943	3346733	13939888128	9738694656	403.7	15	0
2506.20	3346733	706943	3346733	13939412992	9738694656	399.8	15	0
2507.21	3346733	706943	3346733	13939355648	9738694656	403.8	15	0
2508.21	3346733	706943	3346733	13939122176	9738694656	399.8	15	0
2509.22	3346733	706943	3346733	13939359744	9738694656	399.7	15	0
2510.22	3346733	706943	3346733	13939634176	9738694656	403.7	15	0
2511.22	3346733	706943	3346733	13939671040	9738694656	399.7	15	0
2512.23	3346733	706943	3346733	13939372032	9738694656	403.7	15	0
2513.23	3346733	706943	3346733	13939343360	9738694656	399.8	15	0
2514.24	3346733	706943	3346733	13938978816	9738694656	399.8	15	0
2515.24	3346733	706943	3346733	13939011584	9738694656	403.7	15	0
2516.24	3346733	706943	3346733	13938769920	9738694656	399.8	15	0
2517.25	3346733	706943	3346733	13939023872	9738694656	403.6	15	0
2518.25	3346733	706943	3346733	13938597888	9738694656	399.7	15	0
2519.26	3346733	706943	3346733	13939347456	9738694656	399.8	15	0
2520.26	3346733	706943	3346733	13939220480	9738694656	403.8	15	0
2521.26	3346733	706943	3346733	13939335168	9738694656	399.7	15	0
2522.27	3346733	706943	3346733	13939712000	9738694656	403.8	15	0
2523.27	3346733	706943	3346733	13939748864	9738694656	399.8	15	0
2524.28	3346733	706943	3346733	13939851264	9738694656	399.8	15	0
2525.28	3346733	706943	3346733	13939851264	9738694656	403.7	15	0
2526.28	3346733	706943	3346733	13939625984	9738694656	399.8	15	0
2527.29	3346733	706943	3346733	13939589120	9738694656	403.8	15	0
2528.29	3346733	706943	3346733	13939830784	9738702848	399.7	15	0
2529.30	3346733	706943	3346733	13939908608	9738702848	399.8	15	0
2530.30	3346733	706943	3346733	13939781632	9738702848	403.7	15	0
2531.30	3346733	706943	3346733	13939535872	9738702848	399.8	15	0
2532.31	3346733	706943	3346733	13939654656	9738706944	403.7	15	0
2533.31	3346733	706943	3346733	13939298304	9738706944	399.8	15	0
2534.32	3346733	706943	3346733	13939867648	9738706944	399.8	15	0
2535.32	3346733	706943	3346733	13939728384	9738706944	403.6	15	0
2536.32	3346733	706943	3346733	13939884032	9738706944	399.7	15	0
2537.33	3346733	706943	3346733	13939695616	9738706944	403.7	15	0
2538.33	3346733	706943	3346733	13939650560	9738706944	399.8	15	0
2539.34	3346733	706943	3346733	13939965952	9738706944	399.7	15	0
2540.34	3346733	706943	3346733	13939900416	9738706944	403.8	15	0
2541.34	3346733	706943	3346733	13940092928	9738706944	399.7	15	0
2542.35	3346733	706943	3346733	13940088832	9738706944	403.7	15	0
2543.35	3346733	706943	3346733	13939953664	9738706944	399.7	15	0
2544.36	3346733	706943	3346733	13939937280	9738706944	400.1	15	0
2545.36	3346733	706943	3346733	13939515392	9738706944	403.4	15	0
2546.36	3346733	706943	3346733	13939908608	9738706944	399.7	15	0
2547.37	3346733	706943	3346733	13939769344	9738706944	403.7	15	0
2548.37	3346733	706943	3346733	13939552256	9738719232	399.9	15	0
2549.38	3346733	706943	3346733	13939585024	9738723328	399.8	15	0
2550.38	3346733	706943	3346733	13939531776	9738723328	403.7	15	0
2551.38	3346733	706943	3346733	13939277824	9738723328	399.7	15	0
2552.39	3346733	706943	3346733	13939625984	9738723328	403.6	15	0
2553.39	3346733	706943	3346733	13939777536	9738723328	399.8	15	0
2554.40	3346733	706943	3346733	13940338688	9738723328	399.8	15	0
2555.40	3346733	706943	3346733	13939691520	9738723328	403.6	15	0
2556.40	3346733	706943	3346733	13939994624	9738723328	399.7	15	0
2557.41	3346733	706943	3346733	13939904512	9738723328	403.7	15	0
2558.41	3346733	706943	3346733	13939937280	9738723328	399.7	15	0
2559.42	3346733	706943	3346733	13939585024	9738723328	399.7	15	0
2560.42	3346733	706943	3346733	13939556352	9738723328	403.8	15	0
2561.42	3346733	706943	3346733	13939490816	9738723328	399.9	15	0
2562.43	3346733	706943	3346733	13939511296	9738723328	403.8	15	0
2563.43	3346733	706943	3346733	13939953664	9738723328	399.8	15	0
2564.44	3346733	706943	3346733	13939425280	9738723328	400.5	15	0
2565.44	3346733	706943	3346733	13939814400	9738723328	403.0	15	0
2566.44	3346733	706943	3346733	13939671040	9738723328	399.9	15	0
2567.45	3346733	706943	3346733	13939978240	9738723328	403.8	15	0
2568.45	3346733	706943	3346733	13939425280	9738727424	400.3	15	0
2569.46	3346733	706943	3346733	13939740672	9738727424	399.3	15	0
2570.46	3346733	706943	3346733	13939621888	9738727424	403.8	15	0
2571.46	3346733	706943	3346733	13939625984	9738727424	399.8	15	0
2572.47	3346733	706943	3346733	13940195328	9738731520	403.8	15	0
2573.47	3346733	706943	3346733	13939576832	9738731520	399.8	15	0
2574.48	3346733	706943	3346733	13939625984	9738739712	399.7	15	0
2575.48	3346733	706943	3346733	13939544064	9738739712	403.7	15	0
2576.48	3346733	706943	3346733	13939417088	9738739712	399.9	15	0
2577.49	3346733	706943	3346733	13939748864	9738739712	403.7	15	0
2578.49	3346733	706943	3346733	13939806208	9738739712	399.7	15	0
2579.50	3346733	706943	3346733	13939417088	9738739712	399.7	15	0
2580.50	3346733	706943	3346733	13939109888	9738739712	403.7	15	0
2581.50	3346733	706943	3346733	13939126272	9738801152	399.8	15	0
2582.51	3346733	706943	3346733	13939122176	9738801152	403.7	15	0
2583.51	3346733	706943	3346733	13939195904	9738801152	399.7	15	0
2584.52	3346733	709316	3346733	13942587392	9738801152	439.8	15	0
2585.52	3346733	715286	3346733	13948993536	9738805248	507.9	15	0
2586.52	3346733	721254	3346733	13954764800	9738805248	502.9	15	0
2587.53	3346733	727256	3346733	13960765440	9738805248	508.2	15	0
2588.53	3346733	733255	3346733	13967196160	9738805248	503.0	15	0
2589.54	3346733	739227	3346733	13972971520	9738805248	503.1	15	0
2590.54	3346733	744935	3346733	13978595328	9738805248	503.5	15	0
2591.54	3346733	744935	3346733	13978730496	9738805248	399.7	15	0
2592.55	3346733	744935	3346733	13978628096	9738805248	403.7	15	0
2593.55	3346733	744935	3346733	13978468352	9738805248	399.7	15	0
2594.56	3346733	744935	3346733	13978652672	9738805248	399.7	15	0
2595.56	3346733	744935	3346733	13978804224	9738805248	403.6	15	0
2596.56	3346733	744935	3346733	13978656768	9738805248	399.8	15	0
2597.57	3346733	744935	3346733	13978746880	9738805248	403.7	15	0
2598.57	3346733	744935	3346733	13978353664	9738805248	399.8	15	0
2599.57	3346733	744935	3346733	13978558464	9738805248	399.7	15	0
2600.58	3346733	744935	3346733	13978599424	9738805248	403.8	15	0
2601.58	3346733	744935	3346733	13978386432	9738805248	399.8	15	0
2602.59	3346733	744935	3346733	13978685440	9738805248	403.8	15	0
2603.59	3346733	744935	3346733	13978599424	9738805248	399.6	15	0
2604.59	3346733	744935	3346733	13978542080	9738805248	399.8	15	0
2605.60	3346733	744935	3346733	13978427392	9738805248	403.8	15	0
2606.60	3346733	744935	3346733	13978533888	9738805248	399.7	15	0
2607.61	3346733	744935	3346733	13978845184	9738805248	403.7	15	0
2608.61	3346733	744935	3346733	13978566656	9738805248	399.8	15	0
2609.61	3346733	744935	3346733	13978882048	9738805248	399.8	15	0
2610.62	3346733	744935	3346733	13978591232	9738805248	403.8	15	0
2611.62	3346733	744935	3346733	13978689536	9738805248	399.8	15	0
2612.63	3346733	744935	3346733	13978464256	9738805248	403.8	15	0
2613.63	3346733	744935	3346733	13978411008	9738805248	399.7	15	0
2614.63	3346733	744935	3346733	13978730496	9738805248	399.8	15	0
2615.64	3346733	744935	3346733	13978390528	9738805248	403.8	15	0
2616.64	3346733	744935	3346733	13978603520	9738805248	399.8	15	0
2617.65	3346733	744935	3346733	13978652672	9738805248	403.8	15	0
2618.65	3346733	744935	3346733	13978603520	9738805248	399.7	15	0
2619.65	3346733	744935	3346733	13978509312	9738805248	399.8	15	0
2620.66	3346733	744935	3346733	13978554368	9738805248	403.7	15	0
2621.66	3346733	744935	3346733	13978386432	9738805248	399.7	15	0
2622.67	3346733	744935	3346733	13978615808	9738805248	403.7	15	0
2623.67	3346733	744935	3346733	13978767360	9738805248	399.7	15	0
2624.68	3346733	744935	3346733	13978562560	9738805248	399.8	15	0
2625.68	3346733	744935	3346733	13978722304	9738805248	403.7	15	0
2626.68	3346733	744935	3346733	13978841088	9738805248	399.7	15	0
2627.69	3346733	744935	3346733	13979156480	9738805248	403.8	15	0
2628.69	3346733	744935	3346733	13979058176	9738805248	399.8	15	0
2629.69	3346733	744935	3346733	13978869760	9738809344	399.9	15	0
2630.70	3346733	744935	3346733	13979299840	9738809344	403.7	15	0
2631.70	3346733	744935	3346733	13979549696	9738809344	399.9	15	0
2632.71	3346733	744935	3346733	13979426816	9738809344	403.7	15	0
2633.71	3346733	744935	3346733	13979127808	9738809344	399.8	15	0
2634.72	3346733	744935	3346733	13979222016	9738809344	399.7	15	0
2635.72	3346733	744935	3346733	13979521024	9738809344	403.7	15	0
2636.72	3346733	744935	3346733	13978968064	9738809344	399.7	15	0
2637.73	3346733	744935	3346733	13979566080	9738874880	403.8	15	0
2638.73	3346733	744935	3346733	13979045888	9738874880	399.8	15	0
2639.73	3346733	744935	3346733	13978935296	9738874880	399.7	15	0
2640.74	3346733	744935	3346733	13978980352	9738874880	403.7	15	0
2641.74	3346733	744935	3346733	13978873856	9738874880	399.8	15	0
2642.75	3346733	744935	3346733	13978210304	9738874880	403.7	15	0
2643.75	3346733	744935	3346733	13977948160	9738874880	399.7	15	0
2644.76	3346733	744935	3346733	13978275840	9738874880	399.8	15	0
2645.76	3346733	744935	3346733	13978685440	9738878976	403.7	15	0
2646.76	3346733	744935	3346733	13978365952	9738878976	399.7	15	0
2647.77	3346733	744935	3346733	13978701824	9738878976	403.7	15	0
2648.77	3346733	744935	3346733	13978128384	9742815232	399.7	15	0
2649.78	3346733	744935	3346733	13978714112	9742823424	399.8	15	0
2650.78	3346733	744935	3346733	13978664960	9742823424	403.6	15	0
2651.78	3346733	744935	3346733	13978685440	9742823424	399.8	15	0
2652.79	3346733	744935	3346733	13978902528	9742823424	403.7	15	0
2653.79	3346733	744935	3346733	13978603520	9742823424	399.7	15	0
2654.79	3346733	744935	3346733	13978124288	9742823424	399.7	15	0
2655.80	3346733	744935	3346733	13978443776	9742823424	403.7	15	0
2656.80	3346733	744935	3346733	13978341376	9742823424	399.8	15	0
2657.81	3346733	744935	3346733	13978238976	9742823424	404.0	15	0
2658.81	3346733	744935	3346733	13978324992	9742823424	399.7	15	0
2659.81	3346733	744935	3346733	13978841088	9742823424	399.8	15	0
2660.82	3346733	744935	3346733	13978779648	9742823424	403.8	15	0
2661.82	3346733	744935	3346733	13978648576	9742823424	399.9	15	0
2662.83	3346733	744935	3346733	13978562560	9742823424	399.8	15	0
2663.83	3346733	744935	3346733	13978869760	9742823424	403.7	15	0
2664.83	3346733	744935	3346733	13978357760	9742823424	399.8	15	0
2665.84	3346733	744935	3346733	13978595328	9742823424	403.7	15	0
2666.84	3346733	744935	3346733	13978279936	9742823424	399.8	15	0
2667.85	3346733	744935	3346733	13978365952	9742823424	399.7	15	0
2668.85	3346733	744935	3346733	13978804224	9742823424	403.8	15	0
2669.85	3346733	744935	3346733	13978427392	9742823424	399.7	15	0
2670.86	3346733	744935	3346733	13978140672	9742823424	403.8	15	0
2671.86	3346733	744935	3346733	13977845760	9742823424	399.8	15	0
2672.87	3346733	744935	3346733	13977796608	9742823424	399.7	15	0
2673.87	3346733	744935	3346733	13978046464	9742823424	403.8	15	0
2674.87	3346733	744935	3346733	13978210304	9742823424	399.8	15	0
2675.88	3346733	744935	3346733	13978509312	9742823424	403.7	15	0
2676.88	3346733	744935	3346733	13978316800	9742823424	399.8	15	0
2677.89	3346733	744935	3346733	13978296320	9742823424	399.7	15	0
2678.89	3346733	744935	3346733	13977690112	9742823424	403.8	15	0
2679.89	3346733	744935	3346733	13977866240	9742823424	399.8	15	0
2680.90	3346733	744935	3346733	13978005504	9742823424	403.8	15	0
2681.90	3346733	744935	3346733	13978112000	9742823424	399.8	15	0
2682.91	3346733	744935	3346733	13978050560	9742823424	399.8	15	0
2683.91	3346733	744935	3346733	13978374144	9742823424	403.8	15	0
2684.91	3346733	744935	3346733	13978148864	9742823424	399.7	15	0
2685.92	3346733	744935	3346733	13978181632	9742823424	403.8	15	0
2686.92	3346733	744935	3346733	13978550272	9742823424	399.8	15	0
2687.93	3346733	744935	3346733	13978288128	9742823424	399.9	15	0
2688.93	3346733	744935	3346733	13978501120	9742823424	403.8	15	0
2689.93	3346733	744935	3346733	13978394624	9742823424	399.7	15	0
2690.94	3346733	744935	3346733	13978435584	9742823424	403.7	15	0
2691.94	3346733	744935	3346733	13978406912	9742823424	399.9	15	0
2692.95	3346733	744935	3346733	13978284032	9742823424	399.8	15	0
2693.95	3346733	744935	3346733	13978255360	9742823424	403.8	15	0
2694.95	3346733	744935	3346733	13978267648	9742823424	399.8	15	0
2695.96	3346733	744935	3346733	13978488832	9742823424	403.9	15	0
2696.96	3346733	744935	3346733	13978755072	9742831616	399.8	15	0
2697.97	3346733	744935	3346733	13978943488	9742831616	399.8	15	0
2698.97	3346733	744935	3346733	13978472448	9742831616	403.6	15	0
2699.97	3346733	744935	3346733	13978079232	9742835712	399.8	15	0
2700.98	3346733	744935	3346733	13978230784	9742835712	403.6	15	0
2701.98	3346733	744935	3346733	13978046464	9742835712	399.8	15	0
2702.99	3346733	744935	3346733	13977989120	9742835712	400.0	15	0
2703.99	3346733	744935	3346733	13977735168	9742835712	403.5	15	0
2705.00	3346733	744935	3346733	13977505792	9742835712	399.7	15	0
2706.00	3346733	744935	3346733	13977251840	9742835712	403.7	15	0
2707.00	3346733	744935	3346733	13977231360	9742835712	399.7	15	0
2708.01	3346733	744935	3346733	13977260032	9742835712	403.6	15	0
2709.01	3346733	744935	3346733	13977612288	9742835712	400.3	15	0
2710.02	3346733	744935	3346733	13977931776	9742835712	403.8	15	0
2711.02	3346733	744935	3346733	13978255360	9742835712	399.7	15	0
2712.02	3346733	744935	3346733	13977972736	9742835712	399.8	15	0
2713.03	3346733	744935	3346733	13977493504	9742835712	403.8	15	0
2714.03	3346733	744935	3346733	13977591808	9742835712	399.8	15	0
2715.04	3346733	744935	3346733	13977645056	9742835712	403.9	15	0
2716.04	3346733	744935	3346733	13978198016	9742835712	399.7	15	0
2717.04	3346733	744935	3346733	13977358336	9742835712	399.8	15	0
2718.05	3346733	744935	3346733	13977620480	9742835712	403.8	15	0
2719.05	3346733	744935	3346733	13977317376	9742835712	399.8	15	0
2720.06	3346733	744935	3346733	13977419776	9742835712	399.8	15	0
2721.06	3346733	744935	3346733	13977993216	9742835712	403.7	15	0
2722.06	3346733	744935	3346733	13977694208	9742835712	399.8	15	0
2723.07	3346733	744935	3346733	13977997312	9742835712	403.9	15	0
2724.07	3346733	744935	3346733	13977808896	9742835712	399.8	15	0
2725.08	3346733	744935	3346733	13977833472	9742835712	399.9	15	0
2726.08	3346733	744935	3346733	13978116096	9742835712	403.8	15	0
2727.08	3346733	744935	3346733	13977526272	9742835712	399.8	15	0
2728.09	3346733	744935	3346733	13977706496	9742835712	403.8	15	0
2729.09	3346733	744935	3346733	13977587712	9742835712	399.8	15	0
2730.10	3346733	744935	3346733	13977841664	9742852096	399.8	15	0
2731.10	3346733	744935	3346733	13977882624	9742852096	403.7	15	0
2732.10	3346733	744935	3346733	13978050560	9742852096	399.8	15	0
2733.11	3346733	744935	3346733	13978099712	9742852096	403.8	15	0
2734.11	3346733	744935	3346733	13977686016	9742852096	399.8	15	0
2735.12	3346733	744935	3346733	13978066944	9742852096	399.7	15	0
2736.12	3346733	744935	3346733	13978370048	9742852096	403.9	15	0
2737.12	3346733	744935	3346733	13977899008	9742852096	399.8	15	0
2738.13	3346733	744935	3346733	13977776128	9742852096	403.9	15	0
2739.13	3346733	744935	3346733	13977657344	9742852096	399.9	15	0
2740.14	3346733	744935	3346733	13978365952	9742856192	399.8	15	0
2741.14	3346733	744935	3346733	13978210304	9742856192	403.8	15	0
2742.14	3346733	744935	3346733	13978505216	9742872576	399.8	15	0
2743.15	3346733	744935	3346733	13977858048	9742872576	403.7	15	0
2744.15	3346733	744935	3346733	13978259456	9742872576	399.8	15	0
2745.15	3346733	744935	3346733	13978300416	9742872576	399.8	15	0
2746.16	3346733	744935	3346733	13978337280	9742872576	403.9	15	0
2747.16	3346733	744935	3346733	13978255360	9742872576	399.8	15	0
2748.17	3346733	744935	3346733	13978222592	9742872576	403.8	15	0
2749.17	3346733	744935	3346733	13978226688	9742872576	399.8	15	0
2750.17	3346733	744935	3346733	13978288128	9742872576	399.8	15	0
2751.18	3346733	744935	3346733	13978292224	9742872576	403.9	15	0
2752.18	3346733	744935	3346733	13978120192	9742872576	399.9	15	0
2753.19	3346733	744935	3346733	13978226688	9742872576	399.9	15	0
2754.19	3346733	744935	3346733	13978390528	9742872576	403.8	15	0
2755.19	3346733	744935	3346733	13978693632	9742872576	399.9	15	0
2756.20	3346733	744935	3346733	13978710016	9742872576	403.7	15	0
2757.20	3346733	744935	3346733	13978484736	9742872576	399.9	15	0
2758.21	3346733	744935	3346733	13978112000	9742872576	399.8	15	0
2759.21	3346733	744935	3346733	13978157056	9742872576	403.8	15	0
2760.21	3346733	744935	3346733	13978382336	9742872576	399.8	15	0
2761.22	3346733	744935	3346733	13978570752	9742872576	403.7	15	0
2762.22	3346733	744935	3346733	13977681920	9742872576	399.8	15	0
2763.23	3346733	744935	3346733	13978206208	9742872576	399.8	15	0
2764.23	3346733	744935	3346733	13977956352	9742872576	403.8	15	0
2765.23	3346733	744935	3346733	13978083328	9742872576	399.8	15	0
2766.24	3346733	744935	3346733	13978222592	9742872576	403.7	15	0
2767.24	3346733	744935	3346733	13977554944	9742872576	399.8	15	0
2768.25	3346733	744935	3346733	13977587712	9742872576	399.8	15	0
2769.25	3346733	744935	3346733	13977538560	9742872576	403.7	15	0
2770.25	3346733	744935	3346733	13977591808	9742872576	399.7	15	0
2771.26	3346733	744935	3346733	13978234880	9742872576	403.6	15	0
2772.26	3346733	744935	3346733	13978001408	9742872576	399.8	15	0
2773.27	3346733	744935	3346733	13977677824	9742872576	403.7	15	0
2774.27	3346733	744935	3346733	13978054656	9742872576	399.8	15	0
2775.28	3346733	744935	3346733	13978308608	9742872576	400.5	15	0
2776.28	3346733	744935	3346733	13977919488	9742872576	403.1	15	0
2777.28	3346733	744935	3346733	13977882624	9742872576	399.8	15	0
2778.29	3346733	744935	3346733	13978009600	9742872576	403.7	15	0
2779.29	3346733	744935	3346733	13978263552	9742872576	399.7	15	0
2780.30	3346733	744935	3346733	13978558464	9742872576	403.7	15	0
2781.30	3346733	744935	3346733	13978406912	9742872576	399.8	15	0
2782.31	3346733	744935	3346733	13978759168	9742872576	400.3	15	0
2783.31	3346733	744935	3346733	13978066944	9742872576	403.3	15	0
2784.31	3346733	744935	3346733	13977907200	9742872576	399.7	15	0
2785.32	3346733	744935	3346733	13978492928	9742872576	403.6	15	0
2786.32	3346733	744935	3346733	13978292224	9742872576	399.7	15	0
2787.33	3346733	744935	3346733	13978144768	9742872576	399.9	15	0
2788.33	3346733	744935	3346733	13977935872	9742872576	403.7	15	0
2789.33	3346733	744935	3346733	13978103808	9742872576	399.7	15	0
2790.34	3346733	744935	3346733	13977722880	9742872576	403.6	15	0
2791.34	3346733	744935	3346733	13977952256	9742872576	399.7	15	0
2792.35	3346733	744935	3346733	13978263552	9742872576	403.8	15	0
2793.35	3346733	744935	3346733	13978042368	9742872576	399.8	15	0
2794.36	3346733	744935	3346733	13977681920	9742872576	399.7	15	0
2795.36	3346733	744935	3346733	13978099712	9742872576	403.7	15	0
2796.36	3346733	744935	3346733	13977980928	9742872576	399.8	15	0
2797.37	3346733	744935	3346733	13977845760	9742872576	403.7	15	0
2798.37	3346733	744935	3346733	13977567232	9742876672	399.8	15	0
2799.38	3346733	744935	3346733	13977792512	9742876672	399.8	15	0
2800.38	3346733	744935	3346733	13978001408	9742876672	403.7	15	0
2801.38	3346733	744935	3346733	13978132480	9742876672	399.8	15	0
2802.39	3346733	744935	3346733	13977968640	9742876672	403.7	15	0
2803.39	3346733	744935	3346733	13977972736	9742876672	399.7	15	0
2804.40	3346733	744935	3346733	13978263552	9742876672	403.8	15	0
2805.40	3346733	744935	3346733	13978169344	9742876672	399.8	15	0
2806.41	3346733	744935	3346733	13978431488	9742876672	399.7	15	0
2807.41	3346733	744935	3346733	13978529792	9742876672	403.7	15	0
2808.41	3346733	744935	3346733	13978529792	9742876672	399.8	15	0
2809.42	3346733	744935	3346733	13978513408	9742876672	403.7	15	0
2810.42	3346733	744935	3346733	13978763264	9742876672	399.7	15	0
2811.43	3346733	744935	3346733	13978071040	9742876672	403.8	15	0
2812.43	3346733	744935	3346733	13978324992	9742876672	399.7	15	0
2813.44	3346733	744935	3346733	13978087424	9742876672	399.8	15	0
2814.44	3346733	744935	3346733	13978161152	9742876672	403.7	15	0
2815.44	3346733	744935	3346733	13978095616	9742876672	399.7	15	0
2816.45	3346733	744935	3346733	13977817088	9742876672	403.6	15	0
2817.45	3346733	744935	3346733	13978103808	9742876672	399.6	15	0
2818.46	3346733	744935	3346733	13977636864	9742876672	403.8	15	0
2819.46	3346733	744935	3346733	13978025984	9742876672	399.7	15	0
2820.47	3346733	744935	3346733	13978230784	9742876672	399.7	15	0
2821.47	3346733	744935	3346733	13978267648	9742876672	403.7	15	0
2822.47	3346733	744935	3346733	13978370048	9742876672	399.7	15	0
2823.48	3346733	744935	3346733	13978333184	9742876672	403.8	15	0
2824.48	3346733	744935	3346733	13978349568	9742876672	399.6	15	0
2825.49	3346733	744935	3346733	13978116096	9742876672	399.7	15	0
2826.49	3346733	744935	3346733	13977780224	9742876672	403.6	15	0
2827.49	3346733	744935	3346733	13977993216	9742876672	399.8	15	0
2828.50	3346733	744935	3346733	13977829376	9742876672	403.8	15	0
2829.50	3346733	744935	3346733	13977776128	9742876672	399.8	15	0
2830.51	3346733	744935	3346733	13978005504	9742876672	403.7	15	0
2831.51	3346733	744935	3346733	13977632768	9742876672	399.7	15	0
2832.52	3346733	744935	3346733	13978025984	9742876672	399.8	15	0
2833.52	3346733	744935	3346733	13977935872	9742876672	403.7	15	0
2834.52	3346733	744935	3346733	13977911296	9742876672	399.7	15	0
2835.53	3346733	744935	3346733	13977948160	9742876672	403.7	15	0
2836.53	3346733	744935	3346733	13978320896	9742876672	399.7	15	0
2837.54	3346733	744935	3346733	13978210304	9742876672	399.7	15	0
2838.54	3346733	744935	3346733	13977849856	9742876672	403.8	15	0
2839.54	3346733	744935	3346733	13977899008	9742876672	399.8	15	0
2840.55	3346733	746432	3346733	13980164096	9742876672	429.7	15	0
2841.55	3346733	752423	3346733	13986377728	9742876672	503.0	15	0
2842.56	3346733	758397	3346733	13992210432	9742876672	503.0	15	0
2843.56	3346733	764323	3346733	13998088192	9742876672	507.8	15	0
2844.56	3346733	770296	3346733	14004056064	9742876672	503.7	15	0
2845.57	3346733	776298	3346733	14010601472	9742876672	508.6	15	0
2846.57	3346733	782286	3346733	14016544768	9742876672	503.2	15	0
2847.58	3346733	788291	3346733	14022959104	9742876672	503.0	15	0
2848.58	3346733	794314	3346733	14029139968	9742876672	508.0	15	0
2849.58	3346733	800320	3346733	14035243008	9742876672	503.0	15	0
2850.59	3346733	806341	3346733	14041387008	9742876672	508.6	15	0
2851.59	3346733	812362	3346733	14048010240	9742876672	503.7	15	0
2852.60	3346733	818364	3346733	14054027264	9742876672	503.2	15	0
2853.60	3346733	821059	3346733	14056751104	9742880768	451.2	15	0
2854.60	3346733	821059	3346733	14057099264	9742880768	399.7	15	0
2855.61	3346733	821059	3346733	14056738816	9742880768	403.8	15	0
2856.61	3346733	821059	3346733	14056460288	9742884864	399.8	15	0
2857.62	3346733	821059	3346733	14056448000	9742884864	399.8	15	0
2858.62	3346733	821059	3346733	14056050688	9742884864	403.7	15	0
2859.62	3346733	821059	3346733	14056177664	9742884864	399.8	15	0
2860.63	3346733	821059	3346733	14056456192	9742884864	403.7	15	0
2861.63	3346733	821059	3346733	14056366080	9742884864	399.8	15	0
2862.64	3346733	821059	3346733	14056538112	9742884864	399.8	15	0
2863.64	3346733	821059	3346733	14056816640	9742884864	403.8	15	0
2864.64	3346733	821059	3346733	14056648704	9742884864	399.9	15	0
2865.65	3346733	821059	3346733	14056615936	9742884864	403.8	15	0
2866.65	3346733	821059	3346733	14056611840	9742884864	399.8	15	0
2867.66	3346733	821059	3346733	14056480768	9742884864	399.9	15	0
2868.66	3346733	821059	3346733	14056214528	9742884864	403.7	15	0
2869.66	3346733	821059	3346733	14056464384	9742884864	399.7	15	0
2870.67	3346733	821059	3346733	14056460288	9742884864	403.7	15	0
2871.67	3346733	821059	3346733	14056333312	9742884864	399.7	15	0
2872.68	3346733	821059	3346733	14056357888	9742884864	399.8	15	0
2873.68	3346733	821059	3346733	14056001536	9742884864	403.7	15	0
2874.68	3346733	821059	3346733	14055993344	9742884864	399.7	15	0
2875.69	3346733	821059	3346733	14056194048	9742884864	403.7	15	0
2876.69	3346733	821059	3346733	14056275968	9742884864	399.7	15	0
2877.70	3346733	821059	3346733	14056460288	9742884864	399.7	15	0
2878.70	3346733	821059	3346733	14056357888	9742884864	403.7	15	0
2879.70	3346733	821059	3346733	14056157184	9742884864	399.7	15	0
2880.71	3346733	821059	3346733	14056132608	9742884864	403.7	15	0
2881.71	3346733	821059	3346733	14056271872	9742888960	399.6	15	0
2882.72	3346733	821059	3346733	14056558592	9742888960	399.7	15	0
2883.72	3346733	821059	3346733	14056439808	9742888960	403.7	15	0
2884.72	3346733	821059	3346733	14056673280	9742888960	399.8	15	0
2885.73	3346733	821059	3346733	14056628224	9742888960	403.7	15	0
2886.73	3346733	821059	3346733	14056501248	9742888960	399.7	15	0
2887.74	3346733	821059	3346733	14056488960	9742888960	399.8	15	0
2888.74	3346733	821059	3346733	14056013824	9742888960	403.8	15	0
2889.74	3346733	821059	3346733	14056218624	9742888960	399.7	15	0
2890.75	3346733	821059	3346733	14056394752	9742888960	403.8	15	0
2891.75	3346733	821059	3346733	14056542208	9742888960	399.7	15	0
2892.75	3346733	821059	3346733	14055817216	9742888960	399.8	15	0
2893.76	3346733	821059	3346733	14055944192	9742888960	403.7	15	0
2894.76	3346733	821059	3346733	14056226816	9742888960	399.7	15	0
2895.77	3346733	821059	3346733	14056591360	9742888960	403.8	15	0
2896.77	3346733	821059	3346733	14056210432	9742888960	399.8	15	0
2897.77	3346733	821059	3346733	14056210432	9742888960	399.8	15	0
2898.78	3346733	821059	3346733	14056017920	9742888960	403.8	15	0
2899.78	3346733	821059	3346733	14055669760	9742888960	399.9	15	0
2900.79	3346733	821059	3346733	14056226816	9742888960	400.0	15	0
2901.79	3346733	821059	3346733	14056435712	9742888960	403.5	15	0
2902.79	3346733	821059	3346733	14056026112	9742888960	399.8	15	0
2903.80	3346733	821059	3346733	14056329216	9742888960	403.8	15	0
2904.80	3346733	821059	3346733	14056185856	9742888960	399.7	15	0
2905.81	3346733	821059	3346733	14056071168	9742888960	399.9	15	0
2906.81	3346733	821059	3346733	14056423424	9742888960	403.7	15	0
2907.81	3346733	821059	3346733	14056239104	9742888960	399.7	15	0
2908.82	3346733	821059	3346733	14056214528	9742888960	403.7	15	0
2909.82	3346733	821059	3346733	14056013824	9742888960	399.8	15	0
2910.83	3346733	821059	3346733	14055944192	9742888960	399.7	15	0
2911.83	3346733	821059	3346733	14055882752	9742888960	403.8	15	0
2912.83	3346733	821059	3346733	14055825408	9742888960	399.9	15	0
2913.84	3346733	821059	3346733	14055751680	9742888960	403.8	15	0
2914.84	3346733	821059	3346733	14055985152	9742888960	399.6	15	0
2915.85	3346733	821059	3346733	14056198144	9742888960	399.8	15	0
2916.85	3346733	821059	3346733	14055878656	9742888960	403.8	15	0
2917.85	3346733	821059	3346733	14056034304	9742888960	399.8	15	0
2918.86	3346733	821059	3346733	14055993344	9742888960	403.7	15	0
2919.86	3346733	821059	3346733	14056497152	9742888960	399.6	15	0
2920.87	3346733	821059	3346733	14056370176	9742888960	399.8	15	0
2921.87	3346733	821059	3346733	14056022016	9742888960	403.6	15	0
2922.87	3346733	821059	3346733	14056132608	9742888960	399.6	15	0
2923.88	3346733	821059	3346733	14056026112	9742888960	403.8	15	0
2924.88	3346733	821059	3346733	14055931904	9742888960	399.7	15	0
2925.89	3346733	821059	3346733	14056296448	9742888960	399.7	15	0
2926.89	3346733	821059	3346733	14056165376	9742888960	403.8	15	0
2927.89	3346733	821059	3346733	14055862272	9742888960	399.7	15	0
2928.90	3346733	821059	3346733	14056095744	9742888960	403.7	15	0
2929.90	3346733	821059	3346733	14056513536	9742888960	399.7	15	0
2930.91	3346733	821059	3346733	14056103936	9742888960	399.7	15	0
2931.91	3346733	821059	3346733	14056026112	9742888960	403.8	15	0
2932.91	3346733	821059	3346733	14055976960	9742888960	399.8	15	0
2933.92	3346733	821059	3346733	14056062976	9742888960	403.8	15	0
2934.92	3346733	821059	3346733	14056009728	9742888960	399.8	15	0
2935.93	3346733	821059	3346733	14056382464	9742888960	399.8	15	0
2936.93	3346733	821059	3346733	14056382464	9742888960	403.7	15	0
2937.93	3346733	821059	3346733	14056484864	9742888960	399.9	15	0
2938.94	3346733	821059	3346733	14056148992	9742888960	403.8	15	0
2939.94	3346733	821059	3346733	14055981056	9742888960	399.8	15	0
2940.95	3346733	821059	3346733	14055976960	9742888960	399.7	15	0
2941.95	3346733	821059	3346733	14056034304	9742893056	403.7	15	0
2942.95	3346733	821059	3346733	14056284160	9742893056	399.8	15	0
2943.96	3346733	821059	3346733	14055948288	9742893056	403.8	15	0
2944.96	3346733	821059	3346733	14056030208	9742893056	399.8	15	0
2945.97	3346733	821059	3346733	14056611840	9742893056	399.8	15	0
2946.97	3346733	821059	3346733	14055849984	9742893056	403.8	15	0
2947.97	3346733	821059	3346733	14056189952	9742893056	399.9	15	0
2948.98	3346733	821059	3346733	14056140800	9742893056	403.8	15	0
2949.98	3346733	821059	3346733	14055952384	9742893056	399.7	15	0
2950.99	3346733	821059	3346733	14056161280	9742893056	399.8	15	0
2951.99	3346733	821059	3346733	14056071168	9742893056	403.7	15	0
2952.99	3346733	821059	3346733	13101031424	8751869952	376.3	10	0
2954.00	3346733	826566	3346733	10863484928	6550585344	104.1	10	0
2955.00	3346733	832680	3346733	10869821440	6550585344	103.4	10	0
2956.01	3346733	838767	3346733	10876420096	6550585344	103.7	10	0
2957.01	3346733	844871	3346733	10881429504	6550585344	104.8	10	0
2958.01	3346733	850986	3346733	10888196096	6550585344	103.8	10	0
2959.02	1673366	855963	1673366	6720720896	2817327104	106.9	2	0
