t_s	temp_kb	out_kb	converted_kb	mem_bytes	anon_bytes	cpu_pct	pids	fifos
0.00	0	0	0	6176768	303104	65.0	2	0
1.00	0	0	0	647135232	631939072	98.6	2	0
2.01	0	0	0	897495040	873795584	100.0	2	0
3.01	0	1	0	1338871808	1308155904	101.0	2	0
4.01	0	1	0	1702473728	1660739584	100.0	2	0
5.02	0	1	0	2038370304	1995067392	101.0	2	0
6.02	0	1	0	2415198208	2372845568	100.0	2	0
7.03	0	1	0	2575536128	2531880960	100.0	2	0
8.03	0	2	0	3267211264	3219648512	108.1	16	4
9.03	0	2	0	6869274624	6815207424	199.6	16	4
10.04	0	53	0	9341554688	9271930880	368.4	26	4
11.04	0	285	0	9357402112	9287475200	807.3	26	4
12.05	0	534	0	9362075648	9291898880	807.2	26	4
13.05	0	899	0	9369731072	9299136512	803.3	26	4
14.06	0	1164	0	9372270592	9300877312	591.7	26	4
15.06	0	1164	0	9374752768	9303556096	628.3	26	4
16.06	0	1198	0	9378410496	9310642176	600.5	26	4
17.07	0	1843	0	9379328000	9311145984	717.4	26	4
18.07	0	1843	0	9380474880	9311735808	596.6	26	4
19.08	0	2306	0	9383473152	9314873344	621.3	26	4
20.08	0	2406	0	9389744128	9319792640	621.8	26	4
21.09	0	2985	0	9390972928	9320374272	597.4	26	4
22.09	0	2985	0	9389838336	9320652800	693.6	26	4
23.09	0	3448	0	9391140864	9320910848	660.3	26	4
24.10	0	3564	0	9391894528	9321144320	678.0	26	4
25.10	0	4126	0	9392910336	9321316352	639.6	26	4
26.11	0	4126	0	9393262592	9321422848	600.4	26	4
27.11	0	4591	0	9393508352	9321553920	674.9	26	4
28.12	0	4707	0	9393946624	9321717760	699.8	26	4
29.12	0	5303	0	9394507776	9321734144	642.8	26	4
30.12	0	5303	0	9393324032	9321795584	624.3	26	4
31.13	0	5767	0	9394393088	9321844736	657.3	26	4
32.13	0	5883	0	9394782208	9322090496	660.5	26	4
33.14	0	6464	0	9396264960	9322147840	632.6	26	4
34.14	0	6464	0	9396477952	9322213376	634.9	26	4
35.14	0	6911	0	9397161984	9322270720	667.5	26	4
36.15	0	7027	0	9396961280	9322336256	653.8	26	4
37.15	0	7607	0	9396875264	9322422272	650.6	26	4
38.16	0	7689	0	9397219328	9322442752	652.7	26	4
39.16	0	8070	0	9397817344	9322582016	627.0	26	4
40.17	0	8186	0	9397911552	9322635264	602.9	26	4
41.17	0	8764	0	9398562816	9322696704	683.6	26	4
42.18	0	8764	0	9398157312	9322958848	647.9	26	4
43.18	0	9226	0	9399160832	9323012096	624.7	26	4
44.18	0	9341	0	9399287808	9323053056	658.9	26	4
45.19	0	9919	0	9399771136	9323114496	651.7	26	4
46.19	0	10166	0	9400352768	9323184128	603.6	26	4
47.20	0	10380	0	9399668736	9323204608	618.6	26	4
48.20	0	10495	0	9400422400	9323249664	613.9	26	4
49.21	0	11073	0	9401143296	9323302912	661.7	26	4
50.21	0	11073	0	9401692160	9323307008	674.9	26	4
51.21	0	11536	0	9401462784	9323311104	610.5	26	4
52.22	0	11652	0	9402277888	9323347968	629.1	26	4
53.22	0	12231	0	9402912768	9323364352	620.5	26	4
54.23	0	12231	0	9403121664	9323384832	658.1	26	4
55.23	0	12709	0	9402851328	9323442176	683.5	26	4
56.24	0	12824	0	9402175488	9323573248	667.9	26	4
57.24	0	13385	0	9402445824	9323642880	671.0	26	4
58.25	0	13385	0	9402388480	9323663360	652.8	26	4
59.25	0	13863	0	9403150336	9323716608	611.3	26	4
60.25	0	13863	0	9403908096	9323753472	588.6	26	4
61.26	0	14555	0	9404682240	9323794432	639.5	26	4
62.26	0	14555	0	9404817408	9323831296	662.8	26	4
63.27	0	15018	0	9405603840	9323851776	684.5	26	4
64.27	0	15018	0	9406144512	9323913216	649.0	26	4
65.27	0	15711	0	9407066112	9323958272	621.7	26	4
66.28	0	15711	0	9406578688	9323995136	663.8	26	4
67.28	0	16173	0	9407516672	9324044288	635.0	26	4
68.29	0	16173	0	9407537152	9324081152	620.0	26	4
69.29	0	16852	0	9408557056	9324122112	672.3	26	4
70.30	0	16852	0	9408806912	9324163072	691.4	26	4
71.30	0	17316	0	9409077248	9324224512	640.1	26	4
72.30	0	17316	0	9408421888	9324232704	616.5	26	4
73.31	0	17991	0	9410199552	9324281856	653.8	26	4
74.31	0	17991	0	9410101248	9324302336	675.4	26	4
75.32	0	18436	0	9410494464	9324326912	632.0	26	4
76.32	0	18436	0	9410953216	9324343296	640.4	26	4
77.32	0	19129	0	9410625536	9324376064	649.2	26	4
78.33	0	19129	0	9410768896	9324384256	669.4	26	4
79.33	0	19575	0	9411264512	9324433408	647.5	26	4
80.34	0	19575	0	9411289088	9324445696	613.6	26	4
81.34	0	20251	0	9412292608	9324474368	647.8	26	4
82.35	0	20251	0	9411387392	9324519424	633.7	26	4
83.35	0	20697	0	9412157440	9324531712	679.2	26	4
84.35	0	20697	0	9412857856	9324576768	610.7	26	4
85.36	0	21357	0	9413758976	9324593152	705.2	26	4
86.36	0	21357	0	9413369856	9324662784	645.2	26	4
87.37	0	21820	0	9413988352	9324670976	627.1	26	4
88.37	0	21820	0	9413550080	9324683264	631.2	26	4
89.37	0	22498	0	9414557696	9324695552	636.9	26	4
90.38	0	22498	0	9414279168	9324732416	651.5	26	4
91.38	0	22976	0	9415020544	9324765184	608.2	26	4
92.39	0	22976	0	9414782976	9324822528	671.2	26	4
93.39	0	23668	0	9415806976	9324855296	666.7	26	4
94.40	0	23668	0	9415802880	9324855296	649.8	26	4
95.40	0	24129	0	9416613888	9324883968	674.5	26	4
96.40	0	24129	0	9416572928	9324896256	595.1	26	4
97.41	0	24822	0	9416896512	9324908544	647.1	26	4
98.41	0	24822	0	9416581120	9324912640	650.9	26	4
99.42	0	25284	0	9417601024	9324929024	592.0	26	4
100.42	0	25284	0	9417502720	9324945408	627.7	26	4
101.42	0	25978	0	9418444800	9325002752	628.3	26	4
102.43	0	25978	0	9417986048	9325027328	687.0	26	4
103.43	0	26456	0	9418399744	9325031424	630.2	26	4
104.44	0	26456	0	9418633216	9325031424	617.8	26	4
105.44	0	27150	0	9419689984	9325035520	660.1	26	4
106.45	0	27150	0	9419620352	9325039616	589.7	26	4
107.45	0	27613	0	9420161024	9325039616	613.2	26	4
108.45	0	27613	0	9420107776	9325039616	640.0	26	4
109.46	0	28291	0	9419993088	9325043712	636.5	26	4
110.46	0	28291	0	9420165120	9325043712	644.3	26	4
111.47	0	28752	0	9421373440	9325064192	627.4	26	4
112.47	0	28752	0	9421008896	9325129728	610.6	26	4
113.47	0	29429	0	9422233600	9325133824	608.9	26	4
114.48	0	29429	0	9422073856	9325137920	683.8	26	4
115.48	0	29891	0	9423110144	9325142016	646.1	26	4
116.49	0	29891	0	9422835712	9325182976	620.6	26	4
117.49	0	30584	0	9423568896	9325215744	635.5	26	4
118.50	0	30584	0	9424211968	9325240320	712.7	26	4
119.50	0	31046	0	9423970304	9325268992	649.9	26	4
120.50	0	31046	0	9424236544	9325289472	609.8	26	4
121.51	0	31722	0	9425031168	9325318144	630.9	26	4
122.51	0	31722	0	9424769024	9325338624	622.6	26	4
123.52	0	32186	0	9425563648	9325363200	601.2	26	4
124.52	0	32186	0	9426210816	9325522944	647.6	26	4
125.52	0	32864	0	9426239488	9325547520	719.8	26	4
126.53	0	32864	0	9426128896	9325547520	609.2	26	4
127.53	0	33327	0	9426423808	9325547520	610.8	26	4
128.54	0	33327	0	9426309120	9325568000	658.3	26	4
129.54	0	34020	0	9427415040	9325572096	650.9	26	4
130.55	0	34020	0	9426980864	9325580288	657.3	26	4
131.55	0	34483	0	9427587072	9325600768	626.8	26	4
132.55	0	34483	0	9427677184	9325608960	626.9	26	4
133.56	0	35176	0	9428312064	9325641728	615.7	26	4
134.56	0	35176	0	9428754432	9325666304	629.5	26	4
135.57	0	35176	0	9428344832	9325666304	623.7	26	4
136.57	0	35637	0	9428598784	9325678592	639.4	26	4
137.57	0	35736	0	9428348928	9325682688	630.2	26	4
138.58	0	36314	0	9429082112	9327726592	623.2	26	4
139.58	0	36314	0	9429454848	9327755264	664.6	26	4
140.59	0	36793	0	9429946368	9327763456	606.4	26	4
141.59	0	36908	0	9429979136	9327771648	629.5	26	4
142.59	0	37486	0	9430253568	9327788032	642.7	26	4
143.60	0	37486	0	9430302720	9327792128	624.8	26	4
144.60	0	37950	0	9431216128	9327808512	643.7	26	4
145.61	0	38066	0	9431515136	9327849472	663.7	26	4
146.61	0	38646	0	9431691264	9327878144	622.9	26	4
147.62	0	38646	0	9432072192	9327902720	615.1	26	4
148.62	0	39125	0	9431797760	9327927296	633.5	26	4
149.62	0	39224	0	9431986176	9327931392	591.7	26	4
150.63	0	39818	0	9432473600	9327943680	657.7	26	4
151.63	0	40082	0	9432965120	9327951872	653.4	26	4
152.64	0	40314	0	9433313280	9327968256	640.6	26	4
153.64	0	41006	0	9434431488	9328025600	691.5	26	4
154.64	0	41006	0	9434677248	9328037888	673.8	26	4
155.65	0	41237	0	9435774976	9328046080	631.5	26	4
156.65	0	41484	0	9435357184	9328062464	584.0	26	4
157.66	0	41599	0	9436143616	9328078848	583.7	26	4
158.66	0	42193	0	9436311552	9328115712	643.7	26	4
159.67	0	42193	0	9436319744	9328123904	666.9	26	4
160.67	0	42673	0	9436721152	9328136192	626.0	26	4
161.67	0	42821	0	9436381184	9328148480	626.8	26	4
162.68	0	43366	0	9437229056	9328164864	674.1	26	4
163.68	0	43681	0	9437995008	9328189440	664.5	26	4
164.69	0	43846	0	9438109696	9328197632	646.5	26	4
165.69	0	44358	0	9438605312	9328205824	656.4	26	4
166.69	0	44539	0	9438019584	9328214016	642.1	26	4
167.70	0	44539	0	9437683712	9328222208	637.7	26	4
168.70	0	45001	0	9439195136	9328263168	696.6	26	4
169.71	0	45117	0	9439449088	9328279552	629.1	26	4
170.71	0	45710	0	9439879168	9328279552	620.8	26	4
171.72	0	45710	0	9438945280	9328291840	622.9	26	4
172.72	0	46188	0	9439559680	9328291840	667.2	26	4
173.72	0	46287	0	9440325632	9328300032	695.2	26	4
174.73	0	46881	0	9441058816	9328402432	663.8	26	4
175.73	0	46881	0	9441361920	9328418816	624.3	26	4
176.74	0	47359	0	9441193984	9328447488	693.5	26	4
177.74	0	47359	0	9440739328	9328451584	704.3	26	4
178.74	0	48051	0	9441513472	9328467968	663.5	26	4
179.75	0	48051	0	9442545664	9328500736	608.4	26	4
180.75	0	48530	0	9443885056	9328537600	652.8	26	4
181.76	0	48530	0	9443004416	9328549888	639.6	26	4
182.76	0	49209	0	9443295232	9328562176	660.2	26	4
183.77	0	49209	0	9443708928	9328570368	601.9	26	4
184.77	0	49689	0	9443946496	9328603136	627.2	26	4
185.77	0	49689	0	9444065280	9328603136	644.6	26	4
186.78	0	50348	0	9444847616	9328615424	640.3	26	4
187.78	0	50348	0	9444556800	9328631808	612.4	26	4
188.79	0	50827	0	9445720064	9328648192	678.0	26	4
189.79	0	50827	0	9445560320	9328652288	688.7	26	4
190.79	0	51503	0	9445814272	9328656384	625.7	26	4
191.80	0	51503	0	9445244928	9328672768	665.8	26	4
192.80	0	51503	0	9445449728	9328689152	592.7	26	4
193.81	0	51982	0	9446891520	9328693248	661.2	26	4
194.81	0	52081	0	9446985728	9328693248	605.4	26	4
195.81	0	52659	0	9446596608	9328697344	620.4	26	4
196.82	0	52659	0	9446739968	9328705536	660.1	26	4
197.82	0	53121	0	9447202816	9328713728	638.1	26	4
198.83	0	53236	0	9447919616	9328717824	626.7	26	4
199.83	0	53797	0	9448136704	9328717824	638.7	26	4
200.84	0	53797	0	9447698432	9328717824	626.1	26	4
201.84	0	54277	0	9448484864	9328721920	675.1	26	4
202.84	0	54277	0	9448181760	9328721920	611.4	26	4
203.85	0	54956	0	9449046016	9328730112	607.6	26	4
204.85	0	54956	0	9449181184	9328738304	674.5	26	4
205.86	0	55435	0	9450172416	9328771072	633.1	26	4
206.86	0	55435	0	9450172416	9328787456	640.6	26	4
207.87	0	56127	0	9450688512	9328795648	643.0	26	4
208.87	0	56127	0	9450676224	9328807936	686.2	26	4
209.87	0	56606	0	9451589632	9328816128	605.1	26	4
210.88	0	56606	0	9450790912	9328816128	633.0	26	4
211.88	0	57299	0	9451995136	9328836608	685.9	26	4
212.89	0	57299	0	9451909120	9328844800	617.0	26	4
213.89	0	57777	0	9452642304	9328857088	658.9	26	4
214.90	0	57777	0	9453060096	9328873472	594.2	26	4
215.90	0	58470	0	9453764608	9328881664	630.7	26	4
216.90	0	58470	0	9453854720	9328902144	667.5	26	4
217.91	0	58949	0	9453895680	9328906240	697.0	26	4
218.91	0	58949	0	9453744128	9328910336	623.9	26	4
219.92	0	59609	0	9454587904	9328914432	620.4	26	4
220.92	0	59609	0	9454600192	9328926720	642.5	26	4
221.93	0	60089	0	9455042560	9328930816	672.2	26	4
222.93	0	60089	0	9454821376	9328939008	617.5	26	4
223.93	0	60768	0	9455919104	9328951296	676.6	26	4
224.94	0	60768	0	9456173056	9328959488	619.5	26	4
225.94	0	61230	0	9455628288	9328963584	689.1	26	4
226.95	0	61230	0	9456242688	9328975872	645.6	26	4
227.95	0	61907	0	9457106944	9328975872	646.3	26	4
228.96	0	61907	0	9457119232	9328979968	641.3	26	4
229.96	0	62385	0	9458216960	9328988160	709.8	26	4
230.96	0	62385	0	9457745920	9331027968	647.9	26	4
231.97	0	63062	0	9458409472	9331032064	645.6	26	4
232.97	0	63062	0	9457905664	9331032064	596.9	26	4
233.98	0	63228	0	9457487872	9331040256	621.7	26	4
234.98	0	63541	0	9458696192	9331056640	636.3	26	4
235.99	0	63640	0	9458864128	9331068928	657.0	26	4
236.99	0	64201	0	9459593216	9331073024	712.1	26	4
237.99	0	64201	0	9460170752	9331077120	595.6	26	4
239.00	0	64662	0	9460060160	9331081216	625.1	26	4
240.00	0	64778	0	9460912128	9331187712	659.8	26	4
241.01	0	65340	0	9460842496	9331191808	741.2	26	4
242.01	0	65340	0	9460240384	9331200000	619.3	26	4
243.01	0	65820	0	9461153792	9331208192	592.1	26	4
244.02	0	65820	0	9461444608	9331208192	619.7	26	4
245.02	0	66514	0	9462669312	9331384320	671.5	26	4
246.03	0	66514	0	9462517760	9331388416	623.4	26	4
247.03	0	66993	0	9462566912	9331388416	612.8	26	4
248.04	0	66993	0	9462845440	9331404800	663.4	26	4
249.04	0	67685	0	9463754752	9331404800	655.4	26	4
250.05	0	67685	0	9463779328	9331417088	662.5	26	4
251.05	0	68164	0	9464283136	9331429376	622.1	26	4
252.05	0	68164	0	9464213504	9331458048	610.0	26	4
253.06	0	68857	0	9465126912	9331490816	611.2	26	4
254.06	0	68857	0	9465393152	9331499008	625.9	26	4
255.07	0	69335	0	9466224640	9331511296	675.3	26	4
256.07	0	69335	0	9466003456	9331511296	617.2	26	4
257.07	0	70011	0	9466281984	9331523584	659.1	26	4
258.08	0	70011	0	9466388480	9331531776	644.6	26	4
259.08	0	70489	0	9467469824	9331544064	662.1	26	4
260.09	0	70489	0	9467375616	9331556352	641.7	26	4
261.09	0	71184	0	9467699200	9331560448	668.2	26	4
262.10	0	71184	0	9467375616	9331564544	614.8	26	4
263.10	0	71664	0	9468338176	9331576832	610.1	26	4
264.10	0	71664	0	9468375040	9331585024	638.8	26	4
265.11	0	72358	0	9468854272	9331597312	661.0	26	4
266.11	0	72358	0	9468223488	9331597312	606.9	26	4
267.12	0	72837	0	9469534208	9331605504	667.5	26	4
268.12	0	72837	0	9469587456	9331605504	601.8	26	4
269.13	0	73035	0	9469530112	9331605504	630.8	26	4
270.13	0	73531	0	9469693952	9331617792	650.2	26	4
271.14	0	74009	0	9470230528	9331621888	630.2	26	4
272.14	0	74026	0	9469345792	9331621888	675.6	26	4
273.14	0	74224	0	9470021632	9331621888	601.9	26	4
274.15	0	74718	0	9471078400	9331634176	625.7	26	4
275.15	0	74718	0	9471037440	9331646464	619.4	26	4
276.16	0	75213	0	9471873024	9331646464	618.4	26	4
277.16	0	75312	0	9471606784	9331654656	655.5	26	4
278.16	0	75907	0	9472299008	9331720192	676.5	26	4
279.17	0	75907	0	9472184320	9331720192	655.7	26	4
280.17	0	76386	0	9473064960	9331724288	596.7	26	4
281.18	0	76485	0	9473552384	9331728384	642.3	26	4
282.18	0	77066	0	9473703936	9331752960	656.1	26	4
283.18	0	77066	0	9473863680	9331761152	646.4	26	4
284.19	0	77545	0	9474519040	9331769344	657.1	26	4
285.19	0	77545	0	9474699264	9331773440	631.2	26	4
286.20	0	78238	0	9475416064	9331773440	641.5	26	4
287.20	0	78238	0	9475190784	9331781632	626.6	26	4
288.21	0	78699	0	9475743744	9331781632	635.1	26	4
289.21	0	78699	0	9475514368	9331785728	614.9	26	4
290.21	0	79376	0	9476587520	9331789824	640.7	26	4
291.22	0	79376	0	9476292608	9331793920	626.2	26	4
292.22	0	79855	0	9477120000	9331798016	669.1	26	4
293.23	0	79855	0	9476726784	9331806208	625.8	26	4
294.23	0	80531	0	9477644288	9331806208	634.7	26	4
295.24	0	80531	0	9477947392	9331806208	620.4	26	4
296.24	0	81026	0	9478365184	9331810304	677.8	26	4
297.24	0	81026	0	9476743168	9331814400	639.7	26	4
298.25	0	81704	0	9478414336	9331814400	655.4	26	4
299.25	0	81704	0	9478344704	9331818496	749.2	26	4
300.26	0	82200	0	9479049216	9331834880	681.2	26	4
301.26	0	82200	0	9478692864	9331838976	642.8	26	4
302.27	0	82878	0	9479421952	9331851264	660.7	26	4
303.27	0	82878	0	9479790592	9331859456	622.0	26	4
304.27	0	83357	0	9479970816	9331871744	648.1	26	4
305.28	0	83357	0	9479897088	9331875840	656.0	26	4
306.28	0	84050	0	9480859648	9331884032	674.0	26	4
307.29	0	84050	0	9480237056	9331884032	636.0	26	4
308.29	0	84528	0	9480867840	9331896320	680.7	26	4
309.30	0	84528	0	9481056256	9331900416	638.5	26	4
310.30	0	85054	0	9482293248	9331929088	666.0	26	4
311.30	0	85202	0	9482452992	9331933184	600.5	26	4
312.31	0	85202	0	9482125312	9331945472	591.2	26	4
313.31	0	85711	0	9483251712	9331957760	687.7	26	4
314.32	0	86369	0	9483968512	9331974144	731.5	26	4
315.32	0	86369	0	9484275712	9331986432	630.8	26	4
316.33	0	86369	0	9483169792	9331998720	577.2	26	4
317.33	0	86862	0	9483321344	9332006912	605.1	26	4
318.33	0	86944	0	9483702272	9332027392	628.0	26	4
319.34	0	87536	0	9484390400	9332039680	636.2	26	4
320.34	0	87536	0	9484464128	9332056064	683.0	26	4
321.35	0	88031	0	9484349440	9332056064	661.2	26	4
322.35	0	88130	0	9484926976	9332060160	646.9	26	4
323.35	0	88707	0	9485893632	9334099968	611.4	26	4
324.36	0	88707	0	9485864960	9334099968	620.1	26	4
325.36	0	89201	0	9486499840	9334112256	632.1	26	4
326.37	0	89201	0	9486315520	9334120448	647.5	26	4
327.37	0	89876	0	9487073280	9334140928	666.6	26	4
328.38	0	89876	0	9487491072	9334149120	620.6	26	4
329.38	0	90369	0	9487400960	9334153216	662.9	26	4
330.38	0	90369	0	9487216640	9334161408	599.6	26	4
331.39	0	91043	0	9488371712	9334161408	596.2	26	4
332.39	0	91043	0	9487921152	9334173696	629.6	26	4
333.40	0	91520	0	9488723968	9334173696	629.4	26	4
334.40	0	91520	0	9488224256	9334263808	704.9	26	4
335.41	0	92210	0	9489600512	9334284288	619.3	26	4
336.41	0	92210	0	9490141184	9334292480	649.4	26	4
337.41	0	92703	0	9489682432	9334292480	637.7	26	4
338.42	0	92703	0	9489899520	9334296576	623.4	26	4
339.42	0	93396	0	9491079168	9334296576	660.8	26	4
340.43	0	93396	0	9490968576	9334317056	641.4	26	4
341.43	0	93891	0	9491636224	9334317056	637.4	26	4
342.43	0	93891	0	9490841600	9334321152	648.8	26	4
343.44	0	94550	0	9491841024	9334333440	673.1	26	4
344.44	0	94550	0	9492361216	9334333440	632.1	26	4
345.45	0	95043	0	9492910080	9334353920	670.6	26	4
346.45	0	95043	0	9492336640	9334353920	607.2	26	4
347.46	0	95717	0	9493159936	9334353920	667.7	26	4
348.46	0	95717	0	9493082112	9334358016	671.3	26	4
349.46	0	96212	0	9493524480	9334358016	617.3	26	4
350.47	0	96212	0	9493553152	9334358016	631.2	26	4
351.47	0	96887	0	9494937600	9334374400	615.6	26	4
352.48	0	96887	0	9494421504	9334378496	604.5	26	4
353.48	0	97397	0	9494835200	9334382592	741.1	26	4
354.48	0	97397	0	9494933504	9334386688	609.5	26	4
355.49	0	98054	0	9494941696	9334407168	663.3	26	4
356.49	0	98054	0	9494286336	9334415360	670.3	26	4
357.50	0	98564	0	9494421504	9334415360	691.1	26	4
358.50	0	98564	0	9494454272	9334415360	691.0	26	4
359.51	0	99207	0	9495392256	9334415360	669.4	26	4
360.51	0	99207	0	9495592960	9334415360	645.0	26	4
361.52	0	99701	0	9496293376	9334431744	608.5	26	4
362.52	0	99701	0	9496096768	9334439936	654.5	26	4
363.53	0	100359	0	9497686016	9334444032	685.0	26	4
364.53	0	100359	0	9497931776	9334464512	632.1	26	4
365.53	0	100836	0	9498812416	9334476800	632.8	26	4
366.54	0	100836	0	9498103808	9334476800	671.3	26	4
367.54	0	101478	0	9499045888	9334480896	644.6	26	4
368.55	0	101478	0	9499938816	9334493184	636.7	26	4
369.55	0	101954	0	9500114944	9334493184	634.2	26	4
370.55	0	101954	0	9500491776	9334493184	646.7	26	4
371.56	0	102250	0	9500291072	9334501376	638.5	26	4
372.56	0	102611	0	9500426240	9334517760	636.7	26	4
373.57	0	102611	0	9500626944	9334517760	648.7	26	4
374.57	0	103088	0	9501339648	9334517760	671.5	26	4
375.57	0	103104	0	9501630464	9334534144	579.6	26	4
376.58	0	103729	0	9501675520	9334538240	627.8	26	4
377.58	0	103729	0	9501487104	9334542336	603.7	26	4
378.59	0	104207	0	9502392320	9334546432	649.0	26	4
379.59	0	104207	0	9501757440	9334562816	648.6	26	4
380.60	0	104866	0	9502830592	9334562816	577.6	26	4
381.60	0	104866	0	9502945280	9334579200	635.2	26	4
382.60	0	105344	0	9502777344	9334583296	673.3	26	4
383.61	0	105344	0	9503043584	9334587392	634.4	26	4
384.61	0	106001	0	9504047104	9334595584	605.2	26	4
385.62	0	106001	0	9503862784	9334603776	621.3	26	4
386.62	0	106478	0	9504366592	9334603776	613.9	26	4
387.62	0	106478	0	9504280576	9334607872	649.9	26	4
388.63	0	107118	0	9505366016	9334644736	701.4	26	4
389.63	0	107118	0	9504772096	9334644736	628.6	26	4
390.64	0	107595	0	9505288192	9334648832	636.6	26	4
391.64	0	107595	0	9505320960	9334648832	602.5	26	4
392.65	0	107677	0	9504845824	9334661120	592.8	26	4
393.65	0	108237	0	9505632256	9334661120	657.5	26	4
394.65	0	108237	0	9505599488	9334661120	593.4	26	4
395.66	0	108713	0	9506004992	9334661120	633.8	26	4
396.66	0	108713	0	9505849344	9334661120	610.7	26	4
397.67	0	109355	0	9507266560	9334681600	639.6	26	4
398.67	0	109355	0	9507323904	9334689792	630.7	26	4
399.67	0	109848	0	9508630528	9334697984	638.2	26	4
400.68	0	109848	0	9508327424	9334702080	623.0	26	4
401.68	0	110505	0	9508487168	9334714368	640.6	26	4
402.69	0	110505	0	9508466688	9334714368	597.1	26	4
403.69	0	110505	0	9508872192	9334722560	585.2	26	4
404.69	0	110997	0	9510191104	9336770560	662.1	26	4
405.70	0	111079	0	9510096896	9336778752	644.6	26	4
406.70	0	111669	0	9510248448	9336778752	647.4	26	4
407.71	0	111669	0	9509933056	9336778752	607.8	26	4
408.71	0	112145	0	9510584320	9336799232	640.5	26	4
409.72	0	112244	0	9511362560	9336803328	655.4	26	4
410.72	0	112817	0	9512202240	9336803328	657.5	26	4
411.72	0	112817	0	9511755776	9336807424	637.9	26	4
412.73	0	113310	0	9512280064	9336807424	623.4	26	4
413.73	0	113310	0	9512366080	9336811520	586.2	26	4
414.74	0	113982	0	9513537536	9336819712	668.8	26	4
415.74	0	113982	0	9513496576	9336832000	656.9	26	4
416.74	0	114476	0	9513955328	9336840192	572.4	26	4
417.75	0	114476	0	9513615360	9336844288	637.1	26	4
418.75	0	115153	0	9514438656	9336860672	624.8	26	4
419.76	0	115153	0	9513762816	9336860672	709.7	26	4
420.76	0	115648	0	9514373120	9336860672	641.6	26	4
421.76	0	115648	0	9513889792	9336860672	602.7	26	4
422.77	0	116306	0	9514962944	9336860672	626.9	26	4
423.77	0	116306	0	9515253760	9336868864	616.1	26	4
424.78	0	116815	0	9515995136	9336877056	621.3	26	4
425.78	0	116815	0	9515896832	9336877056	619.8	26	4
426.79	0	116897	0	9515040768	9336877056	643.1	26	4
427.79	0	117489	0	9515753472	9336889344	638.6	26	4
428.79	0	117555	0	9515499520	9336889344	653.3	26	4
429.80	0	117982	0	9516138496	9336889344	630.4	26	4
430.80	0	118065	0	9517096960	9336897536	606.2	26	4
431.81	0	118674	0	9517428736	9336897536	650.1	26	4
432.81	0	118674	0	9517207552	9336950784	576.6	26	4
433.81	0	119151	0	9518133248	9336954880	646.0	26	4
434.82	0	119249	0	9518141440	9337032704	646.1	26	4
435.82	0	119826	0	9519128576	9337065472	653.4	26	4
436.83	0	119826	0	9518137344	9337065472	605.2	26	4
437.83	0	120321	0	9519325184	9337085952	636.2	26	4
438.83	0	120321	0	9519562752	9337090048	607.3	26	4
439.84	0	120981	0	9519439872	9337110528	641.0	26	4
440.84	0	120981	0	9519906816	9337114624	600.7	26	4
441.85	0	121475	0	9520140288	9337139200	657.3	26	4
442.85	0	121574	0	9520312320	9337147392	640.1	26	4
443.86	0	122149	0	9520869376	9337147392	668.3	26	4
444.86	0	122149	0	9521336320	9337155584	577.0	26	4
445.86	0	122626	0	9521668096	9337159680	648.6	26	4
446.87	0	123021	0	9522425856	9337163776	672.3	26	4
447.87	0	123317	0	9522569216	9337171968	630.9	26	4
448.88	0	123712	0	9523728384	9337176064	687.6	26	4
449.88	0	123794	0	9522806784	9337176064	637.9	26	4
450.88	0	124469	0	9523458048	9337176064	616.7	26	4
451.89	0	124469	0	9523662848	9337212928	642.2	26	4
452.89	0	124946	0	9524166656	9337212928	662.7	26	4
453.90	0	124946	0	9524658176	9337397248	669.1	26	4
454.90	0	125622	0	9525493760	9337401344	665.1	26	4
455.91	0	125622	0	9525481472	9337405440	595.3	26	4
456.91	0	126100	0	9525714944	9337417728	667.0	26	4
457.91	0	126100	0	9525710848	9337417728	615.9	26	4
458.92	0	126791	0	9526874112	9337421824	649.5	26	4
459.92	0	126791	0	9527001088	9337425920	594.7	26	4
460.93	0	126791	0	9526652928	9337430016	587.5	26	4
461.93	0	127251	0	9526972416	9337430016	670.3	26	4
462.93	0	127350	0	9526652928	9337430016	589.1	26	4
463.94	0	127943	0	9527803904	9337438208	664.9	26	4
464.94	0	127943	0	9527676928	9337438208	643.4	26	4
465.95	0	128420	0	9528090624	9337446400	591.5	26	4
466.95	0	128518	0	9528619008	9337458688	611.7	26	4
467.96	0	129111	0	9529397248	9337466880	651.2	26	4
468.96	0	129111	0	9529233408	9337466880	590.2	26	4
469.96	0	129571	0	9529446400	9337466880	651.4	26	4
470.97	0	129686	0	9529286656	9337475072	612.1	26	4
471.97	0	130261	0	9530064896	9337479168	638.0	26	4
472.98	0	130261	0	9530212352	9337479168	676.8	26	4
473.98	0	130740	0	9530613760	9337483264	631.9	26	4
474.98	0	130855	0	9531068416	9337483264	632.3	26	4
475.99	0	131433	0	9531465728	9337491456	644.1	26	4
476.99	0	131433	0	9531572224	9337491456	659.4	26	4
478.00	0	131894	0	9532051456	9337491456	637.8	26	4
479.00	0	131943	0	9532502016	9337503744	626.4	26	4
480.01	0	132569	0	9533120512	9337503744	641.8	26	4
481.01	0	132569	0	9533083648	9337507840	611.6	26	4
482.01	0	133029	0	9533005824	9337507840	664.9	26	4
483.02	0	133144	0	9533304832	9337511936	658.4	26	4
484.02	0	133720	0	9533988864	9337511936	610.5	26	4
485.03	0	133720	0	9533677568	9338023936	664.8	26	4
486.03	0	134197	0	9534054400	9338036224	660.8	26	4
487.03	0	134690	0	9534803968	9340067840	627.0	26	4
488.04	0	134888	0	9534558208	9340067840	696.4	26	4
489.04	0	135150	0	9535434752	9340067840	602.7	26	4
490.05	0	135348	0	9535725568	9340067840	681.3	26	4
491.05	0	136056	0	9536249856	9340071936	668.9	26	4
492.06	0	136056	0	9535930368	9340071936	630.8	26	4
493.06	0	136516	0	9536798720	9340076032	653.8	26	4
494.06	0	136516	0	9537011712	9340088320	681.8	26	4
495.07	0	137193	0	9538297856	9340096512	676.7	26	4
496.07	0	137193	0	9537904640	9340096512	628.8	26	4
497.08	0	137309	0	9537748992	9340096512	604.7	26	4
498.08	0	137654	0	9537847296	9340100608	673.7	26	4
499.08	0	138262	0	9538449408	9340108800	626.8	26	4
500.09	0	138345	0	9538916352	9340116992	616.4	26	4
501.09	0	138805	0	9539387392	9340133376	687.6	26	4
502.10	0	138805	0	9538850816	9340133376	690.0	26	4
503.10	0	139495	0	9539706880	9340133376	721.2	26	4
504.11	0	139495	0	9539936256	9340133376	658.5	26	4
505.11	0	139956	0	9540878336	9340133376	634.6	26	4
506.11	0	139956	0	9540231168	9340133376	610.5	26	4
507.12	0	140219	0	9540608000	9340133376	636.6	26	4
508.12	0	140646	0	9541365760	9340137472	651.5	26	4
509.13	0	140646	0	9540751360	9340137472	667.3	26	4
510.13	0	141108	0	9541369856	9340137472	635.0	26	4
511.13	0	141239	0	9541832704	9340149760	599.3	26	4
512.14	0	141800	0	9542082560	9340149760	654.4	26	4
513.14	0	141800	0	9542074368	9340162048	626.3	26	4
514.15	0	142262	0	9542815744	9340162048	671.5	26	4
515.15	0	142262	0	9542545408	9340162048	642.4	26	4
516.16	0	142954	0	9542930432	9340162048	676.6	26	4
517.16	0	142954	0	9542778880	9340170240	652.7	26	4
518.16	0	143415	0	9544105984	9340178432	649.1	26	4
519.17	0	143415	0	9544110080	9340178432	640.9	26	4
520.17	0	144105	0	9545211904	9340215296	680.1	26	4
521.18	0	144105	0	9545113600	9340215296	651.2	26	4
522.18	0	144565	0	9545240576	9340215296	639.2	26	4
523.18	0	144565	0	9545596928	9340223488	667.7	26	4
524.19	0	145256	0	9545838592	9340223488	683.3	26	4
525.19	0	145256	0	9546211328	9340223488	597.3	26	4
526.20	0	145701	0	9546825728	9340227584	634.7	26	4
527.20	0	145701	0	9545871360	9340231680	621.8	26	4
528.20	0	146408	0	9546838016	9340231680	626.7	26	4
529.21	0	146408	0	9546784768	9340235776	718.0	26	4
530.21	0	146869	0	9547513856	9340239872	647.2	26	4
531.22	0	146869	0	9547788288	9340248064	613.6	26	4
532.22	0	147562	0	9548132352	9340256256	624.0	26	4
533.23	0	147562	0	9548296192	9340260352	667.5	26	4
534.23	0	148024	0	9548509184	9340264448	697.2	26	4
535.23	0	148024	0	9548832768	9340268544	630.8	26	4
536.24	0	148748	0	9549983744	9340268544	599.5	26	4
537.24	0	148748	0	9549475840	9340276736	647.2	26	4
538.25	0	149192	0	9550184448	9340280832	628.4	26	4
539.25	0	149192	0	9549369344	9340280832	622.7	26	4
540.25	0	149916	0	9550532608	9340280832	589.8	26	4
541.26	0	149916	0	9549889536	9340280832	626.8	26	4
542.26	0	150360	0	9551114240	9340280832	669.0	26	4
543.27	0	150360	0	9550782464	9340280832	630.6	26	4
544.27	0	151084	0	9551851520	9340280832	653.6	26	4
545.27	0	151084	0	9552453632	9340280832	591.4	26	4
546.28	0	151528	0	9552707584	9340284928	664.1	26	4
547.28	0	151528	0	9552285696	9340284928	674.4	26	4
548.29	0	152251	0	9553350656	9340289024	640.2	26	4
549.29	0	152251	0	9553440768	9340289024	614.3	26	4
550.30	0	152680	0	9553772544	9340293120	684.3	26	4
551.30	0	152680	0	9553330176	9340313600	645.5	26	4
552.30	0	153405	0	9554350080	9340321792	600.7	26	4
553.31	0	153405	0	9554939904	9340325888	678.1	26	4
554.31	0	153850	0	9555582976	9340325888	644.5	26	4
555.32	0	153867	0	9554903040	9340329984	595.8	26	4
556.32	0	154573	0	9556152320	9340329984	671.8	26	4
557.33	0	154573	0	9555484672	9340338176	649.6	26	4
558.33	0	155000	0	9556520960	9340342272	611.6	26	4
559.33	0	155131	0	9557385216	9340362752	627.7	26	4
560.34	0	155723	0	9557762048	9340362752	644.0	26	4
561.34	0	155723	0	9557536768	9340362752	620.3	26	4
562.35	0	156166	0	9557651456	9340362752	635.8	26	4
563.35	0	156691	0	9558749184	9340362752	697.8	26	4
564.35	0	156872	0	9558806528	9340362752	665.1	26	4
565.36	0	157333	0	9559748608	9340362752	639.3	26	4
566.36	0	157333	0	9559023616	9340452864	672.0	26	4
567.37	0	158055	0	9560252416	9340493824	696.8	26	4
568.37	0	158055	0	9560526848	9340502016	657.0	26	4
569.37	0	158499	0	9559719936	9342541824	619.6	26	4
570.38	0	158499	0	9559904256	9342541824	657.1	26	4
571.38	0	159226	0	9561227264	9342541824	677.0	26	4
572.39	0	159226	0	9560559616	9342541824	632.5	26	4
573.39	0	159670	0	9561649152	9342541824	665.5	26	4
574.40	0	159818	0	9561837568	9342631936	649.6	26	4
575.40	0	160394	0	9562517504	9342631936	642.4	26	4
576.40	0	160394	0	9561833472	9342648320	709.6	26	4
577.41	0	160855	0	9562292224	9342648320	649.1	26	4
578.41	0	161167	0	9563004928	9342652416	678.0	26	4
579.42	0	161561	0	9563107328	9342656512	679.6	26	4
580.42	0	162005	0	9563660288	9342660608	635.5	26	4
581.43	0	162005	0	9563004928	9342664704	655.9	26	4
582.43	0	162728	0	9563693056	9342664704	691.3	26	4
583.43	0	162728	0	9563951104	9342664704	627.9	26	4
584.44	0	163172	0	9564868608	9342672896	695.9	26	4
585.44	0	163172	0	9565483008	9342676992	613.7	26	4
586.45	0	163895	0	9565007872	9342693376	690.2	26	4
587.45	0	163895	0	9565085696	9342693376	699.1	26	4
588.45	0	164324	0	9565700096	9342693376	632.0	26	4
589.46	0	164324	0	9565425664	9342693376	634.5	26	4
590.46	0	165050	0	9566576640	9342697472	681.6	26	4
591.47	0	165050	0	9566613504	9342701568	611.9	26	4
592.47	0	165479	0	9566519296	9342709760	591.5	26	4
593.48	0	165479	0	9566961664	9342717952	659.6	26	4
594.48	0	166186	0	9568563200	9342722048	682.4	26	4
595.48	0	166186	0	9568174080	9342722048	608.5	26	4
596.49	0	166630	0	9568387072	9342726144	650.1	26	4
597.49	0	166762	0	9568804864	9342758912	676.3	26	4
598.50	0	167338	0	9569349632	9342775296	631.3	26	4
599.50	0	167338	0	9569185792	9342775296	630.4	26	4
600.50	0	167766	0	9570619392	9342881792	675.1	26	4
601.51	0	167914	0	9570521088	9342885888	675.2	26	4
602.51	0	168490	0	9570500608	9342889984	619.0	26	4
603.52	0	168490	0	9570787328	9342889984	636.1	26	4
604.52	0	168934	0	9571373056	9342889984	661.7	26	4
605.53	0	169066	0	9571737600	9342992384	640.0	26	4
606.53	0	169643	0	9572220928	9342992384	609.8	26	4
607.54	0	169643	0	9572130816	9343004672	645.2	26	4
608.54	0	170088	0	9572573184	9343008768	677.1	26	4
609.54	0	170236	0	9572614144	9343012864	605.4	26	4
610.55	0	170814	0	9573707776	9343016960	637.1	26	4
611.55	0	170814	0	9573408768	9343021056	639.3	26	4
612.56	0	171242	0	9573769216	9343025152	651.2	26	4
613.56	0	171390	0	9574129664	9343033344	619.6	26	4
614.56	0	171966	0	9573400576	9343033344	639.4	26	4
615.57	0	171966	0	9573498880	9343033344	690.7	26	4
616.57	0	172393	0	9574100992	9343033344	615.2	26	4
617.58	0	172541	0	9574178816	9343041536	597.9	26	4
618.58	0	173117	0	9574957056	9343041536	666.8	26	4
619.58	0	173117	0	9574748160	9343049728	647.7	26	4
620.59	0	173561	0	9575948288	9343062016	655.6	26	4
621.59	0	173709	0	9575952384	9343062016	668.4	26	4
622.60	0	174284	0	9576382464	9343070208	630.8	26	4
623.60	0	174646	0	9577353216	9343070208	612.1	26	4
624.61	0	174712	0	9577492480	9343070208	598.4	26	4
625.61	0	175024	0	9578033152	9343070208	678.6	26	4
626.61	0	175436	0	9577594880	9343070208	646.4	26	4
627.62	0	175882	0	9578635264	9343070208	673.2	26	4
628.62	0	175882	0	9578803200	9343070208	589.8	26	4
629.63	0	176606	0	9578934272	9343070208	648.8	26	4
630.63	0	176606	0	9579126784	9343082496	690.6	26	4
631.63	0	177050	0	9579667456	9343082496	658.8	26	4
632.64	0	177050	0	9579573248	9343086592	642.2	26	4
633.64	0	177775	0	9581051904	9343090688	599.8	26	4
634.65	0	177775	0	9580904448	9343090688	650.9	26	4
635.65	0	178219	0	9581449216	9343090688	640.3	26	4
636.65	0	178351	0	9581039616	9343090688	639.0	26	4
637.66	0	178926	0	9580974080	9343094784	691.0	26	4
638.66	0	178926	0	9581305856	9343107072	596.9	26	4
639.67	0	179370	0	9581809664	9343107072	637.0	26	4
640.67	0	179501	0	9582260224	9345142784	618.3	26	4
641.68	0	180093	0	9582686208	9345146880	680.2	26	4
642.68	0	180093	0	9582587904	9345146880	656.9	26	4
643.68	0	180538	0	9583353856	9345146880	642.1	26	4
644.69	0	180670	0	9583558656	9345146880	625.5	26	4
645.69	0	181263	0	9583878144	9345146880	723.3	26	4
646.70	0	181263	0	9583812608	9345146880	630.4	26	4
647.70	0	181710	0	9584222208	9345146880	608.9	26	4
648.71	0	181858	0	9584881664	9345150976	676.8	26	4
649.71	0	182449	0	9584758784	9345159168	656.8	26	4
650.71	0	182647	0	9585582080	9345179648	639.5	26	4
651.72	0	182910	0	9584586752	9345183744	678.1	26	4
652.72	0	183650	0	9585815552	9345196032	656.0	26	4
653.73	0	183650	0	9586167808	9345196032	642.7	26	4
654.73	0	184094	0	9585328128	9345196032	706.7	26	4
655.73	0	184094	0	9585344512	9345196032	602.8	26	4
656.74	0	184834	0	9585270784	9345196032	644.4	26	4
657.74	0	184834	0	9585299456	9345196032	724.7	26	4
658.75	0	185294	0	9585774592	9345196032	674.9	26	4
659.75	0	185294	0	9585770496	9345196032	631.9	26	4
660.76	0	186018	0	9584869376	9347227648	665.9	26	4
661.76	0	186018	0	9584824320	9347231744	683.8	26	4
662.77	0	186464	0	9585713152	9347231744	663.4	26	4
663.77	0	186464	0	9586147328	9347231744	627.4	26	4
664.77	0	187190	0	9586765824	9347235840	637.0	26	4
665.78	0	187190	0	9586671616	9347239936	709.7	26	4
666.78	0	187635	0	9586917376	9347244032	638.5	26	4
667.79	0	187635	0	9587113984	9347244032	589.9	26	4
668.79	0	188358	0	9588334592	9347244032	655.7	26	4
669.79	0	188358	0	9588424704	9347244032	649.0	26	4
670.80	0	188802	0	9588723712	9347244032	664.5	26	4
671.80	0	188802	0	9588985856	9348423680	589.0	26	4
672.81	0	189526	0	9589252096	9348423680	642.6	26	4
673.81	0	189526	0	9589534720	9348427776	686.3	26	4
674.82	0	189970	0	9589612544	9348431872	599.1	26	4
675.82	0	189970	0	9589719040	9348440064	658.3	26	4
676.82	0	190694	0	9590685696	9348440064	694.7	26	4
677.83	0	190694	0	9590853632	9348440064	631.6	26	4
678.83	0	191138	0	9591488512	9348440064	654.0	26	4
679.84	0	191270	0	9591095296	9348448256	657.0	26	4
680.84	0	191846	0	9591754752	9348448256	664.0	26	4
681.84	0	191846	0	9592086528	9348464640	664.3	26	4
682.85	0	192291	0	9592365056	9348481024	614.2	26	4
683.85	0	192291	0	9592750080	9348485120	606.3	26	4
684.86	0	193018	0	9593679872	9348489216	624.3	26	4
685.86	0	193018	0	9593516032	9348497408	614.4	26	4
686.86	0	193462	0	9594613760	9348505600	624.5	26	4
687.87	0	193462	0	9594650624	9348521984	681.3	26	4
688.87	0	194186	0	9595088896	9348571136	660.5	26	4
689.88	0	194186	0	9594884096	9348571136	633.0	26	4
690.88	0	194647	0	9595432960	9348579328	669.5	26	4
691.88	0	194647	0	9595609088	9348579328	678.0	26	4
692.89	0	195355	0	9597116416	9348591616	628.4	26	4
693.89	0	195355	0	9597693952	9348595712	601.3	26	4
694.90	0	195799	0	9597939712	9348595712	602.8	26	4
695.90	0	195799	0	9597521920	9348608000	614.0	26	4
696.90	0	196522	0	9598160896	9348620288	644.9	26	4
697.91	0	196522	0	9598337024	9348620288	670.8	26	4
698.91	0	196983	0	9599422464	9349156864	607.4	26	4
699.92	0	196983	0	9599512576	9349156864	644.2	26	4
700.92	0	197691	0	9599954944	9349156864	692.6	26	4
701.92	0	197691	0	9599725568	9349156864	594.9	26	4
702.93	0	198153	0	9600507904	9349156864	615.6	26	4
703.93	0	198153	0	9600339968	9349156864	609.7	26	4
704.94	0	198877	0	9601589248	9349165056	652.7	26	4
705.94	0	198877	0	9600413696	9349165056	674.4	26	4
706.95	0	199337	0	9600929792	9349165056	627.0	26	4
707.95	0	199337	0	9601318912	9349165056	632.3	26	4
708.95	0	200060	0	9601888256	9349165056	656.9	26	4
709.96	0	200060	0	9602408448	9349165056	618.8	26	4
710.96	0	200503	0	9602523136	9349165056	634.7	26	4
711.97	0	200635	0	9602699264	9349165056	706.5	26	4
712.97	0	201209	0	9603973120	9349165056	651.9	26	4
713.97	0	201209	0	9604161536	9349165056	581.6	26	4
714.98	0	201654	0	9605152768	9349165056	626.1	26	4
715.98	0	201785	0	9604800512	9349255168	690.5	26	4
716.99	0	202376	0	9605357568	9349263360	622.8	26	4
717.99	0	202376	0	9605255168	9349275648	693.0	26	4
718.99	0	202835	0	9605496832	9349279744	614.4	26	4
720.00	0	203560	0	9605820416	9349279744	618.0	26	4
721.00	0	203560	0	9605496832	9349279744	645.8	26	4
722.01	0	204022	0	9606250496	9349283840	694.4	26	4
723.01	0	204022	0	9606291456	9349296128	642.2	26	4
724.01	0	204748	0	9607335936	9349308416	676.0	26	4
725.02	0	204748	0	9607262208	9349320704	629.3	26	4
726.02	0	205192	0	9608413184	9349320704	647.7	26	4
727.03	0	205192	0	9607573504	9349332992	612.0	26	4
728.03	0	205932	0	9608503296	9349332992	623.8	26	4
729.03	0	205932	0	9608663040	9349332992	666.3	26	4
730.04	0	206376	0	9609269248	9349337088	663.5	26	4
731.04	0	206376	0	9608564736	9349337088	610.8	26	4
732.05	0	207116	0	9609662464	9349341184	603.9	26	4
733.05	0	207116	0	9609465856	9351372800	658.4	26	4
734.06	0	207559	0	9610780672	9351372800	720.5	26	4
735.06	0	207559	0	9610555392	9351372800	621.8	26	4
736.06	0	208284	0	9610739712	9351446528	679.0	26	4
737.07	0	208284	0	9610285056	9351446528	683.6	26	4
738.07	0	208728	0	9611091968	9351446528	638.8	26	4
739.08	0	208761	0	9611145216	9351438336	682.0	26	4
740.08	0	209469	0	9611976704	9351458816	663.0	26	4
741.09	0	209469	0	9611886592	9351458816	598.0	26	4
742.09	0	209915	0	9612398592	9351458816	678.6	26	4
743.09	0	210063	0	9612050432	9351458816	633.3	26	4
744.10	0	210657	0	9612394496	9351462912	660.4	26	4
745.10	0	210657	0	9612386304	9351462912	609.7	26	4
746.11	0	211101	0	9613053952	9351462912	616.5	26	4
747.11	0	211167	0	9613619200	9351462912	646.7	26	4
748.11	0	211841	0	9614352384	9351462912	655.5	26	4
749.12	0	211841	0	9614680064	9351462912	670.7	26	4
750.12	0	212285	0	9614671872	9351462912	624.7	26	4
751.13	0	212285	0	9614163968	9351471104	606.7	26	4
752.13	0	213009	0	9615577088	9351475200	612.3	26	4
753.13	0	213009	0	9615245312	9351483392	627.6	26	4
754.14	0	213453	0	9615933440	9351487488	619.1	26	4
755.14	0	213453	0	9615978496	9351487488	600.0	26	4
756.15	0	213650	0	9616478208	9351487488	641.0	26	4
757.15	0	214209	0	9616338944	9351487488	667.4	26	4
758.15	0	214488	0	9616691200	9351487488	623.2	26	4
759.16	0	214636	0	9617219584	9351491584	646.0	26	4
760.16	0	215395	0	9618276352	9351491584	633.1	26	4
761.17	0	215395	0	9618079744	9351491584	632.3	26	4
762.17	0	215823	0	9618305024	9351491584	685.8	26	4
763.18	0	215823	0	9617907712	9351491584	663.4	26	4
764.18	0	216581	0	9619116032	9351495680	693.4	26	4
765.18	0	216581	0	9618976768	9351495680	603.3	26	4
766.19	0	217026	0	9619562496	9351495680	591.4	26	4
767.19	0	217026	0	9619152896	9351495680	625.7	26	4
768.20	0	217766	0	9619697664	9351495680	669.8	26	4
769.20	0	217766	0	9620025344	9351512064	598.5	26	4
770.21	0	218194	0	9620992000	9351512064	599.1	26	4
771.21	0	218194	0	9621311488	9351512064	689.7	26	4
772.21	0	218950	0	9620905984	9351512064	683.5	26	4
773.22	0	218950	0	9620819968	9351512064	639.5	26	4
774.22	0	219393	0	9621913600	9351512064	607.4	26	4
775.23	0	219393	0	9621938176	9351524352	613.1	26	4
776.23	0	220134	0	9622732800	9351524352	626.8	26	4
777.23	0	220134	0	9622339584	9351548928	675.7	26	4
778.24	0	220578	0	9623195648	9351548928	673.0	26	4
779.24	0	220578	0	9622953984	9351548928	596.3	26	4
780.25	0	221321	0	9624367104	9351548928	702.3	26	4
781.25	0	221321	0	9623842816	9351548928	646.8	26	4
782.26	0	221766	0	9624530944	9351548928	639.0	26	4
783.26	0	221766	0	9624203264	9351548928	582.2	26	4
784.26	0	222508	0	9625198592	9351548928	668.7	26	4
785.27	0	222508	0	9625239552	9351548928	686.5	26	4
786.27	0	222935	0	9625464832	9351553024	587.5	26	4
787.28	0	222935	0	9625530368	9351557120	652.0	26	4
788.28	0	223675	0	9626279936	9351557120	667.2	26	4
789.28	0	223675	0	9626841088	9351557120	637.1	26	4
790.29	0	224103	0	9627275264	9351569408	641.0	26	4
791.29	0	224103	0	9626865664	9351569408	619.8	26	4
792.30	0	224827	0	9627869184	9351569408	622.9	26	4
793.30	0	224827	0	9627815936	9351589888	680.9	26	4
794.31	0	225271	0	9628487680	9353621504	662.4	26	4
795.31	0	225271	0	9628622848	9353621504	618.9	26	4
796.31	0	226012	0	9629429760	9353641984	711.0	26	4
797.32	0	226012	0	9629073408	9353699328	643.1	26	4
798.32	0	226440	0	9630040064	9353699328	659.0	26	4
799.33	0	226589	0	9630564352	9353715712	689.8	26	4
800.33	0	227166	0	9630535680	9353715712	670.8	26	4
801.33	0	227166	0	9630457856	9353715712	641.0	26	4
802.34	0	227595	0	9630617600	9353715712	644.8	26	4
803.34	0	227727	0	9631064064	9353728000	645.5	26	4
804.35	0	228286	0	9631375360	9354776576	659.1	26	4
805.35	0	228286	0	9631449088	9354776576	634.1	26	4
806.35	0	228698	0	9631404032	9354776576	685.8	26	4
807.36	0	228698	0	9630969856	9354776576	627.7	26	4
808.36	0	229405	0	9632636928	9354776576	646.4	26	4
809.37	0	229405	0	9632649216	9354776576	618.2	26	4
810.37	0	229832	0	9633034240	9354776576	718.4	26	4
811.37	0	229980	0	9633505280	9354776576	626.5	26	4
812.38	0	230556	0	9633349632	9354776576	646.6	26	4
813.38	0	230556	0	9633374208	9354776576	655.9	26	4
814.39	0	230966	0	9633878016	9354784768	690.0	26	4
815.39	0	231114	0	9634390016	9354792960	650.3	26	4
816.40	0	231690	0	9634885632	9354792960	642.2	26	4
817.40	0	231690	0	9634897920	9354805248	647.1	26	4
818.40	0	232118	0	9635897344	9354805248	638.8	26	4
819.41	0	232251	0	9635880960	9354805248	612.4	26	4
820.41	0	232828	0	9636876288	9354805248	623.5	26	4
821.42	0	232828	0	9635811328	9354805248	708.4	26	4
822.42	0	233274	0	9635938304	9354805248	633.5	26	4
823.42	0	233422	0	9636671488	9354809344	648.1	26	4
824.43	0	233998	0	9637310464	9354809344	699.6	26	4
825.43	0	234426	0	9638273024	9354817536	660.9	26	4
826.44	0	234426	0	9637560320	9354817536	667.6	26	4
827.44	0	235149	0	9638404096	9354821632	615.0	26	4
828.44	0	235149	0	9638567936	9354825728	623.1	26	4
829.45	0	235578	0	9638903808	9354825728	638.1	26	4
830.45	0	235578	0	9639276544	9354833920	604.4	26	4
831.46	0	236301	0	9640005632	9354833920	660.6	26	4
832.46	0	236301	0	9639149568	9354833920	604.0	26	4
833.46	0	236713	0	9640013824	9354833920	643.8	26	4
834.47	0	236862	0	9640652800	9354833920	686.7	26	4
835.47	0	237438	0	9640497152	9354833920	693.5	26	4
836.48	0	237868	0	9641476096	9354833920	665.8	26	4
837.48	0	237868	0	9641156608	9354833920	658.5	26	4
838.49	0	238610	0	9642004480	9354833920	677.1	26	4
839.49	0	238610	0	9642160128	9354833920	675.9	26	4
840.49	0	239038	0	9642737664	9354833920	663.5	26	4
841.50	0	239038	0	9642414080	9354833920	649.1	26	4
842.50	0	239762	0	9643040768	9354838016	656.4	26	4
843.51	0	239762	0	9643069440	9354838016	661.1	26	4
844.51	0	240190	0	9644257280	9354838016	656.2	26	4
845.51	0	240931	0	9644675072	9354838016	664.6	26	4
846.52	0	240931	0	9644236800	9354838016	648.9	26	4
847.52	0	241375	0	9644986368	9354838016	596.0	26	4
848.53	0	241375	0	9644658688	9354838016	593.0	26	4
849.53	0	242098	0	9645842432	9354842112	658.8	26	4
850.53	0	242098	0	9646047232	9354842112	645.1	26	4
851.54	0	242525	0	9645875200	9354842112	658.6	26	4
852.54	0	242525	0	9646010368	9354842112	665.8	26	4
853.55	0	243251	0	9647501312	9354842112	714.8	26	4
854.55	0	243680	0	9647685632	9354842112	711.8	26	4
855.56	0	243680	0	9647656960	9354842112	639.5	26	4
856.56	0	244406	0	9648726016	9354846208	659.1	26	4
857.56	0	244406	0	9648201728	9354846208	637.2	26	4
858.57	0	244835	0	9649197056	9354850304	651.1	26	4
859.57	0	244982	0	9648992256	9354850304	587.0	26	4
860.58	0	245558	0	9650794496	9354850304	692.4	26	4
861.58	0	245936	0	9651101696	9354850304	676.0	26	4
862.58	0	245985	0	9650061312	9354850304	658.0	26	4
863.59	0	246691	0	9650782208	9354850304	649.7	26	4
864.59	0	246691	0	9650294784	9354850304	625.9	26	4
865.60	0	247135	0	9651552256	9354854400	633.6	26	4
866.60	0	247266	0	9651339264	9354854400	688.7	26	4
867.60	0	247858	0	9651904512	9354854400	694.5	26	4
868.61	0	248055	0	9652465664	9354858496	661.4	26	4
869.61	0	248285	0	9651376128	9354858496	701.9	26	4
870.62	0	248417	0	9651359744	9354858496	605.3	26	4
871.62	0	248993	0	9652207616	9354858496	635.0	26	4
872.63	0	248993	0	9651863552	9354858496	629.1	26	4
873.63	0	249423	0	9652555776	9354858496	646.4	26	4
874.63	0	249555	0	9653194752	9354858496	664.6	26	4
875.64	0	250149	0	9654198272	9354866688	660.4	26	4
876.64	0	250462	0	9654161408	9354866688	635.5	26	4
877.65	0	250593	0	9653907456	9354866688	676.5	26	4
878.65	0	251169	0	9655508992	9354866688	642.5	26	4
879.65	0	251301	0	9654726656	9354866688	624.5	26	4
880.66	0	251630	0	9655590912	9354866688	608.7	26	4
881.66	0	251745	0	9655443456	9354866688	719.7	26	4
882.67	0	252453	0	9656123392	9354870784	621.2	26	4
883.67	0	252453	0	9656905728	9354870784	627.9	26	4
884.67	0	252898	0	9657290752	9354907648	668.3	26	4
885.68	0	252898	0	9657184256	9354907648	607.4	26	4
886.68	0	253588	0	9657106432	9354907648	629.2	26	4
887.69	0	253588	0	9657065472	9354915840	634.9	26	4
888.69	0	254049	0	9658093568	9354915840	629.8	26	4
889.69	0	254049	0	9658040320	9354924032	618.0	26	4
890.70	0	254759	0	9659117568	9354932224	693.1	26	4
891.70	0	254759	0	9658486784	9354932224	679.6	26	4
892.71	0	255205	0	9658728448	9354932224	625.7	26	4
893.71	0	255205	0	9659158528	9354932224	597.6	26	4
894.72	0	255337	0	9659764736	9354932224	642.5	26	4
895.72	0	255914	0	9660256256	9354932224	715.9	26	4
896.72	0	256358	0	9660555264	9354936320	637.1	26	4
897.73	0	256358	0	9660555264	9354940416	597.6	26	4
898.73	0	257065	0	9661014016	9354940416	675.9	26	4
899.74	0	257065	0	9660956672	9354940416	689.9	26	4
900.74	0	257509	0	9662009344	9354940416	630.5	26	4
901.75	0	257509	0	9661538304	9354940416	629.4	26	4
902.75	0	258234	0	9662300160	9354940416	682.4	26	4
903.75	0	258234	0	9662644224	9354940416	646.8	26	4
904.76	0	258661	0	9662771200	9354940416	671.0	26	4
905.76	0	258661	0	9662386176	9354940416	607.2	26	4
906.77	0	259319	0	9662976000	9356304384	620.2	26	4
907.77	0	259385	0	9663324160	9356304384	684.4	26	4
908.77	0	259829	0	9663963136	9356312576	634.9	26	4
909.78	0	259829	0	9664274432	9356312576	630.1	26	4
910.78	0	260554	0	9664815104	9356316672	648.7	26	4
911.79	0	260554	0	9664700416	9356316672	605.3	26	4
912.79	0	261033	0	9664638976	9356324864	673.1	26	4
913.80	0	261181	0	9665216512	9356324864	599.5	26	4
914.80	0	261773	0	9665613824	9356328960	696.7	26	4
915.80	0	261773	0	9665880064	9356333056	603.2	26	4
916.81	0	262218	0	9666248704	9356333056	625.6	26	4
917.81	0	262366	0	9666195456	9356333056	637.6	26	4
918.82	0	262957	0	9667055616	9356337152	644.1	26	4
919.82	0	263040	0	9666895872	9356345344	602.5	26	4
920.82	0	263402	0	9667231744	9356357632	611.8	26	4
921.83	0	264142	0	9667932160	9356361728	723.5	26	4
922.83	0	264142	0	9667584000	9356361728	667.2	26	4
923.84	0	264586	0	9668550656	9356374016	608.4	26	4
924.84	0	264586	0	9669070848	9356374016	605.3	26	4
925.84	0	265342	0	9669824512	9356378112	709.4	26	4
926.85	0	265342	0	9668911104	9356378112	648.9	26	4
927.85	0	265786	0	9669701632	9356386304	625.6	26	4
928.86	0	265786	0	9670184960	9356398592	639.1	26	4
929.86	0	266511	0	9670807552	9356398592	659.2	26	4
930.87	0	266511	0	9670451200	9356398592	622.6	26	4
931.87	0	266957	0	9670819840	9356398592	699.5	26	4
932.87	0	267106	0	9671077888	9356443648	632.0	26	4
933.88	0	267697	0	9671553024	9356451840	653.0	26	4
934.88	0	267697	0	9671110656	9356451840	619.1	26	4
935.89	0	268124	0	9671897088	9356451840	662.7	26	4
936.89	0	268865	0	9672798208	9356451840	658.5	26	4
937.89	0	268865	0	9672593408	9356451840	650.4	26	4
938.90	0	269309	0	9673670656	9356460032	624.1	26	4
939.90	0	269309	0	9673707520	9356460032	617.3	26	4
940.91	0	270017	0	9673912320	9356460032	667.7	26	4
941.91	0	270017	0	9673584640	9356460032	644.0	26	4
942.92	0	270461	0	9674436608	9356460032	648.8	26	4
943.92	0	270461	0	9674620928	9356460032	611.6	26	4
944.92	0	271184	0	9675649024	9356464128	621.3	26	4
945.93	0	271184	0	9674932224	9356464128	649.6	26	4
946.93	0	271612	0	9675431936	9356464128	592.3	26	4
947.94	0	271612	0	9675051008	9356464128	595.5	26	4
948.94	0	272371	0	9676054528	9356464128	699.2	26	4
949.94	0	272371	0	9675833344	9356464128	635.6	26	4
950.95	0	272816	0	9676378112	9356464128	654.6	26	4
951.95	0	272816	0	9676357632	9356464128	663.3	26	4
952.96	0	273541	0	9676877824	9356468224	673.8	26	4
953.96	0	273541	0	9677082624	9356468224	596.8	26	4
954.96	0	274001	0	9677111296	9356468224	628.9	26	4
955.97	0	274001	0	9676763136	9356468224	628.3	26	4
956.97	0	274626	0	9677705216	9356484608	696.2	26	4
957.98	0	274725	0	9676967936	9356484608	659.0	26	4
958.98	0	274725	0	9677008896	9356484608	615.5	26	4
959.99	0	275168	0	9677774848	9356484608	685.8	26	4
960.99	0	275300	0	9678135296	9356492800	599.3	26	4
962.00	0	275892	0	9679003648	9356496896	641.5	26	4
963.00	0	275892	0	9679351808	9356496896	628.9	26	4
964.00	0	276354	0	9679646720	9356505088	661.7	26	4
965.01	0	276485	0	9679728640	9356505088	630.2	26	4
966.01	0	277077	0	9680486400	9356505088	622.5	26	4
967.02	0	277077	0	9680031744	9356505088	681.1	26	4
968.02	0	277538	0	9680437248	9356505088	637.8	26	4
969.03	0	277670	0	9681416192	9356505088	634.9	26	4
970.03	0	278248	0	9680973824	9356505088	630.7	26	4
971.03	0	278248	0	9681260544	9356509184	651.3	26	4
972.04	0	278710	0	9681801216	9356509184	639.5	26	4
973.04	0	279434	0	9683030016	9356509184	684.0	26	4
974.05	0	279434	0	9683402752	9356525568	671.5	26	4
975.05	0	279895	0	9683763200	9356525568	616.4	26	4
976.06	0	279895	0	9683324928	9356529664	633.2	26	4
977.06	0	280603	0	9684316160	9356533760	685.3	26	4
978.06	0	280603	0	9684582400	9356537856	609.1	26	4
979.07	0	281081	0	9685278720	9356546048	719.1	26	4
980.07	0	281081	0	9685012480	9356546048	613.3	26	4
981.08	0	281788	0	9685594112	9356546048	631.3	26	4
982.08	0	281788	0	9685471232	9356546048	617.1	26	4
983.09	0	282248	0	9685929984	9356550144	638.0	26	4
984.09	0	282248	0	9686089728	9356550144	588.8	26	4
985.09	0	282972	0	9687097344	9356550144	698.0	26	4
986.10	0	282972	0	9686978560	9356558336	638.8	26	4
987.10	0	283433	0	9687629824	9356558336	660.8	26	4
988.11	0	283433	0	9688166400	9356566528	627.6	26	4
989.11	0	284126	0	9688051712	9356566528	646.6	26	4
990.12	0	284126	0	9687523328	9356566528	681.8	26	4
991.12	0	284588	0	9688616960	9356574720	649.7	26	4
992.12	0	284588	0	9688305664	9356574720	663.9	26	4
993.13	0	285295	0	9689923584	9356574720	725.6	26	4
994.13	0	285295	0	9689505792	9356574720	630.4	26	4
995.14	0	285756	0	9689985024	9356578816	614.0	26	4
996.14	0	285756	0	9689686016	9356591104	625.4	26	4
997.15	0	286448	0	9690677248	9356599296	661.5	26	4
998.15	0	286448	0	9690505216	9356603392	684.7	26	4
999.15	0	286907	0	9691197440	9356603392	650.3	26	4
1000.16	0	286907	0	9690128384	9356603392	587.4	26	4
1001.16	0	287597	0	9691598848	9356615680	656.9	26	4
1002.17	0	287597	0	9691643904	9356615680	666.7	26	4
1003.17	0	288074	0	9692119040	9356615680	620.6	26	4
1004.18	0	288074	0	9691840512	9356623872	656.6	26	4
1005.18	0	288765	0	9693003776	9356623872	680.2	26	4
1006.18	0	288765	0	9692336128	9356623872	606.4	26	4
1007.19	0	289242	0	9692606464	9356627968	637.6	26	4
1008.19	0	289358	0	9693175808	9356627968	702.1	26	4
1009.20	0	289952	0	9693958144	9356627968	626.5	26	4
1010.20	0	289952	0	9693876224	9356640256	672.2	26	4
1011.21	0	290430	0	9694482432	9356640256	634.7	26	4
1012.21	0	290546	0	9694498816	9356640256	630.9	26	4
1013.21	0	291154	0	9694846976	9356644352	612.9	26	4
1014.22	0	291154	0	9695227904	9356648448	692.2	26	4
1015.22	0	291614	0	9695793152	9356648448	644.3	26	4
1016.23	0	292321	0	9697177600	9356648448	651.7	26	4
1017.23	0	292321	0	9695920128	9356648448	694.5	26	4
1018.23	0	292798	0	9697341440	9356648448	670.9	26	4
1019.24	0	292798	0	9697497088	9356648448	636.5	26	4
1020.24	0	293521	0	9698340864	9356648448	669.0	26	4
1021.25	0	293521	0	9697312768	9356648448	592.0	26	4
1022.25	0	293965	0	9698418688	9356685312	711.2	26	4
1023.26	0	293965	0	9698074624	9356693504	610.7	26	4
1024.26	0	294688	0	9699164160	9356738560	638.1	26	4
1025.26	0	294688	0	9698861056	9356738560	608.6	26	4
1026.27	0	295148	0	9699635200	9356738560	626.9	26	4
1027.27	0	295889	0	9700450304	9356738560	612.1	26	4
1028.28	0	295889	0	9700540416	9356746752	624.0	26	4
1029.28	0	296351	0	9700900864	9356746752	672.3	26	4
1030.28	0	296351	0	9701076992	9356746752	649.8	26	4
1031.29	0	297090	0	9701613568	9356746752	624.3	26	4
1032.29	0	297090	0	9701093376	9356746752	569.1	26	4
1033.30	0	297567	0	9702260736	9356746752	663.4	26	4
1034.30	0	297698	0	9702473728	9356746752	607.6	26	4
1035.31	0	298290	0	9703354368	9356750848	598.5	26	4
1036.31	0	298290	0	9703272448	9356750848	630.5	26	4
1037.31	0	298749	0	9703497728	9356750848	586.5	26	4
1038.32	0	299356	0	9703698432	9356750848	662.1	26	4
1039.32	0	299504	0	9704501248	9356750848	628.4	26	4
1040.33	0	299948	0	9704828928	9356750848	586.4	26	4
1041.33	0	299948	0	9704755200	9356750848	685.3	26	4
1042.34	0	300703	0	9704972288	9356754944	660.3	26	4
1043.34	0	300703	0	9705017344	9356754944	625.9	26	4
1044.34	0	301163	0	9705881600	9356767232	708.9	26	4
1045.35	0	301312	0	9706532864	9356767232	644.0	26	4
1046.35	0	301922	0	9707012096	9356771328	647.8	26	4
1047.36	0	301922	0	9706844160	9356771328	621.8	26	4
1048.36	0	302385	0	9707626496	9356771328	673.8	26	4
1049.37	0	302533	0	9708437504	9356771328	625.4	26	4
1050.37	0	303125	0	9708748800	9356771328	627.1	26	4
1051.37	0	303586	0	9708466176	9356771328	678.3	26	4
1052.38	0	303586	0	9708388352	9356795904	661.0	26	4
1053.38	0	304326	0	9710034944	9356795904	657.4	26	4
1054.39	0	304326	0	9710190592	9356800000	619.1	26	4
1055.39	0	304803	0	9710436352	9356800000	680.1	26	4
1056.40	0	304803	0	9709883392	9356800000	619.1	26	4
1057.40	0	305559	0	9710608384	9356804096	676.0	26	4
1058.40	0	305559	0	9710592000	9356804096	661.2	26	4
1059.41	0	306020	0	9711259648	9356804096	665.9	26	4
1060.41	0	306070	0	9712173056	9356812288	627.6	26	4
1061.42	0	306776	0	9712431104	9356812288	637.2	26	4
1062.42	0	306776	0	9712545792	9356812288	605.0	26	4
1063.42	0	307221	0	9711759360	9356816384	635.0	26	4
1064.43	0	307319	0	9712672768	9356816384	689.6	26	4
1065.43	0	307963	0	9713528832	9356816384	665.5	26	4
1066.44	0	307963	0	9712787456	9356816384	608.3	26	4
1067.44	0	308425	0	9712992256	9356816384	658.8	26	4
1068.45	0	308557	0	9713250304	9356816384	670.8	26	4
1069.45	0	309167	0	9714335744	9356816384	649.3	26	4
1070.45	0	309167	0	9714098176	9356816384	627.0	26	4
1071.46	0	309610	0	9714507776	9356816384	628.0	26	4
1072.46	0	310284	0	9715290112	9356820480	624.7	26	4
1073.47	0	310334	0	9715945472	9356824576	669.2	26	4
1074.47	0	310794	0	9716310016	9356824576	629.5	26	4
1075.48	0	310794	0	9716719616	9356828672	652.4	26	4
1076.48	0	311517	0	9718001664	9356828672	622.6	26	4
1077.48	0	311517	0	9717313536	9356828672	617.6	26	4
1078.49	0	311977	0	9717641216	9356828672	688.7	26	4
1079.49	0	311977	0	9717886976	9356828672	607.4	26	4
1080.50	0	312701	0	9718140928	9356828672	719.8	26	4
1081.50	0	312701	0	9718063104	9356845056	636.4	26	4
1082.51	0	313162	0	9718079488	9356849152	626.7	26	4
1083.51	0	313293	0	9718321152	9356849152	689.0	26	4
1084.51	0	313887	0	9719218176	9356849152	641.2	26	4
1085.52	0	313887	0	9719087104	9356849152	605.3	26	4
1086.52	0	314350	0	9719570432	9356849152	638.1	26	4
1087.53	0	314482	0	9718870016	9356849152	640.6	26	4
1088.53	0	315075	0	9720266752	9356877824	669.7	26	4
1089.53	0	315075	0	9720426496	9356877824	609.7	26	4
1090.54	0	315536	0	9721016320	9356877824	624.1	26	4
1091.54	0	315667	0	9720909824	9356881920	653.7	26	4
1092.55	0	316259	0	9721319424	9356886016	696.9	26	4
1093.55	0	316259	0	9721094144	9356886016	602.3	26	4
1094.56	0	316703	0	9722138624	9356894208	690.3	26	4
1095.56	0	317443	0	9722646528	9356906496	690.1	26	4
1096.56	0	317443	0	9722806272	9356906496	656.7	26	4
1097.57	0	317887	0	9722769408	9356910592	633.6	26	4
1098.57	0	317887	0	9722761216	9356910592	614.9	26	4
1099.58	0	318611	0	9723977728	9356914688	653.9	26	4
1100.58	0	318611	0	9723965440	9356914688	648.4	26	4
1101.59	0	319071	0	9723879424	9356914688	628.7	26	4
1102.59	0	319071	0	9724076032	9356914688	625.5	26	4
1103.59	0	319795	0	9725128704	9356914688	680.8	26	4
1104.60	0	319795	0	9725304832	9356914688	626.2	26	4
1105.60	0	320258	0	9725775872	9356914688	626.3	26	4
1106.61	0	320258	0	9725116416	9356914688	589.7	26	4
1107.61	0	320984	0	9726640128	9356918784	618.7	26	4
1108.61	0	320984	0	9726775296	9356918784	676.5	26	4
1109.62	0	321445	0	9727512576	9356918784	626.1	26	4
1110.62	0	321445	0	9726820352	9356918784	580.1	26	4
1111.63	0	322169	0	9727913984	9356926976	719.7	26	4
1112.63	0	322169	0	9727229952	9356935168	629.1	26	4
1113.64	0	322629	0	9727635456	9357053952	651.0	26	4
1114.64	0	322761	0	9728655360	9357053952	639.9	26	4
1115.64	0	323337	0	9728901120	9357053952	629.4	26	4
1116.65	0	323337	0	9729073152	9357053952	651.9	26	4
1117.65	0	323798	0	9729392640	9357053952	638.3	26	4
1118.66	0	323945	0	9729433600	9357058048	694.0	26	4
1119.66	0	324538	0	9730240512	9357070336	643.4	26	4
1120.66	0	324538	0	9730297856	9357070336	633.8	26	4
1121.67	0	324982	0	9730662400	9357070336	611.3	26	4
1122.67	0	325113	0	9730392064	9357070336	677.5	26	4
1123.68	0	325706	0	9731416064	9357070336	666.3	26	4
1124.68	0	325706	0	9731497984	9357070336	634.4	26	4
1125.68	0	326134	0	9731604480	9357070336	629.7	26	4
1126.69	0	326283	0	9731751936	9357070336	602.3	26	4
1127.69	0	326894	0	9731297280	9357070336	636.3	26	4
1128.70	0	326894	0	9731960832	9357070336	672.5	26	4
1129.70	0	327322	0	9732657152	9357070336	619.7	26	4
1130.71	0	327388	0	9733373952	9357070336	674.0	26	4
1131.71	0	328062	0	9733472256	9357070336	641.0	26	4
1132.71	0	328062	0	9733619712	9357070336	602.0	26	4
1133.72	0	328506	0	9734246400	9357070336	670.3	26	4
1134.72	0	328654	0	9734627328	9357070336	681.1	26	4
1135.73	0	329246	0	9735294976	9357070336	633.9	26	4
1136.73	0	329246	0	9733910528	9357070336	667.6	26	4
1137.73	0	329691	0	9735102464	9357070336	685.0	26	4
1138.74	0	329839	0	9735352320	9357070336	598.3	26	4
1139.74	0	330431	0	9735532544	9357070336	628.4	26	4
1140.75	0	330431	0	9735520256	9357070336	659.9	26	4
1141.75	0	330876	0	9736454144	9357074432	636.4	26	4
1142.75	0	331024	0	9736781824	9357074432	628.0	26	4
1143.76	0	331617	0	9737089024	9357074432	668.4	26	4
1144.76	0	331732	0	9737838592	9357074432	642.9	26	4
1145.77	0	332079	0	9737297920	9357082624	621.8	26	4
1146.77	0	332755	0	9738764288	9357082624	654.3	26	4
1147.78	0	332838	0	9738211328	9357082624	653.1	26	4
1148.78	0	333266	0	9739444224	9357090816	676.9	26	4
1149.78	0	333266	0	9739546624	9357090816	655.3	26	4
1150.79	0	334023	0	9740144640	9357090816	665.6	26	4
1151.79	0	334023	0	9739911168	9357090816	631.3	26	4
1152.80	0	334484	0	9740419072	9357094912	720.2	26	4
1153.80	0	334631	0	9741197312	9357103104	704.8	26	4
1154.80	0	335223	0	9742192640	9357103104	644.7	26	4
1155.81	0	335223	0	9741967360	9357103104	626.1	26	4
1156.81	0	335667	0	9741836288	9357107200	634.0	26	4
1157.82	0	335815	0	9742094336	9357107200	619.4	26	4
1158.82	0	336407	0	9743261696	9357107200	689.5	26	4
1159.82	0	336407	0	9742663680	9357115392	623.6	26	4
1160.83	0	336852	0	9743101952	9357115392	639.2	26	4
1161.83	0	337016	0	9743204352	9357115392	634.9	26	4
1162.84	0	337609	0	9743073280	9357115392	613.3	26	4
1163.84	0	338053	0	9743753216	9357115392	636.3	26	4
1164.85	0	338053	0	9743609856	9357115392	619.5	26	4
1165.85	0	338811	0	9744220160	9357123584	638.8	26	4
1166.85	0	338811	0	9744232448	9357123584	628.9	26	4
1167.86	0	339272	0	9744703488	9357123584	688.0	26	4
1168.86	0	339699	0	9745473536	9357123584	656.3	26	4
1169.87	0	340012	0	9745981440	9357123584	615.0	26	4
1170.87	0	340455	0	9746341888	9357127680	606.0	26	4
1171.87	0	340455	0	9745801216	9357127680	635.6	26	4
1172.88	0	341194	0	9746874368	9357127680	648.8	26	4
1173.88	0	341194	0	9747197952	9357127680	626.5	26	4
1174.89	0	341638	0	9747628032	9357127680	632.4	26	4
1175.89	0	341785	0	9747705856	9357127680	630.8	26	4
1176.89	0	342393	0	9748287488	9357127680	676.7	26	4
1177.90	0	342393	0	9747689472	9357127680	609.0	26	4
1178.90	0	342835	0	9748492288	9357127680	639.4	26	4
1179.91	0	343246	0	9749499904	9357127680	630.1	26	4
1180.91	0	343591	0	9749168128	9357127680	675.3	26	4
1181.91	0	344050	0	9750384640	9357127680	627.1	26	4
1182.92	0	344050	0	9750478848	9357135872	644.1	26	4
1183.92	0	344792	0	9751543808	9357135872	672.8	26	4
1184.93	0	344792	0	9751543808	9357135872	607.3	26	4
1185.93	0	345270	0	9751375872	9357135872	688.9	26	4
1186.94	0	345402	0	9750441984	9357135872	589.9	26	4
1187.94	0	345995	0	9751408640	9357135872	667.2	26	4
1188.94	0	345995	0	9751461888	9357135872	638.5	26	4
1189.95	0	346472	0	9752498176	9357135872	641.0	26	4
1190.95	0	346817	0	9752559616	9357135872	660.2	26	4
1191.96	0	347195	0	9752752128	9357139968	591.4	26	4
1192.96	0	347656	0	9752776704	9357139968	657.7	26	4
1193.96	0	347656	0	9753198592	9357148160	657.1	26	4
1194.97	0	348411	0	9754533888	9357148160	626.2	26	4
1195.97	0	348411	0	9754615808	9357164544	625.2	26	4
1196.98	0	348872	0	9754664960	9357164544	598.3	26	4
1197.98	0	349020	0	9755045888	9357164544	675.9	26	4
1198.98	0	349630	0	9755734016	9357164544	624.1	26	4
1199.99	0	349630	0	9755021312	9357164544	606.4	26	4
1200.99	0	350090	0	9756094464	9357164544	717.5	26	4
1202.00	0	350222	0	9755672576	9357164544	618.1	26	4
1203.00	0	350832	0	9756925952	9357168640	657.5	26	4
1204.00	0	350865	0	9756598272	9359200256	646.2	26	4
1205.01	0	351294	0	9756864512	9359200256	652.8	26	4
1206.01	0	351608	0	9757634560	9359200256	599.1	26	4
1207.02	0	352035	0	9757806592	9359200256	692.7	26	4
1208.02	0	352266	0	9758289920	9359200256	652.8	26	4
1209.03	0	352496	0	9758060544	9359200256	648.3	26	4
1210.03	0	353055	0	9759473664	9359200256	626.5	26	4
1211.03	0	353236	0	9759133696	9359200256	618.9	26	4
1212.04	0	353565	0	9759625216	9359200256	677.9	26	4
1213.04	0	353697	0	9759506432	9359200256	639.4	26	4
1214.05	0	354437	0	9760342016	9359200256	621.8	26	4
1215.05	0	354437	0	9760522240	9359200256	691.0	26	4
1216.05	0	354880	0	9761210368	9359204352	637.7	26	4
1217.06	0	354880	0	9761165312	9359204352	579.5	26	4
1218.06	0	355621	0	9761882112	9359204352	670.2	26	4
1219.07	0	355621	0	9761890304	9359204352	630.9	26	4
1220.07	0	356082	0	9762246656	9359204352	727.2	26	4
1221.07	0	356214	0	9762258944	9359204352	643.7	26	4
1222.08	0	356823	0	9762549760	9359204352	694.6	26	4
1223.08	0	357285	0	9763241984	9359204352	585.9	26	4
1224.09	0	357285	0	9763401728	9359204352	675.3	26	4
1225.09	0	358027	0	9764376576	9359204352	644.3	26	4
1226.09	0	358027	0	9764196352	9359204352	659.5	26	4
1227.10	0	358471	0	9765191680	9359212544	686.5	26	4
1228.10	0	358620	0	9765478400	9359212544	676.6	26	4
1229.11	0	359212	0	9765797888	9359212544	621.1	26	4
1230.11	0	359212	0	9765097472	9359216640	635.8	26	4
1231.12	0	359656	0	9765687296	9359216640	675.9	26	4
1232.12	0	359804	0	9766223872	9359216640	665.7	26	4
1233.12	0	360413	0	9766920192	9359228928	667.4	26	4
1234.13	0	360857	0	9767497728	9359237120	605.8	26	4
1235.13	0	360857	0	9767411712	9359237120	678.0	26	4
1236.14	0	361629	0	9768136704	9359237120	652.5	26	4
1237.14	0	361629	0	9768501248	9359237120	618.6	26	4
1238.14	0	362057	0	9768955904	9359237120	651.4	26	4
1239.15	0	362221	0	9769058304	9359237120	599.3	26	4
1240.15	0	362814	0	9769402368	9359237120	689.5	26	4
1241.16	0	362814	0	9769426944	9359241216	669.3	26	4
1242.16	0	363276	0	9769803776	9359241216	629.7	26	4
1243.17	0	363424	0	9770487808	9359241216	687.1	26	4
1244.17	0	364034	0	9771274240	9359245312	686.4	26	4
1245.17	0	364051	0	9770893312	9359245312	610.3	26	4
1246.18	0	364495	0	9770852352	9359249408	679.4	26	4
1247.18	0	364890	0	9771503616	9359249408	675.0	26	4
1248.19	0	365219	0	9771712512	9359249408	615.3	26	4
1249.19	0	365400	0	9772302336	9359249408	612.9	26	4
1250.19	0	365680	0	9772539904	9359249408	718.3	26	4
1251.20	0	366420	0	9773010944	9359249408	638.1	26	4
1252.20	0	366420	0	9773162496	9359261696	639.8	26	4
1253.21	0	366863	0	9773375488	9359261696	641.5	26	4
1254.21	0	366863	0	9773559808	9359331328	600.5	26	4
1255.22	0	367587	0	9773322240	9359351808	647.6	26	4
1256.22	0	367587	0	9773101056	9359532032	638.7	26	4
1257.22	0	367587	0	9773182976	9359532032	634.2	26	4
1258.23	0	368031	0	9773821952	9359540224	634.8	26	4
1259.23	0	368195	0	9774444544	9359540224	635.1	26	4
1260.24	0	368771	0	9774583808	9359540224	604.5	26	4
1261.24	0	368771	0	9774718976	9359540224	627.2	26	4
1262.24	0	369232	0	9774825472	9359540224	632.5	26	4
1263.25	0	369990	0	9776340992	9359540224	701.8	26	4
1264.25	0	369990	0	9776525312	9359552512	601.4	26	4
1265.26	0	370435	0	9777213440	9359552512	686.6	26	4
1266.26	0	370435	0	9776832512	9359552512	671.0	26	4
1267.27	0	371190	0	9777811456	9359552512	618.6	26	4
1268.27	0	371190	0	9777471488	9359552512	662.8	26	4
1269.27	0	371633	0	9778642944	9359560704	625.1	26	4
1270.28	0	371797	0	9778999296	9359560704	654.2	26	4
1271.28	0	372387	0	9778925568	9359568896	655.2	26	4
1272.29	0	372830	0	9779752960	9359568896	656.5	26	4
1273.29	0	372830	0	9779761152	9359568896	641.1	26	4
1274.29	0	373602	0	9780617216	9359568896	622.2	26	4
1275.30	0	373602	0	9780547584	9359577088	631.2	26	4
1276.30	0	374045	0	9781313536	9359577088	626.9	26	4
1277.31	0	374209	0	9781215232	9359577088	677.3	26	4
1278.31	0	374800	0	9782476800	9359577088	636.0	26	4
1279.31	0	374800	0	9782386688	9359577088	683.6	26	4
1280.32	0	375260	0	9782616064	9359577088	608.4	26	4
1281.32	0	375639	0	9782853632	9359577088	651.2	26	4
1282.33	0	376018	0	9782714368	9359577088	664.4	26	4
1283.33	0	376463	0	9783250944	9359577088	719.4	26	4
1284.34	0	376463	0	9783398400	9359577088	619.0	26	4
1285.34	0	377221	0	9784213504	9359638528	624.0	26	4
1286.34	0	377221	0	9784201216	9359638528	648.0	26	4
1287.35	0	377681	0	9784717312	9359740928	666.5	26	4
1288.35	0	377681	0	9785229312	9359745024	608.5	26	4
1289.36	0	378437	0	9786028032	9359745024	708.6	26	4
1290.36	0	378437	0	9785540608	9359761408	633.2	26	4
1291.36	0	378898	0	9786765312	9359761408	629.1	26	4
1292.37	0	379046	0	9786503168	9359781888	691.6	26	4
1293.37	0	379637	0	9787277312	9359785984	650.4	26	4
1294.38	0	380082	0	9788735488	9359785984	691.7	26	4
1295.38	0	380082	0	9788235776	9359790080	639.7	26	4
1296.38	0	380821	0	9790033920	9359794176	621.0	26	4
1297.39	0	380821	0	9788968960	9359794176	688.8	26	4
1298.39	0	381265	0	9789882368	9359794176	613.0	26	4
1299.40	0	381265	0	9789992960	9359794176	599.0	26	4
1300.40	0	382038	0	9790615552	9359798272	664.0	26	4
1301.41	0	382038	0	9790156800	9359806464	562.0	26	4
1302.41	0	382484	0	9790562304	9359806464	669.5	26	4
1303.41	0	382648	0	9790767104	9359806464	614.0	26	4
1304.42	0	383258	0	9791250432	9359806464	685.8	26	4
1305.42	0	383258	0	9791541248	9359814656	624.7	26	4
1306.43	0	383702	0	9791492096	9359814656	575.4	26	4
1307.43	0	383850	0	9792065536	9359900672	629.2	26	4
1308.43	0	384458	0	9792548864	9359998976	625.2	26	4
1309.44	0	384901	0	9793273856	9360003072	686.1	26	4
1310.44	0	384901	0	9793245184	9360003072	638.4	26	4
1311.45	0	385672	0	9793327104	9360007168	708.7	26	4
1312.45	0	385672	0	9793482752	9360007168	602.5	26	4
1313.46	0	386116	0	9794605056	9360007168	655.6	26	4
1314.46	0	386790	0	9795555328	9360019456	659.4	26	4
1315.46	0	386872	0	9795534848	9360019456	658.3	26	4
1316.47	0	387332	0	9795739648	9360019456	714.4	26	4
1317.47	0	387463	0	9795395584	9360019456	661.9	26	4
1318.48	0	388103	0	9795317760	9360019456	667.0	26	4
1319.48	0	388103	0	9795702784	9360019456	628.7	26	4
1320.48	0	388531	0	9796427776	9360023552	612.5	26	4
1321.49	0	389125	0	9797332992	9360031744	677.4	26	4
1322.49	0	389307	0	9797636096	9360031744	653.1	26	4
1323.50	0	389752	0	9798201344	9360031744	650.2	26	4
1324.50	0	389752	0	9798623232	9360031744	665.6	26	4
1325.51	0	390508	0	9799327744	9360031744	607.1	26	4
1326.51	0	390508	0	9799352320	9360117760	672.0	26	4
1327.51	0	390953	0	9799684096	9360125952	673.3	26	4
1328.52	0	390953	0	9799602176	9360125952	602.8	26	4
1329.52	0	391725	0	9801056256	9360142336	656.4	26	4
1330.53	0	391725	0	9801089024	9360146432	670.5	26	4
1331.53	0	392153	0	9801007104	9360146432	662.8	26	4
1332.53	0	392317	0	9801125888	9360150528	672.0	26	4
1333.54	0	392908	0	9802006528	9360150528	657.5	26	4
1334.54	0	392908	0	9801871360	9360150528	678.1	26	4
1335.55	0	393352	0	9802244096	9360150528	637.2	26	4
1336.55	0	393516	0	9802657792	9360162816	611.1	26	4
1337.56	0	394108	0	9803169792	9360162816	634.4	26	4
1338.56	0	394108	0	9803407360	9360166912	658.0	26	4
1339.56	0	394537	0	9803083776	9360171008	625.0	26	4
1340.57	0	394932	0	9804115968	9360175104	642.0	26	4
1341.57	0	395311	0	9804468224	9360179200	657.7	26	4
1342.58	0	395757	0	9804369920	9360179200	614.2	26	4
1343.58	0	395757	0	9804189696	9360179200	628.8	26	4
1344.58	0	396513	0	9805238272	9360187392	692.2	26	4
1345.59	0	396513	0	9805234176	9360191488	592.5	26	4
1346.59	0	396957	0	9806127104	9360191488	631.1	26	4
1347.60	0	397121	0	9806295040	9360191488	658.2	26	4
1348.60	0	397713	0	9807224832	9360191488	595.8	26	4
1349.60	0	397713	0	9807020032	9360191488	675.5	26	4
1350.61	0	398157	0	9806864384	9360191488	644.0	26	4
1351.61	0	398321	0	9806778368	9360191488	670.5	26	4
1352.62	0	398929	0	9807597568	9360211968	653.1	26	4
1353.62	0	398929	0	9807450112	9360216064	605.6	26	4
1354.63	0	399357	0	9808044032	9360216064	636.1	26	4
1355.63	0	399538	0	9808019456	9360216064	656.8	26	4
1356.63	0	400129	0	9809076224	9360216064	645.4	26	4
1357.64	0	400129	0	9808904192	9360232448	637.6	26	4
1358.64	0	400573	0	9809489920	9360240640	631.7	26	4
1359.65	0	400721	0	9809657856	9360240640	615.9	26	4
1360.65	0	401332	0	9810001920	9360248832	670.8	26	4
1361.66	0	401332	0	9809850368	9360252928	639.2	26	4
1362.66	0	401777	0	9810149376	9360252928	637.7	26	4
1363.66	0	401942	0	9811062784	9360252928	602.0	26	4
1364.67	0	402535	0	9811820544	9360257024	668.3	26	4
1365.67	0	402535	0	9810923520	9360273408	706.6	26	4
1366.68	0	402979	0	9811603456	9360273408	604.1	26	4
1367.68	0	403144	0	9811660800	9360273408	613.8	26	4
1368.69	0	403735	0	9812848640	9360273408	726.5	26	4
1369.69	0	403735	0	9813024768	9360273408	619.7	26	4
1370.69	0	404180	0	9813176320	9360277504	637.5	26	4
1371.70	0	404328	0	9813577728	9360281600	628.0	26	4
1372.70	0	404920	0	9814134784	9360281600	627.9	26	4
1373.71	0	405199	0	9814556672	9360281600	694.8	26	4
1374.71	0	405380	0	9815166976	9360293888	609.5	26	4
1375.71	0	406005	0	9815556096	9360306176	658.3	26	4
1376.72	0	406120	0	9815687168	9360310272	696.3	26	4
1377.72	0	406580	0	9815973888	9360310272	622.6	26	4
1378.73	0	406580	0	9816408064	9360310272	685.4	26	4
1379.73	0	407338	0	9816047616	9360310272	645.8	26	4
1380.74	0	407338	0	9816350720	9360310272	600.0	26	4
1381.74	0	407783	0	9816166400	9360314368	708.1	26	4
1382.74	0	407914	0	9816367104	9360388096	649.0	26	4
1383.75	0	408506	0	9817849856	9360388096	632.0	26	4
1384.75	0	408506	0	9818382336	9360404480	595.7	26	4
1385.76	0	408965	0	9818431488	9360404480	679.5	26	4
1386.76	0	409113	0	9818480640	9360408576	614.2	26	4
1387.76	0	409720	0	9818464256	9360408576	606.0	26	4
1388.77	0	409720	0	9818988544	9360416768	625.5	26	4
1389.77	0	410180	0	9819578368	9360416768	641.2	26	4
1390.78	0	410311	0	9819926528	9360465920	575.9	26	4
1391.78	0	410903	0	9820241920	9360465920	685.2	26	4
1392.79	0	411379	0	9820712960	9360465920	633.2	26	4
1393.79	0	411379	0	9820606464	9360465920	607.4	26	4
1394.79	0	412101	0	9821843456	9360465920	668.3	26	4
1395.80	0	412101	0	9821814784	9360465920	595.8	26	4
1396.80	0	412577	0	9821659136	9360465920	729.8	26	4
1397.81	0	412577	0	9821515776	9360465920	680.9	26	4
1398.81	0	413301	0	9822633984	9360465920	689.0	26	4
1399.81	0	413301	0	9822507008	9360465920	680.3	26	4
1400.82	0	413746	0	9822560256	9360465920	682.4	26	4
1401.82	0	413746	0	9822953472	9360465920	628.6	26	4
1402.83	0	414438	0	9823145984	9360470016	645.1	26	4
1403.83	0	414438	0	9823989760	9360470016	683.2	26	4
1404.84	0	414898	0	9824464896	9360470016	690.4	26	4
1405.84	0	414898	0	9824538624	9360470016	691.6	26	4
1406.84	0	415605	0	9825026048	9360470016	622.5	26	4
1407.85	0	415605	0	9824608256	9360470016	641.8	26	4
1408.85	0	416033	0	9825370112	9360470016	622.9	26	4
1409.86	0	416033	0	9825591296	9360474112	609.8	26	4
1410.86	0	416707	0	9826131968	9360474112	672.9	26	4
1411.86	0	416707	0	9825902592	9360474112	626.9	26	4
1412.87	0	416707	0	9825853440	9360474112	645.2	26	4
1413.87	0	417151	0	9826308096	9360474112	660.6	26	4
1414.88	0	417151	0	9827266560	9360482304	620.1	26	4
1415.88	0	417826	0	9827819520	9360482304	636.1	26	4
1416.89	0	417826	0	9827303424	9360482304	599.4	26	4
1417.89	0	418237	0	9827356672	9360482304	745.5	26	4
1418.89	0	418336	0	9828151296	9360482304	631.7	26	4
1419.90	0	418782	0	9828302848	9360482304	663.6	26	4
1420.90	0	419177	0	9828728832	9360482304	715.9	26	4
1421.91	0	419177	0	9828990976	9360482304	737.6	26	4
1422.91	0	419654	0	9829462016	9360482304	696.9	26	4
1423.91	0	419654	0	9829400576	9360490496	687.5	26	4
1424.92	0	419933	0	9829650432	9360490496	640.2	26	4
1425.92	0	420048	0	9829855232	9360490496	654.8	26	4
1426.93	0	420625	0	9830031360	9360490496	666.6	26	4
1427.93	0	420625	0	9830408192	9360494592	622.6	26	4
1428.94	0	421087	0	9830490112	9360494592	688.3	26	4
1429.94	0	421219	0	9830727680	9360494592	599.6	26	4
1430.94	0	421812	0	9831428096	9360494592	623.8	26	4
1431.95	0	421812	0	9830834176	9360494592	672.7	26	4
1432.95	0	422273	0	9831473152	9360494592	619.8	26	4
1433.96	0	422404	0	9832464384	9360494592	651.5	26	4
1434.96	0	423013	0	9832779776	9360494592	675.1	26	4
1435.96	0	423129	0	9832878080	9360494592	587.3	26	4
1436.97	0	423457	0	9832878080	9360494592	634.5	26	4
1437.97	0	424198	0	9834115072	9360494592	672.1	26	4
1438.98	0	424198	0	9834536960	9360498688	621.5	26	4
1439.98	0	424643	0	9835126784	9360498688	672.2	26	4
1440.99	0	424791	0	9834516480	9360498688	662.7	26	4
1441.99	0	425383	0	9834078208	9360498688	579.5	26	4
1442.99	0	425383	0	9834172416	9360498688	643.0	26	4
1444.00	0	425844	0	9835143168	9360498688	664.0	26	4
1445.00	0	425992	0	9835638784	9360498688	614.1	26	4
1446.01	0	426602	0	9836187648	9360502784	691.0	26	4
1447.01	0	426619	0	9836015616	9360502784	604.7	26	4
1448.01	0	427065	0	9835921408	9360502784	615.4	26	4
1449.02	0	427805	0	9837223936	9360502784	642.9	26	4
1450.02	0	427805	0	9837694976	9360519168	676.4	26	4
1451.03	0	428249	0	9838718976	9360723968	598.2	26	4
1452.03	0	428249	0	9838559232	9360723968	681.5	26	4
1453.04	0	428989	0	9839550464	9360736256	601.6	26	4
1454.04	0	428989	0	9839587328	9360740352	615.4	26	4
1455.04	0	429433	0	9840463872	9360744448	620.9	26	4
1456.05	0	429433	0	9840320512	9360744448	632.0	26	4
1457.05	0	430188	0	9840422912	9360760832	660.8	26	4
1458.06	0	430188	0	9841086464	9360760832	606.2	26	4
1459.06	0	430633	0	9841115136	9360760832	637.6	26	4
1460.06	0	430633	0	9840697344	9360760832	602.6	26	4
1461.07	0	431405	0	9842348032	9360769024	652.7	26	4
1462.07	0	431405	0	9841889280	9360769024	656.5	26	4
1463.08	0	431833	0	9842245632	9360773120	618.5	26	4
1464.08	0	431833	0	9842368512	9360773120	596.7	26	4
1465.09	0	432607	0	9843781632	9360777216	685.1	26	4
1466.09	0	432607	0	9843236864	9360777216	582.0	26	4
1467.09	0	433051	0	9843855360	9360777216	589.3	26	4
1468.10	0	433051	0	9843806208	9360777216	630.8	26	4
1469.10	0	433792	0	9844330496	9360777216	607.2	26	4
1470.11	0	433792	0	9843920896	9360777216	586.9	26	4
1471.11	0	434234	0	9844555776	9360777216	622.3	26	4
1472.12	0	434234	0	9844305920	9360777216	621.6	26	4
1473.12	0	434990	0	9845645312	9360801792	647.5	26	4
1474.12	0	434990	0	9845534720	9360801792	574.4	26	4
1475.13	0	435433	0	9846218752	9360801792	670.5	26	4
1476.13	0	435433	0	9846157312	9360801792	640.5	26	4
1477.14	0	436187	0	9846857728	9360801792	609.9	26	4
1478.14	0	436187	0	9847197696	9360801792	587.0	26	4
1479.14	0	436631	0	9847111680	9360801792	627.7	26	4
1480.15	0	436631	0	9847042048	9360801792	636.9	26	4
1481.15	0	437385	0	9848037376	9360801792	591.8	26	4
1482.16	0	437385	0	9848205312	9360801792	674.2	26	4
1483.16	0	437828	0	9849057280	9360801792	630.3	26	4
1484.16	0	437976	0	9848549376	9360801792	648.2	26	4
1485.17	0	438570	0	9849376768	9360801792	655.7	26	4
1486.17	0	438570	0	9849450496	9360801792	667.7	26	4
1487.18	0	439016	0	9849860096	9360801792	631.6	26	4
1488.18	0	439165	0	9850269696	9360801792	645.5	26	4
1489.19	0	439757	0	9850388480	9360805888	665.0	26	4
1490.19	0	439757	0	9850728448	9360814080	613.5	26	4
1491.19	0	440201	0	9851273216	9360814080	611.4	26	4
1492.20	0	440365	0	9851711488	9360814080	622.7	26	4
1493.20	0	440958	0	9851994112	9360814080	672.0	26	4
1494.21	0	440958	0	9852456960	9360814080	648.0	26	4
1495.21	0	441386	0	9852801024	9360814080	644.2	26	4
1496.21	0	441534	0	9853489152	9360822272	651.4	26	4
1497.22	0	442127	0	9853276160	9360822272	666.2	26	4
1498.22	0	442390	0	9853440000	9360822272	613.2	26	4
1499.23	0	442571	0	9853845504	9360822272	618.2	26	4
1500.23	0	442719	0	9853739008	9360822272	620.8	26	4
1501.24	0	443311	0	9854623744	9360822272	662.2	26	4
1502.24	0	443772	0	9854971904	9360822272	626.6	26	4
1503.24	0	443772	0	9854861312	9360822272	658.0	26	4
1504.25	0	444530	0	9855934464	9360822272	585.2	26	4
1505.25	0	444530	0	9854775296	9360826368	629.1	26	4
1506.26	0	444958	0	9856045056	9360838656	667.6	26	4
1507.26	0	444958	0	9856221184	9360838656	601.9	26	4
1508.27	0	445716	0	9857024000	9360838656	664.8	26	4
1509.27	0	445716	0	9856495616	9360838656	637.3	26	4
1510.27	0	446159	0	9857306624	9360838656	605.8	26	4
1511.28	0	446209	0	9857429504	9360838656	602.0	26	4
1512.28	0	446899	0	9857744896	9360838656	692.5	26	4
1513.29	0	446899	0	9858203648	9360838656	662.2	26	4
1514.29	0	447358	0	9858125824	9360838656	639.7	26	4
1515.29	0	447506	0	9858871296	9360838656	612.1	26	4
1516.30	0	448097	0	9859727360	9360838656	620.7	26	4
1517.30	0	448541	0	9859751936	9360838656	689.2	26	4
1518.31	0	448541	0	9859915776	9360838656	603.8	26	4
1519.31	0	449297	0	9860685824	9360838656	717.6	26	4
1520.32	0	449297	0	9860460544	9360838656	596.7	26	4
1521.32	0	449740	0	9860501504	9360842752	696.4	26	4
1522.32	0	449887	0	9861029888	9360846848	667.4	26	4
1523.33	0	450497	0	9861677056	9360855040	666.8	26	4
1524.33	0	450497	0	9861505024	9360855040	603.8	26	4
1525.34	0	450942	0	9862852608	9360855040	627.7	26	4
1526.34	0	451206	0	9863086080	9360855040	682.0	26	4
1527.34	0	451684	0	9862983680	9360855040	676.7	26	4
1528.35	0	451981	0	9863725056	9360855040	625.6	26	4
1529.35	0	452145	0	9863729152	9360855040	628.4	26	4
1530.36	0	452853	0	9864269824	9360855040	674.4	26	4
1531.36	0	452902	0	9864101888	9360855040	641.7	26	4
1532.37	0	453346	0	9864101888	9360855040	689.3	26	4
1533.37	0	453346	0	9863905280	9360855040	659.0	26	4
1534.37	0	454087	0	9865060352	9360855040	609.4	26	4
1535.38	0	454087	0	9865428992	9360863232	635.0	26	4
1536.38	0	454547	0	9866031104	9360875520	696.4	26	4
1537.39	0	454547	0	9865998336	9360875520	595.6	26	4
1538.39	0	455288	0	9866997760	9360891904	680.9	26	4
1539.39	0	455288	0	9866747904	9360891904	635.6	26	4
1540.40	0	455748	0	9867247616	9360891904	572.9	26	4
1541.40	0	455748	0	9866973184	9360891904	621.6	26	4
1542.41	0	456472	0	9867034624	9360891904	755.7	26	4
1543.41	0	456472	0	9867423744	9360891904	595.6	26	4
1544.41	0	456933	0	9868234752	9360891904	596.1	26	4
1545.42	0	457082	0	9868881920	9360891904	648.4	26	4
1546.42	0	457676	0	9868247040	9360891904	677.6	26	4
1547.43	0	457676	0	9868365824	9360896000	591.6	26	4
1548.43	0	458154	0	9869496320	9360896000	611.1	26	4
1549.44	0	458286	0	9869205504	9360896000	705.3	26	4
1550.44	0	458878	0	9870372864	9360896000	644.3	26	4
1551.44	0	459059	0	9870327808	9360896000	654.3	26	4
1552.45	0	459339	0	9870454784	9360896000	658.1	26	4
1553.45	0	459866	0	9871175680	9360896000	626.2	26	4
1554.46	0	460080	0	9871007744	9360896000	588.9	26	4
1555.46	0	460425	0	9871200256	9360904192	633.5	26	4
1556.46	0	460524	0	9870589952	9360904192	605.3	26	4
1557.47	0	460673	0	9870753792	9360904192	634.9	26	4
1558.47	0	461265	0	9870901248	9360904192	693.4	26	4
1559.48	0	461265	0	9871208448	9360904192	622.5	26	4
1560.48	0	461726	0	9871581184	9360904192	630.9	26	4
1561.49	0	461858	0	9872297984	9360908288	639.0	26	4
1562.49	0	462449	0	9873219584	9360912384	674.8	26	4
1563.50	0	462474	0	9872887808	9360912384	608.2	26	4
1564.50	0	462911	0	9873174528	9360912384	635.6	26	4
1565.50	0	463637	0	9873436672	9360916480	668.5	26	4
1566.51	0	463637	0	9873625088	9360924672	619.4	26	4
1567.51	0	464098	0	9874571264	9360924672	634.0	26	4
1568.52	0	464098	0	9874972672	9360941056	652.0	26	4
1569.52	0	464821	0	9875869696	9360941056	642.8	26	4
1570.53	0	464821	0	9875488768	9360941056	653.5	26	4
1571.53	0	465282	0	9875922944	9360941056	632.5	26	4
1572.53	0	465331	0	9875779584	9360945152	645.2	26	4
1573.54	0	466006	0	9876955136	9360945152	649.6	26	4
1574.54	0	466006	0	9876889600	9360945152	647.4	26	4
1575.55	0	466450	0	9877266432	9360945152	590.1	26	4
1576.55	0	466450	0	9877475328	9360953344	613.5	26	4
1577.56	0	467175	0	9878568960	9360953344	694.7	26	4
1578.56	0	467175	0	9878413312	9360953344	622.7	26	4
1579.56	0	467635	0	9878568960	9360953344	610.4	26	4
1580.57	0	467635	0	9878990848	9360953344	607.7	26	4
1581.57	0	468359	0	9879764992	9360953344	686.0	26	4
1582.58	0	468359	0	9879154688	9360953344	653.0	26	4
1583.58	0	468803	0	9879851008	9360953344	663.8	26	4
1584.58	0	468952	0	9880428544	9360953344	632.3	26	4
1585.59	0	469545	0	9881337856	9360953344	647.8	26	4
1586.59	0	469545	0	9880944640	9360957440	628.9	26	4
1587.60	0	469990	0	9881014272	9360957440	666.9	26	4
1588.60	0	470139	0	9882095616	9360957440	636.2	26	4
1589.60	0	470714	0	9882669056	9360957440	674.0	26	4
1590.61	0	470714	0	9881931776	9360957440	613.1	26	4
1591.61	0	471141	0	9881952256	9360957440	621.0	26	4
1592.62	0	471289	0	9882890240	9361022976	678.1	26	4
1593.62	0	471881	0	9883742208	9361022976	654.4	26	4
1594.63	0	472308	0	9883357184	9361022976	653.9	26	4
1595.63	0	472308	0	9884053504	9361022976	624.6	26	4
1596.63	0	473049	0	9884602368	9361031168	610.8	26	4
1597.64	0	473049	0	9884352512	9361035264	681.6	26	4
1598.64	0	473476	0	9884340224	9361035264	664.4	26	4
1599.65	0	473476	0	9884934144	9361104896	627.4	26	4
1600.65	0	474216	0	9886023680	9361104896	653.9	26	4
1601.65	0	474216	0	9885880320	9361104896	629.9	26	4
1602.66	0	474661	0	9886105600	9361104896	607.2	26	4
1603.66	0	474809	0	9887100928	9361113088	665.1	26	4
1604.67	0	475386	0	9887563776	9361113088	622.4	26	4
1605.67	0	475386	0	9887318016	9361121280	672.7	26	4
1606.68	0	475815	0	9887490048	9361121280	683.9	26	4
1607.68	0	475964	0	9888002048	9361125376	672.5	26	4
1608.68	0	476540	0	9888272384	9361129472	615.9	26	4
1609.69	0	476540	0	9888313344	9361129472	622.5	26	4
1610.69	0	476967	0	9889316864	9361129472	594.5	26	4
1611.70	0	477197	0	9888956416	9361129472	614.8	26	4
1612.70	0	477707	0	9889452032	9361129472	679.2	26	4
1613.70	0	478135	0	9889726464	9361129472	642.3	26	4
1614.71	0	478135	0	9890025472	9361129472	652.8	26	4
1615.71	0	478875	0	9890144256	9361129472	666.5	26	4
1616.72	0	478875	0	9890426880	9361129472	608.1	26	4
1617.72	0	479302	0	9890840576	9361129472	577.9	26	4
1618.72	0	479368	0	9891069952	9361129472	607.7	26	4
1619.73	0	480043	0	9891536896	9361129472	650.5	26	4
1620.73	0	480043	0	9891848192	9361129472	636.8	26	4
1621.74	0	480454	0	9892089856	9361129472	675.7	26	4
1622.74	0	480833	0	9892532224	9361137664	632.9	26	4
1623.74	0	481229	0	9893142528	9361137664	659.5	26	4
1624.75	0	481659	0	9893789696	9361137664	606.2	26	4
1625.75	0	481659	0	9893691392	9361137664	636.7	26	4
1626.76	0	482432	0	9893904384	9361145856	633.5	26	4
1627.76	0	482432	0	9893400576	9361145856	603.3	26	4
1628.76	0	482844	0	9893965824	9361149952	670.3	26	4
1629.77	0	483008	0	9894404096	9361149952	673.8	26	4
1630.77	0	483600	0	9895596032	9361149952	660.3	26	4
1631.78	0	483600	0	9895489536	9361149952	625.2	26	4
1632.78	0	484027	0	9895956480	9361149952	654.7	26	4
1633.79	0	484192	0	9896034304	9361149952	631.8	26	4
1634.79	0	484768	0	9896697856	9361158144	636.6	26	4
1635.79	0	484768	0	9896497152	9361158144	596.5	26	4
1636.80	0	485195	0	9897009152	9361158144	689.4	26	4
1637.80	0	485721	0	9897578496	9361178624	618.5	26	4
1638.81	0	485935	0	9898098688	9361186816	687.6	26	4
1639.81	0	486363	0	9898975232	9361186816	743.0	26	4
1640.82	0	486363	0	9899089920	9361195008	728.6	26	4
1641.82	0	486527	0	9899302912	9361203200	592.9	26	4
1642.82	0	487055	0	9899474944	9361203200	666.7	26	4
1643.83	0	487055	0	9899601920	9361207296	806.5	26	4
1644.83	0	487451	0	9900339200	9361207296	806.4	26	4
1645.84	0	487451	0	9900113920	9361207296	710.9	26	4
1646.84	0	487599	0	9900818432	9361207296	585.3	26	4
1647.84	0	488061	0	9900838912	9361207296	699.9	26	4
1648.85	0	488061	0	9900924928	9361211392	625.8	26	4
1649.85	0	488061	0	9900900352	9361211392	667.5	26	4
1650.86	0	488408	0	9901256704	9361211392	622.1	26	4
1651.86	0	488408	0	9901056000	9361215488	622.4	26	4
1652.87	0	489067	0	9901924352	9361215488	794.6	26	4
1653.87	0	489067	0	9902329856	9361215488	732.6	26	4
1654.87	0	489462	0	9902628864	9361215488	535.3	26	4
1655.88	0	489462	0	9902178304	9361215488	626.6	26	4
1656.88	0	489594	0	9902981120	9361219584	635.1	26	4
1657.89	0	490104	0	9902592000	9361219584	641.8	26	4
1658.89	0	490104	0	9902915584	9361297408	681.0	26	4
1659.90	0	490499	0	9903714304	9361297408	664.7	26	4
1660.90	0	490664	0	9903771648	9361301504	613.6	26	4
1661.90	0	491224	0	9903988736	9361301504	629.1	26	4
1662.91	0	491224	0	9904381952	9361305600	668.1	26	4
1663.91	0	491669	0	9905299456	9361305600	675.2	26	4
1664.92	0	491817	0	9905008640	9361305600	648.1	26	4
1665.92	0	492410	0	9905135616	9361305600	593.3	26	4
1666.92	0	492410	0	9905090560	9361305600	600.5	26	4
1667.93	0	492821	0	9905922048	9361305600	613.5	26	4
1668.93	0	492821	0	9905930240	9361313792	611.6	26	4
1669.94	0	493561	0	9906778112	9361313792	668.0	26	4
1670.94	0	493561	0	9906728960	9361313792	655.8	26	4
1671.95	0	493990	0	9907372032	9361313792	645.2	26	4
1672.95	0	493990	0	9907204096	9361321984	616.1	26	4
1673.95	0	494729	0	9908600832	9361321984	664.3	26	4
1674.96	0	494729	0	9908609024	9361321984	640.4	26	4
1675.96	0	495157	0	9908551680	9361321984	646.0	26	4
1676.97	0	495321	0	9908715520	9361321984	595.4	26	4
1677.97	0	495896	0	9910341632	9361321984	712.4	26	4
1678.97	0	495896	0	9910218752	9361321984	646.3	26	4
1679.98	0	496340	0	9910333440	9361321984	622.3	26	4
1680.98	0	496488	0	9910890496	9361399808	593.0	26	4
1681.99	0	497063	0	9910775808	9361399808	658.7	26	4
1682.99	0	497063	0	9910067200	9361399808	655.4	26	4
1684.00	0	497492	0	9911050240	9361399808	629.6	26	4
1685.00	0	497640	0	9911672832	9361399808	586.4	26	4
1686.00	0	498232	0	9911652352	9361399808	580.8	26	4
1687.01	0	498232	0	9911197696	9361399808	667.3	26	4
1688.01	0	498659	0	9911570432	9361399808	630.6	26	4
1689.02	0	498807	0	9912229888	9361399808	665.7	26	4
1690.02	0	499397	0	9912455168	9361399808	631.3	26	4
1691.02	0	499397	0	9912307712	9361412096	591.6	26	4
1692.03	0	499824	0	9912516608	9361416192	680.6	26	4
1693.03	0	500562	0	9913655296	9361416192	641.0	26	4
1694.04	0	500562	0	9913856000	9361416192	559.8	26	4
1695.04	0	501006	0	9914478592	9361420288	648.4	26	4
1696.04	0	501006	0	9914171392	9361420288	638.2	26	4
1697.05	0	501745	0	9914454016	9361420288	631.7	26	4
1698.05	0	501745	0	9914499072	9361420288	681.6	26	4
1699.06	0	502188	0	9915408384	9361420288	730.7	26	4
1700.06	0	502188	0	9915203584	9361420288	708.8	26	4
1701.07	0	502862	0	9915875328	9361420288	651.0	26	4
1702.07	0	502862	0	9915875328	9361420288	667.4	26	4
1703.07	0	503209	0	9916321792	9361420288	659.4	26	4
1704.08	0	503341	0	9916719104	9361436672	659.8	26	4
1705.08	0	503837	0	9917247488	9361436672	643.6	26	4
1706.09	0	503837	0	9917177856	9361436672	643.8	26	4
1707.09	0	504216	0	9917493248	9361440768	586.7	26	4
1708.09	0	504216	0	9917919232	9361440768	604.7	26	4
1709.10	0	504858	0	9918578688	9361448960	673.3	26	4
1710.10	0	504858	0	9918418944	9361448960	596.1	26	4
1711.11	0	505252	0	9918926848	9361448960	630.8	26	4
1712.11	0	505384	0	9918238720	9361448960	710.2	26	4
1713.12	0	505911	0	9918803968	9361453056	637.9	26	4
1714.12	0	505911	0	9919021056	9361453056	594.4	26	4
1715.12	0	506289	0	9919459328	9361457152	627.1	26	4
1716.13	0	506289	0	9919102976	9361457152	680.2	26	4
1717.13	0	506883	0	9919995904	9361457152	631.0	26	4
1718.14	0	506883	0	9919700992	9361457152	690.5	26	4
1719.14	0	507147	0	9920643072	9361457152	704.0	26	4
1720.15	0	507263	0	9920696320	9361457152	646.4	26	4
1721.15	0	507727	0	9921269760	9361461248	659.0	26	4
1722.15	0	507727	0	9921052672	9361461248	640.0	26	4
1723.16	0	508091	0	9921323008	9361465344	610.1	26	4
1724.16	0	508750	0	9922027520	9361465344	701.2	26	4
1725.17	0	508750	0	9921998848	9361465344	656.3	26	4
1726.17	0	509178	0	9922088960	9361465344	604.4	26	4
1727.17	0	509178	0	9921519616	9361465344	615.4	26	4
1728.18	0	509753	0	9923162112	9361477632	663.6	26	4
1729.18	0	509852	0	9922985984	9361477632	585.3	26	4
1730.19	0	509852	0	9923010560	9361477632	598.7	26	4
1731.19	0	510263	0	9923538944	9361477632	572.6	26	4
1732.20	0	510954	0	9924358144	9361477632	675.8	26	4
1733.20	0	510954	0	9924247552	9361481728	667.8	26	4
1734.20	0	511349	0	9925070848	9361498112	707.7	26	4
1735.21	0	511349	0	9924911104	9361502208	657.5	26	4
1736.21	0	512007	0	9925582848	9361506304	648.0	26	4
1737.22	0	512007	0	9925984256	9361510400	609.1	26	4
1738.22	0	512353	0	9925455872	9361584128	657.0	26	4
1739.22	0	512353	0	9925681152	9361584128	589.9	26	4
1740.23	0	512998	0	9926692864	9361596416	634.7	26	4
1741.23	0	512998	0	9926103040	9361596416	621.0	26	4
1742.24	0	513410	0	9926459392	9361596416	617.0	26	4
1743.24	0	513410	0	9926635520	9361596416	702.9	26	4
1744.25	0	514084	0	9927299072	9361596416	639.2	26	4
1745.25	0	514084	0	9927344128	9361596416	661.3	26	4
1746.25	0	514479	0	9927933952	9361596416	698.6	26	4
1747.26	0	514479	0	9927598080	9361596416	581.5	26	4
1748.26	0	515170	0	9928683520	9361596416	689.4	26	4
1749.27	0	515170	0	9928708096	9361600512	623.5	26	4
1750.27	0	515548	0	9928798208	9361600512	690.4	26	4
1751.27	0	515548	0	9928691712	9361600512	646.9	26	4
1752.28	0	516207	0	9929158656	9361600512	691.6	26	4
1753.28	0	516207	0	9929199616	9361600512	615.6	26	4
1754.29	0	516618	0	9930063872	9361600512	688.8	26	4
1755.29	0	516618	0	9930240000	9361600512	629.4	26	4
1756.30	0	517245	0	9929822208	9361600512	620.8	26	4
1757.30	0	517245	0	9929465856	9361608704	657.2	26	4
1758.30	0	517674	0	9930387456	9361608704	619.0	26	4
1759.31	0	517674	0	9930661888	9361612800	647.1	26	4
1760.31	0	518366	0	9931526144	9361612800	628.2	26	4
1761.32	0	518366	0	9931563008	9361616896	676.6	26	4
1762.32	0	518778	0	9931726848	9361616896	649.3	26	4
1763.33	0	518778	0	9931939840	9361616896	624.7	26	4
1764.33	0	519486	0	9932886016	9361616896	618.7	26	4
1765.33	0	519486	0	9932808192	9361616896	652.3	26	4
1766.34	0	519897	0	9932439552	9361616896	675.0	26	4
1767.34	0	519897	0	9932533760	9361616896	617.4	26	4
1768.35	0	520621	0	9933373440	9361616896	604.4	26	4
1769.35	0	520621	0	9933791232	9361616896	614.6	26	4
1770.36	0	521032	0	9934524416	9361616896	709.0	26	4
1771.36	0	521032	0	9934405632	9361616896	720.3	26	4
1772.37	0	521723	0	9934884864	9361616896	652.4	26	4
1773.37	0	521723	0	9934938112	9361616896	692.4	26	4
1774.37	0	521970	0	9935224832	9361616896	668.5	26	4
1775.38	0	522052	0	9935851520	9361616896	682.3	26	4
1776.38	0	522200	0	9935581184	9361620992	612.6	26	4
1777.39	0	522713	0	9935884288	9361620992	688.2	26	4
1778.39	0	522713	0	9935962112	9361620992	669.6	26	4
1779.40	0	523060	0	9936896000	9361620992	621.1	26	4
1780.40	0	523225	0	9936236544	9361620992	663.3	26	4
1781.40	0	523752	0	9936834560	9361620992	651.6	26	4
1782.41	0	523752	0	9937092608	9361620992	633.2	26	4
1783.41	0	524163	0	9937420288	9361620992	614.1	26	4
1784.42	0	524311	0	9938382848	9361620992	650.1	26	4
1785.42	0	524886	0	9938608128	9361620992	670.6	26	4
1786.43	0	524886	0	9938436096	9361620992	607.0	26	4
1787.43	0	525314	0	9938280448	9361633280	647.7	26	4
1788.44	0	525314	0	9938513920	9361633280	630.2	26	4
1789.44	0	526006	0	9939206144	9361633280	650.9	26	4
1790.45	0	526006	0	9939120128	9361633280	659.1	26	4
1791.45	0	526368	0	9939664896	9361633280	631.3	26	4
1792.45	0	526368	0	9939279872	9361633280	662.6	26	4
1793.46	0	527043	0	9940168704	9361633280	692.4	26	4
1794.46	0	527043	0	9939734528	9361633280	638.9	26	4
1795.47	0	527439	0	9941147648	9361633280	659.9	26	4
1796.47	0	527604	0	9940697088	9361633280	680.2	26	4
1797.48	0	528165	0	9941213184	9361645568	633.0	26	4
1798.48	0	528165	0	9941680128	9361649664	623.4	26	4
1799.49	0	528593	0	9941925888	9361649664	652.0	26	4
1800.49	0	529053	0	9942085632	9361649664	595.9	26	4
1801.49	0	529316	0	9941786624	9361649664	632.9	26	4
1802.50	0	529316	0	9941651456	9361649664	622.6	26	4
1803.50	0	529727	0	9942896640	9361649664	642.2	26	4
1804.51	0	530450	0	9943715840	9361649664	599.2	26	4
1805.51	0	530450	0	9943347200	9361653760	655.6	26	4
1806.52	0	530860	0	9943830528	9361657856	640.8	26	4
1807.52	0	530860	0	9943527424	9361657856	619.0	26	4
1808.52	0	531584	0	9944715264	9361661952	615.0	26	4
1809.53	0	531584	0	9945202688	9361661952	652.0	26	4
1810.53	0	532012	0	9945427968	9361661952	669.6	26	4
1811.54	0	532012	0	9944973312	9361661952	665.7	26	4
1812.54	0	532685	0	9946042368	9361661952	602.8	26	4
1813.54	0	532718	0	9945804800	9361694720	641.1	26	4
1814.55	0	533131	0	9946402816	9361694720	669.7	26	4
1815.55	0	533131	0	9946529792	9361698816	588.2	26	4
1816.56	0	533856	0	9947348992	9361698816	652.9	26	4
1817.56	0	533856	0	9947377664	9361698816	609.6	26	4
1818.56	0	534284	0	9946718208	9361698816	615.6	26	4
1819.57	0	534432	0	9947074560	9361698816	673.7	26	4
1820.57	0	534990	0	9948024832	9361698816	667.9	26	4
1821.58	0	534990	0	9947586560	9361698816	611.2	26	4
1822.58	0	535417	0	9947648000	9361698816	597.3	26	4
1823.59	0	535565	0	9948184576	9361698816	639.7	26	4
1824.59	0	536125	0	9948954624	9361702912	631.8	26	4
1825.59	0	536520	0	9949642752	9361702912	649.9	26	4
1826.60	0	536520	0	9949171712	9361702912	693.9	26	4
1827.60	0	537178	0	9950179328	9361702912	620.3	26	4
1828.61	0	537178	0	9950621696	9361707008	586.9	26	4
1829.61	0	537605	0	9951195136	9361707008	638.5	26	4
1830.61	0	537605	0	9950662656	9361707008	637.8	26	4
1831.62	0	538199	0	9950724096	9361707008	691.0	26	4
1832.62	0	538199	0	9951109120	9361707008	602.7	26	4
1833.63	0	538595	0	9951547392	9361707008	673.8	26	4
1834.63	0	538595	0	9951350784	9361707008	671.4	26	4
1835.64	0	539289	0	9952280576	9361707008	639.0	26	4
1836.64	0	539289	0	9951809536	9361707008	602.0	26	4
1837.64	0	539668	0	9952608256	9361707008	581.7	26	4
1838.65	0	539668	0	9952837632	9361707008	634.3	26	4
1839.65	0	540359	0	9953497088	9361707008	621.7	26	4
1840.66	0	540359	0	9953869824	9361711104	645.7	26	4
1841.66	0	540770	0	9953783808	9361711104	620.3	26	4
1842.66	0	540770	0	9953968128	9361711104	615.1	26	4
1843.67	0	541429	0	9954902016	9361711104	685.3	26	4
1844.67	0	541429	0	9955332096	9361719296	604.5	26	4
1845.68	0	541841	0	9955651584	9361723392	635.5	26	4
1846.68	0	541841	0	9955262464	9361723392	681.1	26	4
1847.68	0	542483	0	9956274176	9361723392	607.7	26	4
1848.69	0	542483	0	9956462592	9361723392	710.5	26	4
1849.69	0	542796	0	9956892672	9361731584	605.2	26	4
1850.70	0	542796	0	9957117952	9361731584	624.6	26	4
1851.70	0	543406	0	9957158912	9361731584	668.8	26	4
1852.71	0	543406	0	9957060608	9361731584	597.8	26	4
1853.71	0	543803	0	9958170624	9361735680	609.8	26	4
1854.71	0	543919	0	9957953536	9361739776	709.0	26	4
1855.72	0	544463	0	9957310464	9361739776	629.7	26	4
1856.72	0	544463	0	9957199872	9361739776	607.6	26	4
1857.73	0	544875	0	9957351424	9361739776	627.0	26	4
1858.73	0	544875	0	9957187584	9361739776	630.6	26	4
1859.74	0	545599	0	9958801408	9361743872	629.3	26	4
1860.74	0	545599	0	9957908480	9361743872	610.0	26	4
1861.74	0	545960	0	9959129088	9361743872	607.3	26	4
1862.75	0	546010	0	9958973440	9361743872	594.9	26	4
1863.75	0	546191	0	9959198720	9361743872	613.9	26	4
1864.76	0	546717	0	9959628800	9361743872	646.1	26	4
1865.76	0	546717	0	9960108032	9361743872	613.9	26	4
1866.76	0	547129	0	9959702528	9361743872	605.4	26	4
1867.77	0	547277	0	9960005632	9361743872	650.6	26	4
1868.77	0	547836	0	9961291776	9361743872	596.9	26	4
1869.78	0	547836	0	9961021440	9361743872	591.8	26	4
1870.78	0	548231	0	9961725952	9361743872	676.5	26	4
1871.79	0	548379	0	9961472000	9361743872	614.6	26	4
1872.79	0	548924	0	9961967616	9361756160	627.8	26	4
1873.79	0	548924	0	9962455040	9361756160	634.9	26	4
1874.80	0	549320	0	9962864640	9361764352	660.2	26	4
1875.80	0	549469	0	9963761664	9361764352	635.9	26	4
1876.81	0	550028	0	9963421696	9361764352	623.3	26	4
1877.81	0	550028	0	9963401216	9361764352	610.3	26	4
1878.81	0	550455	0	9964171264	9361772544	611.3	26	4
1879.82	0	550455	0	9963528192	9361776640	610.6	26	4
1880.82	0	551163	0	9964711936	9361776640	644.3	26	4
1881.83	0	551163	0	9964625920	9361776640	608.7	26	4
1882.83	0	551575	0	9965539328	9361776640	641.2	26	4
1883.83	0	551575	0	9965633536	9361776640	620.8	26	4
1884.84	0	552282	0	9966678016	9361776640	673.6	26	4
1885.84	0	552282	0	9966342144	9361780736	620.9	26	4
1886.85	0	552694	0	9967394816	9361780736	630.8	26	4
1887.85	0	552694	0	9967521792	9361788928	665.3	26	4
1888.86	0	553385	0	9968287744	9361788928	639.5	26	4
1889.86	0	553385	0	9967935488	9361788928	733.7	26	4
1890.86	0	553747	0	9967689728	9361788928	656.2	26	4
1891.87	0	553747	0	9967181824	9361788928	581.3	26	4
1892.87	0	554407	0	9968128000	9361788928	610.2	26	4
1893.88	0	554407	0	9968570368	9361788928	654.4	26	4
1894.88	0	554803	0	9968680960	9361788928	608.6	26	4
1895.88	0	554803	0	9968422912	9361788928	687.1	26	4
1896.89	0	555495	0	9969078272	9361788928	630.1	26	4
1897.89	0	555495	0	9969512448	9361788928	673.0	26	4
1898.90	0	555938	0	9969909760	9361788928	684.5	26	4
1899.90	0	555938	0	9969958912	9361793024	617.4	26	4
1900.91	0	556645	0	9971236864	9361797120	647.4	26	4
1901.91	0	556645	0	9971040256	9361797120	606.3	26	4
1902.91	0	557072	0	9971884032	9361809408	598.4	26	4
1903.92	0	557072	0	9972461568	9361813504	609.8	26	4
1904.92	0	557780	0	9973055488	9361817600	657.4	26	4
1905.93	0	557780	0	9972056064	9361817600	628.5	26	4
1906.93	0	558207	0	9972248576	9361817600	640.1	26	4
1907.93	0	558207	0	9972449280	9361821696	671.9	26	4
1908.94	0	558914	0	9973383168	9361829888	691.2	26	4
1909.94	0	558914	0	9973293056	9361833984	621.8	26	4
1910.95	0	559342	0	9973465088	9361833984	618.4	26	4
1911.95	0	559342	0	9973731328	9361833984	635.5	26	4
1912.96	0	560052	0	9974493184	9361833984	649.1	26	4
1913.96	0	560052	0	9974702080	9361854464	651.8	26	4
1914.96	0	560480	0	9975554048	9361854464	627.7	26	4
1915.97	0	560480	0	9975365632	9361854464	616.9	26	4
1916.97	0	560761	0	9975582720	9361854464	642.3	26	4
1917.98	0	561188	0	9975861248	9361854464	639.1	26	4
1918.98	0	561615	0	9976614912	9361854464	702.1	26	4
1919.98	0	561615	0	9976303616	9361854464	628.8	26	4
1920.99	0	562322	0	9976627200	9361854464	615.9	26	4
1921.99	0	562322	0	9976463360	9361854464	683.7	26	4
1923.00	0	562749	0	9977516032	9361854464	649.1	26	4
1924.00	0	562749	0	9977253888	9361854464	627.1	26	4
1925.01	0	562897	0	9977917440	9361854464	645.7	26	4
1926.01	0	563472	0	9978347520	9361854464	631.9	26	4
1927.01	0	563472	0	9978040320	9361854464	623.4	26	4
1928.02	0	563883	0	9978286080	9361854464	675.8	26	4
1929.02	0	564031	0	9979158528	9361854464	686.1	26	4
1930.03	0	564605	0	9979678720	9361854464	645.2	26	4
1931.03	0	564982	0	9980121088	9361854464	668.8	26	4
1932.04	0	565031	0	9979965440	9361858560	682.1	26	4
1933.04	0	565709	0	9980198912	9361858560	664.0	26	4
1934.04	0	565709	0	9980506112	9361858560	615.4	26	4
1935.05	0	565709	0	9979985920	9361858560	633.8	26	4
1936.05	0	566121	0	9980411904	9361858560	618.1	26	4
1937.06	0	566270	0	9980637184	9361858560	618.4	26	4
1938.06	0	566830	0	9981419520	9361858560	658.4	26	4
1939.06	0	566830	0	9981251584	9361858560	660.6	26	4
1940.07	0	567291	0	9982103552	9361858560	648.5	26	4
1941.07	0	567422	0	9981677568	9361866752	658.7	26	4
1942.08	0	568031	0	9981521920	9361866752	673.8	26	4
1943.08	0	568031	0	9981820928	9361866752	600.8	26	4
1944.09	0	568458	0	9982750720	9361866752	618.6	26	4
1945.09	0	568605	0	9982980096	9361866752	668.8	26	4
1946.09	0	569181	0	9983610880	9361866752	673.5	26	4
1947.10	0	569181	0	9983471616	9361866752	635.6	26	4
1948.10	0	569592	0	9984020480	9361866752	682.3	26	4
1949.11	0	569740	0	9984430080	9361866752	581.5	26	4
1950.11	0	570315	0	9985130496	9361879040	626.4	26	4
1951.11	0	570315	0	9985048576	9361883136	689.5	26	4
1952.12	0	570727	0	9985306624	9361883136	609.1	26	4
1953.12	0	570876	0	9985585152	9361883136	626.1	26	4
1954.13	0	571371	0	9986236416	9361883136	730.1	26	4
1955.13	0	571371	0	9986314240	9361883136	653.2	26	4
1956.14	0	571784	0	9985892352	9361883136	593.2	26	4
1957.14	0	571933	0	9986117632	9361883136	607.7	26	4
1958.14	0	572509	0	9986916352	9361883136	648.4	26	4
1959.15	0	572509	0	9987420160	9361883136	664.4	26	4
1960.15	0	572936	0	9987407872	9361883136	600.0	26	4
1961.16	0	573085	0	9987620864	9361883136	613.7	26	4
1962.16	0	573676	0	9988710400	9361887232	684.4	26	4
1963.17	0	573676	0	9988431872	9361887232	681.7	26	4
1964.17	0	574104	0	9989341184	9361891328	672.2	26	4
1965.17	0	574252	0	9989816320	9361891328	638.4	26	4
1966.18	0	574828	0	9989656576	9361891328	601.0	26	4
1967.18	0	574828	0	9989496832	9361895424	611.6	26	4
1968.19	0	575256	0	9990045696	9361899520	679.2	26	4
1969.19	0	575404	0	9990549504	9361899520	667.7	26	4
1970.19	0	575980	0	9991102464	9361899520	629.6	26	4
1971.20	0	575980	0	9990766592	9361915904	604.0	26	4
1972.20	0	576391	0	9991294976	9361920000	669.3	26	4
1973.21	0	576556	0	9991700480	9361920000	654.0	26	4
1974.21	0	577134	0	9992568832	9361920000	590.0	26	4
1975.22	0	577134	0	9992585216	9361920000	624.5	26	4
1976.22	0	577546	0	9992884224	9361920000	661.3	26	4
1977.22	0	577711	0	9992863744	9361920000	650.1	26	4
1978.23	0	578286	0	9993981952	9361920000	589.8	26	4
1979.23	0	578286	0	9993388032	9361920000	645.1	26	4
1980.24	0	578713	0	9994153984	9361920000	609.3	26	4
1981.24	0	578877	0	9993887744	9361920000	625.1	26	4
1982.25	0	579469	0	9994149888	9361920000	636.9	26	4
1983.25	0	579469	0	9994412032	9361920000	641.0	26	4
1984.25	0	579880	0	9995063296	9361924096	605.8	26	4
1985.26	0	579880	0	9995038720	9361924096	642.6	26	4
1986.26	0	580637	0	9995800576	9361924096	656.4	26	4
1987.27	0	580637	0	9995862016	9361924096	590.6	26	4
1988.27	0	581048	0	9996988416	9361924096	635.2	26	4
1989.27	0	581048	0	9996931072	9361924096	630.7	26	4
1990.28	0	581787	0	9997471744	9361924096	665.6	26	4
1991.28	0	581787	0	9996947456	9361924096	641.8	26	4
1992.29	0	581787	0	9996845056	9361924096	604.0	26	4
1993.29	0	582214	0	9997684736	9361924096	639.9	26	4
1994.29	0	582363	0	9997979648	9361924096	634.8	26	4
1995.30	0	582940	0	9998778368	9361928192	731.3	26	4
1996.30	0	582940	0	9998688256	9361928192	584.8	26	4
1997.31	0	583369	0	9998360576	9361928192	592.5	26	4
1998.31	0	583518	0	9999568896	9361932288	610.8	26	4
1999.32	0	584111	0	10000297984	9361932288	638.6	26	4
2000.32	0	584111	0	10000121856	9361932288	649.4	26	4
2001.32	0	584521	0	10000261120	9361940480	673.9	26	4
2002.33	0	584702	0	9999896576	9361940480	616.2	26	4
2003.33	0	585278	0	9999781888	9361940480	642.5	26	4
2004.34	0	585278	0	9999831040	9361940480	701.6	26	4
2005.34	0	585689	0	10000670720	9361940480	611.1	26	4
2006.34	0	585854	0	10000945152	9361940480	616.1	26	4
2007.35	0	586445	0	10001432576	9361940480	624.5	26	4
2008.35	0	586445	0	10001309696	9361952768	638.7	26	4
2009.36	0	586840	0	10002112512	9361952768	655.2	26	4
2010.36	0	587366	0	10002788352	9361952768	697.8	26	4
2011.36	0	587563	0	10002616320	9361960960	665.3	26	4
2012.37	0	587563	0	10001928192	9361973248	624.5	26	4
2013.37	0	587958	0	10003009536	9361973248	623.6	26	4
2014.38	0	588091	0	10003288064	9361973248	643.9	26	4
2015.38	0	588667	0	10004054016	9361973248	633.8	26	4
2016.39	0	588667	0	10003935232	9361977344	597.1	26	4
2017.39	0	589047	0	10004623360	9361977344	621.0	26	4
2018.39	0	589229	0	10004406272	9361977344	584.2	26	4
2019.40	0	589789	0	10005327872	9361977344	622.4	26	4
2020.40	0	589789	0	10004815872	9361981440	667.4	26	4
2021.41	0	590216	0	10005180416	9361981440	608.5	26	4
2022.41	0	590380	0	10005725184	9361981440	624.6	26	4
2023.41	0	590972	0	10006114304	9361985536	651.1	26	4
2024.42	0	590972	0	10006413312	9361997824	666.9	26	4
2025.42	0	591383	0	10006355968	9361997824	603.9	26	4
2026.43	0	591383	0	10006454272	9361997824	603.4	26	4
2027.43	0	592123	0	10007388160	9362001920	596.5	26	4
2028.44	0	592123	0	10006798336	9362006016	598.2	26	4
2029.44	0	592156	0	10007306240	9362006016	617.1	26	4
2030.44	0	592552	0	10008195072	9362006016	601.7	26	4
2031.45	0	592716	0	10008338432	9362014208	639.6	26	4
2032.45	0	593292	0	10008264704	9362014208	613.2	26	4
2033.46	0	593292	0	10008264704	9362014208	589.8	26	4
2034.46	0	593703	0	10009276416	9362018304	607.7	26	4
2035.46	0	593868	0	10009505792	9362018304	642.6	26	4
2036.47	0	594446	0	10009677824	9362018304	631.8	26	4
2037.47	0	594446	0	10009673728	9362018304	584.2	26	4
2038.48	0	594874	0	10010419200	9362018304	642.3	26	4
2039.48	0	594874	0	10010021888	9362018304	623.4	26	4
2040.49	0	595614	0	10010501120	9362018304	627.1	26	4
2041.49	0	595614	0	10011099136	9362018304	641.4	26	4
2042.49	0	595614	0	10011250688	9362018304	589.4	26	4
2043.50	0	596040	0	10012360704	9362018304	647.8	26	4
2044.50	0	596204	0	10012180480	9362018304	631.0	26	4
2045.51	0	596780	0	10012549120	9362026496	673.0	26	4
2046.51	0	596780	0	10012573696	9362030592	673.2	26	4
2047.52	0	597190	0	10012712960	9362030592	632.6	26	4
2048.52	0	597355	0	10012803072	9362030592	630.5	26	4
2049.52	0	597946	0	10013659136	9362030592	646.9	26	4
2050.53	0	597946	0	10013863936	9362034688	657.8	26	4
2051.53	0	598357	0	10014494720	9362034688	646.2	26	4
2052.54	0	598439	0	10014650368	9362034688	645.7	26	4
2053.54	0	599097	0	10015895552	9362034688	604.1	26	4
2054.55	0	599097	0	10015088640	9362034688	658.0	26	4
2055.55	0	599493	0	10016178176	9362034688	633.6	26	4
2056.55	0	599675	0	10015531008	9362034688	743.1	26	4
2057.56	0	600252	0	10016088064	9362034688	718.7	26	4
2058.56	0	600252	0	10015985664	9362034688	621.4	26	4
2059.57	0	600680	0	10016591872	9362055168	607.0	26	4
2060.57	0	600845	0	10016444416	9362055168	624.6	26	4
2061.57	0	601437	0	10016575488	9362055168	601.7	26	4
2062.58	0	601437	0	10016563200	9362055168	653.4	26	4
2063.58	0	601864	0	10017345536	9362063360	683.5	26	4
2064.59	0	602028	0	10017894400	9362063360	636.5	26	4
2065.59	0	602620	0	10018439168	9362063360	654.1	26	4
2066.59	0	602620	0	10018402304	9362063360	600.7	26	4
2067.60	0	603047	0	10018082816	9362063360	595.0	26	4
2068.60	0	603195	0	10018652160	9362067456	620.7	26	4
2069.61	0	603803	0	10019414016	9362067456	655.4	26	4
2070.61	0	603803	0	10019336192	9362067456	681.5	26	4
2071.62	0	604215	0	10020147200	9362075648	632.5	26	4
2072.62	0	604215	0	10019364864	9362075648	611.0	26	4
2073.62	0	604675	0	10020302848	9362075648	648.0	26	4
2074.63	0	604954	0	10021142528	9362075648	630.3	26	4
2075.63	0	604954	0	10021982208	9362083840	602.9	26	4
2076.64	0	605365	0	10022408192	9362083840	672.3	26	4
2077.64	0	605531	0	10021167104	9362083840	652.1	26	4
2078.64	0	606124	0	10021904384	9362083840	612.7	26	4
2079.65	0	606124	0	10022035456	9362083840	683.3	26	4
2080.65	0	606553	0	10023038976	9362083840	635.8	26	4
2081.66	0	606718	0	10023112704	9362087936	666.3	26	4
2082.66	0	607310	0	10024157184	9362087936	598.1	26	4
2083.67	0	607310	0	10024058880	9362087936	649.5	26	4
2084.67	0	607737	0	10024112128	9362087936	668.4	26	4
2085.67	0	607885	0	10023505920	9362092032	578.8	26	4
2086.68	0	608477	0	10024472576	9362092032	629.6	26	4
2087.68	0	608477	0	10024800256	9362092032	613.7	26	4
2088.69	0	608887	0	10024951808	9362092032	635.2	26	4
2089.69	0	609052	0	10024984576	9362096128	649.6	26	4
2090.69	0	609628	0	10025725952	9362096128	632.0	26	4
2091.70	0	609628	0	10025299968	9362096128	663.1	26	4
2092.70	0	610056	0	10025910272	9362096128	686.9	26	4
2093.71	0	610221	0	10026766336	9362096128	649.4	26	4
2094.71	0	610813	0	10027134976	9362096128	661.4	26	4
2095.72	0	610813	0	10026999808	9362096128	597.0	26	4
2096.72	0	611208	0	10027749376	9362096128	633.4	26	4
2097.72	0	611372	0	10027593728	9362096128	603.7	26	4
2098.73	0	611950	0	10028335104	9362096128	629.6	26	4
2099.73	0	611950	0	10028167168	9362096128	621.9	26	4
2100.74	0	612362	0	10029514752	9362096128	675.5	26	4
2101.74	0	612526	0	10029109248	9362096128	621.9	26	4
2102.74	0	613102	0	10028843008	9362096128	607.6	26	4
2103.75	0	613102	0	10029051904	9362096128	616.7	26	4
2104.75	0	613546	0	10029944832	9362096128	664.8	26	4
2105.76	0	613694	0	10030501888	9362096128	706.4	26	4
2106.76	0	614270	0	10030895104	9362096128	602.5	26	4
2107.77	0	614270	0	10029981696	9362096128	642.5	26	4
2108.77	0	614698	0	10030948352	9362096128	647.9	26	4
2109.77	0	614698	0	10030911488	9362096128	569.0	26	4
2110.78	0	615126	0	10031677440	9362096128	664.1	26	4
2111.78	0	615422	0	10031431680	9362096128	648.8	26	4
2112.79	0	615587	0	10032193536	9362096128	629.4	26	4
2113.79	0	615849	0	10031923200	9362096128	654.0	26	4
2114.79	0	615997	0	10032029696	9362096128	613.1	26	4
2115.80	0	616573	0	10032996352	9362100224	657.9	26	4
2116.80	0	616573	0	10032758784	9362100224	603.5	26	4
2117.81	0	616984	0	10033512448	9362100224	626.1	26	4
2118.81	0	617132	0	10033451008	9362104320	605.1	26	4
2119.82	0	617710	0	10034257920	9362104320	638.7	26	4
2120.82	0	617710	0	10033733632	9362104320	685.7	26	4
2121.82	0	618121	0	10034688000	9362108416	626.4	26	4
2122.83	0	618286	0	10034249728	9362108416	601.3	26	4
2123.83	0	618862	0	10035376128	9362132992	638.6	26	4
2124.84	0	618862	0	10035212288	9362132992	612.3	26	4
2125.84	0	619290	0	10036240384	9362132992	664.2	26	4
2126.85	0	619437	0	10036006912	9362132992	638.7	26	4
2127.85	0	620029	0	10036744192	9362132992	605.1	26	4
2128.85	0	620029	0	10036588544	9362132992	630.8	26	4
2129.86	0	620456	0	10036801536	9362132992	619.3	26	4
2130.86	0	620604	0	10036367360	9362132992	642.7	26	4
2131.87	0	621196	0	10036781056	9362132992	626.6	26	4
2132.87	0	621196	0	10036957184	9362137088	678.5	26	4
2133.87	0	621607	0	10037932032	9362137088	717.5	26	4
2134.88	0	621771	0	10037903360	9362137088	620.1	26	4
2135.88	0	622346	0	10038595584	9362137088	617.8	26	4
2136.89	0	622346	0	10038202368	9362137088	640.9	26	4
2137.89	0	622740	0	10038456320	9362137088	634.7	26	4
2138.90	0	622905	0	10038947840	9362137088	612.5	26	4
2139.90	0	623483	0	10040102912	9362137088	630.1	26	4
2140.90	0	623483	0	10040012800	9362137088	584.0	26	4
2141.91	0	623532	0	10040008704	9362137088	629.1	26	4
2142.91	0	624027	0	10040315904	9362137088	627.4	26	4
2143.92	0	624059	0	10040508416	9362137088	609.6	26	4
2144.92	0	624635	0	10040999936	9362137088	623.7	26	4
2145.92	0	624635	0	10040348672	9362137088	614.9	26	4
2146.93	0	625046	0	10041262080	9362137088	679.5	26	4
2147.93	0	625227	0	10041208832	9362137088	615.8	26	4
2148.94	0	625818	0	10041831424	9362137088	647.8	26	4
2149.94	0	625818	0	10041667584	9362137088	619.6	26	4
2150.95	0	626212	0	10042523648	9362145280	615.8	26	4
2151.95	0	626392	0	10042384384	9362145280	613.4	26	4
2152.95	0	626984	0	10043047936	9362145280	633.2	26	4
2153.96	0	626984	0	10043002880	9362145280	608.6	26	4
2154.96	0	627379	0	10042941440	9362145280	653.3	26	4
2155.97	0	627559	0	10042499072	9362145280	593.1	26	4
2156.97	0	628135	0	10043383808	9362153472	695.3	26	4
2157.98	0	628135	0	10043109376	9362157568	635.1	26	4
2158.98	0	628135	0	10043293696	9362157568	615.1	26	4
2159.99	0	628530	0	10044080128	9362157568	609.8	26	4
2160.99	0	628711	0	10044448768	9362157568	593.2	26	4
2161.99	0	629288	0	10044862464	9362157568	621.5	26	4
2163.00	0	629288	0	10045009920	9362157568	620.6	26	4
2164.00	0	629700	0	10045325312	9362157568	648.9	26	4
2165.01	0	629882	0	10046091264	9362157568	639.5	26	4
2166.01	0	630492	0	10046853120	9362157568	656.5	26	4
2167.01	0	630492	0	10046537728	9362157568	601.3	26	4
2168.02	0	630902	0	10046779392	9362157568	637.5	26	4
2169.02	0	631083	0	10047430656	9362157568	671.9	26	4
2170.03	0	631674	0	10047918080	9362157568	622.2	26	4
2171.03	0	631674	0	10047692800	9362157568	592.7	26	4
2172.04	0	632085	0	10047750144	9362157568	671.0	26	4
2173.04	0	632250	0	10047758336	9362157568	648.9	26	4
2174.04	0	632858	0	10048614400	9362157568	641.5	26	4
2175.05	0	632858	0	10048536576	9362157568	620.2	26	4
2176.05	0	633269	0	10049265664	9362157568	600.5	26	4
2177.06	0	633433	0	10049486848	9362157568	650.4	26	4
2178.06	0	634040	0	10050543616	9362157568	709.1	26	4
2179.07	0	634040	0	10050367488	9362157568	658.1	26	4
2180.07	0	634451	0	10050195456	9362157568	674.3	26	4
2181.07	0	634615	0	10049974272	9362157568	583.9	26	4
2182.08	0	635208	0	10051026944	9362157568	638.0	26	4
2183.08	0	635208	0	10050711552	9362157568	634.6	26	4
2184.09	0	635620	0	10051981312	9362157568	649.8	26	4
2185.09	0	635786	0	10051911680	9362157568	617.6	26	4
2186.09	0	636363	0	10052534272	9362157568	614.9	26	4
2187.10	0	636363	0	10051919872	9362157568	605.1	26	4
2188.10	0	636791	0	10052911104	9362157568	598.0	26	4
2189.11	0	636955	0	10053525504	9362161664	661.3	26	4
2190.11	0	637547	0	10053984256	9362165760	679.1	26	4
2191.12	0	637547	0	10052972544	9362165760	630.3	26	4
2192.12	0	637959	0	10053869568	9362165760	657.3	26	4
2193.12	0	638123	0	10054291456	9362165760	608.2	26	4
2194.13	0	638715	0	10054656000	9362165760	665.5	26	4
2195.13	0	638715	0	10054967296	9362173952	599.2	26	4
2196.14	0	639110	0	10055643136	9362173952	593.9	26	4
2197.14	0	639110	0	10055548928	9362173952	616.9	26	4
2198.15	0	639291	0	10056294400	9362173952	644.5	26	4
2199.15	0	639867	0	10057003008	9362173952	647.7	26	4
2200.15	0	639867	0	10057125888	9362173952	680.8	26	4
2201.16	0	640278	0	10057052160	9362178048	668.8	26	4
2202.16	0	640442	0	10057388032	9362182144	607.9	26	4
2203.17	0	641019	0	10058039296	9362210816	607.5	26	4
2204.17	0	641019	0	10058088448	9362219008	600.8	26	4
2205.17	0	641431	0	10058977280	9362247680	612.6	26	4
2206.18	0	641596	0	10058854400	9362247680	674.9	26	4
2207.18	0	642190	0	10058977280	9362247680	636.3	26	4
2208.19	0	642190	0	10059223040	9362247680	643.7	26	4
2209.19	0	642601	0	10059489280	9362247680	629.3	26	4
2210.19	0	642781	0	10060005376	9362247680	664.5	26	4
2211.20	0	643374	0	10060644352	9362247680	640.7	26	4
2212.20	0	643374	0	10060607488	9362247680	626.4	26	4
2213.21	0	643768	0	10061119488	9362247680	643.6	26	4
2214.21	0	643949	0	10061500416	9362247680	652.7	26	4
2215.22	0	644524	0	10062045184	9362247680	603.1	26	4
2216.22	0	644524	0	10062155776	9362247680	609.3	26	4
2217.22	0	644935	0	10062352384	9362247680	596.9	26	4
2218.23	0	645115	0	10062884864	9362247680	680.0	26	4
2219.23	0	645707	0	10063204352	9362247680	652.1	26	4
2220.24	0	645707	0	10063093760	9362247680	622.8	26	4
2221.24	0	646118	0	10063511552	9362251776	608.6	26	4
2222.24	0	646283	0	10062979072	9362251776	583.0	26	4
2223.25	0	646792	0	10063876096	9362251776	624.6	26	4
2224.25	0	646875	0	10064248832	9362251776	622.7	26	4
2225.26	0	647171	0	10064629760	9362251776	665.6	26	4
2226.26	0	647469	0	10064859136	9362251776	636.4	26	4
2227.26	0	647469	0	10064855040	9362251776	618.1	26	4
2228.27	0	648047	0	10065027072	9362251776	616.8	26	4
2229.27	0	648146	0	10065399808	9362251776	613.5	26	4
2230.28	0	648474	0	10066116608	9362251776	590.9	26	4
2231.28	0	648655	0	10065948672	9362251776	640.4	26	4
2232.29	0	649231	0	10066427904	9362251776	645.9	26	4
2233.29	0	649231	0	10066276352	9362251776	631.9	26	4
2234.29	0	649642	0	10067292160	9362251776	627.8	26	4
2235.30	0	649855	0	10067824640	9362251776	648.7	26	4
2236.30	0	650414	0	10067447808	9362251776	623.2	26	4
2237.31	0	650414	0	10067550208	9362251776	628.2	26	4
2238.31	0	650826	0	10068295680	9362251776	652.5	26	4
2239.32	0	651007	0	10068459520	9362251776	611.5	26	4
2240.32	0	651615	0	10069311488	9362251776	628.4	26	4
2241.32	0	651615	0	10068828160	9362251776	635.6	26	4
2242.33	0	652027	0	10069028864	9362251776	663.4	26	4
2243.33	0	652208	0	10069516288	9362251776	617.5	26	4
2244.34	0	652800	0	10070765568	9362251776	597.0	26	4
2245.34	0	652800	0	10070671360	9362251776	620.1	26	4
2246.34	0	653212	0	10070618112	9362251776	655.3	26	4
2247.35	0	653394	0	10070441984	9362251776	690.1	26	4
2248.35	0	653987	0	10071625728	9362251776	618.1	26	4
2249.36	0	653987	0	10071617536	9362255872	609.4	26	4
2250.36	0	654398	0	10072240128	9362255872	623.9	26	4
2251.37	0	654579	0	10071801856	9362255872	631.6	26	4
2252.37	0	655154	0	10072023040	9362255872	666.9	26	4
2253.37	0	655154	0	10072469504	9362255872	623.0	26	4
2254.38	0	655565	0	10073030656	9362255872	641.4	26	4
2255.38	0	655763	0	10073747456	9362255872	596.5	26	4
2256.39	0	656338	0	10074017792	9362255872	618.4	26	4
2257.39	0	656338	0	10072825856	9362255872	608.3	26	4
2258.39	0	656748	0	10073743360	9362255872	640.6	26	4
2259.40	0	656929	0	10074296320	9362259968	625.6	26	4
2260.40	0	657537	0	10075185152	9362259968	654.6	26	4
2261.41	0	657537	0	10074476544	9362259968	608.9	26	4
2262.41	0	657947	0	10075136000	9362259968	622.0	26	4
2263.41	0	658128	0	10075750400	9362272256	645.0	26	4
2264.42	0	658721	0	10076356608	9362272256	660.0	26	4
2265.42	0	658721	0	10076712960	9362272256	630.5	26	4
2266.43	0	659133	0	10076688384	9362272256	609.4	26	4
2267.43	0	659331	0	10076647424	9362272256	621.2	26	4
2268.44	0	659909	0	10077433856	9362272256	650.1	26	4
2269.44	0	659909	0	10077609984	9362272256	671.9	26	4
2270.44	0	660321	0	10077904896	9362272256	631.4	26	4
2271.45	0	660502	0	10078138368	9362276352	609.8	26	4
2272.45	0	661094	0	10078638080	9362276352	609.4	26	4
2273.46	0	661094	0	10078212096	9362276352	606.3	26	4
2274.46	0	661505	0	10079309824	9362276352	632.7	26	4
2275.46	0	661670	0	10079625216	9362276352	629.7	26	4
2276.47	0	661932	0	10079514624	9362276352	608.0	26	4
2277.47	0	662261	0	10079162368	9362280448	634.5	26	4
2278.48	0	662689	0	10080649216	9362280448	602.4	26	4
2279.48	0	662689	0	10081333248	9362284544	620.4	26	4
2280.49	0	663231	0	10081742848	9362288640	635.7	26	4
2281.49	0	663462	0	10081185792	9362288640	617.1	26	4
2282.49	0	663462	0	10080944128	9362288640	687.1	26	4
2283.50	0	663889	0	10081681408	9362288640	623.0	26	4
2284.50	0	664053	0	10081959936	9362288640	622.6	26	4
2285.51	0	664646	0	10082500608	9362288640	625.2	26	4
2286.51	0	664646	0	10082332672	9362288640	647.6	26	4
2287.52	0	665058	0	10082627584	9362288640	636.9	26	4
2288.52	0	665223	0	10083041280	9362288640	652.5	26	4
2289.52	0	665816	0	10084237312	9362288640	624.6	26	4
2290.53	0	665816	0	10083885056	9362288640	584.9	26	4
2291.53	0	666227	0	10083454976	9362288640	624.3	26	4
2292.54	0	666408	0	10083811328	9362288640	668.1	26	4
2293.54	0	666999	0	10084507648	9362292736	624.8	26	4
2294.54	0	666999	0	10084597760	9362292736	637.2	26	4
2295.55	0	667411	0	10085330944	9362292736	718.4	26	4
2296.55	0	667591	0	10085191680	9362292736	621.6	26	4
2297.56	0	668167	0	10085588992	9362292736	647.9	26	4
2298.56	0	668595	0	10086445056	9362292736	677.0	26	4
2299.56	0	668759	0	10086473728	9362292736	693.0	26	4
2300.57	0	668874	0	10086543360	9362292736	626.7	26	4
2301.57	0	669334	0	10086420480	9362292736	625.4	26	4
2302.58	0	669334	0	10086264832	9362292736	634.3	26	4
2303.58	0	669745	0	10087067648	9362300928	636.9	26	4
2304.59	0	669909	0	10087628800	9362300928	672.3	26	4
2305.59	0	670501	0	10088308736	9362300928	645.4	26	4
2306.59	0	670798	0	10088329216	9362300928	617.9	26	4
2307.60	0	670913	0	10088353792	9362300928	643.0	26	4
2308.60	0	671671	0	10089046016	9362300928	674.8	26	4
2309.61	0	671671	0	10089426944	9362300928	621.2	26	4
2310.61	0	671688	0	10089439232	9362300928	634.5	26	4
2311.61	0	672083	0	10089041920	9362300928	633.6	26	4
2312.62	0	672247	0	10089254912	9362309120	667.8	26	4
2313.62	0	672839	0	10089984000	9362309120	673.8	26	4
2314.63	0	672839	0	10090393600	9362309120	624.3	26	4
2315.63	0	673265	0	10090774528	9362309120	614.0	26	4
2316.63	0	673429	0	10090651648	9362309120	632.7	26	4
2317.64	0	674004	0	10090881024	9362309120	634.9	26	4
2318.64	0	674004	0	10090930176	9362309120	619.9	26	4
2319.65	0	674432	0	10091831296	9362309120	674.4	26	4
2320.65	0	674596	0	10092560384	9362309120	620.1	26	4
2321.66	0	675188	0	10093146112	9362309120	719.1	26	4
2322.66	0	675188	0	10092503040	9362309120	596.4	26	4
2323.66	0	675598	0	10093441024	9362309120	628.6	26	4
2324.67	0	675780	0	10093940736	9362309120	640.7	26	4
2325.67	0	676355	0	10094198784	9362309120	673.2	26	4
2326.68	0	676355	0	10093969408	9362309120	620.5	26	4
2327.68	0	676767	0	10094227456	9362309120	639.0	26	4
2328.68	0	676948	0	10094764032	9362309120	670.2	26	4
2329.69	0	677525	0	10095280128	9362309120	663.5	26	4
2330.69	0	677525	0	10095169536	9362309120	616.9	26	4
2331.70	0	677937	0	10096046080	9362415616	620.5	26	4
2332.70	0	678101	0	10095353856	9362415616	661.3	26	4
2333.70	0	678693	0	10096582656	9362415616	675.5	26	4
2334.71	0	678693	0	10096689152	9362415616	598.6	26	4
2335.71	0	679120	0	10096939008	9362415616	602.3	26	4
2336.72	0	679284	0	10097152000	9362419712	621.9	26	4
2337.72	0	679876	0	10097782784	9362419712	618.9	26	4
2338.73	0	679876	0	10097688576	9362419712	674.4	26	4
2339.73	0	680304	0	10098462720	9362419712	622.6	26	4
2340.73	0	680468	0	10098909184	9362419712	583.1	26	4
2341.74	0	681044	0	10098835456	9362419712	605.3	26	4
2342.74	0	681044	0	10098520064	9362419712	624.7	26	4
2343.75	0	681472	0	10099986432	9362419712	697.8	26	4
2344.75	0	681637	0	10100113408	9362419712	631.5	26	4
2345.75	0	682228	0	10100875264	9362419712	641.4	26	4
2346.76	0	682228	0	10100449280	9362419712	609.4	26	4
2347.76	0	682640	0	10100260864	9362419712	664.3	26	4
2348.77	0	682804	0	10101264384	9362419712	587.7	26	4
2349.77	0	683382	0	10101420032	9362419712	600.3	26	4
2350.77	0	683382	0	10102124544	9362419712	624.1	26	4
2351.78	0	683795	0	10101608448	9362419712	681.7	26	4
2352.78	0	683959	0	10102165504	9362419712	614.9	26	4
2353.79	0	684552	0	10102849536	9362419712	659.5	26	4
2354.79	0	684552	0	10102595584	9362419712	647.9	26	4
2355.80	0	684964	0	10103242752	9362419712	620.6	26	4
2356.80	0	685128	0	10102788096	9362419712	614.4	26	4
2357.80	0	685721	0	10103439360	9362419712	685.9	26	4
2358.81	0	685721	0	10103767040	9362419712	602.0	26	4
2359.81	0	686148	0	10104520704	9362419712	606.9	26	4
2360.82	0	686313	0	10104741888	9362419712	617.6	26	4
2361.82	0	686905	0	10105110528	9362419712	635.2	26	4
2362.82	0	686905	0	10104360960	9362419712	602.1	26	4
2363.83	0	687333	0	10105602048	9362419712	603.7	26	4
2364.83	0	687497	0	10106093568	9362419712	607.4	26	4
2365.84	0	688074	0	10106363904	9362419712	652.6	26	4
2366.84	0	688074	0	10106433536	9362419712	646.3	26	4
2367.84	0	688502	0	10107236352	9362419712	684.9	26	4
2368.85	0	688667	0	10106593280	9362419712	636.7	26	4
2369.85	0	689261	0	10107576320	9362419712	617.6	26	4
2370.86	0	689261	0	10107092992	9362419712	611.9	26	4
2371.86	0	689871	0	10107342848	9362419712	648.9	26	4
2372.87	0	689986	0	10107748352	9362419712	616.9	26	4
2373.87	0	690447	0	10108854272	9362419712	628.1	26	4
2374.87	0	690891	0	10109157376	9362419712	623.9	26	4
2375.88	0	690923	0	10109042688	9362419712	610.5	26	4
2376.88	0	691630	0	10109415424	9362419712	624.9	26	4
2377.89	0	691630	0	10109390848	9362419712	635.0	26	4
2378.89	0	692073	0	10110193664	9362419712	614.4	26	4
2379.89	0	692221	0	10110636032	9362419712	638.6	26	4
2380.90	0	692812	0	10111283200	9362419712	614.6	26	4
2381.90	0	692812	0	10110689280	9362419712	607.1	26	4
2382.91	0	693256	0	10111500288	9362419712	646.4	26	4
2383.91	0	693256	0	10111840256	9362419712	624.3	26	4
2384.91	0	693980	0	10112454656	9362419712	647.9	26	4
2385.92	0	693980	0	10111627264	9362419712	677.1	26	4
2386.92	0	694424	0	10112557056	9362419712	608.0	26	4
2387.93	0	694424	0	10112438272	9362419712	635.8	26	4
2388.93	0	695166	0	10113597440	9362419712	683.6	26	4
2389.93	0	695166	0	10113617920	9362419712	645.6	26	4
2390.94	0	695628	0	10114072576	9362423808	627.8	26	4
2391.94	0	695776	0	10114154496	9362423808	648.1	26	4
2392.95	0	696352	0	10115096576	9362423808	667.7	26	4
2393.95	0	696352	0	10114674688	9362423808	621.9	26	4
2394.96	0	696796	0	10115309568	9362423808	610.8	26	4
2395.96	0	696796	0	10115198976	9362423808	643.6	26	4
2396.96	0	697552	0	10116153344	9362423808	640.6	26	4
2397.97	0	697552	0	10116419584	9362423808	661.6	26	4
2398.97	0	697996	0	10117148672	9362423808	602.9	26	4
2399.98	0	698161	0	10117042176	9362423808	634.7	26	4
2400.98	0	698752	0	10118139904	9362423808	637.7	26	4
2401.98	0	698752	0	10116984832	9362423808	603.1	26	4
2402.99	0	699197	0	10117197824	9362423808	631.1	26	4
2403.99	0	699345	0	10117275648	9362423808	644.0	26	4
2405.00	0	699937	0	10118565888	9362423808	680.9	26	4
2406.00	0	699937	0	10117959680	9362423808	607.2	26	4
2407.01	0	700364	0	10118361088	9362423808	646.9	26	4
2408.01	0	700513	0	10118574080	9362423808	693.8	26	4
2409.01	0	701106	0	10119573504	9362423808	677.8	26	4
2410.02	0	701106	0	10119970816	9362427904	637.5	26	4
2411.02	0	701535	0	10120396800	9362427904	608.2	26	4
2412.03	0	701617	0	10120544256	9362427904	627.2	26	4
2413.03	0	701700	0	10120474624	9362436096	600.6	26	4
2414.04	0	702275	0	10121437184	9362436096	627.9	26	4
2415.04	0	702275	0	10121572352	9362436096	661.6	26	4
2416.04	0	702702	0	10121699328	9362440192	630.6	26	4
2417.05	0	702866	0	10121523200	9362440192	620.9	26	4
2418.05	0	703442	0	10122588160	9362440192	616.1	26	4
2419.06	0	703442	0	10122571776	9362440192	666.3	26	4
2420.06	0	703886	0	10122551296	9362440192	638.1	26	4
2421.07	0	704034	0	10123341824	9362440192	607.5	26	4
2422.07	0	704642	0	10123943936	9362440192	603.1	26	4
2423.07	0	704642	0	10123071488	9362440192	615.4	26	4
2424.08	0	705053	0	10124218368	9362444288	655.9	26	4
2425.08	0	705217	0	10124484608	9362444288	653.1	26	4
2426.09	0	705809	0	10125406208	9362538496	692.7	26	4
2427.09	0	705809	0	10125426688	9362632704	650.0	26	4
2428.09	0	706236	0	10126331904	9362632704	618.9	26	4
2429.10	0	706400	0	10126774272	9362632704	655.8	26	4
2430.10	0	706977	0	10127425536	9362632704	613.6	26	4
2431.11	0	706977	0	10126643200	9362632704	664.5	26	4
2432.11	0	707422	0	10126577664	9362632704	704.8	26	4
2433.11	0	707587	0	10126942208	9362632704	617.1	26	4
2434.12	0	708181	0	10128244736	9362632704	615.2	26	4
2435.12	0	708181	0	10128273408	9362632704	666.9	26	4
2436.13	0	708608	0	10128343040	9362632704	666.7	26	4
2437.13	0	708773	0	10128220160	9362632704	624.6	26	4
2438.14	0	709349	0	10128764928	9362632704	645.6	26	4
2439.14	0	709349	0	10128556032	9362632704	613.3	26	4
2440.14	0	709776	0	10129539072	9362632704	632.9	26	4
2441.15	0	709941	0	10129567744	9362632704	683.5	26	4
2442.15	0	710533	0	10130272256	9362632704	616.0	26	4
2443.16	0	710533	0	10130178048	9362632704	672.2	26	4
2444.16	0	710943	0	10130665472	9362632704	684.1	26	4
2445.16	0	711108	0	10130694144	9362632704	637.2	26	4
2446.17	0	711651	0	10131263488	9362632704	623.7	26	4
2447.17	0	711684	0	10131038208	9362632704	606.7	26	4
2448.18	0	711865	0	10131521536	9362632704	628.6	26	4
2449.18	0	712112	0	10131705856	9362632704	656.2	26	4
2450.18	0	712802	0	10132701184	9362632704	670.0	26	4
2451.19	0	712868	0	10132619264	9362632704	609.6	26	4
2452.19	0	713312	0	10132578304	9362632704	653.0	26	4
2453.20	0	713460	0	10133041152	9362632704	687.0	26	4
2454.20	0	713493	0	10133385216	9362632704	620.8	26	4
2455.21	0	714053	0	10133065728	9362632704	619.7	26	4
2456.21	0	714053	0	10132119552	9362636800	589.3	26	4
2457.22	0	714497	0	10132312064	9362636800	708.1	26	4
2458.22	0	714645	0	10132434944	9362636800	681.2	26	4
2459.22	0	715237	0	10133516288	9362636800	653.9	26	4
2460.23	0	715237	0	10133417984	9362636800	654.4	26	4
2461.23	0	715680	0	10134052864	9362636800	638.3	26	4
2462.24	0	715828	0	10134155264	9362636800	623.7	26	4
2463.24	0	716419	0	10134929408	9362636800	606.6	26	4
2464.25	0	716419	0	10134962176	9362636800	621.4	26	4
2465.25	0	716846	0	10136227840	9362636800	712.0	26	4
2466.26	0	717010	0	10135465984	9362636800	632.4	26	4
2467.26	0	717601	0	10136428544	9362640896	618.2	26	4
2468.26	0	717601	0	10136408064	9362640896	635.0	26	4
2469.27	0	718029	0	10137538560	9362640896	642.1	26	4
2470.27	0	718029	0	10137714688	9362640896	615.3	26	4
2471.28	0	718769	0	10138361856	9362640896	639.7	26	4
2472.28	0	718769	0	10137935872	9362640896	601.9	26	4
2473.29	0	719214	0	10138415104	9362640896	622.3	26	4
2474.29	0	719362	0	10138873856	9362640896	614.4	26	4
2475.29	0	719971	0	10139516928	9362640896	619.8	26	4
2476.30	0	719971	0	10139103232	9362640896	632.4	26	4
2477.30	0	720399	0	10139570176	9362640896	669.2	26	4
2478.31	0	720399	0	10140270592	9362640896	624.6	26	4
2479.31	0	720564	0	10140028928	9362640896	605.0	26	4
2480.32	0	721155	0	10140729344	9362640896	643.2	26	4
2481.32	0	721155	0	10140303360	9362640896	627.4	26	4
2482.32	0	721600	0	10139906048	9362640896	671.2	26	4
2483.33	0	721764	0	10140438528	9362640896	661.5	26	4
2484.33	0	722356	0	10141851648	9362640896	630.2	26	4
2485.34	0	722356	0	10141757440	9362640896	631.6	26	4
2486.34	0	722783	0	10142089216	9362640896	607.0	26	4
2487.35	0	722931	0	10142220288	9362640896	591.9	26	4
2488.35	0	723539	0	10142928896	9362640896	650.9	26	4
2489.35	0	723539	0	10142646272	9362640896	626.1	26	4
2490.36	0	723982	0	10142928896	9362640896	684.3	26	4
2491.36	0	724129	0	10142932992	9362640896	622.2	26	4
2492.37	0	724738	0	10142801920	9362640896	595.4	26	4
2493.37	0	724738	0	10143453184	9362640896	602.8	26	4
2494.38	0	725182	0	10144002048	9362640896	637.9	26	4
2495.38	0	725330	0	10144391168	9362640896	665.8	26	4
2496.38	0	725957	0	10144874496	9362640896	650.4	26	4
2497.39	0	725957	0	10144727040	9362640896	607.9	26	4
2498.39	0	726386	0	10145976320	9362640896	612.0	26	4
2499.40	0	726549	0	10145746944	9362640896	656.3	26	4
2500.40	0	727141	0	10146025472	9362640896	666.6	26	4
2501.41	0	727141	0	10145759232	9362640896	582.0	26	4
2502.41	0	727584	0	10146861056	9362640896	626.2	26	4
2503.41	0	727749	0	10146926592	9362640896	604.3	26	4
2504.42	0	728356	0	10147696640	9362640896	667.7	26	4
2505.42	0	728356	0	10146996224	9362640896	599.1	26	4
2506.43	0	728799	0	10147188736	9362640896	659.9	26	4
2507.43	0	728980	0	10147508224	9362649088	626.4	26	4
2508.44	0	729571	0	10148319232	9362649088	602.8	26	4
2509.44	0	729571	0	10148388864	9362649088	706.8	26	4
2510.44	0	729998	0	10149961728	9362657280	616.1	26	4
2511.45	0	730179	0	10150473728	9362665472	613.0	26	4
2512.45	0	730770	0	10149695488	9362665472	615.7	26	4
2513.46	0	730770	0	10150019072	9362669568	589.9	26	4
2514.46	0	731198	0	10150625280	9362669568	632.5	26	4
2515.47	0	731363	0	10151038976	9362673664	670.9	26	4
2516.47	0	731940	0	10152361984	9362673664	689.8	26	4
2517.47	0	731940	0	10152239104	9362673664	602.9	26	4
2518.48	0	732369	0	10153316352	9362673664	616.4	26	4
2519.48	0	732533	0	10153046016	9362673664	634.3	26	4
2520.49	0	733124	0	10153369600	9362673664	609.0	26	4
2521.49	0	733124	0	10152493056	9362673664	598.6	26	4
2522.49	0	733370	0	10153168896	9362673664	625.0	26	4
2523.50	0	733700	0	10153566208	9362673664	679.3	26	4
2524.50	0	734292	0	10154381312	9362673664	678.9	26	4
2525.51	0	734292	0	10154287104	9362673664	638.8	26	4
2526.51	0	734719	0	10154835968	9362673664	637.4	26	4
2527.51	0	734883	0	10154651648	9362673664	628.1	26	4
2528.52	0	735458	0	10154700800	9362673664	683.3	26	4
2529.52	0	735458	0	10154717184	9362673664	670.0	26	4
2530.53	0	735458	0	10155130880	9362673664	661.1	26	4
2531.53	0	735869	0	10154840064	9362677760	630.3	26	4
2532.54	0	736033	0	10155200512	9362677760	605.3	26	4
2533.54	0	736609	0	10156220416	9362677760	612.6	26	4
2534.54	0	736609	0	10156027904	9362677760	590.0	26	4
2535.55	0	737036	0	10156781568	9362677760	602.8	26	4
2536.55	0	737201	0	10157211648	9362677760	716.8	26	4
2537.56	0	737795	0	10157092864	9362677760	667.8	26	4
2538.56	0	738076	0	10157707264	9362677760	671.0	26	4
2539.56	0	738389	0	10157826048	9362677760	635.2	26	4
2540.57	0	738635	0	10158460928	9362677760	597.8	26	4
2541.57	0	738997	0	10158497792	9362677760	666.4	26	4
2542.58	0	739424	0	10159472640	9362677760	643.5	26	4
2543.58	0	739588	0	10159128576	9362690048	619.2	26	4
2544.58	0	740196	0	10160013312	9362690048	673.5	26	4
2545.59	0	740196	0	10160132096	9362690048	601.7	26	4
2546.59	0	740624	0	10160611328	9362690048	654.5	26	4
2547.60	0	740805	0	10160390144	9362690048	637.9	26	4
2548.60	0	741396	0	10161422336	9362690048	612.0	26	4
2549.61	0	741396	0	10161422336	9362694144	621.9	26	4
2550.61	0	741823	0	10161229824	9362694144	654.7	26	4
2551.61	0	741988	0	10161061888	9362694144	640.8	26	4
2552.62	0	742595	0	10161934336	9362694144	684.7	26	4
2553.62	0	742595	0	10162053120	9362694144	608.3	26	4
2554.63	0	743039	0	10162982912	9362698240	622.6	26	4
2555.63	0	743188	0	10162917376	9362698240	605.3	26	4
2556.63	0	743798	0	10162966528	9362698240	677.1	26	4
2557.64	0	743798	0	10163167232	9362698240	677.7	26	4
2558.64	0	744227	0	10163470336	9362698240	606.4	26	4
2559.65	0	744392	0	10163929088	9362698240	620.3	26	4
2560.65	0	744984	0	10164539392	9362702336	631.1	26	4
2561.65	0	744984	0	10164334592	9362702336	594.8	26	4
2562.66	0	745412	0	10164891648	9362702336	646.5	26	4
2563.66	0	745560	0	10165735424	9362702336	685.1	26	4
2564.67	0	746152	0	10165833728	9362702336	596.4	26	4
2565.67	0	746152	0	10165530624	9362702336	632.8	26	4
2566.68	0	746580	0	10165383168	9362702336	673.6	26	4
2567.68	0	746744	0	10165784576	9362702336	649.0	26	4
2568.68	0	747336	0	10166960128	9362702336	658.2	26	4
2569.69	0	747336	0	10166919168	9362702336	606.0	26	4
2570.69	0	747764	0	10168082432	9362702336	622.0	26	4
2571.70	0	747912	0	10167701504	9362702336	658.7	26	4
2572.70	0	748504	0	10168356864	9362706432	637.2	26	4
2573.70	0	748504	0	10168463360	9362706432	607.1	26	4
2574.71	0	748948	0	10169073664	9362714624	611.5	26	4
2575.71	0	749113	0	10169765888	9362714624	591.7	26	4
2576.72	0	749691	0	10169999360	9362714624	675.8	26	4
2577.72	0	749691	0	10170339328	9362714624	663.5	26	4
2578.73	0	750137	0	10170150912	9362714624	628.6	26	4
2579.73	0	750285	0	10169888768	9362714624	631.2	26	4
2580.73	0	750877	0	10170204160	9362714624	684.1	26	4
2581.74	0	750877	0	10169786368	9362714624	605.7	26	4
2582.74	0	751321	0	10170396672	9362714624	625.4	26	4
2583.75	0	751469	0	10171002880	9362714624	662.2	26	4
2584.75	0	752061	0	10171879424	9362714624	652.0	26	4
2585.75	0	752061	0	10171555840	9362714624	595.5	26	4
2586.76	0	752505	0	10172502016	9362739200	696.4	26	4
2587.76	0	752653	0	10172538880	9362739200	608.5	26	4
2588.77	0	753262	0	10172678144	9362739200	661.0	26	4
2589.77	0	753262	0	10172661760	9362739200	629.9	26	4
2590.78	0	753705	0	10173358080	9362739200	650.0	26	4
2591.78	0	753853	0	10173288448	9362739200	668.8	26	4
2592.78	0	754446	0	10173849600	9362739200	647.5	26	4
2593.79	0	754446	0	10174238720	9362739200	647.5	26	4
2594.79	0	754890	0	10174787584	9362743296	677.0	26	4
2595.80	0	755038	0	10174570496	9362743296	661.5	26	4
2596.80	0	755616	0	10175016960	9362743296	640.1	26	4
2597.81	0	755616	0	10174889984	9362743296	627.3	26	4
2598.81	0	756044	0	10175967232	9362743296	617.6	26	4
2599.81	0	756193	0	10175954944	9362743296	646.6	26	4
2600.82	0	756786	0	10176847872	9362743296	652.4	26	4
2601.82	0	756786	0	10176499712	9362743296	688.8	26	4
2602.83	0	757214	0	10176684032	9362743296	626.3	26	4
2603.83	0	757362	0	10177073152	9362743296	591.4	26	4
2604.83	0	757937	0	10177249280	9362743296	660.4	26	4
2605.84	0	757937	0	10177540096	9362743296	637.9	26	4
2606.84	0	758365	0	10178244608	9362743296	689.2	26	4
2607.85	0	758512	0	10178605056	9362743296	654.4	26	4
2608.85	0	759105	0	10179223552	9362743296	640.1	26	4
2609.86	0	759105	0	10178543616	9362743296	644.5	26	4
2610.86	0	759517	0	10179186688	9362743296	691.0	26	4
2611.86	0	759665	0	10178977792	9362743296	637.7	26	4
2612.87	0	760241	0	10179915776	9362743296	626.1	26	4
2613.87	0	760241	0	10180124672	9362771968	669.1	26	4
2614.88	0	760685	0	10181021696	9362771968	647.0	26	4
2615.88	0	760817	0	10181443584	9362771968	637.5	26	4
2616.89	0	761411	0	10181832704	9362776064	609.5	26	4
2617.89	0	761411	0	10181500928	9362776064	642.2	26	4
2618.89	0	761840	0	10182549504	9362776064	612.8	26	4
2619.90	0	761988	0	10183004160	9362776064	666.3	26	4
2620.90	0	762564	0	10183311360	9362776064	680.5	26	4
2621.91	0	762564	0	10182635520	9362776064	659.0	26	4
2622.91	0	763008	0	10183639040	9362780160	649.7	26	4
2623.91	0	763139	0	10183905280	9362780160	628.8	26	4
2624.92	0	763715	0	10184306688	9362780160	653.3	26	4
2625.92	0	763715	0	10183868416	9362780160	661.2	26	4
2626.93	0	764159	0	10184003584	9362780160	705.9	26	4
2627.93	0	764307	0	10185048064	9362784256	640.1	26	4
2628.94	0	764865	0	10184896512	9362784256	651.8	26	4
2629.94	0	764865	0	10185052160	9362784256	624.4	26	4
2630.94	0	764931	0	10185326592	9362784256	645.3	26	4
2631.95	0	765309	0	10185293824	9362784256	592.7	26	4
2632.95	0	765457	0	10185895936	9362784256	622.8	26	4
2633.96	0	766033	0	10187038720	9362784256	635.0	26	4
2634.96	0	766181	0	10186735616	9362784256	698.9	26	4
2635.97	0	766477	0	10187001856	9362784256	587.9	26	4
2636.97	0	766822	0	10187411456	9362784256	673.7	26	4
2637.97	0	767201	0	10187698176	9362784256	660.6	26	4
2638.98	0	767647	0	10188709888	9362784256	639.2	26	4
2639.98	0	767795	0	10188271616	9362784256	635.6	26	4
2640.99	0	768208	0	10188677120	9362788352	608.7	26	4
2641.99	0	768372	0	10188341248	9362788352	678.4	26	4
2642.99	0	768833	0	10188894208	9362788352	627.4	26	4
2644.00	0	768964	0	10189582336	9362788352	653.4	26	4
2645.00	0	769293	0	10190159872	9362788352	581.9	26	4
2646.01	0	769556	0	10190438400	9362788352	696.0	26	4
2647.01	0	770000	0	10190548992	9362788352	680.6	26	4
2648.01	0	770000	0	10193408000	9367240704	611.9	26	4
2649.02	0	770740	0	10194894848	9367240704	630.0	26	4
2650.02	0	770740	0	10195050496	9367240704	631.7	26	4
2651.03	0	771184	0	10194800640	9367240704	679.9	26	4
2652.03	0	771184	0	10194632704	9367248896	613.1	26	4
2653.04	0	771907	0	10195726336	9367248896	646.3	26	4
2654.04	0	771907	0	10195628032	9367248896	627.1	26	4
2655.04	0	772236	0	10196238336	9367248896	602.2	26	4
2656.05	0	772433	0	10196635648	9367248896	651.9	26	4
2657.05	0	773108	0	10196803584	9367248896	579.1	26	4
2658.06	0	773108	0	10197311488	9367248896	625.2	26	4
2659.06	0	773568	0	10198274048	9367248896	693.1	26	4
2660.07	0	773717	0	10197733376	9367248896	594.5	26	4
2661.07	0	774311	0	10198192128	9367248896	595.7	26	4
2662.07	0	774311	0	10198147072	9367248896	681.9	26	4
2663.08	0	774771	0	10198458368	9367248896	597.4	26	4
2664.08	0	774903	0	10199109632	9367248896	648.8	26	4
2665.09	0	775510	0	10200002560	9367248896	640.0	26	4
2666.09	0	775510	0	10199146496	9367248896	659.6	26	4
2667.09	0	775986	0	10200375296	9367248896	585.1	26	4
2668.10	0	776101	0	10200854528	9367248896	625.5	26	4
2669.10	0	776709	0	10202079232	9367248896	590.6	26	4
2670.11	0	776709	0	10200338432	9367248896	648.8	26	4
2671.11	0	777170	0	10201382912	9367248896	624.6	26	4
2672.12	0	777302	0	10200965120	9367248896	619.2	26	4
2673.12	0	777893	0	10202017792	9367248896	669.5	26	4
2674.12	0	777893	0	10202386432	9367248896	622.2	26	4
2675.13	0	778370	0	10202603520	9367252992	663.9	26	4
2676.13	0	778501	0	10202439680	9367252992	666.4	26	4
2677.14	0	779108	0	10203090944	9367252992	611.1	26	4
2678.14	0	779108	0	10203074560	9367252992	627.3	26	4
2679.14	0	779570	0	10203709440	9367252992	606.4	26	4
2680.15	0	779702	0	10204557312	9367252992	705.6	26	4
2681.15	0	780280	0	10204479488	9367252992	664.6	26	4
2682.16	0	780280	0	10204602368	9367252992	598.3	26	4
2683.16	0	780741	0	10205040640	9367252992	622.7	26	4
2684.17	0	780873	0	10205093888	9367252992	632.9	26	4
2685.17	0	781481	0	10206416896	9367252992	632.6	26	4
2686.17	0	781481	0	10205618176	9367252992	633.8	26	4
2687.18	0	781942	0	10205585408	9367269376	659.7	26	4
2688.18	0	782073	0	10206400512	9367269376	575.0	26	4
2689.19	0	782665	0	10206920704	9367269376	646.3	26	4
2690.19	0	782665	0	10206896128	9367269376	628.6	26	4
2691.19	0	783125	0	10206834688	9367269376	609.4	26	4
2692.20	0	783257	0	10207068160	9367269376	626.6	26	4
2693.20	0	783848	0	10208075776	9367269376	631.9	26	4
2694.21	0	783848	0	10208149504	9367269376	613.4	26	4
2695.21	0	783848	0	10208276480	9367269376	649.4	26	4
2696.22	0	784308	0	10208456704	9367273472	626.4	26	4
2697.22	0	784440	0	10209140736	9367273472	631.9	26	4
2698.22	0	785031	0	10210021376	9367273472	624.0	26	4
2699.23	0	785031	0	10210025472	9367273472	621.3	26	4
2700.23	0	785493	0	10210168832	9367273472	670.7	26	4
2701.24	0	785625	0	10210238464	9367277568	612.5	26	4
2702.24	0	786218	0	10210357248	9367277568	670.8	26	4
2703.24	0	786218	0	10210156544	9367277568	645.6	26	4
2704.25	0	786680	0	10211106816	9367277568	652.0	26	4
2705.25	0	786827	0	10212016128	9367277568	670.1	26	4
2706.26	0	787420	0	10211729408	9367277568	604.0	26	4
2707.26	0	787420	0	10211741696	9367277568	664.1	26	4
2708.27	0	787880	0	10212360192	9367302144	625.1	26	4
2709.27	0	788028	0	10212265984	9367302144	635.3	26	4
2710.27	0	788620	0	10213601280	9367302144	627.5	26	4
2711.28	0	788620	0	10213167104	9367302144	613.4	26	4
2712.28	0	789080	0	10213175296	9367302144	598.5	26	4
2713.29	0	789228	0	10213740544	9367302144	612.4	26	4
2714.29	0	789541	0	10214408192	9367302144	608.7	26	4
2715.29	0	789821	0	10215174144	9367302144	590.5	26	4
2716.30	0	789887	0	10214916096	9367302144	644.9	26	4
2717.30	0	790282	0	10214309888	9367302144	670.9	26	4
2718.31	0	790973	0	10215837696	9367302144	644.7	26	4
2719.31	0	791038	0	10215714816	9367302144	632.3	26	4
2720.32	0	791499	0	10216644608	9367302144	722.3	26	4
2721.32	0	791647	0	10216316928	9367318528	632.7	26	4
2722.32	0	791795	0	10216415232	9367318528	587.8	26	4
2723.33	0	792241	0	10216599552	9367318528	595.3	26	4
2724.33	0	792241	0	10216697856	9367318528	599.6	26	4
2725.34	0	792686	0	10218115072	9367318528	607.4	26	4
2726.34	0	792868	0	10217721856	9367318528	665.1	26	4
2727.34	0	793459	0	10218332160	9367318528	623.3	26	4
2728.35	0	793459	0	10218291200	9367318528	615.9	26	4
2729.35	0	793920	0	10219044864	9367318528	622.2	26	4
2730.36	0	794068	0	10219315200	9367318528	658.5	26	4
2731.36	0	794676	0	10219401216	9367318528	705.6	26	4
2732.37	0	795070	0	10219782144	9367318528	631.9	26	4
2733.37	0	795268	0	10219929600	9367318528	633.2	26	4
2734.37	0	795876	0	10221035520	9367326720	677.9	26	4
2735.38	0	795876	0	10220871680	9367326720	626.3	26	4
2736.38	0	796304	0	10221641728	9367326720	635.2	26	4
2737.39	0	796304	0	10221608960	9367326720	594.4	26	4
2738.39	0	796469	0	10220941312	9367326720	620.8	26	4
2739.39	0	797060	0	10221867008	9367326720	616.4	26	4
2740.40	0	797060	0	10222080000	9367326720	689.8	26	4
2741.40	0	797504	0	10222678016	9367326720	607.4	26	4
2742.41	0	797669	0	10222452736	9367326720	638.5	26	4
2743.41	0	798279	0	10223140864	9367326720	632.8	26	4
2744.41	0	798279	0	10223116288	9367326720	634.3	26	4
2745.42	0	798707	0	10223906816	9367339008	632.4	26	4
2746.42	0	798872	0	10223276032	9367339008	657.2	26	4
2747.43	0	799481	0	10224058368	9367339008	697.4	26	4
2748.43	0	799481	0	10224005120	9367339008	665.3	26	4
2749.44	0	799925	0	10224988160	9367339008	619.4	26	4
2750.44	0	800073	0	10225004544	9367343104	627.9	26	4
2751.44	0	800682	0	10225725440	9367343104	674.4	26	4
2752.45	0	800682	0	10225106944	9367343104	643.0	26	4
2753.45	0	801125	0	10225917952	9367343104	602.1	26	4
2754.46	0	801273	0	10225709056	9367343104	663.6	26	4
2755.46	0	801897	0	10225782784	9367343104	652.5	26	4
2756.47	0	801897	0	10225397760	9367343104	654.5	26	4
2757.47	0	802341	0	10226012160	9367343104	614.6	26	4
2758.48	0	802489	0	10226192384	9367343104	619.5	26	4
2759.48	0	803080	0	10226999296	9367343104	619.8	26	4
2760.48	0	803080	0	10227150848	9367343104	639.5	26	4
2761.49	0	803541	0	10227662848	9367343104	706.9	26	4
2762.49	0	803689	0	10227380224	9367343104	633.5	26	4
2763.50	0	804298	0	10228633600	9367343104	661.9	26	4
2764.50	0	804298	0	10228891648	9367343104	621.5	26	4
2765.51	0	804760	0	10229481472	9367343104	573.9	26	4
2766.51	0	804776	0	10229252096	9367343104	616.0	26	4
2767.51	0	805502	0	10229837824	9367343104	683.6	26	4
2768.52	0	805502	0	10229739520	9367343104	676.8	26	4
2769.52	0	805946	0	10230210560	9367343104	627.2	26	4
2770.53	0	805946	0	10230616064	9367343104	604.2	26	4
2771.53	0	806111	0	10230616064	9367343104	686.1	26	4
2772.54	0	806703	0	10230939648	9367343104	643.0	26	4
2773.54	0	806703	0	10231545856	9367343104	604.0	26	4
2774.54	0	807147	0	10230935552	9367343104	599.1	26	4
2775.55	0	807295	0	10231328768	9367343104	684.8	26	4
2776.55	0	807904	0	10232242176	9367343104	661.1	26	4
2777.56	0	807904	0	10232131584	9367343104	674.1	26	4
2778.56	0	808348	0	10232627200	9367343104	662.9	26	4
2779.57	0	808512	0	10232598528	9367343104	659.2	26	4
2780.57	0	809104	0	10233229312	9367343104	602.0	26	4
2781.57	0	809104	0	10233028608	9367343104	637.1	26	4
2782.58	0	809548	0	10233221120	9367343104	620.8	26	4
2783.58	0	809695	0	10233925632	9367343104	632.8	26	4
2784.59	0	810303	0	10234335232	9367343104	647.0	26	4
2785.59	0	810303	0	10234417152	9367343104	664.4	26	4
2786.60	0	810749	0	10235301888	9367347200	659.0	26	4
2787.60	0	810897	0	10235072512	9367355392	622.4	26	4
2788.60	0	811507	0	10236198912	9367355392	632.7	26	4
2789.61	0	811507	0	10235629568	9367355392	631.9	26	4
2790.61	0	811952	0	10236243968	9367355392	629.8	26	4
2791.62	0	812100	0	10235940864	9367355392	639.1	26	4
2792.62	0	812708	0	10236784640	9367355392	640.3	26	4
2793.63	0	812708	0	10236579840	9367355392	645.4	26	4
2794.63	0	813168	0	10237812736	9367355392	642.1	26	4
2795.64	0	813316	0	10238017536	9367355392	623.7	26	4
2796.64	0	813908	0	10238590976	9367355392	643.4	26	4
2797.65	0	813908	0	10238595072	9367355392	606.0	26	4
2798.65	0	814351	0	10238734336	9367355392	635.2	26	4
2799.65	0	814499	0	10238849024	9367355392	604.6	26	4
2800.66	0	815106	0	10239942656	9367355392	657.9	26	4
2801.66	0	815106	0	10239516672	9367359488	631.1	26	4
2802.67	0	815402	0	10239741952	9367359488	593.1	26	4
2803.67	0	815615	0	10240196608	9367359488	650.4	26	4
2804.68	0	815697	0	10240098304	9367359488	610.9	26	4
2805.68	0	816305	0	10240901120	9367359488	634.9	26	4
2806.68	0	816305	0	10240458752	9367359488	595.3	26	4
2807.69	0	816749	0	10240995328	9367359488	629.4	26	4
2808.69	0	816897	0	10241572864	9367359488	668.7	26	4
2809.70	0	817508	0	10242101248	9367359488	664.4	26	4
2810.70	0	817508	0	10242248704	9367359488	604.0	26	4
2811.71	0	817952	0	10242387968	9367359488	638.9	26	4
2812.71	0	818100	0	10242555904	9367359488	641.5	26	4
2813.71	0	818709	0	10243772416	9367359488	656.0	26	4
2814.72	0	818709	0	10243686400	9367359488	625.5	26	4
2815.72	0	819153	0	10244382720	9367359488	581.8	26	4
2816.73	0	819284	0	10243764224	9367359488	647.1	26	4
2817.73	0	819891	0	10243989504	9367363584	610.0	26	4
2818.74	0	819891	0	10244063232	9367363584	620.7	26	4
2819.74	0	820352	0	10245193728	9367363584	673.7	26	4
2820.74	0	820500	0	10245124096	9367363584	612.7	26	4
2821.75	0	821092	0	10245595136	9367363584	655.1	26	4
2822.75	0	821092	0	10245255168	9367363584	628.6	26	4
2823.76	0	821568	0	10246070272	9367363584	637.8	26	4
2824.76	0	821700	0	10246782976	9367363584	632.5	26	4
2825.77	0	822308	0	10247573504	9367363584	651.6	26	4
2826.77	0	822308	0	10246692864	9367363584	603.4	26	4
2827.77	0	822768	0	10247102464	9367363584	621.3	26	4
2828.78	0	822899	0	10247675904	9367363584	630.4	26	4
2829.78	0	823525	0	10248417280	9367363584	649.1	26	4
2830.79	0	823525	0	10248335360	9367363584	619.2	26	4
2831.79	0	823986	0	10249154560	9367363584	640.3	26	4
2832.80	0	824134	0	10249142272	9367363584	703.7	26	4
2833.80	0	824744	0	10249920512	9367363584	631.8	26	4
2834.80	0	824744	0	10249662464	9367363584	625.5	26	4
2835.81	0	825219	0	10250530816	9367363584	589.5	26	4
2836.81	0	825351	0	10250387456	9367363584	655.1	26	4
2837.82	0	825959	0	10250747904	9367367680	677.8	26	4
2838.82	0	826419	0	10251083776	9367367680	640.4	26	4
2839.83	0	826419	0	10250887168	9367367680	609.8	26	4
2840.83	0	826764	0	10252361728	9367367680	652.6	26	4
2841.83	0	827158	0	10252353536	9367367680	612.3	26	4
2842.84	0	827388	0	10252038144	9367371776	621.6	26	4
2843.84	0	827634	0	10252537856	9367371776	597.1	26	4
2844.85	0	828373	0	10253475840	9367371776	678.6	26	4
2845.85	0	828373	0	10253586432	9367371776	620.5	26	4
2846.86	0	828849	0	10254020608	9367371776	690.1	26	4
2847.86	0	828997	0	10254753792	9367371776	650.1	26	4
2848.86	0	829587	0	10255142912	9367371776	601.9	26	4
2849.87	0	829587	0	10255040512	9367371776	683.0	26	4
2850.87	0	830049	0	10255269888	9367371776	721.3	26	4
2851.88	0	830180	0	10254815232	9367371776	633.1	26	4
2852.88	0	830773	0	10256015360	9367371776	627.0	26	4
2853.88	0	830773	0	10255794176	9367371776	628.8	26	4
2854.89	0	831235	0	10257408000	9367371776	700.4	26	4
2855.89	0	831366	0	10257489920	9367371776	659.3	26	4
2856.90	0	831958	0	10257457152	9367371776	611.4	26	4
2857.90	0	831958	0	10257260544	9367371776	603.5	26	4
2858.91	0	832434	0	10257829888	9367371776	650.5	26	4
2859.91	0	832549	0	10258001920	9367371776	638.4	26	4
2860.91	0	833156	0	10258599936	9367371776	708.2	26	4
2861.92	0	833156	0	10258501632	9367371776	620.1	26	4
2862.92	0	833616	0	10259030016	9367371776	624.5	26	4
2863.93	0	833616	0	10259218432	9367371776	602.4	26	4
2864.93	0	833764	0	10259083264	9367371776	664.7	26	4
2865.94	0	834355	0	10259623936	9367371776	640.4	26	4
2866.94	0	834355	0	10259533824	9367371776	599.9	26	4
2867.94	0	834799	0	10260533248	9367371776	636.6	26	4
2868.95	0	834947	0	10260520960	9367371776	655.0	26	4
2869.95	0	835539	0	10261159936	9367371776	639.9	26	4
2870.96	0	835539	0	10261139456	9367371776	726.9	26	4
2871.96	0	835983	0	10261348352	9367371776	632.7	26	4
2872.97	0	836131	0	10261479424	9367371776	609.7	26	4
2873.97	0	836725	0	10262552576	9367371776	653.6	26	4
2874.97	0	836725	0	10262601728	9367371776	618.7	26	4
2875.98	0	837171	0	10262249472	9367379968	668.9	26	4
2876.98	0	837303	0	10262958080	9367379968	610.0	26	4
2877.99	0	837912	0	10263887872	9367379968	666.5	26	4
2878.99	0	837912	0	10263932928	9367379968	643.5	26	4
2880.00	0	838373	0	10264199168	9367379968	628.6	26	4
2881.00	0	838504	0	10263875584	9367379968	613.4	26	4
2882.00	0	839096	0	10264899584	9367384064	704.1	26	4
2883.01	0	839492	0	10265374720	9367384064	685.7	26	4
2884.01	0	839557	0	10265133056	9367384064	602.2	26	4
2885.02	0	840264	0	10266595328	9367384064	634.4	26	4
2886.02	0	840297	0	10265329664	9367384064	648.2	26	4
2887.02	0	840297	0	10265526272	9367388160	627.1	26	4
2888.03	0	840758	0	10265812992	9367388160	659.1	26	4
2889.03	0	841481	0	10267160576	9367388160	647.8	26	4
2890.04	0	841481	0	10267373568	9367388160	608.1	26	4
2891.04	0	841481	0	10266660864	9367392256	640.0	26	4
2892.05	0	841942	0	10267426816	9367392256	715.9	26	4
2893.05	0	842074	0	10267979776	9367392256	635.7	26	4
2894.05	0	842683	0	10268594176	9367392256	617.0	26	4
2895.06	0	842765	0	10268954624	9367392256	676.4	26	4
2896.06	0	843259	0	10269233152	9367396352	696.4	26	4
2897.07	0	843869	0	10269868032	9367396352	635.9	26	4
2898.07	0	843869	0	10269900800	9367396352	631.6	26	4
2899.07	0	844329	0	10270531584	9367396352	682.5	26	4
2900.08	0	844477	0	10270179328	9367396352	632.3	26	4
2901.08	0	845085	0	10271490048	9367396352	638.7	26	4
2902.09	0	845085	0	10270982144	9367396352	608.5	26	4
2903.09	0	845249	0	10270769152	9367396352	616.2	26	4
2904.10	0	845528	0	10271285248	9367400448	647.9	26	4
2905.10	0	845758	0	10272034816	9367404544	658.3	26	4
2906.10	0	846267	0	10272190464	9367404544	600.8	26	4
2907.11	0	846267	0	10272411648	9367404544	655.5	26	4
2908.11	0	846727	0	10273042432	9367404544	628.6	26	4
2909.12	0	846875	0	10272628736	9367404544	589.5	26	4
2910.12	0	847466	0	10273546240	9367404544	661.2	26	4
2911.13	0	847466	0	10273075200	9367404544	670.4	26	4
2912.13	0	847909	0	10273218560	9367404544	641.4	26	4
2913.13	0	848057	0	10273959936	9367404544	562.8	26	4
2914.14	0	848666	0	10274205696	9367408640	598.5	26	4
2915.14	0	848666	0	10274926592	9367408640	614.1	26	4
2916.15	0	849110	0	10274979840	9367416832	651.9	26	4
2917.15	0	849259	0	10274951168	9367416832	594.5	26	4
2918.15	0	849852	0	10276089856	9367416832	596.4	26	4
2919.16	0	849852	0	10275721216	9367416832	661.4	26	4
2920.16	0	850313	0	10276462592	9367416832	629.9	26	4
2921.17	0	850723	0	10276605952	9367416832	612.5	26	4
2922.17	0	851052	0	10276728832	9367416832	678.9	26	4
2923.18	0	851512	0	10277208064	9367416832	588.5	26	4
2924.18	0	851643	0	10277560320	9367416832	614.1	26	4
2925.18	0	852251	0	10278866944	9367416832	648.3	26	4
2926.19	0	852251	0	10277801984	9367416832	624.6	26	4
2927.19	0	852694	0	10278461440	9367420928	610.6	26	4
2928.20	0	852842	0	10278309888	9367420928	628.0	26	4
2929.20	0	853449	0	10279538688	9367429120	645.0	26	4
2930.21	0	853449	0	10279698432	9367429120	647.0	26	4
2931.21	0	853893	0	10280034304	9367437312	671.1	26	4
2932.21	0	854040	0	10280566784	9367437312	649.3	26	4
2933.22	0	854632	0	10280898560	9367437312	636.1	26	4
2934.22	0	854632	0	10285056000	9371631616	641.1	22	4
2935.23	0	855223	0	7085109248	6176944128	526.1	17	4
2936.23	0	855223	0	7084277760	6176944128	399.8	17	4
