t_s	temp_kb	out_kb	converted_kb	mem_bytes	anon_bytes	cpu_pct	pids	fifos
0.00	0	0	0	6168576	319488	37.1	2	0
1.00	0	0	0	500584448	421896192	98.4	2	0
2.01	0	0	0	902664192	875307008	101.0	2	0
3.01	0	1	0	1338228736	1305063424	100.0	2	0
4.01	0	1	0	1732874240	1690181632	100.0	2	0
5.02	0	1	0	2123665408	2078703616	101.0	2	0
6.02	0	1	0	2535116800	2490695680	100.0	2	0
7.03	0	1	0	2758705152	2713927680	101.0	2	0
8.03	0	2	0	3936055296	3884617728	125.6	16	4
9.03	0	2	0	7539453952	7481438208	199.6	16	4
10.04	0	119	0	9347055616	9276088320	484.1	26	4
11.04	0	384	0	9354645504	9283092480	805.4	26	4
12.05	0	584	0	9359630336	9287577600	812.0	26	4
13.05	0	949	0	9367142400	9294503936	740.8	26	4
14.05	0	1164	0	9368379392	9296326656	600.5	26	4
15.06	0	1164	0	9371697152	9299820544	643.9	26	4
16.06	0	1181	0	9374466048	9302990848	615.8	26	4
17.07	0	1181	0	9381076992	9311371264	645.3	26	4
18.07	0	2306	0	9384521728	9313034240	609.2	26	4
19.08	0	2306	0	9391017984	9319116800	661.6	26	4
20.08	0	2323	0	9396809728	9325236224	621.3	26	4
21.08	0	2323	0	9398108160	9326804992	592.6	26	4
22.09	0	3448	0	9401622528	9328422912	682.4	26	4
23.09	0	3448	0	9401696256	9328582656	673.5	26	4
24.10	0	3465	0	9402306560	9328652288	677.9	26	4
25.10	0	3465	0	9402236928	9328754688	596.8	26	4
26.11	0	4541	0	9402331136	9328824320	624.3	26	4
27.11	0	4591	0	9402523648	9328939008	693.2	26	4
28.11	0	4624	0	9402777600	9329012736	679.0	26	4
29.12	0	4624	0	9402609664	9329086464	631.7	26	4
30.12	0	5767	0	9403891712	9329143808	665.5	26	4
31.13	0	5767	0	9403899904	9329229824	646.8	26	4
32.13	0	5783	0	9405001728	9329442816	658.8	26	4
33.14	0	5783	0	9405386752	9329520640	615.9	26	4
34.14	0	6911	0	9406861312	9329582080	651.0	26	4
35.14	0	6911	0	9406427136	9329627136	675.3	26	4
36.15	0	6944	0	9406263296	9329700864	655.6	26	4
37.15	0	6944	0	9406033920	9329762304	643.6	26	4
38.16	0	8070	0	9407213568	9329790976	648.8	26	4
39.16	0	8070	0	9407639552	9329860608	639.1	26	4
40.17	0	8103	0	9407823872	9329926144	621.6	26	4
41.17	0	8103	0	9407496192	9329963008	666.5	26	4
42.17	0	9226	0	9409556480	9330720768	635.9	26	4
43.18	0	9226	0	9409310720	9330810880	650.6	26	4
44.18	0	9242	0	9409904640	9330843648	667.0	26	4
45.19	0	9242	0	9409654784	9330880512	600.7	26	4
46.19	0	10380	0	9411264512	9330950144	644.5	26	4
47.19	0	10380	0	9411137536	9330999296	644.8	26	4
48.20	0	10397	0	9411223552	9331064832	609.1	26	4
49.20	0	10397	0	9410453504	9331089408	653.4	26	4
50.21	0	11536	0	9411764224	9331113984	654.5	26	4
51.21	0	11536	0	9411846144	9331130368	613.2	26	4
52.21	0	11569	0	9412792320	9331175424	612.7	26	4
53.22	0	11569	0	9412669440	9331216384	653.3	26	4
54.22	0	12709	0	9413648384	9331236864	668.4	26	4
55.23	0	12709	0	9413816320	9331273728	658.2	26	4
56.23	0	12725	0	9413869568	9331408896	667.1	26	4
57.24	0	12725	0	9413750784	9331462144	658.6	26	4
58.24	0	13863	0	9415364608	9331490816	629.5	26	4
59.24	0	13863	0	9416359936	9331597312	606.6	26	4
60.25	0	13896	0	9415790592	9331654656	605.4	26	4
61.25	0	13896	0	9416036352	9331695616	678.4	26	4
62.26	0	15018	0	9417441280	9331752960	692.2	26	4
63.26	0	15018	0	9417416704	9331781632	605.1	26	4
64.26	0	15051	0	9417678848	9331822592	653.3	26	4
65.27	0	15051	0	9417404416	9331843072	667.3	26	4
66.27	0	16173	0	9418944512	9331896320	640.1	26	4
67.28	0	16173	0	9418977280	9331933184	643.5	26	4
68.28	0	16206	0	9418661888	9331949568	618.8	26	4
69.29	0	16206	0	9418534912	9331990528	661.7	26	4
70.29	0	17316	0	9419112448	9332023296	704.3	26	4
71.29	0	17316	0	9419198464	9332039680	660.1	26	4
72.30	0	17332	0	9419476992	9332060160	589.9	26	4
73.30	0	17332	0	9419706368	9332084736	650.5	26	4
74.31	0	17859	0	9420398592	9332113408	645.2	26	4
75.31	0	18436	0	9420607488	9332146176	649.1	26	4
76.32	0	18469	0	9421479936	9332183040	705.4	26	4
77.32	0	18469	0	9421340672	9332191232	622.8	26	4
78.32	0	19162	0	9421533184	9332215808	635.2	26	4
79.33	0	19575	0	9422905344	9332228096	631.5	26	4
80.33	0	19591	0	9422045184	9332244480	634.5	26	4
81.34	0	19591	0	9422159872	9332256768	635.3	26	4
82.34	0	20614	0	9422848000	9332256768	672.7	26	4
83.34	0	20697	0	9423634432	9332277248	615.8	26	4
84.35	0	20713	0	9424101376	9332375552	714.2	26	4
85.35	0	20713	0	9423519744	9332387840	637.3	26	4
86.36	0	21820	0	9424658432	9332461568	626.9	26	4
87.36	0	21820	0	9424809984	9332473856	624.1	26	4
88.36	0	21837	0	9425006592	9332490240	652.5	26	4
89.37	0	21837	0	9424936960	9332494336	653.4	26	4
90.37	0	22976	0	9425653760	9332498432	611.3	26	4
91.38	0	22976	0	9425534976	9332514816	655.0	26	4
92.38	0	22993	0	9425776640	9332539392	657.6	26	4
93.39	0	22993	0	9425854464	9332559872	651.1	26	4
94.39	0	24129	0	9426538496	9332588544	685.7	26	4
95.39	0	24129	0	9426595840	9332592640	611.4	26	4
96.40	0	24146	0	9426276352	9332592640	610.6	26	4
97.40	0	24146	0	9426456576	9332617216	632.0	26	4
98.41	0	25284	0	9427361792	9332658176	646.9	26	4
99.41	0	25284	0	9427529728	9332662272	579.2	26	4
100.41	0	25317	0	9427877888	9332695040	670.9	26	4
101.42	0	25317	0	9428066304	9332744192	627.2	26	4
102.42	0	26456	0	9429381120	9332756480	683.5	26	4
103.43	0	26456	0	9428910080	9332764672	599.1	26	4
104.43	0	26473	0	9429504000	9332793344	646.6	26	4
105.44	0	26473	0	9429217280	9332801536	634.2	26	4
106.44	0	27613	0	9430671360	9332817920	613.0	26	4
107.44	0	27613	0	9431511040	9332834304	608.0	26	4
108.45	0	27613	0	9431158784	9332850688	641.3	26	4
109.45	0	27613	0	9431011328	9332854784	627.8	26	4
110.46	0	28752	0	9431568384	9332862976	637.4	26	4
111.46	0	28752	0	9431777280	9332916224	631.2	26	4
112.47	0	28769	0	9431527424	9332948992	643.6	26	4
113.47	0	28769	0	9431699456	9332965376	592.3	26	4
114.47	0	29891	0	9434030080	9332998144	700.2	26	4
115.48	0	29891	0	9432608768	9333006336	657.4	26	4
116.48	0	29908	0	9432989696	9333047296	605.5	26	4
117.49	0	29908	0	9432793088	9333059584	618.7	26	4
118.49	0	31046	0	9434390528	9333084160	731.1	26	4
119.49	0	31046	0	9434365952	9333088256	648.9	26	4
120.50	0	31046	0	9434296320	9333108736	580.9	26	4
121.50	0	31063	0	9434378240	9333125120	663.8	26	4
122.51	0	31063	0	9434087424	9333153792	619.2	26	4
123.51	0	32186	0	9435348992	9333178368	630.4	26	4
124.52	0	32186	0	9435250688	9333260288	664.3	26	4
125.52	0	32202	0	9435189248	9333276672	647.3	26	4
126.52	0	32202	0	9435602944	9333284864	621.4	26	4
127.53	0	33327	0	9437192192	9333305344	653.3	26	4
128.53	0	33327	0	9436753920	9333309440	604.3	26	4
129.54	0	33344	0	9437618176	9333342208	676.1	26	4
130.54	0	33344	0	9436540928	9333346304	626.1	26	4
131.54	0	34483	0	9437859840	9333354496	659.1	26	4
132.55	0	34483	0	9437855744	9333358592	641.8	26	4
133.55	0	34515	0	9437736960	9333379072	609.9	26	4
134.56	0	34515	0	9438068736	9333387264	633.0	26	4
135.56	0	35637	0	9439268864	9333407744	665.2	26	4
136.57	0	35637	0	9439641600	9333411840	616.3	26	4
137.57	0	35654	0	9439432704	9333411840	604.0	26	4
138.57	0	35654	0	9439109120	9333448704	625.1	26	4
139.58	0	36793	0	9440305152	9335488512	658.3	26	4
140.58	0	36793	0	9439719424	9335492608	631.8	26	4
141.59	0	36809	0	9440333824	9335500800	637.4	26	4
142.59	0	36809	0	9440038912	9335504896	599.4	26	4
143.59	0	37950	0	9441161216	9335504896	624.9	26	4
144.60	0	37950	0	9441480704	9335513088	674.8	26	4
145.60	0	37983	0	9441460224	9335541760	653.6	26	4
146.61	0	37983	0	9440911360	9335549952	593.4	26	4
147.61	0	39125	0	9442729984	9335554048	621.1	26	4
148.61	0	39125	0	9442988032	9335562240	653.2	26	4
149.62	0	39142	0	9443168256	9335582720	610.9	26	4
150.62	0	39142	0	9442328576	9335586816	635.9	26	4
151.63	0	40314	0	9443454976	9335590912	646.8	26	4
152.63	0	40314	0	9443975168	9335615488	660.9	26	4
153.64	0	40330	0	9443758080	9335623680	677.1	26	4
154.64	0	40330	0	9443549184	9335635968	641.5	26	4
155.64	0	41484	0	9444737024	9335635968	645.4	26	4
156.65	0	41484	0	9445171200	9335656448	583.1	26	4
157.65	0	41501	0	9445380096	9335668736	577.7	26	4
158.66	0	41501	0	9444851712	9335685120	664.7	26	4
159.66	0	42673	0	9447034880	9335726080	684.7	26	4
160.66	0	42673	0	9445888000	9335730176	606.6	26	4
161.67	0	42689	0	9446391808	9335734272	623.8	26	4
162.67	0	42689	0	9447317504	9335746560	656.4	26	4
163.68	0	43846	0	9447931904	9335767040	684.6	26	4
164.68	0	43846	0	9447837696	9335783424	639.6	26	4
165.68	0	43862	0	9447546880	9335795712	669.8	26	4
166.69	0	43862	0	9448009728	9335808000	610.3	26	4
167.69	0	45001	0	9449095168	9335812096	660.1	26	4
168.70	0	45001	0	9448996864	9335836672	684.5	26	4
169.70	0	45034	0	9449869312	9335869440	619.8	26	4
170.71	0	45034	0	9448321024	9335889920	617.3	26	4
171.71	0	45479	0	9450020864	9335910400	667.7	26	4
172.71	0	46188	0	9450020864	9335922688	673.1	26	4
173.72	0	46188	0	9449754624	9335930880	663.2	26	4
174.72	0	46205	0	9450311680	9335947264	644.7	26	4
175.73	0	46205	0	9449377792	9335959552	642.9	26	4
176.73	0	47359	0	9451040768	9335967744	688.4	26	4
177.73	0	47359	0	9451462656	9335971840	724.3	26	4
178.74	0	47375	0	9451573248	9335992320	651.5	26	4
179.74	0	47375	0	9451110400	9336020992	623.1	26	4
180.75	0	48530	0	9452507136	9336041472	641.2	26	4
181.75	0	48530	0	9453035520	9336057856	627.4	26	4
182.76	0	48547	0	9453023232	9336078336	655.6	26	4
183.76	0	48547	0	9452683264	9336082432	624.2	26	4
184.76	0	49689	0	9453961216	9336090624	653.6	26	4
185.77	0	49689	0	9453969408	9336090624	645.1	26	4
186.77	0	49689	0	9453522944	9336102912	626.9	26	4
187.78	0	49689	0	9453473792	9336102912	614.9	26	4
188.78	0	50827	0	9455075328	9336107008	664.8	26	4
189.78	0	50827	0	9455206400	9336115200	692.2	26	4
190.79	0	50843	0	9454637056	9336119296	620.4	26	4
191.79	0	50843	0	9454891008	9336143872	672.6	26	4
192.80	0	51982	0	9456431104	9336160256	609.6	26	4
193.80	0	51982	0	9456365568	9336164352	661.8	26	4
194.81	0	51998	0	9456480256	9336184832	604.3	26	4
195.81	0	51998	0	9456664576	9336184832	610.3	26	4
196.81	0	52592	0	9456975872	9336205312	669.0	26	4
197.82	0	53121	0	9457643520	9336225792	649.8	26	4
198.82	0	53137	0	9457557504	9336225792	618.6	26	4
199.83	0	53137	0	9457307648	9336229888	636.0	26	4
200.83	0	53203	0	9456885760	9336246272	624.1	26	4
201.83	0	54277	0	9458950144	9336250368	697.0	26	4
202.84	0	54277	0	9459736576	9336262656	621.4	26	4
203.84	0	54294	0	9459195904	9336270848	592.1	26	4
204.85	0	54294	0	9459208192	9336270848	669.3	26	4
205.85	0	55435	0	9460097024	9336283136	633.2	26	4
206.86	0	55451	0	9459634176	9336287232	667.9	26	4
207.86	0	55451	0	9459650560	9336299520	630.8	26	4
208.86	0	55550	0	9460158464	9336320000	666.3	26	4
209.87	0	56606	0	9461743616	9336328192	620.3	26	4
210.87	0	56606	0	9461997568	9336344576	630.5	26	4
211.88	0	56622	0	9462509568	9336352768	689.3	26	4
212.88	0	56622	0	9462624256	9336377344	608.0	26	4
213.88	0	57777	0	9462902784	9336381440	674.6	26	4
214.89	0	57777	0	9462833152	9336406016	593.1	26	4
215.89	0	57794	0	9462673408	9336406016	615.8	26	4
216.90	0	58009	0	9463623680	9336426496	678.6	26	4
217.90	0	58949	0	9463840768	9336430592	699.7	26	4
218.91	0	58949	0	9463566336	9336438784	627.3	26	4
219.91	0	58949	0	9464102912	9336438784	608.2	26	4
220.91	0	58949	0	9463242752	9336446976	637.9	26	4
221.92	0	60089	0	9464754176	9336455168	694.3	26	4
222.92	0	60089	0	9464508416	9336455168	611.7	26	4
223.93	0	60106	0	9464991744	9336455168	661.6	26	4
224.93	0	60106	0	9464918016	9336463360	614.6	26	4
225.93	0	61230	0	9466683392	9336479744	724.0	26	4
226.94	0	61230	0	9466560512	9336479744	641.1	26	4
227.94	0	61247	0	9466392576	9336483840	638.3	26	4
228.95	0	61247	0	9466331136	9336483840	653.9	26	4
229.95	0	62385	0	9467322368	9336487936	703.1	26	4
230.96	0	62385	0	9467215872	9336487936	619.8	26	4
231.96	0	62402	0	9468076032	9338523648	631.7	26	4
232.96	0	62402	0	9466998784	9338523648	598.8	26	4
233.97	0	63541	0	9469263872	9338523648	671.1	26	4
234.97	0	63541	0	9468530688	9338527744	634.5	26	4
235.98	0	63557	0	9468264448	9338548224	661.4	26	4
236.98	0	63557	0	9467424768	9338556416	670.8	26	4
237.99	0	64662	0	9468780544	9338556416	617.0	26	4
238.99	0	64662	0	9469198336	9338556416	619.0	26	4
239.99	0	64679	0	9469190144	9338556416	673.2	26	4
241.00	0	64679	0	9469423616	9338564608	733.5	26	4
242.00	0	65737	0	9471160320	9338572800	623.4	26	4
243.01	0	65820	0	9471188992	9338580992	603.0	26	4
244.01	0	65820	0	9471434752	9338580992	610.5	26	4
245.01	0	65836	0	9471819776	9338634240	661.9	26	4
246.02	0	65836	0	9471705088	9338638336	618.9	26	4
247.02	0	66993	0	9473126400	9338642432	624.2	26	4
248.03	0	66993	0	9472708608	9338642432	673.9	26	4
249.03	0	67025	0	9472651264	9338642432	633.7	26	4
250.04	0	67025	0	9472237568	9338642432	670.3	26	4
251.04	0	68164	0	9473581056	9338646528	631.1	26	4
252.04	0	68164	0	9473974272	9338662912	611.0	26	4
253.05	0	68180	0	9473978368	9338683392	599.8	26	4
254.05	0	68180	0	9474093056	9338683392	621.6	26	4
255.06	0	69335	0	9475313664	9338687488	693.2	26	4
256.06	0	69335	0	9474985984	9338703872	610.7	26	4
257.07	0	69351	0	9475039232	9338712064	655.7	26	4
258.07	0	69351	0	9474981888	9338716160	637.7	26	4
259.07	0	70489	0	9476300800	9338720256	676.7	26	4
260.08	0	70489	0	9476296704	9338720256	642.4	26	4
261.08	0	70505	0	9476280320	9338720256	653.6	26	4
262.09	0	70505	0	9475977216	9338740736	615.7	26	4
263.09	0	71664	0	9477300224	9338740736	614.5	26	4
264.09	0	71664	0	9477357568	9338744832	642.4	26	4
265.10	0	71680	0	9477832704	9338765312	665.3	26	4
266.10	0	71680	0	9477480448	9338765312	604.9	26	4
267.11	0	72837	0	9478434816	9338777600	677.9	26	4
268.11	0	72837	0	9479081984	9338789888	598.6	26	4
269.11	0	72853	0	9479098368	9338789888	626.9	26	4
270.12	0	72853	0	9478758400	9338798080	640.7	26	4
271.12	0	74026	0	9480167424	9338798080	642.0	26	4
272.13	0	74026	0	9479995392	9338802176	672.4	26	4
273.13	0	74042	0	9480245248	9338802176	598.4	26	4
274.14	0	74042	0	9479716864	9338818560	616.9	26	4
275.14	0	75213	0	9481142272	9338822656	640.9	26	4
276.14	0	75213	0	9480863744	9338822656	610.4	26	4
277.15	0	75230	0	9481039872	9338834944	644.4	26	4
278.15	0	75230	0	9481822208	9338851328	664.7	26	4
279.16	0	76386	0	9482866688	9338867712	687.8	26	4
280.16	0	76386	0	9482543104	9338867712	592.3	26	4
281.17	0	76402	0	9482219520	9338867712	645.1	26	4
282.17	0	76402	0	9482219520	9338871808	638.3	26	4
283.17	0	76485	0	9482014720	9338884096	624.5	26	4
284.18	0	77545	0	9481703424	9338900480	676.7	26	4
285.18	0	77545	0	9481809920	9338900480	652.3	26	4
286.19	0	77562	0	9481814016	9338900480	649.0	26	4
287.19	0	77562	0	9481347072	9338904576	629.4	26	4
288.20	0	78699	0	9483206656	9338904576	655.1	26	4
289.20	0	78699	0	9483239424	9338904576	622.3	26	4
290.20	0	78716	0	9483800576	9338904576	598.9	26	4
291.21	0	78716	0	9483780096	9338912768	639.0	26	4
292.21	0	79789	0	9485602816	9338916864	670.0	26	4
293.22	0	79855	0	9485766656	9338920960	641.4	26	4
294.22	0	79855	0	9485381632	9338920960	632.1	26	4
295.23	0	79855	0	9485393920	9338920960	613.5	26	4
296.23	0	80927	0	9486700544	9338925056	638.6	26	4
297.23	0	81026	0	9486450688	9338929152	658.9	26	4
298.24	0	81026	0	9486344192	9338929152	678.0	26	4
299.24	0	81026	0	9485750272	9338929152	656.8	26	4
300.25	0	82200	0	9488228352	9338937344	698.2	26	4
301.25	0	82200	0	9487355904	9338945536	674.1	26	4
302.25	0	82200	0	9487872000	9338949632	684.4	26	4
303.26	0	82200	0	9488117760	9338974208	624.6	26	4
304.26	0	82298	0	9489248256	9338986496	658.6	26	4
305.27	0	83357	0	9490534400	9339006976	634.2	26	4
306.27	0	83357	0	9490550784	9339080704	650.5	26	4
307.27	0	83357	0	9490194432	9339088896	647.7	26	4
308.28	0	83357	0	9489731584	9339211776	655.3	26	4
309.28	0	84528	0	9490788352	9339224064	684.0	26	4
310.29	0	84528	0	9490653184	9339224064	634.9	26	4
311.29	0	84528	0	9491349504	9339232256	649.3	26	4
312.30	0	84528	0	9491075072	9339244544	603.5	26	4
313.30	0	85695	0	9491992576	9339248640	644.2	26	4
314.30	0	85695	0	9492770816	9339252736	645.8	26	4
315.31	0	85695	0	9492905984	9339281408	718.7	26	4
316.31	0	85695	0	9492701184	9339285504	618.1	26	4
317.32	0	86862	0	9493852160	9339285504	622.4	26	4
318.32	0	86862	0	9493442560	9339314176	576.0	26	4
319.32	0	86862	0	9493909504	9339330560	623.5	26	4
320.33	0	86862	0	9493475328	9339346944	642.6	26	4
321.33	0	88031	0	9495199744	9339346944	654.4	26	4
322.34	0	88031	0	9495207936	9339367424	644.3	26	4
323.34	0	88031	0	9494732800	9339367424	667.7	26	4
324.34	0	88031	0	9494560768	9341399040	612.7	26	4
325.35	0	89201	0	9496887296	9341415424	668.8	26	4
326.35	0	89201	0	9496825856	9341435904	626.2	26	4
327.36	0	89201	0	9496514560	9341440000	634.4	26	4
328.36	0	89201	0	9496080384	9341456384	601.1	26	4
329.37	0	89481	0	9496780800	9341456384	623.0	26	4
330.37	0	90369	0	9497456640	9341464576	692.6	26	4
331.37	0	90369	0	9497882624	9341472768	637.5	26	4
332.38	0	90369	0	9498079232	9341476864	583.1	26	4
333.38	0	90369	0	9497464832	9341480960	643.1	26	4
334.39	0	91520	0	9497849856	9341485056	615.7	26	4
335.39	0	91520	0	9498468352	9341530112	651.2	26	4
336.39	0	91520	0	9498374144	9341530112	656.3	26	4
337.40	0	91520	0	9498439680	9341530112	649.8	26	4
338.40	0	92703	0	9499316224	9341538304	610.7	26	4
339.41	0	92703	0	9499635712	9341542400	614.3	26	4
340.41	0	92703	0	9499328512	9341542400	704.5	26	4
341.41	0	92999	0	9499713536	9341546496	622.7	26	4
342.42	0	93891	0	9500442624	9341558784	624.7	26	4
343.42	0	93891	0	9500725248	9341571072	662.0	26	4
344.43	0	93891	0	9500958720	9341571072	680.0	26	4
345.43	0	94862	0	9501904896	9341579264	643.0	26	4
346.44	0	95043	0	9502466048	9341583360	609.7	26	4
347.44	0	95043	0	9502834688	9341595648	662.1	26	4
348.44	0	95043	0	9502892032	9341624320	657.2	26	4
349.45	0	96212	0	9504358400	9341628416	647.2	26	4
350.45	0	96212	0	9503330304	9341652992	622.3	26	4
351.46	0	96212	0	9503264768	9341652992	603.2	26	4
352.46	0	96212	0	9503387648	9341652992	611.4	26	4
353.46	0	96574	0	9503879168	9341652992	654.6	26	4
354.47	0	97381	0	9504448512	9341652992	704.3	26	4
355.47	0	97381	0	9504354304	9341665280	614.2	26	4
356.48	0	97381	0	9504055296	9341673472	662.7	26	4
357.48	0	98301	0	9506140160	9341673472	675.8	26	4
358.48	0	98548	0	9505595392	9341677568	702.4	26	4
359.49	0	98548	0	9505570816	9341677568	610.8	26	4
360.49	0	98548	0	9505427456	9341681664	659.4	26	4
361.50	0	99586	0	9506381824	9341726720	676.8	26	4
362.50	0	99685	0	9506529280	9341726720	610.0	26	4
363.51	0	99685	0	9506480128	9341730816	665.0	26	4
364.51	0	99685	0	9506799616	9341751296	639.4	26	4
365.51	0	99932	0	9507266560	9341751296	630.5	26	4
366.52	0	100836	0	9508429824	9341779968	662.1	26	4
367.52	0	100836	0	9508302848	9341779968	676.6	26	4
368.53	0	100836	0	9507950592	9341779968	635.2	26	4
369.53	0	100836	0	9507815424	9341779968	651.3	26	4
370.53	0	101954	0	9509167104	9341796352	650.5	26	4
371.54	0	101954	0	9509384192	9341796352	640.6	26	4
372.54	0	101971	0	9509507072	9341808640	632.1	26	4
373.55	0	101971	0	9509683200	9341825024	621.4	26	4
374.55	0	103088	0	9511280640	9341829120	639.6	26	4
375.56	0	103088	0	9511235584	9341837312	616.0	26	4
376.56	0	103088	0	9510563840	9341837312	612.8	26	4
377.56	0	103088	0	9510809600	9341837312	610.0	26	4
378.57	0	104207	0	9512394752	9341837312	681.2	26	4
379.57	0	104207	0	9511919616	9341837312	635.4	26	4
380.58	0	104207	0	9511428096	9341841408	602.9	26	4
381.58	0	104207	0	9511723008	9341849600	598.5	26	4
382.58	0	104273	0	9512177664	9341853696	641.4	26	4
383.59	0	105344	0	9513029632	9341853696	678.4	26	4
384.59	0	105344	0	9513377792	9341865984	578.7	26	4
385.60	0	105344	0	9513025536	9341870080	592.9	26	4
386.60	0	105344	0	9512701952	9341870080	653.0	26	4
387.60	0	106478	0	9514274816	9341870080	679.7	26	4
388.61	0	106478	0	9513975808	9341878272	628.0	26	4
389.61	0	106478	0	9513951232	9341911040	616.1	26	4
390.62	0	106478	0	9514196992	9341911040	646.9	26	4
391.62	0	107595	0	9514770432	9341911040	649.4	26	4
392.63	0	107595	0	9514647552	9341911040	620.3	26	4
393.63	0	107595	0	9515462656	9341919232	580.0	26	4
394.63	0	107595	0	9515646976	9341923328	649.8	26	4
395.64	0	108713	0	9516486656	9341923328	653.9	26	4
396.64	0	108713	0	9516605440	9341923328	598.1	26	4
397.65	0	108713	0	9516933120	9341927424	634.7	26	4
398.65	0	108713	0	9517031424	9341931520	634.5	26	4
399.65	0	108960	0	9517461504	9341931520	605.0	26	4
400.66	0	109848	0	9517166592	9341943808	655.4	26	4
401.66	0	109848	0	9517297664	9341943808	629.3	26	4
402.67	0	109848	0	9517330432	9341943808	598.5	26	4
403.67	0	109848	0	9517187072	9341952000	616.9	26	4
404.68	0	110997	0	9518886912	9341964288	602.5	26	4
405.68	0	110997	0	9518706688	9343995904	637.3	26	4
406.68	0	110997	0	9519280128	9343995904	627.6	26	4
407.69	0	110997	0	9519247360	9343995904	663.8	26	4
408.69	0	112145	0	9520148480	9343995904	623.3	26	4
409.70	0	112145	0	9520037888	9344000000	662.3	26	4
410.70	0	112162	0	9519673344	9344000000	632.2	26	4
411.70	0	112162	0	9519869952	9344004096	633.6	26	4
412.71	0	113310	0	9521504256	9344004096	639.6	26	4
413.71	0	113310	0	9521569792	9344008192	605.7	26	4
414.72	0	113310	0	9521639424	9344012288	623.3	26	4
415.72	0	113310	0	9521364992	9344016384	677.6	26	4
416.72	0	113999	0	9522360320	9344020480	638.4	26	4
417.73	0	114476	0	9522618368	9344036864	599.8	26	4
418.73	0	114476	0	9522880512	9344036864	628.2	26	4
419.74	0	114476	0	9522667520	9344036864	619.4	26	4
420.74	0	114476	0	9522753536	9344040960	673.7	26	4
421.75	0	115648	0	9522606080	9344040960	652.0	26	4
422.75	0	115648	0	9522376704	9344040960	603.9	26	4
423.75	0	115648	0	9523077120	9344049152	615.6	26	4
424.76	0	115648	0	9522769920	9344053248	617.7	26	4
425.76	0	116815	0	9524854784	9344065536	653.4	26	4
426.77	0	116815	0	9524969472	9344065536	625.3	26	4
427.77	0	116815	0	9525039104	9344065536	642.2	26	4
428.77	0	116815	0	9524834304	9344065536	619.3	26	4
429.78	0	117982	0	9526091776	9344065536	662.5	26	4
430.78	0	117982	0	9525108736	9344069632	619.9	26	4
431.79	0	117982	0	9525215232	9344073728	609.6	26	4
432.79	0	117982	0	9525399552	9344073728	644.0	26	4
433.79	0	118345	0	9526132736	9344102400	587.3	26	4
434.80	0	119151	0	9527365632	9344106496	651.0	26	4
435.80	0	119167	0	9527414784	9344106496	636.0	26	4
436.81	0	119167	0	9527685120	9344135168	649.2	26	4
437.81	0	119282	0	9527779328	9344135168	607.5	26	4
438.82	0	120321	0	9528680448	9344163840	646.9	26	4
439.82	0	120321	0	9528266752	9344167936	606.0	26	4
440.82	0	120321	0	9527648256	9344176128	630.0	26	4
441.83	0	120420	0	9528463360	9344176128	609.2	26	4
442.83	0	121475	0	9530236928	9344184320	651.2	26	4
443.84	0	121492	0	9529491456	9344188416	645.7	26	4
444.84	0	121492	0	9529868288	9344188416	673.3	26	4
445.85	0	122182	0	9530986496	9344192512	583.7	26	4
446.85	0	122626	0	9530966016	9344192512	638.7	26	4
447.85	0	122642	0	9531564032	9344192512	683.4	26	4
448.86	0	122642	0	9531023360	9344192512	630.3	26	4
449.86	0	123794	0	9532006400	9344192512	679.6	26	4
450.87	0	123794	0	9531461632	9344192512	634.6	26	4
451.87	0	123811	0	9532121088	9344192512	636.7	26	4
452.87	0	123811	0	9531576320	9344192512	612.1	26	4
453.88	0	124946	0	9532440576	9344192512	672.7	26	4
454.88	0	124946	0	9532669952	9344200704	696.6	26	4
455.89	0	124962	0	9533227008	9344200704	626.0	26	4
456.89	0	124962	0	9533128704	9344200704	595.4	26	4
457.90	0	126100	0	9534681088	9344200704	701.0	26	4
458.90	0	126100	0	9534423040	9344204800	640.9	26	4
459.90	0	126116	0	9534603264	9344217088	623.5	26	4
460.91	0	126116	0	9533661184	9344217088	611.5	26	4
461.91	0	127251	0	9535270912	9344221184	606.4	26	4
462.92	0	127251	0	9536065536	9344221184	615.3	26	4
463.92	0	127251	0	9535860736	9344221184	594.5	26	4
464.93	0	127268	0	9535827968	9344221184	651.1	26	4
465.93	0	127580	0	9536151552	9344237568	681.9	26	4
466.93	0	128420	0	9536643072	9344241664	615.2	26	4
467.94	0	128436	0	9536606208	9344262144	599.1	26	4
468.94	0	128436	0	9536425984	9344262144	609.0	26	4
469.95	0	128436	0	9536311296	9344262144	570.5	26	4
470.95	0	129571	0	9537593344	9344270336	690.3	26	4
471.95	0	129604	0	9537871872	9344270336	668.4	26	4
472.96	0	129604	0	9537773568	9344274432	585.7	26	4
473.96	0	129604	0	9537925120	9344274432	663.4	26	4
474.97	0	130740	0	9538916352	9344282624	633.5	26	4
475.97	0	130740	0	9538891776	9344282624	611.7	26	4
476.98	0	130773	0	9538686976	9344282624	671.5	26	4
477.98	0	130773	0	9538592768	9344282624	679.5	26	4
478.98	0	131894	0	9540014080	9344303104	648.0	26	4
479.99	0	131894	0	9540210688	9344303104	597.0	26	4
480.99	0	131927	0	9540173824	9344303104	610.4	26	4
482.00	0	131927	0	9540276224	9344315392	661.0	26	4
483.00	0	133029	0	9541480448	9344319488	668.6	26	4
484.01	0	133029	0	9541476352	9344323584	630.6	26	4
485.01	0	133062	0	9540243456	9344323584	637.0	26	4
486.01	0	133062	0	9540624384	9344323584	641.0	26	4
487.02	0	134197	0	9542643712	9344761856	673.9	26	4
488.02	0	134197	0	9542524928	9346793472	609.5	26	4
489.03	0	134213	0	9542750208	9346797568	695.1	26	4
490.03	0	134361	0	9542717440	9346797568	628.0	26	4
491.03	0	135348	0	9544257536	9346797568	629.2	26	4
492.04	0	135381	0	9543991296	9346801664	702.3	26	4
493.04	0	135381	0	9544028160	9346801664	632.4	26	4
494.05	0	135496	0	9544675328	9346805760	647.3	26	4
495.05	0	136516	0	9545314304	9346805760	693.7	26	4
496.06	0	136550	0	9545969664	9346805760	662.9	26	4
497.06	0	136550	0	9546031104	9346813952	664.7	26	4
498.06	0	136550	0	9544491008	9346813952	601.6	26	4
499.07	0	137654	0	9546014720	9346818048	656.5	26	4
500.07	0	137654	0	9545805824	9346818048	620.8	26	4
501.08	0	137687	0	9546211328	9346818048	664.6	26	4
502.08	0	138081	0	9546481664	9346818048	646.9	26	4
503.08	0	138805	0	9547128832	9346818048	680.8	26	4
504.09	0	138838	0	9547497472	9346818048	693.6	26	4
505.09	0	138838	0	9547141120	9346818048	674.3	26	4
506.10	0	139249	0	9546846208	9346818048	637.0	26	4
507.10	0	139956	0	9547284480	9346818048	641.0	26	4
508.10	0	139956	0	9547714560	9346818048	613.7	26	4
509.11	0	139989	0	9547997184	9346822144	652.7	26	4
510.11	0	139989	0	9547636736	9346822144	670.1	26	4
511.12	0	141108	0	9549012992	9346822144	661.3	26	4
512.12	0	141108	0	9549291520	9346822144	625.5	26	4
513.13	0	141157	0	9549844480	9346822144	622.9	26	4
514.13	0	141157	0	9549168640	9346822144	607.5	26	4
515.13	0	142262	0	9550299136	9346826240	645.8	26	4
516.14	0	142262	0	9550262272	9346826240	697.5	26	4
517.14	0	142295	0	9550266368	9346826240	650.0	26	4
518.15	0	142295	0	9550241792	9346826240	713.0	26	4
519.15	0	143415	0	9551343616	9346826240	639.9	26	4
520.15	0	143415	0	9551687680	9346826240	641.3	26	4
521.16	0	143448	0	9551765504	9346826240	626.2	26	4
522.16	0	143448	0	9551912960	9346826240	629.8	26	4
523.17	0	144565	0	9552191488	9346826240	667.6	26	4
524.17	0	144565	0	9552625664	9346826240	688.0	26	4
525.17	0	144598	0	9552596992	9346826240	678.2	26	4
526.18	0	144598	0	9552723968	9346826240	586.9	26	4
527.18	0	145701	0	9554104320	9346826240	624.0	26	4
528.19	0	145701	0	9554411520	9346838528	657.7	26	4
529.19	0	145734	0	9554628608	9346842624	651.4	26	4
530.20	0	145734	0	9553141760	9346842624	637.4	26	4
531.20	0	146869	0	9554522112	9346842624	671.5	26	4
532.20	0	146869	0	9554735104	9346846720	667.2	26	4
533.21	0	146902	0	9554923520	9346850816	616.4	26	4
534.21	0	146902	0	9554759680	9346854912	622.8	26	4
535.22	0	148024	0	9556205568	9346859008	713.9	26	4
536.22	0	148024	0	9556062208	9346859008	664.5	26	4
537.22	0	148073	0	9555902464	9346863104	578.3	26	4
538.23	0	148073	0	9556103168	9346867200	628.2	26	4
539.23	0	149192	0	9557368832	9346867200	622.6	26	4
540.24	0	149192	0	9557426176	9346867200	617.6	26	4
541.24	0	149241	0	9557172224	9346867200	595.8	26	4
542.24	0	149241	0	9557606400	9346867200	652.5	26	4
543.25	0	150360	0	9558757376	9346871296	655.5	26	4
544.25	0	150360	0	9558683648	9346871296	611.0	26	4
545.26	0	150409	0	9558917120	9346871296	690.6	26	4
546.26	0	150409	0	9558515712	9346871296	611.1	26	4
547.27	0	151528	0	9560076288	9346875392	637.3	26	4
548.27	0	151528	0	9559785472	9346879488	658.1	26	4
549.27	0	151578	0	9559699456	9346879488	662.1	26	4
550.28	0	151578	0	9559564288	9346879488	582.9	26	4
551.28	0	152680	0	9560944640	9346887680	684.6	26	4
552.29	0	152680	0	9561341952	9346887680	681.1	26	4
553.29	0	152729	0	9561579520	9346887680	609.4	26	4
554.29	0	152729	0	9561309184	9346887680	630.7	26	4
555.30	0	153850	0	9562664960	9346887680	677.6	26	4
556.30	0	153850	0	9563029504	9346895872	601.7	26	4
557.31	0	153899	0	9563062272	9346899968	631.4	26	4
558.31	0	153899	0	9562218496	9346899968	668.6	26	4
559.32	0	155000	0	9563856896	9346912256	628.8	26	4
560.32	0	155049	0	9563557888	9346932736	643.2	26	4
561.32	0	155049	0	9563590656	9346936832	593.1	26	4
562.33	0	155049	0	9563627520	9346936832	631.2	26	4
563.33	0	156166	0	9564508160	9346936832	675.1	26	4
564.34	0	156215	0	9565147136	9346936832	643.8	26	4
565.34	0	156215	0	9564942336	9346936832	669.9	26	4
566.34	0	157333	0	9565995008	9346936832	641.8	26	4
567.35	0	157333	0	9565577216	9346940928	689.2	26	4
568.35	0	157381	0	9565929472	9346940928	663.3	26	4
569.36	0	157381	0	9565974528	9348988928	662.6	26	4
570.36	0	158499	0	9567657984	9348997120	687.2	26	4
571.36	0	158499	0	9567731712	9348997120	643.5	26	4
572.37	0	158565	0	9567641600	9348997120	613.2	26	4
573.37	0	158565	0	9567408128	9348997120	689.0	26	4
574.38	0	159670	0	9568014336	9348997120	643.7	26	4
575.38	0	159719	0	9568358400	9348997120	676.9	26	4
576.39	0	159719	0	9568616448	9348997120	634.8	26	4
577.39	0	159719	0	9568407552	9348997120	654.5	26	4
578.39	0	160855	0	9569046528	9349001216	746.6	26	4
579.40	0	160904	0	9569976320	9349001216	643.0	26	4
580.40	0	160904	0	9569665024	9349005312	630.8	26	4
581.41	0	161347	0	9570271232	9349009408	653.4	26	4
582.41	0	162005	0	9571176448	9349009408	696.2	26	4
583.42	0	162071	0	9569505280	9349009408	611.4	26	4
584.42	0	162071	0	9569468416	9349009408	684.0	26	4
585.42	0	162532	0	9571753984	9349009408	735.8	26	4
586.43	0	163172	0	9570463744	9349009408	676.0	26	4
587.43	0	163238	0	9570799616	9349009408	667.7	26	4
588.44	0	163238	0	9570889728	9349046272	654.4	26	4
589.44	0	164324	0	9572581376	9349050368	733.9	26	4
590.45	0	164324	0	9572151296	9349050368	635.6	26	4
591.45	0	164390	0	9572884480	9349050368	617.4	26	4
592.45	0	164390	0	9572335616	9349050368	603.2	26	4
593.46	0	165479	0	9573588992	9349058560	668.6	26	4
594.46	0	165479	0	9573720064	9349058560	622.7	26	4
595.47	0	165528	0	9574068224	9349070848	666.6	26	4
596.47	0	165528	0	9574260736	9349070848	623.7	26	4
597.48	0	166630	0	9575772160	9349070848	629.9	26	4
598.48	0	166630	0	9575120896	9349070848	689.3	26	4
599.48	0	166679	0	9575866368	9349103616	618.3	26	4
600.49	0	166679	0	9575436288	9349103616	615.2	26	4
601.49	0	167766	0	9576902656	9349111808	686.5	26	4
602.50	0	167766	0	9577271296	9349115904	695.5	26	4
603.50	0	167832	0	9577041920	9349124096	592.3	26	4
604.51	0	167832	0	9577680896	9349124096	635.7	26	4
605.51	0	168934	0	9578897408	9349124096	708.2	26	4
606.51	0	168934	0	9578442752	9349128192	647.0	26	4
607.52	0	168983	0	9578053632	9349136384	604.6	26	4
608.52	0	168983	0	9577086976	9349140480	615.3	26	4
609.53	0	170006	0	9578876928	9349144576	638.1	26	4
610.53	0	170088	0	9578590208	9349144576	659.6	26	4
611.53	0	170154	0	9579085824	9349148672	643.8	26	4
612.54	0	170154	0	9579454464	9349160960	672.4	26	4
613.54	0	170863	0	9580376064	9349165056	601.0	26	4
614.55	0	171242	0	9580548096	9349169152	626.7	26	4
615.55	0	171308	0	9581076480	9349169152	675.8	26	4
616.55	0	171308	0	9580711936	9349169152	639.2	26	4
617.56	0	172393	0	9582428160	9349169152	663.2	26	4
618.56	0	172393	0	9581539328	9349173248	633.2	26	4
619.57	0	172458	0	9582063616	9349173248	633.3	26	4
620.57	0	172458	0	9581793280	9349173248	616.8	26	4
621.58	0	173561	0	9583288320	9349173248	705.6	26	4
622.58	0	173561	0	9582718976	9349181440	630.2	26	4
623.58	0	173626	0	9583153152	9349181440	631.1	26	4
624.59	0	173626	0	9583267840	9349181440	659.0	26	4
625.59	0	174712	0	9584164864	9349181440	637.5	26	4
626.60	0	174712	0	9584529408	9349185536	599.6	26	4
627.60	0	174777	0	9584693248	9349189632	658.9	26	4
628.60	0	174777	0	9584074752	9349193728	666.6	26	4
629.61	0	175882	0	9585672192	9349193728	612.6	26	4
630.61	0	175931	0	9586171904	9349197824	642.7	26	4
631.62	0	175931	0	9585328128	9349214208	664.8	26	4
632.62	0	176228	0	9585827840	9349214208	630.6	26	4
633.63	0	177050	0	9586262016	9349214208	733.0	26	4
634.63	0	177116	0	9586380800	9349222400	595.8	26	4
635.63	0	177116	0	9586253824	9349222400	572.8	26	4
636.64	0	177857	0	9587392512	9349222400	672.5	26	4
637.64	0	178219	0	9587548160	9349222400	661.2	26	4
638.65	0	178268	0	9587990528	9349222400	616.0	26	4
639.65	0	178268	0	9588576256	9349230592	690.7	26	4
640.65	0	179370	0	9589370880	9349242880	681.5	26	4
641.66	0	179370	0	9588977664	9351274496	596.5	26	4
642.66	0	179419	0	9589420032	9351282688	589.4	26	4
643.67	0	179419	0	9589006336	9351294976	712.0	26	4
644.67	0	180538	0	9589809152	9351294976	676.7	26	4
645.68	0	180538	0	9590390784	9351294976	601.0	26	4
646.68	0	180588	0	9590513664	9351294976	664.1	26	4
647.68	0	180588	0	9590272000	9351294976	697.3	26	4
648.69	0	181710	0	9591267328	9351294976	650.3	26	4
649.69	0	181710	0	9591156736	9351294976	606.9	26	4
650.70	0	181776	0	9591156736	9351294976	665.1	26	4
651.70	0	181776	0	9591513088	9351303168	659.1	26	4
652.70	0	182910	0	9593536512	9351331840	656.2	26	4
653.71	0	182910	0	9592561664	9351344128	649.9	26	4
654.71	0	182959	0	9592901632	9351344128	660.1	26	4
655.72	0	182959	0	9592246272	9351344128	673.4	26	4
656.72	0	184094	0	9593425920	9351344128	684.6	26	4
657.72	0	184160	0	9594073088	9351348224	601.5	26	4
658.73	0	184160	0	9594146816	9351348224	664.7	26	4
659.73	0	185031	0	9595224064	9351348224	700.2	26	4
660.74	0	185294	0	9595371520	9351356416	627.6	26	4
661.74	0	185343	0	9593913344	9353388032	659.8	26	4
662.75	0	185343	0	9592897536	9353388032	686.5	26	4
663.75	0	186464	0	9594126336	9353392128	661.5	26	4
664.75	0	186464	0	9594040320	9353392128	648.4	26	4
665.76	0	186530	0	9594478592	9353396224	657.8	26	4
666.76	0	186530	0	9594839040	9353400320	640.8	26	4
667.77	0	187635	0	9595977728	9353428992	693.1	26	4
668.77	0	187635	0	9596026880	9353428992	617.8	26	4
669.77	0	187701	0	9595789312	9353433088	653.5	26	4
670.78	0	187701	0	9595203584	9353433088	647.7	26	4
671.78	0	188802	0	9596624896	9354612736	617.3	26	4
672.79	0	188802	0	9596284928	9354612736	598.7	26	4
673.79	0	188851	0	9597263872	9354612736	633.9	26	4
674.79	0	188851	0	9597280256	9354616832	680.7	26	4
675.80	0	189970	0	9598644224	9354620928	624.7	26	4
676.80	0	189970	0	9598050304	9354625024	643.1	26	4
677.81	0	190036	0	9597763584	9354625024	709.5	26	4
678.81	0	190036	0	9597816832	9354625024	628.7	26	4
679.82	0	191138	0	9599262720	9354625024	632.1	26	4
680.82	0	191138	0	9599340544	9354625024	632.5	26	4
681.82	0	191188	0	9599373312	9354629120	678.4	26	4
682.83	0	191188	0	9599942656	9354633216	673.0	26	4
683.83	0	192291	0	9600823296	9354637312	648.6	26	4
684.84	0	192291	0	9600000000	9354641408	621.0	26	4
685.84	0	192341	0	9600217088	9354653696	615.9	26	4
686.84	0	192341	0	9600458752	9354665984	607.6	26	4
687.85	0	193364	0	9601753088	9354665984	638.8	26	4
688.85	0	193462	0	9601400832	9354665984	653.8	26	4
689.86	0	193512	0	9601658880	9354665984	649.3	26	4
690.86	0	193512	0	9601159168	9354702848	656.1	26	4
691.86	0	194516	0	9602879488	9354702848	638.5	26	4
692.87	0	194647	0	9602924544	9354702848	678.2	26	4
693.87	0	194680	0	9602572288	9354702848	665.9	26	4
694.88	0	194680	0	9602088960	9354706944	598.4	26	4
695.88	0	194779	0	9602961408	9354711040	623.9	26	4
696.89	0	195799	0	9603846144	9354715136	617.0	26	4
697.89	0	195848	0	9604616192	9354735616	613.1	26	4
698.89	0	195848	0	9604227072	9354739712	663.7	26	4
699.90	0	195848	0	9603903488	9354739712	635.9	26	4
700.90	0	196983	0	9605533696	9355247616	628.9	26	4
701.91	0	197032	0	9606021120	9355247616	624.6	26	4
702.91	0	197032	0	9605984256	9355247616	662.8	26	4
703.91	0	197708	0	9606225920	9355247616	644.0	26	4
704.92	0	198153	0	9606287360	9355247616	616.1	26	4
705.92	0	198202	0	9607184384	9355247616	600.1	26	4
706.93	0	198202	0	9607290880	9355251712	651.3	26	4
707.93	0	199254	0	9608146944	9355251712	706.0	26	4
708.93	0	199337	0	9607446528	9355251712	612.0	26	4
709.94	0	199386	0	9607823360	9355251712	607.5	26	4
710.94	0	199386	0	9607229440	9355251712	637.0	26	4
711.95	0	200503	0	9608224768	9355251712	676.4	26	4
712.95	0	200503	0	9608028160	9355251712	651.3	26	4
713.96	0	200552	0	9608884224	9355251712	683.7	26	4
714.96	0	200552	0	9608691712	9355251712	605.3	26	4
715.96	0	201654	0	9610276864	9355251712	634.5	26	4
716.97	0	201654	0	9610272768	9355251712	621.3	26	4
717.97	0	201703	0	9610166272	9355251712	673.0	26	4
718.98	0	201703	0	9610039296	9355251712	625.4	26	4
719.98	0	202835	0	9611145216	9355255808	667.2	26	4
720.99	0	202835	0	9610964992	9355259904	656.6	26	4
721.99	0	202885	0	9610993664	9355259904	587.7	26	4
722.99	0	202885	0	9610944512	9355259904	630.7	26	4
724.00	0	204022	0	9612582912	9355264000	713.8	26	4
725.00	0	204022	0	9612058624	9355268096	684.2	26	4
726.01	0	204072	0	9612431360	9355284480	615.2	26	4
727.01	0	204072	0	9612562432	9355505664	616.6	26	4
728.01	0	205192	0	9613766656	9355505664	651.9	26	4
729.02	0	205192	0	9614221312	9355509760	651.1	26	4
730.02	0	205258	0	9614442496	9355509760	617.5	26	4
731.03	0	205258	0	9613533184	9355509760	636.8	26	4
732.03	0	206376	0	9615417344	9355509760	656.7	26	4
733.04	0	206376	0	9615093760	9355509760	670.2	26	4
734.04	0	206442	0	9615400960	9357541376	581.3	26	4
735.04	0	206442	0	9615720448	9357541376	657.4	26	4
736.05	0	207559	0	9615745024	9357541376	690.9	26	4
737.05	0	207559	0	9616125952	9357541376	650.8	26	4
738.06	0	207625	0	9616363520	9357541376	684.6	26	4
739.06	0	207625	0	9616289792	9357541376	657.7	26	4
740.06	0	208728	0	9617416192	9357541376	674.0	26	4
741.07	0	208794	0	9617756160	9357541376	673.0	26	4
742.07	0	208794	0	9618042880	9357545472	620.1	26	4
743.08	0	208794	0	9617338368	9357545472	625.7	26	4
744.08	0	209915	0	9618808832	9357545472	679.8	26	4
745.09	0	209981	0	9618653184	9357545472	637.2	26	4
746.09	0	209981	0	9618706432	9357557760	637.8	26	4
747.09	0	209981	0	9618194432	9357557760	616.0	26	4
748.10	0	211101	0	9619140608	9357557760	632.0	26	4
749.10	0	211101	0	9619464192	9357557760	627.3	26	4
750.11	0	211167	0	9619820544	9357557760	649.5	26	4
751.11	0	211167	0	9619558400	9357557760	662.9	26	4
752.12	0	212285	0	9620824064	9357557760	651.1	26	4
753.12	0	212285	0	9621061632	9357557760	603.4	26	4
754.12	0	212351	0	9620672512	9357557760	587.3	26	4
755.13	0	212351	0	9621008384	9357557760	634.9	26	4
756.13	0	213453	0	9622790144	9357557760	657.9	26	4
757.14	0	213453	0	9622028288	9357557760	605.0	26	4
758.14	0	213519	0	9622212608	9357557760	630.1	26	4
759.14	0	213519	0	9622310912	9357561856	635.9	26	4
760.15	0	214636	0	9624137728	9357631488	653.4	26	4
761.15	0	214636	0	9623719936	9357635584	648.8	26	4
762.16	0	214702	0	9624203264	9357635584	607.2	26	4
763.16	0	214702	0	9624043520	9357635584	646.6	26	4
764.16	0	215823	0	9625559040	9357635584	688.2	26	4
765.17	0	215823	0	9624961024	9357635584	664.0	26	4
766.17	0	215906	0	9625821184	9357656064	689.0	26	4
767.18	0	215906	0	9626054656	9357656064	609.6	26	4
768.18	0	217026	0	9626247168	9357656064	598.0	26	4
769.19	0	217026	0	9626517504	9357656064	629.4	26	4
770.19	0	217092	0	9626177536	9357656064	652.9	26	4
771.19	0	217092	0	9626583040	9357684736	591.6	26	4
772.20	0	218194	0	9628106752	9357684736	621.0	26	4
773.20	0	218227	0	9628487680	9357684736	698.5	26	4
774.21	0	218259	0	9627774976	9357684736	658.3	26	4
775.21	0	218259	0	9627287552	9357684736	623.1	26	4
776.21	0	219393	0	9628590080	9357684736	647.5	26	4
777.22	0	219393	0	9629118464	9357684736	606.3	26	4
778.22	0	219459	0	9628413952	9357684736	627.0	26	4
779.23	0	219459	0	9628917760	9357701120	687.5	26	4
780.23	0	220578	0	9630502912	9357701120	650.5	26	4
781.24	0	220578	0	9629921280	9357701120	615.8	26	4
782.24	0	220660	0	9630371840	9357701120	698.5	26	4
783.24	0	220660	0	9630572544	9357701120	643.0	26	4
784.25	0	221766	0	9631322112	9357701120	630.6	26	4
785.25	0	221766	0	9630945280	9357701120	586.7	26	4
786.26	0	221832	0	9631768576	9357717504	699.2	26	4
787.26	0	221832	0	9631494144	9357717504	617.6	26	4
788.26	0	222935	0	9632714752	9357737984	657.1	26	4
789.27	0	222935	0	9632243712	9357737984	595.9	26	4
790.27	0	223001	0	9631838208	9357737984	681.9	26	4
791.28	0	223001	0	9632624640	9357737984	675.3	26	4
792.28	0	224103	0	9634054144	9357742080	615.8	26	4
793.29	0	224103	0	9633959936	9357742080	585.7	26	4
794.29	0	224169	0	9634000896	9357742080	628.1	26	4
795.29	0	224169	0	9633595392	9359773696	699.5	26	4
796.30	0	225271	0	9635213312	9359777792	638.5	26	4
797.30	0	225337	0	9635745792	9359777792	677.1	26	4
798.31	0	225337	0	9634066432	9359835136	671.4	26	4
799.31	0	226324	0	9636212736	9359835136	658.0	26	4
800.31	0	226440	0	9635848192	9359839232	690.4	26	4
801.32	0	226506	0	9636438016	9359839232	675.7	26	4
802.32	0	226506	0	9636433920	9359839232	642.5	26	4
803.33	0	227133	0	9636470784	9359839232	622.4	26	4
804.33	0	227595	0	9637859328	9359839232	669.2	26	4
805.34	0	227644	0	9637220352	9360887808	687.5	26	4
806.34	0	227644	0	9636933632	9360887808	613.4	26	4
807.34	0	228138	0	9637871616	9360891904	647.2	26	4
808.35	0	228698	0	9638744064	9360891904	662.2	26	4
809.35	0	228764	0	9638895616	9360900096	673.4	26	4
810.36	0	228764	0	9638084608	9360900096	641.5	26	4
811.36	0	229323	0	9638977536	9360900096	621.9	26	4
812.36	0	229832	0	9640194048	9360900096	697.4	26	4
813.37	0	229898	0	9640042496	9360904192	676.3	26	4
814.37	0	229898	0	9639526400	9360904192	623.5	26	4
815.38	0	230424	0	9640001536	9360904192	647.3	26	4
816.38	0	230966	0	9640808448	9360904192	658.0	26	4
817.39	0	231032	0	9640497152	9360908288	701.7	26	4
818.39	0	231032	0	9640353792	9360908288	610.9	26	4
819.39	0	231887	0	9641889792	9360912384	625.8	26	4
820.40	0	232118	0	9641693184	9360920576	610.9	26	4
821.40	0	232185	0	9641816064	9360920576	662.7	26	4
822.41	0	232185	0	9642156032	9360920576	644.5	26	4
823.41	0	233274	0	9643470848	9360920576	673.3	26	4
824.41	0	233274	0	9643126784	9360928768	659.8	26	4
825.42	0	233340	0	9643085824	9360932864	632.1	26	4
826.42	0	233340	0	9643520000	9360932864	693.3	26	4
827.43	0	234426	0	9644892160	9360936960	691.8	26	4
828.43	0	234426	0	9645281280	9360936960	585.8	26	4
829.44	0	234492	0	9645514752	9360941056	679.5	26	4
830.44	0	234492	0	9644253184	9360941056	597.8	26	4
831.44	0	235578	0	9645953024	9360941056	620.4	26	4
832.45	0	235643	0	9645813760	9360941056	657.8	26	4
833.45	0	235643	0	9645920256	9360941056	586.5	26	4
834.46	0	235643	0	9645891584	9360941056	649.6	26	4
835.46	0	236713	0	9647046656	9360941056	653.0	26	4
836.46	0	236779	0	9647411200	9360949248	704.2	26	4
837.47	0	236779	0	9646698496	9360953344	637.4	26	4
838.47	0	237868	0	9648336896	9360953344	699.1	26	4
839.48	0	237868	0	9647730688	9360953344	628.4	26	4
840.48	0	237933	0	9648193536	9360953344	710.8	26	4
841.49	0	237933	0	9648058368	9360953344	647.7	26	4
842.49	0	239038	0	9649790976	9360953344	697.0	26	4
843.49	0	239104	0	9649659904	9360953344	648.2	26	4
844.50	0	239104	0	9648521216	9360953344	633.5	26	4
845.50	0	240190	0	9650384896	9360953344	661.7	26	4
846.51	0	240190	0	9650966528	9360953344	681.5	26	4
847.51	0	240256	0	9650515968	9360953344	634.1	26	4
848.51	0	240256	0	9650229248	9360953344	624.2	26	4
849.52	0	241375	0	9651007488	9360953344	648.6	26	4
850.52	0	241375	0	9650941952	9360953344	591.7	26	4
851.53	0	241424	0	9651535872	9360965632	646.5	26	4
852.53	0	241424	0	9651773440	9360965632	619.0	26	4
853.54	0	242525	0	9652658176	9360965632	696.1	26	4
854.54	0	242592	0	9652969472	9360965632	660.3	26	4
855.54	0	242592	0	9653252096	9360969728	684.7	26	4
856.55	0	243680	0	9654714368	9360969728	714.9	26	4
857.55	0	243680	0	9654505472	9360969728	663.1	26	4
858.56	0	243746	0	9654546432	9360973824	628.1	26	4
859.56	0	243746	0	9654386688	9360973824	652.5	26	4
860.56	0	244835	0	9654759424	9360973824	644.7	26	4
861.57	0	244900	0	9655554048	9360973824	603.1	26	4
862.57	0	244900	0	9655369728	9360977920	670.6	26	4
863.58	0	245985	0	9656926208	9360977920	701.7	26	4
864.58	0	245985	0	9656680448	9360977920	647.4	26	4
865.58	0	246035	0	9656799232	9360977920	644.5	26	4
866.59	0	246035	0	9655975936	9360977920	620.8	26	4
867.59	0	247135	0	9656725504	9360977920	647.2	26	4
868.60	0	247184	0	9657425920	9360977920	686.5	26	4
869.60	0	247184	0	9657257984	9360977920	681.3	26	4
870.61	0	248285	0	9658916864	9360982016	678.5	26	4
871.61	0	248285	0	9658630144	9360982016	697.6	26	4
872.61	0	248334	0	9659154432	9361178624	596.6	26	4
873.62	0	248334	0	9659088896	9361178624	631.4	26	4
874.62	0	249142	0	9659899904	9361178624	655.5	26	4
875.63	0	249423	0	9659568128	9361178624	647.5	26	4
876.63	0	249489	0	9660813312	9361186816	648.7	26	4
877.63	0	249489	0	9660436480	9361186816	655.0	26	4
878.64	0	250593	0	9661689856	9361190912	665.4	26	4
879.64	0	250593	0	9661804544	9361190912	651.3	26	4
880.65	0	250643	0	9660940288	9361203200	632.1	26	4
881.65	0	250643	0	9661370368	9361219584	625.0	26	4
882.65	0	251745	0	9662980096	9361219584	648.7	26	4
883.66	0	251745	0	9661513728	9361219584	675.0	26	4
884.66	0	251794	0	9661583360	9361231872	640.9	26	4
885.67	0	251794	0	9661034496	9361231872	667.1	26	4
886.67	0	252782	0	9662840832	9361367040	677.0	26	4
887.68	0	252898	0	9663164416	9361367040	612.9	26	4
888.68	0	252947	0	9663766528	9361367040	597.6	26	4
889.68	0	252947	0	9663217664	9361367040	653.5	26	4
890.69	0	252947	0	9662791680	9361367040	646.3	26	4
891.69	0	254049	0	9664372736	9361367040	622.9	26	4
892.70	0	254049	0	9664237568	9361371136	607.8	26	4
893.70	0	254098	0	9664122880	9361371136	658.7	26	4
894.71	0	254098	0	9664417792	9361371136	686.3	26	4
895.71	0	255205	0	9665966080	9361371136	662.3	26	4
896.71	0	255205	0	9666265088	9361379328	613.6	26	4
897.72	0	255255	0	9665806336	9361379328	619.3	26	4
898.72	0	255255	0	9665884160	9361379328	695.1	26	4
899.73	0	256358	0	9667260416	9361379328	658.4	26	4
900.73	0	256358	0	9666920448	9361383424	606.9	26	4
901.73	0	256408	0	9667739648	9361383424	676.6	26	4
902.74	0	256408	0	9667407872	9361383424	666.1	26	4
903.74	0	257509	0	9668501504	9361383424	661.7	26	4
904.75	0	257509	0	9668960256	9361383424	645.3	26	4
905.75	0	257575	0	9668571136	9361383424	619.6	26	4
906.76	0	257575	0	9668501504	9361387520	642.9	26	4
907.76	0	258661	0	9669414912	9362751488	687.8	26	4
908.76	0	258661	0	9669242880	9362751488	640.4	26	4
909.77	0	258727	0	9669472256	9362751488	618.6	26	4
910.77	0	258727	0	9669132288	9362751488	607.6	26	4
911.78	0	259829	0	9670414336	9362759680	715.5	26	4
912.78	0	259895	0	9670455296	9362759680	583.6	26	4
913.78	0	259895	0	9670389760	9362759680	647.4	26	4
914.79	0	260208	0	9670336512	9362767872	642.4	26	4
915.79	0	261033	0	9671340032	9362767872	641.4	26	4
916.80	0	261082	0	9671356416	9362767872	660.2	26	4
917.80	0	261082	0	9671536640	9362771968	604.0	26	4
918.80	0	262218	0	9672617984	9362771968	670.2	26	4
919.81	0	262218	0	9672622080	9362771968	650.7	26	4
920.81	0	262284	0	9672474624	9362771968	589.6	26	4
921.82	0	262284	0	9672802304	9362771968	614.2	26	4
922.82	0	263402	0	9674264576	9362771968	667.1	26	4
923.83	0	263402	0	9673826304	9362771968	617.2	26	4
924.83	0	263468	0	9673183232	9362771968	715.6	26	4
925.83	0	263468	0	9673011200	9362771968	612.4	26	4
926.84	0	264586	0	9674964992	9362780160	604.0	26	4
927.84	0	264652	0	9674661888	9362780160	675.5	26	4
928.85	0	264652	0	9674792960	9362780160	662.5	26	4
929.85	0	264685	0	9675792384	9362784256	614.8	26	4
930.85	0	265786	0	9675845632	9362784256	683.4	26	4
931.86	0	265852	0	9676480512	9362788352	659.9	26	4
932.86	0	265852	0	9676861440	9362788352	604.6	26	4
933.87	0	266957	0	9677111296	9362788352	692.2	26	4
934.87	0	266957	0	9677561856	9362788352	669.2	26	4
935.88	0	267023	0	9677287424	9362788352	595.7	26	4
936.88	0	267023	0	9677901824	9362796544	691.7	26	4
937.88	0	268124	0	9679167488	9362796544	636.5	26	4
938.89	0	268124	0	9679032320	9362796544	641.5	26	4
939.89	0	268190	0	9679249408	9362796544	661.0	26	4
940.90	0	268190	0	9678336000	9362796544	610.7	26	4
941.90	0	269309	0	9679953920	9362796544	674.0	26	4
942.90	0	269309	0	9679618048	9362796544	625.1	26	4
943.91	0	269358	0	9679499264	9362796544	656.1	26	4
944.91	0	269358	0	9679646720	9362796544	617.0	26	4
945.92	0	270461	0	9680621568	9362796544	652.9	26	4
946.92	0	270461	0	9680728064	9362796544	636.9	26	4
947.92	0	270527	0	9680863232	9362796544	617.3	26	4
948.93	0	270527	0	9680965632	9362796544	626.5	26	4
949.93	0	271612	0	9681887232	9362800640	593.7	26	4
950.94	0	271612	0	9681874944	9362804736	627.2	26	4
951.94	0	271678	0	9682989056	9362808832	660.3	26	4
952.95	0	271678	0	9682800640	9362808832	638.8	26	4
953.95	0	272816	0	9683447808	9362808832	683.7	26	4
954.95	0	272816	0	9683603456	9362808832	662.9	26	4
955.96	0	272866	0	9683619840	9362812928	655.9	26	4
956.96	0	272866	0	9683820544	9362812928	589.8	26	4
957.97	0	274001	0	9684844544	9362812928	645.3	26	4
958.97	0	274001	0	9685061632	9362812928	641.1	26	4
959.97	0	274051	0	9685069824	9362833408	634.2	26	4
960.98	0	274051	0	9684410368	9362833408	607.5	26	4
961.98	0	275168	0	9686614016	9362841600	691.1	26	4
962.99	0	275168	0	9686097920	9362841600	661.8	26	4
963.99	0	275218	0	9686462464	9362841600	640.6	26	4
964.99	0	275218	0	9686212608	9362841600	602.7	26	4
966.00	0	276354	0	9688039424	9362841600	640.0	26	4
967.00	0	276354	0	9687760896	9362841600	685.3	26	4
968.01	0	276403	0	9687592960	9362841600	603.3	26	4
969.01	0	276403	0	9687842816	9362841600	609.0	26	4
970.02	0	277538	0	9688993792	9362841600	699.6	26	4
971.02	0	277538	0	9688334336	9362841600	664.6	26	4
972.02	0	277587	0	9689227264	9362841600	618.4	26	4
973.03	0	277587	0	9689268224	9362841600	587.8	26	4
974.03	0	278710	0	9690021888	9362845696	695.7	26	4
975.04	0	278710	0	9689964544	9362845696	647.1	26	4
976.04	0	278759	0	9690779648	9362845696	637.2	26	4
977.04	0	278759	0	9691168768	9362845696	683.0	26	4
978.05	0	279895	0	9691328512	9362845696	639.3	26	4
979.05	0	279895	0	9691254784	9362845696	625.4	26	4
980.06	0	279944	0	9691688960	9362845696	670.4	26	4
981.06	0	280653	0	9692340224	9362845696	635.7	26	4
982.07	0	281081	0	9693085696	9362845696	681.0	26	4
983.07	0	281113	0	9692991488	9362849792	639.2	26	4
984.07	0	281113	0	9692733440	9362849792	606.7	26	4
985.08	0	281475	0	9693253632	9362849792	644.2	26	4
986.08	0	282248	0	9693679616	9362849792	605.5	26	4
987.09	0	282297	0	9693945856	9362849792	641.0	26	4
988.09	0	282297	0	9692680192	9362849792	673.5	26	4
989.09	0	282972	0	9693609984	9362849792	677.5	26	4
990.10	0	283433	0	9694208000	9362849792	610.7	26	4
991.10	0	283466	0	9694502912	9362866176	618.9	26	4
992.11	0	283466	0	9694527488	9362870272	678.3	26	4
993.11	0	284093	0	9695555584	9362870272	686.0	26	4
994.12	0	284588	0	9695698944	9362870272	650.1	26	4
995.12	0	284637	0	9695719424	9362870272	659.7	26	4
996.12	0	284637	0	9695469568	9362870272	694.5	26	4
997.13	0	285394	0	9696296960	9362870272	649.0	26	4
998.13	0	285756	0	9696817152	9362870272	641.9	26	4
999.14	0	285789	0	9696788480	9362870272	608.8	26	4
1000.14	0	285789	0	9696743424	9362870272	628.1	26	4
1001.14	0	286431	0	9697710080	9362870272	715.6	26	4
1002.15	0	286907	0	9698398208	9362870272	652.8	26	4
1003.15	0	286940	0	9698172928	9362882560	597.3	26	4
1004.16	0	286940	0	9698680832	9362882560	626.1	26	4
1005.16	0	287597	0	9698910208	9362882560	654.0	26	4
1006.17	0	288074	0	9698816000	9362882560	667.0	26	4
1007.17	0	288107	0	9699975168	9362882560	619.2	26	4
1008.17	0	288107	0	9699946496	9362882560	680.2	26	4
1009.18	0	289242	0	9701249024	9362882560	649.1	26	4
1010.18	0	289242	0	9700843520	9362882560	620.0	26	4
1011.19	0	289275	0	9700835328	9362886656	700.1	26	4
1012.19	0	289275	0	9701203968	9362894848	619.2	26	4
1013.19	0	290430	0	9702572032	9362894848	680.8	26	4
1014.20	0	290430	0	9702670336	9362894848	621.0	26	4
1015.20	0	290463	0	9702723584	9362898944	645.0	26	4
1016.21	0	290463	0	9702895616	9362903040	619.8	26	4
1017.21	0	291614	0	9703870464	9362903040	675.2	26	4
1018.22	0	291614	0	9703694336	9362907136	676.3	26	4
1019.22	0	291664	0	9704611840	9362911232	622.2	26	4
1020.22	0	291664	0	9703706624	9362911232	723.2	26	4
1021.23	0	292798	0	9704910848	9362911232	663.0	26	4
1022.23	0	292847	0	9705189376	9362911232	622.9	26	4
1023.24	0	292847	0	9704775680	9362911232	649.9	26	4
1024.24	0	293817	0	9706053632	9362911232	642.8	26	4
1025.24	0	293965	0	9706549248	9362911232	675.4	26	4
1026.25	0	294014	0	9706692608	9362927616	625.0	26	4
1027.25	0	294014	0	9706455040	9362927616	625.7	26	4
1028.26	0	295148	0	9707560960	9362927616	609.8	26	4
1029.26	0	295148	0	9707618304	9362927616	614.0	26	4
1030.27	0	295198	0	9707499520	9362927616	621.7	26	4
1031.27	0	295198	0	9707810816	9362927616	619.3	26	4
1032.27	0	296351	0	9709056000	9362927616	712.1	26	4
1033.28	0	296400	0	9708580864	9362927616	642.0	26	4
1034.28	0	296400	0	9708834816	9362927616	587.4	26	4
1035.29	0	297567	0	9709588480	9362927616	628.6	26	4
1036.29	0	297567	0	9709617152	9362927616	615.6	26	4
1037.29	0	297616	0	9709674496	9362935808	607.6	26	4
1038.30	0	297616	0	9709203456	9362935808	577.2	26	4
1039.30	0	298749	0	9710559232	9362935808	663.8	26	4
1040.31	0	298749	0	9710673920	9362935808	586.3	26	4
1041.31	0	298814	0	9710424064	9362939904	651.8	26	4
1042.32	0	298814	0	9710751744	9362939904	592.3	26	4
1043.32	0	299948	0	9711300608	9362939904	655.1	26	4
1044.32	0	300013	0	9711345664	9362939904	671.6	26	4
1045.33	0	300013	0	9711779840	9362939904	618.6	26	4
1046.33	0	301163	0	9713082368	9362939904	714.1	26	4
1047.34	0	301163	0	9712631808	9362939904	635.7	26	4
1048.34	0	301229	0	9712717824	9362939904	656.3	26	4
1049.34	0	301229	0	9712914432	9362939904	626.7	26	4
1050.35	0	302385	0	9713635328	9362944000	659.2	26	4
1051.35	0	302385	0	9713582080	9362944000	682.6	26	4
1052.36	0	302434	0	9714094080	9362944000	591.1	26	4
1053.36	0	302434	0	9714577408	9362948096	649.0	26	4
1054.37	0	303586	0	9715552256	9362956288	704.2	26	4
1055.37	0	303651	0	9715392512	9362964480	640.9	26	4
1056.37	0	303651	0	9715408896	9362964480	622.3	26	4
1057.38	0	303651	0	9715335168	9362964480	641.2	26	4
1058.38	0	304803	0	9716875264	9362964480	690.6	26	4
1059.39	0	304869	0	9717145600	9362964480	652.8	26	4
1060.39	0	304869	0	9716584448	9362964480	648.2	26	4
1061.39	0	306020	0	9717493760	9362964480	632.1	26	4
1062.40	0	306020	0	9717616640	9362964480	665.4	26	4
1063.40	0	306086	0	9717895168	9362964480	667.2	26	4
1064.41	0	306086	0	9717899264	9362968576	596.6	26	4
1065.41	0	307221	0	9719205888	9362980864	631.4	26	4
1066.41	0	307221	0	9719209984	9362980864	654.3	26	4
1067.42	0	307287	0	9719386112	9362984960	698.3	26	4
1068.42	0	307287	0	9719394304	9362984960	586.3	26	4
1069.43	0	308425	0	9720987648	9362984960	643.1	26	4
1070.43	0	308425	0	9720315904	9362984960	705.9	26	4
1071.44	0	308491	0	9720643584	9362984960	622.8	26	4
1072.44	0	308491	0	9720389632	9362984960	654.5	26	4
1073.44	0	309610	0	9721245696	9362984960	630.9	26	4
1074.45	0	309610	0	9721602048	9362984960	600.9	26	4
1075.45	0	309660	0	9721761792	9363001344	656.3	26	4
1076.46	0	309660	0	9721376768	9363005440	637.8	26	4
1077.46	0	310794	0	9723228160	9363005440	634.8	26	4
1078.46	0	310843	0	9723056128	9363005440	674.4	26	4
1079.47	0	310843	0	9722753024	9363005440	610.5	26	4
1080.47	0	311682	0	9723863040	9363005440	622.5	26	4
1081.48	0	311977	0	9723904000	9363005440	673.2	26	4
1082.48	0	312043	0	9724231680	9363005440	642.6	26	4
1083.49	0	312043	0	9723830272	9363005440	691.1	26	4
1084.49	0	313162	0	9725284352	9363005440	652.4	26	4
1085.50	0	313162	0	9724895232	9363005440	659.1	26	4
1086.50	0	313211	0	9725173760	9363005440	651.6	26	4
1087.50	0	313211	0	9725362176	9363009536	630.0	26	4
1088.51	0	314350	0	9726746624	9363009536	612.6	26	4
1089.51	0	314350	0	9727008768	9363013632	629.3	26	4
1090.52	0	314399	0	9726136320	9363013632	670.9	26	4
1091.52	0	314399	0	9726840832	9363017728	639.8	26	4
1092.53	0	315536	0	9728000000	9363017728	632.0	26	4
1093.53	0	315536	0	9727922176	9363017728	628.4	26	4
1094.53	0	315585	0	9728086016	9363021824	662.4	26	4
1095.54	0	315585	0	9727836160	9363021824	647.6	26	4
1096.54	0	316703	0	9729732608	9363021824	650.8	26	4
1097.55	0	316703	0	9729609728	9363034112	665.9	26	4
1098.55	0	316769	0	9729863680	9363034112	695.6	26	4
1099.56	0	316769	0	9729732608	9363034112	622.4	26	4
1100.56	0	317887	0	9730703360	9363034112	655.1	26	4
1101.56	0	317953	0	9730883584	9363034112	652.8	26	4
1102.57	0	317953	0	9730510848	9363034112	626.2	26	4
1103.57	0	318413	0	9730887680	9363034112	630.0	26	4
1104.58	0	319071	0	9731588096	9363034112	687.3	26	4
1105.58	0	319137	0	9731555328	9363034112	623.7	26	4
1106.59	0	319137	0	9731661824	9363034112	625.6	26	4
1107.59	0	319878	0	9732714496	9363034112	637.5	26	4
1108.60	0	320258	0	9732939776	9363034112	640.4	26	4
1109.60	0	320324	0	9733201920	9363038208	613.2	26	4
1110.60	0	320324	0	9733361664	9363038208	615.3	26	4
1111.61	0	321132	0	9734107136	9363038208	655.3	26	4
1112.61	0	321445	0	9734742016	9363038208	612.4	26	4
1113.62	0	321511	0	9733648384	9363038208	628.5	26	4
1114.62	0	321511	0	9734242304	9363050496	681.3	26	4
1115.62	0	322629	0	9735626752	9363050496	695.5	26	4
1116.63	0	322629	0	9735487488	9363050496	629.0	26	4
1117.63	0	322679	0	9735544832	9363050496	594.4	26	4
1118.64	0	322679	0	9735086080	9363050496	627.9	26	4
1119.64	0	323798	0	9736175616	9363050496	682.0	26	4
1120.65	0	323798	0	9735823360	9363050496	674.0	26	4
1121.65	0	323863	0	9736704000	9363058688	642.2	26	4
1122.65	0	323863	0	9736937472	9363066880	603.8	26	4
1123.66	0	324982	0	9738043392	9363066880	676.1	26	4
1124.66	0	324982	0	9737687040	9363066880	661.8	26	4
1125.67	0	325047	0	9737723904	9363066880	622.2	26	4
1126.67	0	325047	0	9737838592	9363066880	640.7	26	4
1127.67	0	326134	0	9739608064	9363066880	663.2	26	4
1128.68	0	326134	0	9738682368	9363066880	645.6	26	4
1129.68	0	326200	0	9738797056	9363066880	625.0	26	4
1130.69	0	326200	0	9738014720	9363066880	640.4	26	4
1131.69	0	326844	0	9739558912	9363066880	640.6	26	4
1132.69	0	327322	0	9740521472	9363066880	630.0	26	4
1133.70	0	327404	0	9740062720	9363066880	640.7	26	4
1134.70	0	327404	0	9740451840	9363070976	645.4	26	4
1135.71	0	327454	0	9740808192	9363070976	627.8	26	4
1136.71	0	328506	0	9741975552	9363070976	676.9	26	4
1137.72	0	328572	0	9741803520	9363070976	669.6	26	4
1138.72	0	328572	0	9741504512	9363070976	664.5	26	4
1139.72	0	329609	0	9742196736	9363070976	654.0	26	4
1140.73	0	329691	0	9742536704	9363070976	636.6	26	4
1141.73	0	329757	0	9742974976	9363070976	645.5	26	4
1142.74	0	329757	0	9743167488	9363070976	643.2	26	4
1143.74	0	330876	0	9744269312	9363079168	646.4	26	4
1144.74	0	330876	0	9743716352	9363079168	645.9	26	4
1145.75	0	330942	0	9743441920	9363079168	643.4	26	4
1146.75	0	330942	0	9743998976	9363079168	630.4	26	4
1147.76	0	332079	0	9745371136	9363079168	641.8	26	4
1148.76	0	332079	0	9745190912	9363087360	654.1	26	4
1149.77	0	332145	0	9745010688	9363091456	633.3	26	4
1150.77	0	332145	0	9744592896	9363091456	639.7	26	4
1151.77	0	333266	0	9746575360	9363099648	711.3	26	4
1152.78	0	333266	0	9746223104	9363099648	663.2	26	4
1153.78	0	333348	0	9745924096	9363099648	622.8	26	4
1154.79	0	333348	0	9745817600	9363099648	659.7	26	4
1155.79	0	334484	0	9747324928	9363099648	720.4	26	4
1156.79	0	334549	0	9747431424	9363103744	716.1	26	4
1157.80	0	334549	0	9747787776	9363107840	617.4	26	4
1158.80	0	334730	0	9747828736	9363111936	627.3	26	4
1159.81	0	335667	0	9747935232	9363120128	643.9	26	4
1160.81	0	335733	0	9749028864	9363128320	633.9	26	4
1161.82	0	335733	0	9748865024	9363132416	680.1	26	4
1162.82	0	336111	0	9749458944	9363132416	620.9	26	4
1163.82	0	336852	0	9749917696	9363132416	639.6	26	4
1164.83	0	336934	0	9749954560	9363132416	638.3	26	4
1165.83	0	336934	0	9750151168	9363132416	610.3	26	4
1166.84	0	338053	0	9751826432	9363132416	635.8	26	4
1167.84	0	338053	0	9750716416	9363132416	643.4	26	4
1168.84	0	338135	0	9750794240	9363132416	596.0	26	4
1169.85	0	338135	0	9750822912	9363136512	663.5	26	4
1170.85	0	339272	0	9752326144	9363136512	672.7	26	4
1171.86	0	339337	0	9752940544	9363136512	636.6	26	4
1172.86	0	339337	0	9753047040	9363140608	645.3	26	4
1173.87	0	340455	0	9753145344	9363140608	625.8	26	4
1174.87	0	340455	0	9752522752	9363140608	598.4	26	4
1175.87	0	340520	0	9752604672	9363140608	642.4	26	4
1176.88	0	340520	0	9752768512	9363140608	658.1	26	4
1177.88	0	341638	0	9754648576	9363140608	603.3	26	4
1178.89	0	341638	0	9754300416	9363140608	653.6	26	4
1179.89	0	341703	0	9755455488	9363144704	611.7	26	4
1180.89	0	341703	0	9754910720	9363144704	632.7	26	4
1181.90	0	342835	0	9756155904	9363144704	677.7	26	4
1182.90	0	342835	0	9755320320	9363144704	608.8	26	4
1183.91	0	342901	0	9755172864	9363144704	663.0	26	4
1184.91	0	342901	0	9754877952	9363144704	625.9	26	4
1185.92	0	344050	0	9756594176	9363152896	706.1	26	4
1186.92	0	344050	0	9755590656	9363156992	620.8	26	4
1187.93	0	344116	0	9756561408	9363156992	671.0	26	4
1188.93	0	344446	0	9757315072	9363156992	623.8	26	4
1189.93	0	345270	0	9758199808	9363156992	643.8	26	4
1190.94	0	345320	0	9758216192	9363156992	645.0	26	4
1191.94	0	345320	0	9758248960	9363156992	634.8	26	4
1192.95	0	346472	0	9759039488	9363156992	617.7	26	4
1193.95	0	346472	0	9758953472	9363165184	681.2	26	4
1194.96	0	346521	0	9759031296	9363165184	619.8	26	4
1195.96	0	346521	0	9759305728	9363165184	622.9	26	4
1196.96	0	347656	0	9761091584	9363173376	677.1	26	4
1197.97	0	347656	0	9760972800	9363177472	655.5	26	4
1198.97	0	347721	0	9760788480	9363177472	602.1	26	4
1199.98	0	347721	0	9760636928	9363189760	628.3	26	4
1200.98	0	348872	0	9761427456	9363189760	620.8	26	4
1201.99	0	348938	0	9762181120	9363189760	667.4	26	4
1202.99	0	348938	0	9761447936	9363189760	630.5	26	4
1203.99	0	348938	0	9761775616	9363189760	605.6	26	4
1205.00	0	350090	0	9763041280	9365221376	726.4	26	4
1206.00	0	350140	0	9763725312	9365221376	634.0	26	4
1207.01	0	350140	0	9763549184	9365221376	618.9	26	4
1208.01	0	351047	0	9765220352	9365229568	640.2	26	4
1209.01	0	351294	0	9765122048	9365229568	654.5	26	4
1210.02	0	351360	0	9764950016	9365229568	641.5	26	4
1211.02	0	351360	0	9765097472	9365237760	628.2	26	4
1212.03	0	352496	0	9766944768	9365237760	657.6	26	4
1213.03	0	352496	0	9766707200	9365237760	642.0	26	4
1214.04	0	352562	0	9767251968	9365237760	683.4	26	4
1215.04	0	352562	0	9766301696	9365237760	627.0	26	4
1216.04	0	352907	0	9767022592	9365237760	628.0	26	4
1217.05	0	353697	0	9768542208	9365237760	631.3	26	4
1218.05	0	353746	0	9767718912	9365237760	630.4	26	4
1219.06	0	353746	0	9768210432	9365237760	690.9	26	4
1220.06	0	354502	0	9768472576	9365237760	615.5	26	4
1221.06	0	354880	0	9768681472	9365237760	607.8	26	4
1222.07	0	354946	0	9769091072	9365237760	656.6	26	4
1223.07	0	354946	0	9768558592	9365241856	608.0	26	4
1224.08	0	356082	0	9770737664	9365250048	727.9	26	4
1225.08	0	356082	0	9769947136	9365250048	631.9	26	4
1226.09	0	356131	0	9769930752	9365250048	718.5	26	4
1227.09	0	356131	0	9769811968	9365250048	573.2	26	4
1228.09	0	357285	0	9771466752	9365250048	654.5	26	4
1229.10	0	357351	0	9771921408	9365250048	691.7	26	4
1230.10	0	357351	0	9771786240	9365262336	619.0	26	4
1231.11	0	358340	0	9772568576	9365270528	679.6	26	4
1232.11	0	358471	0	9772535808	9365270528	660.2	26	4
1233.11	0	358537	0	9772658688	9365270528	686.0	26	4
1234.12	0	358537	0	9772449792	9365270528	605.9	26	4
1235.12	0	359656	0	9773264896	9365270528	640.4	26	4
1236.13	0	359656	0	9773273088	9365270528	695.7	26	4
1237.13	0	359738	0	9773170688	9365270528	647.1	26	4
1238.14	0	359738	0	9772593152	9365274624	640.3	26	4
1239.14	0	360857	0	9774551040	9365278720	669.0	26	4
1240.14	0	360857	0	9774403584	9365278720	632.4	26	4
1241.15	0	360939	0	9774194688	9365278720	659.5	26	4
1242.15	0	360939	0	9775165440	9365278720	629.3	26	4
1243.16	0	362057	0	9775886336	9365278720	614.4	26	4
1244.16	0	362139	0	9775943680	9365278720	653.5	26	4
1245.17	0	362139	0	9775566848	9365278720	667.8	26	4
1246.17	0	363243	0	9777430528	9365278720	651.4	26	4
1247.17	0	363276	0	9777553408	9365278720	668.7	26	4
1248.18	0	363342	0	9777520640	9365278720	693.2	26	4
1249.18	0	363342	0	9777672192	9365278720	648.7	26	4
1250.19	0	364495	0	9778741248	9365282816	666.5	26	4
1251.19	0	364495	0	9778081792	9365282816	662.6	26	4
1252.19	0	364545	0	9778442240	9365282816	651.7	26	4
1253.20	0	364545	0	9778470912	9365282816	599.8	26	4
1254.20	0	365680	0	9780244480	9365282816	650.2	26	4
1255.21	0	365680	0	9779867648	9365282816	703.0	26	4
1256.21	0	365746	0	9779888128	9365282816	627.2	26	4
1257.22	0	365746	0	9779441664	9365282816	651.5	26	4
1258.22	0	366863	0	9780838400	9365282816	642.3	26	4
1259.22	0	366863	0	9781055488	9365356544	595.5	26	4
1260.23	0	366929	0	9781202944	9365368832	647.4	26	4
1261.23	0	366929	0	9781338112	9365504000	605.2	26	4
1262.24	0	368031	0	9782853632	9365504000	634.1	26	4
1263.24	0	368031	0	9782624256	9365504000	669.7	26	4
1264.24	0	368113	0	9782665216	9365504000	630.6	26	4
1265.25	0	368113	0	9781796864	9365504000	585.1	26	4
1266.25	0	369232	0	9783357440	9365504000	607.9	26	4
1267.26	0	369232	0	9783848960	9365508096	693.0	26	4
1268.26	0	369298	0	9783853056	9365516288	602.5	26	4
1269.27	0	369298	0	9784528896	9365524480	662.6	26	4
1270.27	0	370435	0	9784692736	9365524480	687.7	26	4
1271.27	0	370517	0	9784180736	9365524480	633.5	26	4
1272.28	0	370517	0	9784115200	9365524480	669.8	26	4
1273.28	0	370944	0	9784868864	9365524480	613.7	26	4
1274.29	0	371633	0	9785991168	9365524480	685.0	26	4
1275.29	0	371715	0	9785741312	9365524480	627.1	26	4
1276.29	0	371715	0	9785745408	9365524480	650.5	26	4
1277.30	0	372830	0	9786826752	9365524480	654.8	26	4
1278.30	0	372830	0	9786515456	9365524480	623.6	26	4
1279.31	0	372913	0	9786748928	9365532672	644.0	26	4
1280.31	0	372913	0	9786286080	9365532672	603.9	26	4
1281.31	0	374045	0	9788231680	9365532672	658.8	26	4
1282.32	0	374127	0	9788583936	9365532672	669.5	26	4
1283.32	0	374127	0	9788297216	9365532672	617.9	26	4
1284.33	0	375178	0	9789739008	9365532672	719.8	26	4
1285.33	0	375260	0	9789169664	9365532672	601.9	26	4
1286.34	0	375343	0	9789128704	9365532672	628.6	26	4
1287.34	0	375343	0	9788817408	9365532672	682.6	26	4
1288.34	0	376463	0	9790980096	9365532672	697.0	26	4
1289.35	0	376463	0	9790865408	9365532672	643.9	26	4
1290.35	0	376546	0	9790758912	9365602304	624.2	26	4
1291.36	0	376546	0	9790480384	9365602304	626.7	26	4
1292.36	0	377681	0	9792667648	9365753856	666.9	26	4
1293.37	0	377681	0	9792327680	9365753856	657.9	26	4
1294.37	0	377763	0	9792860160	9365762048	643.9	26	4
1295.37	0	377763	0	9792380928	9365782528	695.0	26	4
1296.38	0	378898	0	9794048000	9365782528	627.8	26	4
1297.38	0	378898	0	9793564672	9365807104	621.0	26	4
1298.39	0	378964	0	9794433024	9365811200	702.0	26	4
1299.39	0	379424	0	9794183168	9365811200	644.9	26	4
1300.40	0	380082	0	9794736128	9365811200	688.7	26	4
1301.40	0	380147	0	9795051520	9365811200	643.0	26	4
1302.40	0	380147	0	9795182592	9365811200	627.4	26	4
1303.41	0	381265	0	9796919296	9365811200	632.5	26	4
1304.41	0	381265	0	9796452352	9365811200	627.3	26	4
1305.42	0	381347	0	9796911104	9365815296	622.5	26	4
1306.42	0	381347	0	9796931584	9365827584	599.7	26	4
1307.42	0	382484	0	9798090752	9365827584	635.8	26	4
1308.43	0	382484	0	9797615616	9365827584	612.0	26	4
1309.43	0	382566	0	9797840896	9365827584	613.5	26	4
1310.44	0	382566	0	9797398528	9365831680	711.3	26	4
1311.44	0	383702	0	9798860800	9365831680	581.7	26	4
1312.45	0	383702	0	9798844416	9365831680	607.2	26	4
1313.45	0	383768	0	9798447104	9365831680	637.2	26	4
1314.45	0	383768	0	9798627328	9365831680	614.4	26	4
1315.46	0	384901	0	9800171520	9365831680	706.1	26	4
1316.46	0	384983	0	9799720960	9365835776	634.3	26	4
1317.47	0	384983	0	9799675904	9365835776	690.9	26	4
1318.47	0	386116	0	9800908800	9365835776	611.2	26	4
1319.48	0	386116	0	9801105408	9365835776	642.0	26	4
1320.48	0	386182	0	9800994816	9365843968	647.7	26	4
1321.48	0	386198	0	9800597504	9365843968	688.8	26	4
1322.49	0	387332	0	9802285056	9365843968	702.8	26	4
1323.49	0	387414	0	9802506240	9365843968	656.8	26	4
1324.50	0	387414	0	9803038720	9365843968	634.3	26	4
1325.50	0	388531	0	9804042240	9365843968	650.4	26	4
1326.51	0	388531	0	9804218368	9365843968	627.7	26	4
1327.51	0	388614	0	9804378112	9365843968	677.6	26	4
1328.51	0	388614	0	9803915264	9365843968	592.3	26	4
1329.52	0	389752	0	9805008896	9365843968	692.6	26	4
1330.52	0	389768	0	9805111296	9365843968	685.2	26	4
1331.53	0	389834	0	9805082624	9365843968	596.8	26	4
1332.53	0	389834	0	9805516800	9365848064	658.6	26	4
1333.54	0	390953	0	9806307328	9365848064	637.7	26	4
1334.54	0	390953	0	9806000128	9365848064	611.8	26	4
1335.54	0	391035	0	9805893632	9365848064	671.2	26	4
1336.55	0	391035	0	9806004224	9365848064	635.5	26	4
1337.55	0	392153	0	9807343616	9365848064	692.3	26	4
1338.56	0	392234	0	9807200256	9365848064	671.5	26	4
1339.56	0	392234	0	9807413248	9365848064	640.0	26	4
1340.57	0	393023	0	9808650240	9365848064	683.8	26	4
1341.57	0	393352	0	9808175104	9365848064	635.8	26	4
1342.57	0	393434	0	9808543744	9365848064	617.1	26	4
1343.58	0	393434	0	9808515072	9365848064	617.0	26	4
1344.58	0	394026	0	9808924672	9365848064	657.4	26	4
1345.59	0	394537	0	9809920000	9365848064	653.5	26	4
1346.59	0	394635	0	9809903616	9365848064	603.0	26	4
1347.60	0	394635	0	9809514496	9365848064	653.2	26	4
1348.60	0	395757	0	9810501632	9365852160	665.3	26	4
1349.60	0	395757	0	9810755584	9365852160	632.8	26	4
1350.61	0	395839	0	9810374656	9365852160	625.2	26	4
1351.61	0	395839	0	9810636800	9365856256	650.3	26	4
1352.62	0	396957	0	9812467712	9365860352	613.7	26	4
1353.62	0	396957	0	9812176896	9365860352	636.7	26	4
1354.63	0	397039	0	9812307968	9365860352	626.7	26	4
1355.63	0	397039	0	9812004864	9365860352	627.0	26	4
1356.63	0	398157	0	9813143552	9365860352	672.8	26	4
1357.64	0	398157	0	9812992000	9365860352	666.3	26	4
1358.64	0	398255	0	9813630976	9365864448	619.7	26	4
1359.65	0	398255	0	9813381120	9365864448	590.6	26	4
1360.65	0	399357	0	9814540288	9365864448	682.2	26	4
1361.66	0	399357	0	9814794240	9365868544	659.5	26	4
1362.66	0	399455	0	9815138304	9365868544	631.5	26	4
1363.67	0	399455	0	9814847488	9365884928	593.5	26	4
1364.67	0	400573	0	9815515136	9365884928	652.2	26	4
1365.67	0	400573	0	9815633920	9365884928	655.5	26	4
1366.68	0	400655	0	9815982080	9365884928	665.7	26	4
1367.68	0	400655	0	9816141824	9365884928	609.5	26	4
1368.69	0	401777	0	9817747456	9365884928	649.8	26	4
1369.69	0	401860	0	9817006080	9365889024	651.3	26	4
1370.70	0	401860	0	9816502272	9365889024	639.0	26	4
1371.70	0	401860	0	9816682496	9365889024	654.8	26	4
1372.70	0	402979	0	9818148864	9365889024	659.3	26	4
1373.71	0	403061	0	9818570752	9365889024	626.7	26	4
1374.71	0	403061	0	9818611712	9365889024	670.3	26	4
1375.72	0	403061	0	9818595328	9365889024	618.2	26	4
1376.72	0	404180	0	9819160576	9365889024	639.9	26	4
1377.73	0	404245	0	9819275264	9365889024	679.6	26	4
1378.73	0	404245	0	9819258880	9365889024	620.6	26	4
1379.73	0	404377	0	9819914240	9365889024	637.1	26	4
1380.74	0	405380	0	9820844032	9365889024	635.8	26	4
1381.74	0	405445	0	9821356032	9365905408	659.9	26	4
1382.75	0	405445	0	9821556736	9365905408	669.7	26	4
1383.75	0	406580	0	9822552064	9365905408	653.5	26	4
1384.76	0	406580	0	9822085120	9365905408	678.3	26	4
1385.76	0	406646	0	9822605312	9365905408	618.7	26	4
1386.76	0	406646	0	9822507008	9365905408	670.5	26	4
1387.77	0	407783	0	9823416320	9365921792	661.2	26	4
1388.77	0	407783	0	9823141888	9365921792	637.3	26	4
1389.78	0	407848	0	9823879168	9365921792	647.9	26	4
1390.78	0	407848	0	9823260672	9365925888	623.4	26	4
1391.79	0	408965	0	9824980992	9365925888	631.3	26	4
1392.79	0	408965	0	9825067008	9366016000	612.3	26	4
1393.79	0	409031	0	9824788480	9366020096	645.8	26	4
1394.80	0	409031	0	9824964608	9366020096	579.7	26	4
1395.80	0	410180	0	9825955840	9366020096	641.2	26	4
1396.81	0	410229	0	9826562048	9366052864	634.5	26	4
1397.81	0	410229	0	9826803712	9366052864	609.8	26	4
1398.81	0	411379	0	9827196928	9366052864	714.2	26	4
1399.82	0	411379	0	9826811904	9366052864	591.1	26	4
1400.82	0	411428	0	9827147776	9366052864	608.0	26	4
1401.83	0	411428	0	9826951168	9366052864	631.1	26	4
1402.83	0	412577	0	9828020224	9366052864	697.3	26	4
1403.84	0	412577	0	9828306944	9366052864	719.6	26	4
1404.84	0	412626	0	9828241408	9366052864	680.9	26	4
1405.84	0	412626	0	9828192256	9366052864	642.2	26	4
1406.85	0	413746	0	9829343232	9366052864	694.8	26	4
1407.85	0	413746	0	9829113856	9366052864	630.8	26	4
1408.86	0	413795	0	9829310464	9366052864	675.4	26	4
1409.86	0	413795	0	9829588992	9366052864	682.3	26	4
1410.86	0	414898	0	9830522880	9366052864	674.6	26	4
1411.87	0	414898	0	9830821888	9366056960	686.1	26	4
1412.87	0	414947	0	9831649280	9366065152	634.0	26	4
1413.88	0	414947	0	9830985728	9366065152	645.0	26	4
1414.88	0	416033	0	9832050688	9366065152	666.7	26	4
1415.89	0	416033	0	9832325120	9366065152	616.7	26	4
1416.89	0	416082	0	9832071168	9366065152	639.0	26	4
1417.90	0	416082	0	9832169472	9366065152	615.5	26	4
1418.90	0	416757	0	9833201664	9366065152	646.1	26	4
1419.90	0	417151	0	9834156032	9366065152	663.2	26	4
1420.91	0	417151	0	9833467904	9366069248	622.6	26	4
1421.91	0	417200	0	9833574400	9366085632	625.4	26	4
1422.92	0	417200	0	9834168320	9366085632	646.3	26	4
1423.92	0	418237	0	9835524096	9366085632	715.1	26	4
1424.93	0	418287	0	9834983424	9366085632	672.3	26	4
1425.93	0	418287	0	9835298816	9366102016	622.7	26	4
1426.93	0	419177	0	9836474368	9366102016	740.0	26	4
1427.94	0	419177	0	9836478464	9366102016	741.6	26	4
1428.94	0	419226	0	9836351488	9366102016	684.9	26	4
1429.95	0	419226	0	9835716608	9366102016	699.4	26	4
1430.95	0	419933	0	9836314624	9366102016	647.9	26	4
1431.96	0	419982	0	9836400640	9366102016	655.4	26	4
1432.96	0	419982	0	9836621824	9366102016	655.2	26	4
1433.96	0	419982	0	9836716032	9366102016	630.7	26	4
1434.97	0	421087	0	9837699072	9366102016	699.6	26	4
1435.97	0	421137	0	9838456832	9366102016	591.1	26	4
1436.98	0	421137	0	9838575616	9366102016	619.2	26	4
1437.98	0	421385	0	9837907968	9366102016	669.8	26	4
1438.99	0	422273	0	9838891008	9366106112	637.6	26	4
1439.99	0	422339	0	9838989312	9366106112	648.0	26	4
1440.99	0	422339	0	9838845952	9366106112	662.6	26	4
1442.00	0	423457	0	9839853568	9366110208	613.7	26	4
1443.00	0	423457	0	9839824896	9366110208	613.6	26	4
1444.01	0	423523	0	9840295936	9366110208	675.4	26	4
1445.01	0	423523	0	9840279552	9366110208	608.4	26	4
1446.01	0	424643	0	9841516544	9366110208	707.2	26	4
1447.02	0	424725	0	9841213440	9366110208	656.3	26	4
1448.02	0	424725	0	9841250304	9366110208	574.4	26	4
1449.03	0	425070	0	9841704960	9366110208	635.0	26	4
1450.03	0	425844	0	9842393088	9366110208	688.6	26	4
1451.04	0	425910	0	9842421760	9366110208	607.3	26	4
1452.04	0	425910	0	9842847744	9366110208	666.1	26	4
1453.04	0	426999	0	9844310016	9366110208	617.4	26	4
1454.05	0	427065	0	9843310592	9366110208	640.6	26	4
1455.05	0	427114	0	9844084736	9366110208	597.1	26	4
1456.06	0	427114	0	9843712000	9366110208	717.4	26	4
1457.06	0	428249	0	9844883456	9366110208	610.9	26	4
1458.06	0	428249	0	9845026816	9366110208	649.7	26	4
1459.07	0	428332	0	9845280768	9366110208	597.8	26	4
1460.07	0	428332	0	9844957184	9366110208	616.0	26	4
1461.08	0	429433	0	9846239232	9366114304	635.9	26	4
1462.08	0	429433	0	9846398976	9366114304	635.0	26	4
1463.09	0	429515	0	9845846016	9366114304	667.6	26	4
1464.09	0	429515	0	9846501376	9366114304	594.9	26	4
1465.09	0	430633	0	9847701504	9366114304	633.3	26	4
1466.10	0	430633	0	9847308288	9366114304	633.8	26	4
1467.10	0	430715	0	9847537664	9366114304	639.1	26	4
1468.11	0	430715	0	9847033856	9366114304	627.2	26	4
1469.11	0	431833	0	9849065472	9366114304	623.2	26	4
1470.11	0	431833	0	9848258560	9366114304	632.5	26	4
1471.12	0	431915	0	9847939072	9366114304	646.7	26	4
1472.12	0	431915	0	9848209408	9366114304	574.0	26	4
1473.13	0	433051	0	9849737216	9366118400	619.4	26	4
1474.13	0	433051	0	9849581568	9366118400	615.5	26	4
1475.13	0	433117	0	9849614336	9366118400	619.5	26	4
1476.14	0	433117	0	9849675776	9366118400	599.8	26	4
1477.14	0	434234	0	9851133952	9366118400	602.3	26	4
1478.15	0	434234	0	9850900480	9366118400	626.2	26	4
1479.15	0	434316	0	9851604992	9366118400	659.5	26	4
1480.15	0	434316	0	9850720256	9366118400	589.7	26	4
1481.16	0	435433	0	9851760640	9366118400	637.7	26	4
1482.16	0	435515	0	9852854272	9366118400	639.7	26	4
1483.17	0	435515	0	9851695104	9366118400	623.6	26	4
1484.17	0	435515	0	9850748928	9366118400	617.8	26	4
1485.18	0	436631	0	9851891712	9366118400	643.2	26	4
1486.18	0	436631	0	9852010496	9366118400	625.0	26	4
1487.19	0	436712	0	9852125184	9366118400	603.1	26	4
1488.19	0	436712	0	9852407808	9366118400	658.5	26	4
1489.19	0	437828	0	9854296064	9366118400	632.1	26	4
1490.20	0	437828	0	9853456384	9366118400	659.3	26	4
1491.20	0	437910	0	9854033920	9366118400	640.7	26	4
1492.21	0	437910	0	9853980672	9366118400	669.3	26	4
1493.21	0	439016	0	9854787584	9366118400	668.0	26	4
1494.21	0	439099	0	9855193088	9366118400	625.7	26	4
1495.22	0	439099	0	9855053824	9366118400	659.9	26	4
1496.22	0	439823	0	9855868928	9366118400	631.0	26	4
1497.23	0	440201	0	9857044480	9366118400	616.2	26	4
1498.23	0	440283	0	9856749568	9366118400	614.5	26	4
1499.24	0	440283	0	9856540672	9366118400	664.6	26	4
1500.24	0	440662	0	9856999424	9366118400	654.9	26	4
1501.24	0	441386	0	9858007040	9366118400	644.3	26	4
1502.25	0	441468	0	9857748992	9366118400	664.9	26	4
1503.25	0	441468	0	9857900544	9366118400	641.2	26	4
1504.26	0	442571	0	9859190784	9366118400	629.8	26	4
1505.26	0	442571	0	9859387392	9366118400	626.8	26	4
1506.26	0	442636	0	9860177920	9366118400	628.8	26	4
1507.27	0	442636	0	9859624960	9366118400	641.6	26	4
1508.27	0	443772	0	9860472832	9366118400	643.1	26	4
1509.28	0	443772	0	9860341760	9366118400	653.6	26	4
1510.28	0	443837	0	9860247552	9366118400	559.7	26	4
1511.29	0	443837	0	9860472832	9366122496	654.4	26	4
1512.29	0	444958	0	9861664768	9366122496	666.4	26	4
1513.29	0	444958	0	9861255168	9366126592	603.3	26	4
1514.30	0	445040	0	9861533696	9366126592	665.0	26	4
1515.30	0	445040	0	9861799936	9366126592	618.4	26	4
1516.31	0	446159	0	9863204864	9366126592	627.6	26	4
1517.31	0	446242	0	9862701056	9366126592	602.7	26	4
1518.31	0	446242	0	9862987776	9366130688	679.3	26	4
1519.32	0	447325	0	9864515584	9366130688	695.0	26	4
1520.32	0	447358	0	9864384512	9366130688	629.5	26	4
1521.33	0	447424	0	9864318976	9366130688	591.7	26	4
1522.33	0	447424	0	9864671232	9366130688	636.1	26	4
1523.33	0	448541	0	9865633792	9366130688	673.0	26	4
1524.34	0	448541	0	9865191424	9366130688	630.7	26	4
1525.34	0	448607	0	9865576448	9366130688	697.3	26	4
1526.35	0	448607	0	9865670656	9366130688	614.2	26	4
1527.35	0	449740	0	9866825728	9366130688	676.6	26	4
1528.36	0	449805	0	9866723328	9366130688	697.9	26	4
1529.36	0	449805	0	9866825728	9366130688	622.1	26	4
1530.36	0	450942	0	9867952128	9366130688	628.7	26	4
1531.37	0	450942	0	9868447744	9366130688	647.4	26	4
1532.37	0	451008	0	9868644352	9366130688	671.6	26	4
1533.38	0	451008	0	9868206080	9366130688	652.1	26	4
1534.38	0	452145	0	9869291520	9366130688	657.7	26	4
1535.38	0	452145	0	9869709312	9366147072	627.1	26	4
1536.39	0	452211	0	9869844480	9366155264	657.0	26	4
1537.39	0	452211	0	9869873152	9366155264	625.5	26	4
1538.40	0	453346	0	9870979072	9366155264	726.9	26	4
1539.40	0	453346	0	9871175680	9366155264	638.6	26	4
1540.41	0	453412	0	9870917632	9366155264	603.2	26	4
1541.41	0	453412	0	9870360576	9366155264	644.0	26	4
1542.41	0	454547	0	9871769600	9366171648	704.4	26	4
1543.42	0	454547	0	9871679488	9366171648	602.4	26	4
1544.42	0	454613	0	9871839232	9366183936	668.7	26	4
1545.43	0	454613	0	9871568896	9366183936	630.6	26	4
1546.43	0	455748	0	9873436672	9366188032	581.5	26	4
1547.43	0	455748	0	9873678336	9366188032	635.9	26	4
1548.44	0	455814	0	9873645568	9366200320	739.4	26	4
1549.44	0	455814	0	9873362944	9366200320	589.0	26	4
1550.45	0	456933	0	9874350080	9366200320	612.5	26	4
1551.45	0	456999	0	9875161088	9366200320	646.3	26	4
1552.45	0	456999	0	9874579456	9366200320	671.8	26	4
1553.46	0	458121	0	9875869696	9366200320	606.2	26	4
1554.46	0	458154	0	9875771392	9366200320	603.6	26	4
1555.47	0	458203	0	9875468288	9366200320	713.3	26	4
1556.47	0	458203	0	9874706432	9366200320	631.7	26	4
1557.48	0	459339	0	9876250624	9366200320	674.9	26	4
1558.48	0	459339	0	9876574208	9366204416	644.2	26	4
1559.48	0	459405	0	9876930560	9366204416	629.2	26	4
1560.49	0	459405	0	9877184512	9366204416	590.0	26	4
1561.49	0	460524	0	9878654976	9366204416	632.7	26	4
1562.50	0	460524	0	9878351872	9366204416	625.9	26	4
1563.50	0	460590	0	9878421504	9366204416	638.0	26	4
1564.50	0	460590	0	9878081536	9366204416	623.5	26	4
1565.51	0	461726	0	9878802432	9366204416	685.6	26	4
1566.51	0	461726	0	9878986752	9366204416	592.9	26	4
1567.52	0	461792	0	9879056384	9366204416	645.2	26	4
1568.52	0	461792	0	9878810624	9366204416	681.9	26	4
1569.53	0	462911	0	9880068096	9366204416	651.5	26	4
1570.53	0	462911	0	9879818240	9366204416	603.8	26	4
1571.53	0	462977	0	9880821760	9366204416	609.2	26	4
1572.54	0	462977	0	9880977408	9366204416	669.6	26	4
1573.54	0	464098	0	9881690112	9366216704	665.8	26	4
1574.55	0	464098	0	9881866240	9366216704	572.1	26	4
1575.55	0	464148	0	9882144768	9366220800	697.6	26	4
1576.55	0	464263	0	9882292224	9366220800	609.6	26	4
1577.56	0	465282	0	9883557888	9366233088	684.2	26	4
1578.56	0	465348	0	9883422720	9366233088	638.0	26	4
1579.57	0	465348	0	9883652096	9366233088	619.0	26	4
1580.57	0	466220	0	9884209152	9366233088	670.2	26	4
1581.57	0	466450	0	9883889664	9366233088	619.1	26	4
1582.58	0	466516	0	9884647424	9366233088	627.2	26	4
1583.58	0	466516	0	9884762112	9366233088	644.4	26	4
1584.59	0	467635	0	9885659136	9366233088	669.6	26	4
1585.59	0	467635	0	9885237248	9366233088	622.7	26	4
1586.60	0	467701	0	9885667328	9366233088	613.4	26	4
1587.60	0	467701	0	9885650944	9366233088	612.1	26	4
1588.60	0	468424	0	9886740480	9366233088	663.0	26	4
1589.61	0	468803	0	9886294016	9366233088	723.3	26	4
1590.61	0	468869	0	9886420992	9366233088	614.8	26	4
1591.62	0	468869	0	9886892032	9366233088	640.2	26	4
1592.62	0	469562	0	9887944704	9366233088	615.2	26	4
1593.62	0	469990	0	9888317440	9366233088	708.3	26	4
1594.63	0	470056	0	9888051200	9366233088	639.3	26	4
1595.63	0	470056	0	9887342592	9366233088	623.6	26	4
1596.64	0	470516	0	9888538624	9366233088	594.0	26	4
1597.64	0	471141	0	9889165312	9366233088	667.3	26	4
1598.65	0	471223	0	9889546240	9366360064	666.4	26	4
1599.65	0	471223	0	9889255424	9366360064	649.6	26	4
1600.65	0	472308	0	9890189312	9366360064	688.1	26	4
1601.66	0	472308	0	9889988608	9366360064	587.6	26	4
1602.66	0	472391	0	9890856960	9366364160	632.0	26	4
1603.67	0	472391	0	9891209216	9366364160	680.3	26	4
1604.67	0	473476	0	9892311040	9366364160	659.6	26	4
1605.67	0	473476	0	9892368384	9366376448	650.0	26	4
1606.68	0	473558	0	9893027840	9366388736	634.2	26	4
1607.68	0	473558	0	9892950016	9366388736	629.2	26	4
1608.69	0	474661	0	9893904384	9366388736	616.1	26	4
1609.69	0	474694	0	9893838848	9366388736	661.0	26	4
1610.70	0	474727	0	9893437440	9366396928	635.4	26	4
1611.70	0	474727	0	9894129664	9366396928	648.9	26	4
1612.70	0	475815	0	9895510016	9366401024	724.4	26	4
1613.71	0	475898	0	9895116800	9366401024	642.7	26	4
1614.71	0	475898	0	9895272448	9366401024	601.9	26	4
1615.72	0	476622	0	9896103936	9366401024	660.6	26	4
1616.72	0	476967	0	9896337408	9366401024	615.2	26	4
1617.72	0	477049	0	9896022016	9366401024	579.8	26	4
1618.73	0	477049	0	9896005632	9366401024	652.5	26	4
1619.73	0	478135	0	9896972288	9366401024	676.4	26	4
1620.74	0	478135	0	9897394176	9366401024	663.3	26	4
1621.74	0	478217	0	9896595456	9366405120	652.3	26	4
1622.75	0	478217	0	9897078784	9366405120	597.9	26	4
1623.75	0	479302	0	9898303488	9366405120	588.3	26	4
1624.75	0	479302	0	9897893888	9366405120	630.4	26	4
1625.76	0	479384	0	9898168320	9366417408	634.0	26	4
1626.76	0	479384	0	9898352640	9366417408	633.9	26	4
1627.77	0	480454	0	9899335680	9366417408	655.4	26	4
1628.77	0	480552	0	9899614208	9366417408	676.4	26	4
1629.77	0	480552	0	9899556864	9366417408	627.7	26	4
1630.78	0	480552	0	9898594304	9366421504	606.9	26	4
1631.78	0	481659	0	9900724224	9366421504	652.5	26	4
1632.79	0	481758	0	9900601344	9366421504	647.0	26	4
1633.79	0	481758	0	9900634112	9366421504	576.6	26	4
1634.80	0	482844	0	9901408256	9366421504	668.7	26	4
1635.80	0	482844	0	9901473792	9366454272	680.2	26	4
1636.80	0	482942	0	9901432832	9366454272	640.1	26	4
1637.81	0	482942	0	9901514752	9366454272	648.0	26	4
1638.81	0	484027	0	9902645248	9366454272	645.9	26	4
1639.82	0	484027	0	9902538752	9366454272	617.0	26	4
1640.82	0	484126	0	9902850048	9366454272	642.9	26	4
1641.82	0	484126	0	9903300608	9366454272	631.5	26	4
1642.83	0	485195	0	9904459776	9366454272	654.3	26	4
1643.83	0	485195	0	9903779840	9366454272	624.2	26	4
1644.84	0	485278	0	9904562176	9366470656	670.1	26	4
1645.84	0	485278	0	9904476160	9366474752	721.8	26	4
1646.85	0	486363	0	9905819648	9366474752	730.7	26	4
1647.85	0	486363	0	9905647616	9366491136	645.9	26	4
1648.85	0	486445	0	9905909760	9366499328	618.9	26	4
1649.86	0	486445	0	9905979392	9366511616	740.2	26	4
1650.86	0	487451	0	9907007488	9366511616	817.3	26	4
1651.87	0	487451	0	9906515968	9366511616	807.2	26	4
1652.87	0	487451	0	9906913280	9366511616	596.7	26	4
1653.87	0	487534	0	9906565120	9366511616	698.7	26	4
1654.88	0	487534	0	9906597888	9366511616	601.9	26	4
1655.88	0	487534	0	9906823168	9366515712	698.9	26	4
1656.89	0	488408	0	9907421184	9366515712	659.1	26	4
1657.89	0	488408	0	9907499008	9366523904	613.7	26	4
1658.90	0	488490	0	9907871744	9366523904	661.9	26	4
1659.90	0	488490	0	9907908608	9366523904	789.7	26	4
1660.90	0	488490	0	9906946048	9366523904	643.0	26	4
1661.91	0	489462	0	9908408320	9366523904	632.7	26	4
1662.91	0	489462	0	9908666368	9366523904	569.3	26	4
1663.92	0	489544	0	9908789248	9366523904	648.7	26	4
1664.92	0	489544	0	9908494336	9366589440	687.3	26	4
1665.92	0	490499	0	9909829632	9366597632	656.3	26	4
1666.93	0	490499	0	9909878784	9366597632	607.7	26	4
1667.93	0	490581	0	9910108160	9366597632	624.5	26	4
1668.94	0	490581	0	9909764096	9366597632	666.2	26	4
1669.94	0	491669	0	9910505472	9366597632	650.8	26	4
1670.94	0	491669	0	9910984704	9366601728	680.2	26	4
1671.95	0	491751	0	9911570432	9366601728	591.3	26	4
1672.95	0	491751	0	9911316480	9366601728	599.5	26	4
1673.96	0	492821	0	9912389632	9366601728	680.6	26	4
1674.96	0	492821	0	9911758848	9366601728	611.8	26	4
1675.97	0	492920	0	9911881728	9366601728	606.4	26	4
1676.97	0	492920	0	9912393728	9366601728	649.3	26	4
1677.97	0	493990	0	9912848384	9366601728	665.2	26	4
1678.98	0	493990	0	9912827904	9366601728	644.6	26	4
1679.98	0	494072	0	9912778752	9366601728	648.7	26	4
1680.99	0	494072	0	9912754176	9366601728	593.1	26	4
1681.99	0	495157	0	9914818560	9366601728	704.4	26	4
1682.99	0	495157	0	9913532416	9366601728	623.9	26	4
1684.00	0	495239	0	9913638912	9366601728	605.4	26	4
1685.00	0	495239	0	9913532416	9366601728	722.4	26	4
1686.01	0	496340	0	9915244544	9366601728	634.1	26	4
1687.01	0	496340	0	9915330560	9366601728	603.4	26	4
1688.02	0	496405	0	9915559936	9366601728	643.8	26	4
1689.02	0	496405	0	9915154432	9366601728	646.3	26	4
1690.02	0	497492	0	9916289024	9366601728	634.6	26	4
1691.03	0	497492	0	9916076032	9366601728	620.8	26	4
1692.03	0	497574	0	9916203008	9366601728	582.0	26	4
1693.04	0	497574	0	9916592128	9366601728	621.7	26	4
1694.04	0	498659	0	9918332928	9366601728	636.9	26	4
1695.04	0	498659	0	9917730816	9366601728	687.6	26	4
1696.05	0	498741	0	9917915136	9366601728	618.1	26	4
1697.05	0	498741	0	9917919232	9366609920	607.2	26	4
1698.06	0	499824	0	9919229952	9366609920	647.9	26	4
1699.06	0	499905	0	9919569920	9366609920	648.4	26	4
1700.06	0	499905	0	9918574592	9366609920	591.2	26	4
1701.07	0	499905	0	9919082496	9366634496	620.7	26	4
1702.07	0	501006	0	9920647168	9366634496	653.0	26	4
1703.08	0	501088	0	9920446464	9366634496	626.2	26	4
1704.08	0	501088	0	9920372736	9366634496	665.5	26	4
1705.09	0	502188	0	9921884160	9366634496	669.2	26	4
1706.09	0	502188	0	9920774144	9366634496	772.6	26	4
1707.09	0	502254	0	9921224704	9366634496	650.4	26	4
1708.10	0	502254	0	9921372160	9366634496	651.4	26	4
1709.10	0	503209	0	9922580480	9366634496	691.4	26	4
1710.11	0	503209	0	9922224128	9366634496	657.3	26	4
1711.11	0	503275	0	9922609152	9366634496	609.8	26	4
1712.11	0	503275	0	9922265088	9366634496	642.5	26	4
1713.12	0	504216	0	9923231744	9366634496	656.6	26	4
1714.12	0	504216	0	9923248128	9366638592	607.7	26	4
1715.13	0	504281	0	9922863104	9366638592	608.6	26	4
1716.13	0	504281	0	9923125248	9366642688	648.7	26	4
1717.14	0	505252	0	9924411392	9366642688	641.8	26	4
1718.14	0	505252	0	9924042752	9366642688	641.1	26	4
1719.14	0	505318	0	9925013504	9366642688	720.8	26	4
1720.15	0	505318	0	9924165632	9366642688	581.8	26	4
1721.15	0	506289	0	9925451776	9366642688	612.4	26	4
1722.16	0	506289	0	9925353472	9366642688	657.0	26	4
1723.16	0	506355	0	9925455872	9366642688	642.2	26	4
1724.16	0	506355	0	9925500928	9366642688	692.0	26	4
1725.17	0	507147	0	9926766592	9366646784	662.4	26	4
1726.17	0	507147	0	9927229440	9366646784	652.9	26	4
1727.18	0	507197	0	9926643712	9366654976	683.6	26	4
1728.18	0	507197	0	9926103040	9366654976	626.7	26	4
1729.19	0	508091	0	9928151040	9366667264	608.4	26	4
1730.19	0	508157	0	9927983104	9366667264	700.7	26	4
1731.19	0	508157	0	9927364608	9366667264	645.5	26	4
1732.20	0	508240	0	9928474624	9366667264	634.2	26	4
1733.20	0	509178	0	9928417280	9366667264	656.6	26	4
1734.21	0	509243	0	9928572928	9366675456	638.0	26	4
1735.21	0	509243	0	9928220672	9366675456	585.5	26	4
1736.21	0	509243	0	9928847360	9366675456	579.0	26	4
1737.22	0	510263	0	9930072064	9366675456	587.8	26	4
1738.22	0	510345	0	9930002432	9366675456	670.3	26	4
1739.23	0	510345	0	9929826304	9366675456	643.1	26	4
1740.23	0	510411	0	9930547200	9366679552	688.8	26	4
1741.24	0	511349	0	9931386880	9366769664	714.6	26	4
1742.24	0	511415	0	9931804672	9366777856	625.3	26	4
1743.24	0	511415	0	9931632640	9366777856	596.2	26	4
1744.25	0	511595	0	9931915264	9366781952	686.9	26	4
1745.25	0	512353	0	9931034624	9366781952	599.7	26	4
1746.26	0	512403	0	9931771904	9366781952	609.9	26	4
1747.26	0	512403	0	9931698176	9366781952	639.9	26	4
1748.27	0	512882	0	9932488704	9366781952	596.6	26	4
1749.27	0	513410	0	9932951552	9366786048	689.4	26	4
1750.27	0	513476	0	9933189120	9366786048	650.6	26	4
1751.28	0	513476	0	9933242368	9366786048	643.1	26	4
1752.28	0	514479	0	9934299136	9366786048	704.9	26	4
1753.29	0	514479	0	9933881344	9366786048	622.0	26	4
1754.29	0	514561	0	9934336000	9366786048	646.0	26	4
1755.29	0	514561	0	9934200832	9366786048	630.2	26	4
1756.30	0	515548	0	9935769600	9366786048	700.9	26	4
1757.30	0	515548	0	9935249408	9366786048	639.0	26	4
1758.31	0	515631	0	9935466496	9366790144	655.7	26	4
1759.31	0	515631	0	9935163392	9366790144	650.7	26	4
1760.32	0	516618	0	9936654336	9366790144	692.2	26	4
1761.32	0	516618	0	9936486400	9366790144	664.8	26	4
1762.32	0	516668	0	9936351232	9366790144	606.9	26	4
1763.33	0	516668	0	9936535552	9366790144	615.2	26	4
1764.33	0	517113	0	9937895424	9366790144	626.9	26	4
1765.34	0	517674	0	9937915904	9366790144	670.3	26	4
1766.34	0	517740	0	9937780736	9366806528	639.6	26	4
1767.35	0	517740	0	9937690624	9366806528	613.9	26	4
1768.35	0	517740	0	9937600512	9366806528	653.2	26	4
1769.35	0	518778	0	9938501632	9366806528	677.6	26	4
1770.36	0	518860	0	9938857984	9366806528	616.9	26	4
1771.36	0	518860	0	9938567168	9366806528	610.8	26	4
1772.37	0	518860	0	9938763776	9366806528	650.7	26	4
1773.37	0	519897	0	9940021248	9366806528	677.2	26	4
1774.38	0	519979	0	9940361216	9366806528	625.3	26	4
1775.38	0	519979	0	9939218432	9366806528	579.5	26	4
1776.38	0	519979	0	9939050496	9366806528	649.6	26	4
1777.39	0	521032	0	9940836352	9366806528	690.0	26	4
1778.39	0	521114	0	9940381696	9366806528	751.9	26	4
1779.40	0	521114	0	9940557824	9366806528	658.8	26	4
1780.40	0	521114	0	9940336640	9366806528	666.1	26	4
1781.41	0	522052	0	9942253568	9366806528	666.9	26	4
1782.41	0	522052	0	9942196224	9366806528	672.2	26	4
1783.41	0	522134	0	9940811776	9366806528	666.8	26	4
1784.42	0	522134	0	9940406272	9366806528	668.4	26	4
1785.42	0	523060	0	9941934080	9366806528	677.8	26	4
1786.43	0	523060	0	9941540864	9366806528	602.7	26	4
1787.43	0	523143	0	9941659648	9366806528	654.2	26	4
1788.44	0	523143	0	9941983232	9366806528	647.2	26	4
1789.44	0	523275	0	9942351872	9366810624	632.3	26	4
1790.45	0	524163	0	9942552576	9366810624	629.0	26	4
1791.45	0	524245	0	9943638016	9366810624	637.2	26	4
1792.45	0	524245	0	9943416832	9366810624	660.6	26	4
1793.46	0	524245	0	9943924736	9366810624	607.7	26	4
1794.46	0	525314	0	9944305664	9366810624	657.7	26	4
1795.47	0	525314	0	9944137728	9366810624	657.7	26	4
1796.47	0	525380	0	9945333760	9366810624	616.1	26	4
1797.47	0	525380	0	9944436736	9366810624	668.3	26	4
1798.48	0	526368	0	9944997888	9366810624	654.2	26	4
1799.48	0	526368	0	9945579520	9366810624	635.6	26	4
1800.49	0	526466	0	9945235456	9366810624	672.2	26	4
1801.49	0	526466	0	9945559040	9366814720	663.2	26	4
1802.50	0	527439	0	9946710016	9366814720	644.2	26	4
1803.50	0	527521	0	9947017216	9366818816	678.5	26	4
1804.50	0	527521	0	9946591232	9366831104	631.2	26	4
1805.51	0	528049	0	9948094464	9366831104	630.1	26	4
1806.51	0	528593	0	9947897856	9366835200	676.8	26	4
1807.52	0	528659	0	9947783168	9366835200	609.9	26	4
1808.52	0	528659	0	9947459584	9366835200	613.1	26	4
1809.52	0	529004	0	9948536832	9366835200	605.6	26	4
1810.53	0	529727	0	9948991488	9366835200	658.6	26	4
1811.53	0	529809	0	9949667328	9366839296	608.3	26	4
1812.54	0	529809	0	9949327360	9366839296	607.8	26	4
1813.54	0	530860	0	9950420992	9366843392	704.5	26	4
1814.54	0	530860	0	9950625792	9366843392	615.5	26	4
1815.55	0	530926	0	9950384128	9366851584	617.6	26	4
1816.55	0	530926	0	9950236672	9366863872	612.7	26	4
1817.56	0	531847	0	9952309248	9366867968	643.8	26	4
1818.56	0	532012	0	9951797248	9366867968	689.3	26	4
1819.57	0	532077	0	9952145408	9366867968	620.7	26	4
1820.57	0	532077	0	9951334400	9366867968	613.7	26	4
1821.57	0	533131	0	9953349632	9366867968	658.6	26	4
1822.58	0	533131	0	9952968704	9366867968	640.7	26	4
1823.58	0	533213	0	9952595968	9366867968	595.2	26	4
1824.59	0	533213	0	9953169408	9366867968	652.4	26	4
1825.59	0	534284	0	9953779712	9366867968	632.5	26	4
1826.60	0	534284	0	9953644544	9366867968	628.8	26	4
1827.60	0	534366	0	9953996800	9366867968	654.7	26	4
1828.60	0	534366	0	9953599488	9366867968	585.4	26	4
1829.61	0	535417	0	9955434496	9366867968	663.9	26	4
1830.61	0	535499	0	9955020800	9366867968	599.7	26	4
1831.62	0	535499	0	9954951168	9366892544	645.9	26	4
1832.62	0	535796	0	9955500032	9366892544	638.0	26	4
1833.62	0	536520	0	9955983360	9366892544	665.8	26	4
1834.63	0	536602	0	9956020224	9366892544	674.0	26	4
1835.63	0	536602	0	9956220928	9366900736	584.0	26	4
1836.64	0	537605	0	9957978112	9366900736	607.8	26	4
1837.64	0	537605	0	9957478400	9366900736	679.7	26	4
1838.64	0	537654	0	9957883904	9366908928	649.3	26	4
1839.65	0	537654	0	9957609472	9366908928	623.0	26	4
1840.65	0	538595	0	9958264832	9366908928	667.7	26	4
1841.66	0	538595	0	9957777408	9366908928	649.5	26	4
1842.66	0	538678	0	9958301696	9366908928	628.7	26	4
1843.67	0	538678	0	9957892096	9366908928	646.2	26	4
1844.67	0	539668	0	9959419904	9366908928	624.6	26	4
1845.67	0	539668	0	9959698432	9366917120	608.1	26	4
1846.68	0	539734	0	9959411712	9366917120	592.5	26	4
1847.68	0	539734	0	9959788544	9366917120	630.1	26	4
1848.69	0	540770	0	9961627648	9366917120	674.7	26	4
1849.69	0	540770	0	9960984576	9366917120	620.0	26	4
1850.70	0	540836	0	9960882176	9366917120	622.9	26	4
1851.70	0	540836	0	9961070592	9366917120	605.8	26	4
1852.70	0	541841	0	9962573824	9366917120	653.1	26	4
1853.71	0	541841	0	9962029056	9366917120	679.5	26	4
1854.71	0	541906	0	9962106880	9366917120	594.9	26	4
1855.72	0	541906	0	9962029056	9366917120	697.3	26	4
1856.72	0	542796	0	9962577920	9366917120	614.0	26	4
1857.72	0	542796	0	9961979904	9366917120	655.8	26	4
1858.73	0	542846	0	9962577920	9366917120	646.4	26	4
1859.73	0	542846	0	9962434560	9366917120	587.1	26	4
1860.74	0	543803	0	9964032000	9366921216	649.2	26	4
1861.74	0	543803	0	9963614208	9366921216	684.2	26	4
1862.74	0	543853	0	9963675648	9366921216	604.8	26	4
1863.75	0	543853	0	9963528192	9366921216	593.6	26	4
1864.75	0	544875	0	9964822528	9366921216	632.3	26	4
1865.76	0	544875	0	9964285952	9366921216	641.2	26	4
1866.76	0	544957	0	9964642304	9366925312	628.0	26	4
1867.77	0	544957	0	9964740608	9366925312	610.2	26	4
1868.77	0	546010	0	9965805568	9366925312	621.2	26	4
1869.77	0	546010	0	9966231552	9366925312	589.4	26	4
1870.78	0	546092	0	9965334528	9366925312	611.5	26	4
1871.78	0	546092	0	9965760512	9366925312	636.9	26	4
1872.79	0	546635	0	9966616576	9366925312	622.0	26	4
1873.79	0	547129	0	9967308800	9366925312	606.1	26	4
1874.79	0	547211	0	9966858240	9366929408	661.6	26	4
1875.80	0	547211	0	9966706688	9366929408	586.7	26	4
1876.80	0	547293	0	9967370240	9366929408	579.8	26	4
1877.81	0	548231	0	9968668672	9366929408	687.5	26	4
1878.81	0	548313	0	9968959488	9366929408	627.1	26	4
1879.82	0	548313	0	9968156672	9366929408	618.9	26	4
1880.82	0	548561	0	9968513024	9366929408	628.2	26	4
1881.82	0	549320	0	9969319936	9366929408	659.1	26	4
1882.83	0	549402	0	9970053120	9366929408	641.3	26	4
1883.83	0	549402	0	9969393664	9366929408	614.0	26	4
1884.84	0	549402	0	9969975296	9366937600	626.1	26	4
1885.84	0	550455	0	9971212288	9366937600	623.4	26	4
1886.84	0	550455	0	9971355648	9366937600	611.6	26	4
1887.85	0	550538	0	9970974720	9366937600	622.3	26	4
1888.85	0	550538	0	9970507776	9366937600	609.0	26	4
1889.86	0	551575	0	9971986432	9366937600	640.3	26	4
1890.86	0	551575	0	9971810304	9366937600	621.4	26	4
1891.87	0	551657	0	9972211712	9366937600	688.9	26	4
1892.87	0	551657	0	9971699712	9366937600	622.2	26	4
1893.87	0	552694	0	9972543488	9366937600	619.2	26	4
1894.88	0	552694	0	9972334592	9366937600	658.1	26	4
1895.88	0	552760	0	9972350976	9366937600	628.0	26	4
1896.89	0	552760	0	9972576256	9366937600	734.7	26	4
1897.89	0	553747	0	9974026240	9366937600	685.6	26	4
1898.89	0	553747	0	9973886976	9366937600	594.8	26	4
1899.90	0	553813	0	9973956608	9366937600	601.0	26	4
1900.90	0	553813	0	9974673408	9366945792	621.2	26	4
1901.91	0	554803	0	9975668736	9366945792	623.2	26	4
1902.91	0	554803	0	9975377920	9366945792	691.0	26	4
1903.92	0	554885	0	9976086528	9366945792	642.1	26	4
1904.92	0	554885	0	9975418880	9366945792	657.5	26	4
1905.92	0	555938	0	9976827904	9366945792	705.3	26	4
1906.93	0	555938	0	9976918016	9366945792	623.3	26	4
1907.93	0	556004	0	9976889344	9366945792	626.9	26	4
1908.94	0	556004	0	9976774656	9366945792	620.6	26	4
1909.94	0	557072	0	9977909248	9366945792	611.5	26	4
1910.94	0	557072	0	9977430016	9366945792	603.7	26	4
1911.95	0	557155	0	9977909248	9366949888	648.9	26	4
1912.95	0	557155	0	9977757696	9366949888	629.8	26	4
1913.96	0	558207	0	9979379712	9366949888	657.4	26	4
1914.96	0	558207	0	9979088896	9366949888	667.0	26	4
1915.97	0	558273	0	9978470400	9366949888	679.7	26	4
1916.97	0	558273	0	9978306560	9366949888	631.7	26	4
1917.97	0	559342	0	9979830272	9366949888	636.2	26	4
1918.98	0	559342	0	9980022784	9366949888	621.9	26	4
1919.98	0	559408	0	9979469824	9366949888	637.8	26	4
1920.99	0	559408	0	9979691008	9366958080	653.1	26	4
1921.99	0	560480	0	9980743680	9366958080	647.2	26	4
1923.00	0	560480	0	9980600320	9366962176	621.5	26	4
1924.00	0	560546	0	9980841984	9366962176	634.1	26	4
1925.00	0	560546	0	9980645376	9366962176	640.5	26	4
1926.01	0	561615	0	9982197760	9366962176	713.8	26	4
1927.01	0	561615	0	9982054400	9366962176	621.3	26	4
1928.02	0	561681	0	9982541824	9366962176	616.7	26	4
1929.02	0	561681	0	9981718528	9366962176	684.7	26	4
1930.02	0	562749	0	9983332352	9366962176	661.9	26	4
1931.03	0	562749	0	9982763008	9366962176	627.8	26	4
1932.03	0	562831	0	9983270912	9366962176	624.7	26	4
1933.04	0	562831	0	9983369216	9366966272	620.2	26	4
1934.04	0	563883	0	9984995328	9366966272	667.5	26	4
1935.05	0	563883	0	9983889408	9366966272	669.6	26	4
1936.05	0	563965	0	9984184320	9366966272	675.0	26	4
1937.05	0	563965	0	9984221184	9366966272	649.9	26	4
1938.06	0	565031	0	9985224704	9366966272	684.8	26	4
1939.06	0	565031	0	9985425408	9366966272	668.2	26	4
1940.07	0	565114	0	9985437696	9366966272	655.9	26	4
1941.07	0	565114	0	9985818624	9366966272	631.3	26	4
1942.07	0	566121	0	9986666496	9366966272	659.4	26	4
1943.08	0	566121	0	9986494464	9366966272	609.8	26	4
1944.08	0	566204	0	9986269184	9366970368	610.8	26	4
1945.09	0	566204	0	9986072576	9366970368	646.1	26	4
1946.09	0	567291	0	9988194304	9366970368	673.9	26	4
1947.09	0	567291	0	9988497408	9366970368	654.5	26	4
1948.10	0	567356	0	9988014080	9366970368	655.8	26	4
1949.10	0	567356	0	9988374528	9366970368	612.6	26	4
1950.11	0	568458	0	9989353472	9366970368	625.1	26	4
1951.11	0	568458	0	9989079040	9366970368	625.8	26	4
1952.12	0	568540	0	9989660672	9366970368	703.3	26	4
1953.12	0	568540	0	9988952064	9366970368	667.9	26	4
1954.12	0	569592	0	9990356992	9366970368	650.0	26	4
1955.13	0	569592	0	9989828608	9366970368	631.2	26	4
1956.13	0	569674	0	9990705152	9366970368	594.7	26	4
1957.14	0	569674	0	9990303744	9366974464	650.4	26	4
1958.14	0	570727	0	9991696384	9366978560	672.0	26	4
1959.14	0	570727	0	9991528448	9366978560	611.5	26	4
1960.15	0	570777	0	9991639040	9366978560	658.7	26	4
1961.15	0	570777	0	9991319552	9366978560	664.6	26	4
1962.16	0	571784	0	9993162752	9366978560	680.7	26	4
1963.16	0	571784	0	9992937472	9366978560	611.0	26	4
1964.17	0	571867	0	9993154560	9366978560	626.9	26	4
1965.17	0	571867	0	9991962624	9366978560	636.3	26	4
1966.17	0	572936	0	9994104832	9366978560	637.0	26	4
1967.18	0	572936	0	9994244096	9366978560	626.4	26	4
1968.18	0	573002	0	9994534912	9366978560	616.1	26	4
1969.19	0	573002	0	9994383360	9366982656	690.2	26	4
1970.19	0	574104	0	9995087872	9366982656	648.8	26	4
1971.19	0	574104	0	9995124736	9366982656	695.9	26	4
1972.20	0	574186	0	9995034624	9366982656	645.6	26	4
1973.20	0	574186	0	9995333632	9366982656	578.3	26	4
1974.21	0	575256	0	9996181504	9366986752	626.3	26	4
1975.21	0	575256	0	9996521472	9366994944	652.9	26	4
1976.22	0	575338	0	9996656640	9366994944	670.4	26	4
1977.22	0	575338	0	9996652544	9366994944	616.0	26	4
1978.22	0	576391	0	9997942784	9366999040	685.4	26	4
1979.23	0	576391	0	9996939264	9366999040	614.9	26	4
1980.23	0	576474	0	9997168640	9366999040	636.9	26	4
1981.24	0	576474	0	9997443072	9366999040	621.0	26	4
1982.24	0	577546	0	9999257600	9366999040	622.6	26	4
1983.25	0	577562	0	9998848000	9366999040	706.2	26	4
1984.25	0	577644	0	9998651392	9366999040	559.9	26	4
1985.25	0	577644	0	9998606336	9366999040	630.7	26	4
1986.26	0	578713	0	9999560704	9366999040	653.1	26	4
1987.26	0	578713	0	9999937536	9366999040	592.3	26	4
1988.27	0	578812	0	10000297984	9366999040	625.8	26	4
1989.27	0	578812	0	10000261120	9366999040	659.3	26	4
1990.28	0	579880	0	10001997824	9367101440	614.7	26	4
1991.28	0	579880	0	10001989632	9367003136	638.6	26	4
1992.28	0	579979	0	10001833984	9367003136	655.4	26	4
1993.29	0	579979	0	10001485824	9367003136	606.0	26	4
1994.29	0	579979	0	10001387520	9367003136	627.8	26	4
1995.30	0	581048	0	10002817024	9367003136	632.8	26	4
1996.30	0	581130	0	10002579456	9367003136	609.6	26	4
1997.30	0	581130	0	10002960384	9367003136	674.4	26	4
1998.31	0	581130	0	10003320832	9367003136	628.0	26	4
1999.31	0	582214	0	10004467712	9367003136	626.1	26	4
2000.32	0	582214	0	10004152320	9367007232	621.8	26	4
2001.32	0	582297	0	10003623936	9367007232	649.1	26	4
2002.33	0	582297	0	10003488768	9367015424	737.7	26	4
2003.33	0	583369	0	10004762624	9367015424	571.3	26	4
2004.33	0	583369	0	10005200896	9367019520	607.2	26	4
2005.34	0	583452	0	10005528576	9367019520	582.3	26	4
2006.34	0	583452	0	10005606400	9367019520	639.3	26	4
2007.35	0	584521	0	10006491136	9367019520	704.4	26	4
2008.35	0	584521	0	10005639168	9367019520	626.3	26	4
2009.36	0	584636	0	10005782528	9367019520	632.8	26	4
2010.36	0	584636	0	10005557248	9367019520	649.3	26	4
2011.36	0	585689	0	10007011328	9367019520	672.0	26	4
2012.37	0	585689	0	10007048192	9367019520	650.0	26	4
2013.37	0	585788	0	10007306240	9367019520	589.4	26	4
2014.38	0	585788	0	10006958080	9367027712	607.5	26	4
2015.38	0	586840	0	10008231936	9367031808	682.3	26	4
2016.39	0	586840	0	10007977984	9367031808	668.3	26	4
2017.39	0	586938	0	10008223744	9367031808	652.9	26	4
2018.39	0	586938	0	10008387584	9367031808	676.2	26	4
2019.40	0	587958	0	10009817088	9367040000	641.6	26	4
2020.40	0	587958	0	10009563136	9367040000	610.4	26	4
2021.41	0	588041	0	10009178112	9367040000	635.4	26	4
2022.41	0	588041	0	10009325568	9367040000	605.6	26	4
2023.41	0	589047	0	10011045888	9367048192	602.7	26	4
2024.42	0	589047	0	10010832896	9367048192	621.5	26	4
2025.42	0	589146	0	10010636288	9367048192	608.9	26	4
2026.43	0	589146	0	10011287552	9367052288	652.6	26	4
2027.43	0	590216	0	10012372992	9367052288	657.7	26	4
2028.44	0	590216	0	10012221440	9367052288	613.0	26	4
2029.44	0	590315	0	10012442624	9367052288	618.5	26	4
2030.44	0	590315	0	10012528640	9367052288	622.8	26	4
2031.45	0	590660	0	10012856320	9367052288	635.7	26	4
2032.45	0	591383	0	10013261824	9367052288	597.4	26	4
2033.46	0	591383	0	10012823552	9367052288	598.6	26	4
2034.46	0	591482	0	10013032448	9367052288	627.7	26	4
2035.47	0	591482	0	10012479488	9367052288	586.3	26	4
2036.47	0	592552	0	10013990912	9367052288	634.4	26	4
2037.47	0	592552	0	10014056448	9367052288	628.0	26	4
2038.48	0	592650	0	10014572544	9367060480	656.1	26	4
2039.48	0	592650	0	10013851648	9367060480	619.4	26	4
2040.49	0	593703	0	10015485952	9367060480	597.8	26	4
2041.49	0	593703	0	10015592448	9367060480	611.3	26	4
2042.50	0	593786	0	10015154176	9367060480	608.1	26	4
2043.50	0	593786	0	10015813632	9367064576	631.7	26	4
2044.50	0	593835	0	10016800768	9367064576	621.8	26	4
2045.51	0	594874	0	10017431552	9367068672	631.3	26	4
2046.51	0	594957	0	10017337344	9367068672	611.8	26	4
2047.52	0	594957	0	10017280000	9367068672	613.3	26	4
2048.52	0	594957	0	10017402880	9367068672	613.6	26	4
2049.52	0	596040	0	10018328576	9367072768	626.7	26	4
2050.53	0	596040	0	10018004992	9367072768	658.7	26	4
2051.53	0	596122	0	10018566144	9367076864	636.8	26	4
2052.54	0	596122	0	10018811904	9367076864	663.8	26	4
2053.54	0	597190	0	10019508224	9367076864	651.6	26	4
2054.54	0	597190	0	10020044800	9367076864	634.3	26	4
2055.55	0	597289	0	10020052992	9367076864	629.8	26	4
2056.55	0	597289	0	10019647488	9367076864	670.0	26	4
2057.56	0	598357	0	10020851712	9367076864	713.0	26	4
2058.56	0	598357	0	10020737024	9367076864	624.7	26	4
2059.57	0	598455	0	10021371904	9367076864	581.8	26	4
2060.57	0	598455	0	10020016128	9367076864	616.4	26	4
2061.57	0	599493	0	10021195776	9367076864	672.2	26	4
2062.58	0	599493	0	10021343232	9367076864	716.0	26	4
2063.58	0	599592	0	10021294080	9367076864	724.1	26	4
2064.59	0	599592	0	10021330944	9367076864	619.2	26	4
2065.59	0	600680	0	10022539264	9367076864	607.7	26	4
2066.59	0	600746	0	10022596608	9367076864	675.7	26	4
2067.60	0	600779	0	10023452672	9367076864	609.8	26	4
2068.60	0	600779	0	10022400000	9367076864	632.3	26	4
2069.61	0	601864	0	10023845888	9367080960	655.4	26	4
2070.61	0	601963	0	10024255488	9367085056	667.3	26	4
2071.62	0	601963	0	10023284736	9367085056	658.4	26	4
2072.62	0	601963	0	10023956480	9367085056	608.8	26	4
2073.62	0	603047	0	10024595456	9367085056	587.8	26	4
2074.63	0	603047	0	10024910848	9367085056	612.9	26	4
2075.63	0	603130	0	10025308160	9367085056	594.9	26	4
2076.64	0	603130	0	10025689088	9367085056	710.2	26	4
2077.64	0	603738	0	10026475520	9367085056	638.7	26	4
2078.64	0	604215	0	10027229184	9367089152	675.0	26	4
2079.65	0	604297	0	10026979328	9367089152	591.2	26	4
2080.65	0	604297	0	10026401792	9367089152	662.2	26	4
2081.66	0	604297	0	10026823680	9367089152	640.2	26	4
2082.66	0	605365	0	10028310528	9367089152	646.4	26	4
2083.66	0	605465	0	10026528768	9367089152	657.6	26	4
2084.67	0	605465	0	10026373120	9367089152	613.1	26	4
2085.67	0	605465	0	10026491904	9367097344	683.7	26	4
2086.68	0	606553	0	10027347968	9367097344	698.7	26	4
2087.68	0	606652	0	10027827200	9367097344	638.1	26	4
2088.69	0	606652	0	10028101632	9367101440	607.4	26	4
2089.69	0	606652	0	10028220416	9367101440	622.6	26	4
2090.70	0	607425	0	10029309952	9367101440	646.8	26	4
2091.70	0	607737	0	10029883392	9367101440	669.3	26	4
2092.70	0	607820	0	10030665728	9367101440	599.7	26	4
2093.71	0	607820	0	10030108672	9367101440	617.0	26	4
2094.71	0	607836	0	10030317568	9367101440	617.4	26	4
2095.72	0	608887	0	10031325184	9367101440	654.0	26	4
2096.72	0	608986	0	10031513600	9367101440	609.2	26	4
2097.73	0	608986	0	10031407104	9367101440	604.9	26	4
2098.73	0	609200	0	10031566848	9367101440	711.8	26	4
2099.73	0	610056	0	10032431104	9367101440	674.9	26	4
2100.74	0	610139	0	10032136192	9367101440	615.9	26	4
2101.74	0	610139	0	10031939584	9367101440	653.8	26	4
2102.75	0	610139	0	10032041984	9367101440	602.6	26	4
2103.75	0	611208	0	10033209344	9367101440	670.6	26	4
2104.76	0	611306	0	10033618944	9367101440	620.1	26	4
2105.76	0	611306	0	10033205248	9367101440	615.4	26	4
2106.76	0	611306	0	10033508352	9367101440	621.4	26	4
2107.77	0	612362	0	10034532352	9367101440	682.9	26	4
2108.77	0	612461	0	10034462720	9367101440	621.0	26	4
2109.78	0	612461	0	10034446336	9367101440	578.7	26	4
2110.78	0	612461	0	10034348032	9367101440	632.6	26	4
2111.78	0	613546	0	10035965952	9367101440	682.8	26	4
2112.79	0	613628	0	10036314112	9367101440	686.7	26	4
2113.79	0	613628	0	10035736576	9367101440	600.2	26	4
2114.80	0	613628	0	10036281344	9367101440	646.3	26	4
2115.80	0	614698	0	10037112832	9367101440	654.3	26	4
2116.80	0	614698	0	10037514240	9367101440	572.4	26	4
2117.81	0	614780	0	10037432320	9367101440	651.4	26	4
2118.81	0	614780	0	10037071872	9367105536	643.0	26	4
2119.82	0	615849	0	10038472704	9367105536	652.6	26	4
2120.82	0	615849	0	10037968896	9367105536	642.2	26	4
2121.83	0	615932	0	10037551104	9367105536	628.1	26	4
2122.83	0	615932	0	10038124544	9367105536	642.9	26	4
2123.83	0	615932	0	10037837824	9367105536	607.5	26	4
2124.84	0	616984	0	10039414784	9367105536	640.9	26	4
2125.84	0	617066	0	10039115776	9367109632	607.4	26	4
2126.85	0	617066	0	10038767616	9367109632	603.0	26	4
2127.85	0	617066	0	10038894592	9367109632	675.8	26	4
2128.85	0	618121	0	10040606720	9367109632	676.8	26	4
2129.86	0	618220	0	10040602624	9367109632	613.5	26	4
2130.86	0	618220	0	10040324096	9367121920	619.1	26	4
2131.87	0	618220	0	10040832000	9367121920	617.1	26	4
2132.87	0	619290	0	10041905152	9367121920	619.4	26	4
2133.87	0	619372	0	10041602048	9367121920	667.2	26	4
2134.88	0	619372	0	10040983552	9367121920	620.4	26	4
2135.88	0	619372	0	10041298944	9367121920	617.5	26	4
2136.89	0	620456	0	10042552320	9367121920	620.1	26	4
2137.89	0	620539	0	10043031552	9367121920	604.6	26	4
2138.90	0	620539	0	10042642432	9367121920	629.0	26	4
2139.90	0	620539	0	10042880000	9367121920	714.2	26	4
2140.90	0	621607	0	10043576320	9367121920	688.5	26	4
2141.91	0	621706	0	10043891712	9367121920	619.9	26	4
2142.91	0	621706	0	10044129280	9367126016	613.0	26	4
2143.92	0	621706	0	10043789312	9367126016	632.5	26	4
2144.92	0	622625	0	10045120512	9367126016	659.8	26	4
2145.92	0	622740	0	10045165568	9367126016	613.1	26	4
2146.93	0	622839	0	10045382656	9367126016	633.9	26	4
2147.93	0	622839	0	10045476864	9367126016	619.8	26	4
2148.94	0	622839	0	10045054976	9367126016	650.1	26	4
2149.94	0	623878	0	10046504960	9367126016	606.0	26	4
2150.95	0	623993	0	10046267392	9367126016	618.5	26	4
2151.95	0	623993	0	10046386176	9367126016	582.1	26	4
2152.95	0	623993	0	10046636032	9367126016	580.0	26	4
2153.96	0	625046	0	10048229376	9367126016	700.4	26	4
2154.96	0	625161	0	10047864832	9367126016	677.5	26	4
2155.97	0	625161	0	10048073728	9367126016	619.1	26	4
2156.97	0	625161	0	10048061440	9367130112	596.6	26	4
2157.97	0	626212	0	10049536000	9367130112	629.4	26	4
2158.98	0	626327	0	10049409024	9367138304	595.9	26	4
2159.98	0	626327	0	10049101824	9367138304	638.9	26	4
2160.99	0	626327	0	10048761856	9367138304	618.2	26	4
2161.99	0	627379	0	10050523136	9367142400	682.6	26	4
2163.00	0	627494	0	10050969600	9367142400	604.1	26	4
2164.00	0	627494	0	10050834432	9367142400	659.5	26	4
2165.00	0	627494	0	10050621440	9367146496	605.7	26	4
2166.01	0	628530	0	10051923968	9367146496	644.2	26	4
2167.01	0	628530	0	10052403200	9367146496	575.7	26	4
2168.02	0	628646	0	10051809280	9367146496	613.2	26	4
2169.02	0	628646	0	10051964928	9367146496	651.7	26	4
2170.02	0	629700	0	10053787648	9367146496	666.4	26	4
2171.03	0	629700	0	10052542464	9367146496	583.3	26	4
2172.03	0	629816	0	10053152768	9367146496	645.5	26	4
2173.04	0	629816	0	10052689920	9367146496	668.5	26	4
2174.04	0	630902	0	10054381568	9367146496	621.0	26	4
2175.05	0	631017	0	10054209536	9367154688	617.6	26	4
2176.05	0	631017	0	10054025216	9367154688	654.8	26	4
2177.05	0	631017	0	10054152192	9367154688	650.7	26	4
2178.06	0	632085	0	10055479296	9367154688	624.0	26	4
2179.06	0	632184	0	10055385088	9367154688	624.9	26	4
2180.07	0	632184	0	10054832128	9367154688	626.2	26	4
2181.07	0	632184	0	10055086080	9367154688	645.3	26	4
2182.07	0	633269	0	10056065024	9367154688	667.5	26	4
2183.08	0	633367	0	10056351744	9367154688	621.7	26	4
2184.08	0	633367	0	10056593408	9367154688	630.3	26	4
2185.09	0	633367	0	10056593408	9367154688	708.6	26	4
2186.09	0	634451	0	10058014720	9367154688	696.4	26	4
2187.10	0	634549	0	10057048064	9367154688	661.2	26	4
2188.10	0	634549	0	10057101312	9367154688	561.8	26	4
2189.10	0	634549	0	10056650752	9367154688	613.3	26	4
2190.11	0	635620	0	10057908224	9367154688	689.5	26	4
2191.11	0	635719	0	10058645504	9367158784	621.5	26	4
2192.12	0	635719	0	10058813440	9367158784	629.4	26	4
2193.12	0	635719	0	10058932224	9367158784	590.3	26	4
2194.12	0	636692	0	10060300288	9367158784	599.2	26	4
2195.13	0	636791	0	10059337728	9367158784	662.7	26	4
2196.13	0	636889	0	10059300864	9367158784	649.7	26	4
2197.14	0	636889	0	10059747328	9367158784	677.8	26	4
2198.14	0	637926	0	10061160448	9367158784	646.3	26	4
2199.15	0	637959	0	10060836864	9367162880	604.0	26	4
2200.15	0	638057	0	10060533760	9367162880	623.6	26	4
2201.15	0	638057	0	10061037568	9367166976	629.7	26	4
2202.16	0	638518	0	10061938688	9367175168	657.1	26	4
2203.16	0	639110	0	10062684160	9367175168	637.9	26	4
2204.17	0	639225	0	10062987264	9367175168	611.7	26	4
2205.17	0	639225	0	10062352384	9367175168	628.7	26	4
2206.17	0	639225	0	10062876672	9367175168	646.8	26	4
2207.18	0	640278	0	10063872000	9367175168	676.5	26	4
2208.18	0	640376	0	10063310848	9367175168	640.3	26	4
2209.19	0	640376	0	10063429632	9367175168	611.7	26	4
2210.19	0	640376	0	10063331328	9367183360	633.3	26	4
2211.19	0	641431	0	10065244160	9367228416	611.0	26	4
2212.20	0	641530	0	10065420288	9367228416	609.9	26	4
2213.20	0	641530	0	10065039360	9367228416	612.5	26	4
2214.21	0	641530	0	10065178624	9367228416	694.7	26	4
2215.21	0	642601	0	10066296832	9367228416	638.8	26	4
2216.22	0	642716	0	10066534400	9367228416	667.8	26	4
2217.22	0	642716	0	10066288640	9367228416	598.6	26	4
2218.22	0	642716	0	10066309120	9367228416	613.3	26	4
2219.23	0	643768	0	10067611648	9367228416	725.7	26	4
2220.23	0	643883	0	10067087360	9367228416	653.4	26	4
2221.24	0	643883	0	10067611648	9367232512	598.4	26	4
2222.24	0	643883	0	10067742720	9367232512	601.2	26	4
2223.24	0	644935	0	10068951040	9367232512	631.7	26	4
2224.25	0	645050	0	10068881408	9367232512	625.2	26	4
2225.25	0	645050	0	10069110784	9367232512	620.4	26	4
2226.26	0	645050	0	10069377024	9367232512	617.4	26	4
2227.26	0	645527	0	10069925888	9367232512	626.7	26	4
2228.27	0	646118	0	10069979136	9367232512	589.0	26	4
2229.27	0	646217	0	10070671360	9367232512	662.1	26	4
2230.27	0	646217	0	10069860352	9367232512	649.0	26	4
2231.28	0	646217	0	10069716992	9367232512	646.7	26	4
2232.28	0	647287	0	10071412736	9367232512	613.5	26	4
2233.29	0	647403	0	10071040000	9367232512	611.9	26	4
2234.29	0	647403	0	10071298048	9367232512	624.8	26	4
2235.29	0	647403	0	10070863872	9367232512	615.9	26	4
2236.30	0	648474	0	10072076288	9367232512	665.1	26	4
2237.30	0	648573	0	10072612864	9367232512	598.9	26	4
2238.31	0	648573	0	10072076288	9367232512	599.8	26	4
2239.31	0	648573	0	10071986176	9367232512	641.6	26	4
2240.32	0	649642	0	10073100288	9367232512	690.1	26	4
2241.32	0	649740	0	10073391104	9367232512	603.9	26	4
2242.32	0	649740	0	10073780224	9367232512	612.7	26	4
2243.33	0	649740	0	10073882624	9367232512	626.7	26	4
2244.33	0	650826	0	10075099136	9367232512	645.7	26	4
2245.34	0	650941	0	10074390528	9367232512	654.0	26	4
2246.34	0	650941	0	10074238976	9367232512	628.8	26	4
2247.34	0	650941	0	10074341376	9367232512	617.6	26	4
2248.35	0	652027	0	10075320320	9367232512	652.8	26	4
2249.35	0	652142	0	10075611136	9367232512	641.2	26	4
2250.36	0	652142	0	10075463680	9367232512	629.9	26	4
2251.36	0	652142	0	10075664384	9367240704	607.6	26	4
2252.37	0	653212	0	10076270592	9367240704	623.6	26	4
2253.37	0	653311	0	10076561408	9367240704	674.7	26	4
2254.37	0	653311	0	10076942336	9367240704	664.2	26	4
2255.38	0	653311	0	10076471296	9367240704	622.2	26	4
2256.38	0	654398	0	10077872128	9367240704	633.7	26	4
2257.39	0	654514	0	10077704192	9367240704	606.8	26	4
2258.39	0	654514	0	10078027776	9367240704	631.5	26	4
2259.39	0	654514	0	10077945856	9367240704	644.4	26	4
2260.40	0	655565	0	10078732288	9367240704	644.9	26	4
2261.40	0	655681	0	10079551488	9367240704	635.5	26	4
2262.41	0	655681	0	10079416320	9367240704	610.3	26	4
2263.41	0	655681	0	10079047680	9367240704	601.6	26	4
2264.42	0	656748	0	10080186368	9367240704	643.2	26	4
2265.42	0	656863	0	10080550912	9367240704	622.8	26	4
2266.42	0	656863	0	10080047104	9367240704	660.0	26	4
2267.43	0	656863	0	10080497664	9367240704	616.4	26	4
2268.43	0	657947	0	10081488896	9367240704	625.1	26	4
2269.44	0	658063	0	10081746944	9367244800	646.4	26	4
2270.44	0	658063	0	10081017856	9367244800	644.3	26	4
2271.44	0	658063	0	10081386496	9367244800	648.4	26	4
2272.45	0	659133	0	10082672640	9367244800	627.7	26	4
2273.45	0	659248	0	10082947072	9367244800	623.0	26	4
2274.46	0	659248	0	10082807808	9367244800	628.7	26	4
2275.46	0	659248	0	10082947072	9367248896	667.8	26	4
2276.46	0	660321	0	10084786176	9367248896	661.6	26	4
2277.47	0	660436	0	10084712448	9367248896	619.4	26	4
2278.47	0	660436	0	10083622912	9367248896	608.5	26	4
2279.48	0	660436	0	10084081664	9367248896	615.9	26	4
2280.48	0	661505	0	10085285888	9367248896	634.7	26	4
2281.49	0	661571	0	10085601280	9367248896	619.4	26	4
2282.49	0	661604	0	10086248448	9367248896	596.8	26	4
2283.49	0	661604	0	10085060608	9367248896	641.6	26	4
2284.50	0	662689	0	10086522880	9367248896	641.6	26	4
2285.50	0	662689	0	10085933056	9367248896	608.7	26	4
2286.51	0	662804	0	10086215680	9367248896	627.6	26	4
2287.51	0	662804	0	10086117376	9367248896	598.1	26	4
2288.51	0	663675	0	10087485440	9367248896	712.8	26	4
2289.52	0	663889	0	10088394752	9367248896	611.8	26	4
2290.52	0	663988	0	10087407616	9367248896	655.0	26	4
2291.53	0	663988	0	10087833600	9367248896	636.1	26	4
2292.53	0	664020	0	10088271872	9367248896	611.9	26	4
2293.54	0	665058	0	10089197568	9367248896	637.3	26	4
2294.54	0	665157	0	10089512960	9367248896	645.4	26	4
2295.54	0	665157	0	10089517056	9367248896	619.8	26	4
2296.55	0	665157	0	10089406464	9367248896	632.5	26	4
2297.55	0	666227	0	10090582016	9367248896	631.8	26	4
2298.56	0	666326	0	10090729472	9367248896	628.6	26	4
2299.56	0	666326	0	10090602496	9367252992	656.0	26	4
2300.56	0	666326	0	10090332160	9367252992	638.3	26	4
2301.57	0	667411	0	10091393024	9367252992	683.8	26	4
2302.57	0	667509	0	10091470848	9367252992	644.2	26	4
2303.58	0	667509	0	10091302912	9367252992	654.9	26	4
2304.58	0	668365	0	10092236800	9367252992	666.6	26	4
2305.59	0	668595	0	10092691456	9367252992	685.7	26	4
2306.59	0	668693	0	10092625920	9367252992	620.2	26	4
2307.59	0	668693	0	10093051904	9367252992	664.6	26	4
2308.60	0	668693	0	10092388352	9367252992	602.5	26	4
2309.60	0	669745	0	10093576192	9367261184	686.6	26	4
2310.61	0	669843	0	10093432832	9367261184	630.8	26	4
2311.61	0	669843	0	10093420544	9367261184	638.9	26	4
2312.61	0	670303	0	10093817856	9367265280	687.1	26	4
2313.62	0	670913	0	10094985216	9367265280	625.3	26	4
2314.62	0	671012	0	10094940160	9367265280	622.1	26	4
2315.63	0	671012	0	10094936064	9367265280	623.8	26	4
2316.63	0	671490	0	10096459776	9367265280	692.9	26	4
2317.64	0	672083	0	10096570368	9367265280	642.5	26	4
2318.64	0	672181	0	10095828992	9367269376	653.9	26	4
2319.64	0	672181	0	10095964160	9367269376	620.6	26	4
2320.65	0	672181	0	10096037888	9367269376	640.0	26	4
2321.65	0	673265	0	10097741824	9367269376	627.2	26	4
2322.66	0	673364	0	10097479680	9367269376	684.0	26	4
2323.66	0	673364	0	10097438720	9367269376	641.9	26	4
2324.66	0	673364	0	10097020928	9367273472	623.5	26	4
2325.67	0	674432	0	10098466816	9367273472	654.2	26	4
2326.67	0	674531	0	10098544640	9367277568	622.7	26	4
2327.68	0	674531	0	10098491392	9367277568	665.5	26	4
2328.68	0	674531	0	10098278400	9367277568	617.1	26	4
2329.68	0	675598	0	10099601408	9367277568	649.7	26	4
2330.69	0	675714	0	10099605504	9367277568	621.0	26	4
2331.69	0	675714	0	10100367360	9367277568	708.0	26	4
2332.70	0	675714	0	10099884032	9367277568	651.9	26	4
2333.70	0	676767	0	10100744192	9367277568	627.7	26	4
2334.71	0	676882	0	10100719616	9367277568	639.3	26	4
2335.71	0	676882	0	10100637696	9367277568	642.7	26	4
2336.71	0	676882	0	10100785152	9367277568	670.9	26	4
2337.72	0	677937	0	10102259712	9367400448	630.8	26	4
2338.72	0	678035	0	10102177792	9367400448	674.1	26	4
2339.73	0	678035	0	10102095872	9367400448	642.6	26	4
2340.73	0	678035	0	10101981184	9367400448	578.8	26	4
2341.73	0	678446	0	10102788096	9367400448	622.5	26	4
2342.74	0	679120	0	10103599104	9367400448	618.7	26	4
2343.74	0	679219	0	10103480320	9367400448	640.0	26	4
2344.75	0	679219	0	10103152640	9367400448	639.6	26	4
2345.75	0	679399	0	10103123968	9367400448	640.6	26	4
2346.76	0	680304	0	10104799232	9367400448	620.4	26	4
2347.76	0	680402	0	10105233408	9367400448	592.2	26	4
2348.76	0	680402	0	10104848384	9367400448	604.1	26	4
2349.77	0	680402	0	10104594432	9367400448	686.6	26	4
2350.77	0	681472	0	10105102336	9367400448	673.5	26	4
2351.78	0	681571	0	10106028032	9367400448	639.9	26	4
2352.78	0	681571	0	10105655296	9367400448	570.1	26	4
2353.79	0	681571	0	10105548800	9367400448	662.3	26	4
2354.79	0	682640	0	10107027456	9367400448	654.5	26	4
2355.79	0	682738	0	10107219968	9367400448	605.3	26	4
2356.80	0	682738	0	10107367424	9367400448	581.9	26	4
2357.80	0	682738	0	10106916864	9367412736	660.6	26	4
2358.81	0	683795	0	10108186624	9367412736	668.7	26	4
2359.81	0	683893	0	10108612608	9367412736	620.6	26	4
2360.81	0	683893	0	10108342272	9367412736	631.1	26	4
2361.82	0	683975	0	10109132800	9367416832	631.3	26	4
2362.82	0	684964	0	10110341120	9367416832	683.2	26	4
2363.83	0	685063	0	10110066688	9367416832	610.0	26	4
2364.83	0	685063	0	10109952000	9367416832	607.7	26	4
2365.84	0	685441	0	10109923328	9367420928	654.8	26	4
2366.84	0	686148	0	10111148032	9367420928	664.7	26	4
2367.84	0	686247	0	10111160320	9367420928	581.4	26	4
2368.85	0	686247	0	10111057920	9367425024	595.7	26	4
2369.85	0	686921	0	10112364544	9367425024	640.8	26	4
2370.86	0	687333	0	10112733184	9367425024	637.1	26	4
2371.86	0	687432	0	10112151552	9367425024	583.3	26	4
2372.87	0	687432	0	10111508480	9367425024	633.2	26	4
2373.87	0	688074	0	10112933888	9367425024	664.1	26	4
2374.87	0	688502	0	10113003520	9367425024	709.0	26	4
2375.88	0	688601	0	10113253376	9367425024	601.2	26	4
2376.88	0	688601	0	10113261568	9367425024	638.6	26	4
2377.89	0	689707	0	10114756608	9367425024	629.2	26	4
2378.89	0	689805	0	10114752512	9367425024	632.1	26	4
2379.89	0	689805	0	10114785280	9367425024	618.3	26	4
2380.90	0	689805	0	10114576384	9367425024	621.6	26	4
2381.90	0	690891	0	10116210688	9367425024	634.6	26	4
2382.91	0	690891	0	10115043328	9367425024	607.1	26	4
2383.91	0	690973	0	10114203648	9367425024	645.6	26	4
2384.92	0	690973	0	10114437120	9367425024	672.7	26	4
2385.92	0	691186	0	10115137536	9367425024	645.2	26	4
2386.92	0	692073	0	10115338240	9367425024	624.8	26	4
2387.93	0	692156	0	10116190208	9367425024	609.1	26	4
2388.93	0	692156	0	10116272128	9367425024	621.9	26	4
2389.94	0	692156	0	10115858432	9367425024	634.4	26	4
2390.94	0	693256	0	10118180864	9367425024	631.1	26	4
2391.95	0	693322	0	10117996544	9367425024	643.4	26	4
2392.95	0	693322	0	10117378048	9367425024	653.2	26	4
2393.95	0	693322	0	10116780032	9367425024	650.2	26	4
2394.96	0	694424	0	10118492160	9367425024	618.0	26	4
2395.96	0	694506	0	10118782976	9367425024	647.0	26	4
2396.97	0	694506	0	10118955008	9367425024	662.6	26	4
2397.97	0	694506	0	10118963200	9367429120	674.9	26	4
2398.97	0	695628	0	10120327168	9367429120	634.9	26	4
2399.98	0	695694	0	10120712192	9367429120	632.2	26	4
2400.98	0	695694	0	10120085504	9367429120	644.0	26	4
2401.99	0	695694	0	10120077312	9367429120	644.3	26	4
2402.99	0	696796	0	10121281536	9367429120	632.6	26	4
2403.99	0	696878	0	10121900032	9367429120	661.6	26	4
2405.00	0	696878	0	10121699328	9367429120	605.9	26	4
2406.00	0	696878	0	10122002432	9367429120	614.8	26	4
2407.01	0	697996	0	10123087872	9367429120	665.5	26	4
2408.01	0	698078	0	10123022336	9367429120	609.8	26	4
2409.02	0	698078	0	10122928128	9367429120	598.6	26	4
2410.02	0	698078	0	10122735616	9367429120	686.6	26	4
2411.02	0	699197	0	10124124160	9367429120	633.1	26	4
2412.03	0	699279	0	10123931648	9367429120	644.4	26	4
2413.03	0	699279	0	10124201984	9367429120	625.5	26	4
2414.04	0	699279	0	10124050432	9367429120	601.9	26	4
2415.04	0	700364	0	10125234176	9367429120	698.4	26	4
2416.04	0	700447	0	10125185024	9367429120	706.3	26	4
2417.05	0	700447	0	10125139968	9367429120	658.0	26	4
2418.05	0	700447	0	10125373440	9367429120	634.8	26	4
2419.06	0	701535	0	10126540800	9367429120	626.7	26	4
2420.06	0	701634	0	10126012416	9367429120	618.0	26	4
2421.07	0	701634	0	10126270464	9367433216	605.6	26	4
2422.07	0	701634	0	10126680064	9367433216	615.5	26	4
2423.07	0	702095	0	10127724544	9367433216	658.7	26	4
2424.08	0	702702	0	10127900672	9367433216	652.5	26	4
2425.08	0	702801	0	10127716352	9367433216	608.4	26	4
2426.09	0	702801	0	10127491072	9367433216	609.0	26	4
2427.09	0	702801	0	10127970304	9367433216	649.0	26	4
2428.09	0	703886	0	10128654336	9367433216	654.8	26	4
2429.10	0	703969	0	10129281024	9367433216	628.5	26	4
2430.10	0	703969	0	10129354752	9367433216	586.1	26	4
2431.11	0	703969	0	10128920576	9367433216	641.2	26	4
2432.11	0	705053	0	10130472960	9367437312	650.2	26	4
2433.11	0	705151	0	10131017728	9367437312	623.8	26	4
2434.12	0	705151	0	10130649088	9367437312	679.6	26	4
2435.12	0	705151	0	10130550784	9367683072	655.5	26	4
2436.13	0	706236	0	10131795968	9367683072	704.1	26	4
2437.13	0	706334	0	10131230720	9367683072	621.6	26	4
2438.14	0	706334	0	10131238912	9367683072	618.4	26	4
2439.14	0	706334	0	10131415040	9367683072	636.6	26	4
2440.14	0	707422	0	10132590592	9367683072	677.5	26	4
2441.15	0	707520	0	10132619264	9367683072	648.4	26	4
2442.15	0	707520	0	10132439040	9367683072	626.4	26	4
2443.16	0	707520	0	10132451328	9367683072	662.4	26	4
2444.16	0	708608	0	10133680128	9367683072	667.1	26	4
2445.16	0	708707	0	10133667840	9367683072	648.1	26	4
2446.17	0	708707	0	10133807104	9367683072	602.5	26	4
2447.17	0	708707	0	10133704704	9367683072	618.6	26	4
2448.18	0	708872	0	10134294528	9367687168	628.2	26	4
2449.18	0	709776	0	10135584768	9367687168	666.2	26	4
2450.18	0	709875	0	10134921216	9367687168	665.3	26	4
2451.19	0	709875	0	10134859776	9367687168	647.5	26	4
2452.19	0	710138	0	10135814144	9367687168	672.1	26	4
2453.20	0	710943	0	10136403968	9367687168	662.1	26	4
2454.20	0	711042	0	10136244224	9367687168	612.5	26	4
2455.20	0	711042	0	10136432640	9367687168	623.3	26	4
2456.21	0	711042	0	10136133632	9367687168	637.3	26	4
2457.21	0	712112	0	10137473024	9367687168	686.0	26	4
2458.22	0	712211	0	10137665536	9367687168	615.3	26	4
2459.22	0	712211	0	10137731072	9367687168	597.0	26	4
2460.23	0	712211	0	10137382912	9367687168	673.4	26	4
2461.23	0	713312	0	10138398720	9367687168	696.4	26	4
2462.23	0	713394	0	10138882048	9367691264	634.9	26	4
2463.24	0	713394	0	10139009024	9367699456	592.4	26	4
2464.24	0	713394	0	10139516928	9367699456	578.1	26	4
2465.25	0	714497	0	10140172288	9367703552	697.2	26	4
2466.25	0	714579	0	10140082176	9367703552	675.2	26	4
2467.25	0	714579	0	10140467200	9367703552	639.4	26	4
2468.26	0	714579	0	10140717056	9367703552	618.6	26	4
2469.26	0	715680	0	10140721152	9367703552	654.7	26	4
2470.27	0	715762	0	10141323264	9367703552	631.4	26	4
2471.27	0	715762	0	10141003776	9367703552	622.8	26	4
2472.28	0	715762	0	10141188096	9367703552	655.6	26	4
2473.28	0	716846	0	10141937664	9367703552	698.1	26	4
2474.28	0	716945	0	10142539776	9367703552	604.4	26	4
2475.29	0	716945	0	10142232576	9367703552	597.0	26	4
2476.29	0	716945	0	10142052352	9367703552	663.0	26	4
2477.30	0	718029	0	10144014336	9367703552	664.0	26	4
2478.30	0	718127	0	10143588352	9367703552	633.7	26	4
2479.30	0	718127	0	10143752192	9367703552	609.4	26	4
2480.31	0	718127	0	10143227904	9367707648	588.1	26	4
2481.31	0	719214	0	10144432128	9367707648	613.2	26	4
2482.32	0	719313	0	10144940032	9367707648	661.1	26	4
2483.32	0	719313	0	10144698368	9367707648	629.3	26	4
2484.33	0	719313	0	10145161216	9367707648	630.9	26	4
2485.33	0	720399	0	10146054144	9367707648	646.7	26	4
2486.33	0	720498	0	10145820672	9367707648	588.6	26	4
2487.34	0	720498	0	10145677312	9367707648	617.1	26	4
2488.34	0	720498	0	10145718272	9367707648	600.8	26	4
2489.35	0	721600	0	10147479552	9367707648	694.7	26	4
2490.35	0	721682	0	10147446784	9367707648	702.1	26	4
2491.35	0	721682	0	10146828288	9367707648	577.8	26	4
2492.36	0	721682	0	10147352576	9367707648	625.2	26	4
2493.36	0	722783	0	10148712448	9367707648	676.2	26	4
2494.37	0	722865	0	10148704256	9367707648	646.2	26	4
2495.37	0	722865	0	10148048896	9367707648	604.5	26	4
2496.38	0	722865	0	10148466688	9367707648	602.6	26	4
2497.38	0	723982	0	10149777408	9367707648	665.1	26	4
2498.38	0	723982	0	10149134336	9367707648	631.5	26	4
2499.39	0	724064	0	10149978112	9367707648	662.2	26	4
2500.39	0	724064	0	10148933632	9367707648	589.6	26	4
2501.40	0	724935	0	10151133184	9367707648	634.8	26	4
2502.40	0	725182	0	10150961152	9367707648	635.9	26	4
2503.40	0	725265	0	10150858752	9367707648	633.5	26	4
2504.41	0	725265	0	10150891520	9367707648	618.5	26	4
2505.41	0	726386	0	10152579072	9367707648	669.9	26	4
2506.42	0	726386	0	10152497152	9367711744	597.8	26	4
2507.42	0	726484	0	10152615936	9367711744	659.2	26	4
2508.43	0	726484	0	10152693760	9367711744	614.9	26	4
2509.43	0	727584	0	10153951232	9367724032	616.3	26	4
2510.43	0	727584	0	10152927232	9367724032	627.9	26	4
2511.44	0	727683	0	10153291776	9367728128	619.4	26	4
2512.44	0	727683	0	10153803776	9367728128	611.8	26	4
2513.45	0	728603	0	10155216896	9367728128	619.8	26	4
2514.45	0	728799	0	10154795008	9367728128	669.1	26	4
2515.45	0	728914	0	10154606592	9367732224	645.1	26	4
2516.46	0	728914	0	10154639360	9367732224	618.5	26	4
2517.46	0	729998	0	10156462080	9367732224	661.4	26	4
2518.47	0	729998	0	10155577344	9367736320	634.5	26	4
2519.47	0	730113	0	10156257280	9367752704	636.9	26	4
2520.48	0	730113	0	10155806720	9367752704	605.7	26	4
2521.48	0	730689	0	10157289472	9367752704	608.9	26	4
2522.48	0	731198	0	10157699072	9367752704	613.4	26	4
2523.49	0	731297	0	10157322240	9367752704	659.7	26	4
2524.49	0	731297	0	10157768704	9367752704	645.3	26	4
2525.50	0	731297	0	10156949504	9367752704	599.6	26	4
2526.50	0	732369	0	10157850624	9367752704	629.7	26	4
2527.50	0	732484	0	10158170112	9367752704	633.1	26	4
2528.51	0	732484	0	10158358528	9367752704	631.0	26	4
2529.51	0	732484	0	10158366720	9367752704	621.5	26	4
2530.52	0	733535	0	10158845952	9367752704	655.1	26	4
2531.52	0	733650	0	10159128576	9367752704	665.6	26	4
2532.52	0	733650	0	10159095808	9367752704	640.5	26	4
2533.53	0	733650	0	10159230976	9367752704	680.8	26	4
2534.53	0	734719	0	10160472064	9367752704	631.6	26	4
2535.54	0	734817	0	10161164288	9367756800	620.4	26	4
2536.54	0	734817	0	10161127424	9367756800	648.9	26	4
2537.54	0	734817	0	10161373184	9367756800	683.1	26	4
2538.55	0	735869	0	10162253824	9367756800	671.9	26	4
2539.55	0	735968	0	10162634752	9367756800	627.0	26	4
2540.56	0	735968	0	10162348032	9367756800	618.0	26	4
2541.56	0	735968	0	10161823744	9367756800	588.9	26	4
2542.57	0	737036	0	10163228672	9367756800	631.8	26	4
2543.57	0	737036	0	10163191808	9367756800	604.4	26	4
2544.57	0	737135	0	10163834880	9367760896	699.7	26	4
2545.58	0	737135	0	10163261440	9367760896	655.5	26	4
2546.58	0	738224	0	10165043200	9367760896	671.0	26	4
2547.59	0	738323	0	10164858880	9367764992	645.3	26	4
2548.59	0	738323	0	10164826112	9367764992	613.4	26	4
2549.59	0	738323	0	10164191232	9367764992	630.5	26	4
2550.60	0	739424	0	10165596160	9367764992	674.6	26	4
2551.60	0	739522	0	10166411264	9367769088	603.0	26	4
2552.61	0	739522	0	10166403072	9367769088	657.7	26	4
2553.61	0	739522	0	10166198272	9367769088	626.4	26	4
2554.61	0	740624	0	10167050240	9367769088	627.3	26	4
2555.62	0	740739	0	10167197696	9367769088	643.0	26	4
2556.62	0	740739	0	10167525376	9367773184	638.5	26	4
2557.63	0	741626	0	10168688640	9367773184	586.0	26	4
2558.63	0	741823	0	10168283136	9367773184	643.4	26	4
2559.64	0	741922	0	10168938496	9367773184	718.9	26	4
2560.64	0	741922	0	10168774656	9367773184	618.1	26	4
2561.64	0	743039	0	10170138624	9367773184	598.5	26	4
2562.65	0	743039	0	10170892288	9367777280	630.8	26	4
2563.65	0	743122	0	10170548224	9367777280	623.6	26	4
2564.66	0	743122	0	10170667008	9367781376	695.4	26	4
2565.66	0	744227	0	10171592704	9367781376	633.5	26	4
2566.66	0	744227	0	10171809792	9367781376	604.6	26	4
2567.67	0	744326	0	10171338752	9367781376	630.7	26	4
2568.67	0	744326	0	10171240448	9367785472	636.9	26	4
2569.68	0	745396	0	10172432384	9367785472	662.8	26	4
2570.68	0	745412	0	10172715008	9367789568	631.3	26	4
2571.69	0	745495	0	10173267968	9367793664	619.1	26	4
2572.69	0	745495	0	10173702144	9367793664	642.2	26	4
2573.69	0	746580	0	10174746624	9367793664	654.9	26	4
2574.70	0	746580	0	10174648320	9367793664	680.1	26	4
2575.70	0	746679	0	10173734912	9367793664	639.0	26	4
2576.71	0	746679	0	10173403136	9367797760	642.6	26	4
2577.71	0	746679	0	10173501440	9367797760	605.1	26	4
2578.71	0	747764	0	10174676992	9367797760	640.1	26	4
2579.72	0	747846	0	10174722048	9367797760	640.0	26	4
2580.72	0	747846	0	10174582784	9367797760	596.4	26	4
2581.73	0	747846	0	10175119360	9367797760	637.2	26	4
2582.73	0	748948	0	10176487424	9367797760	632.9	26	4
2583.73	0	749047	0	10176643072	9367797760	594.1	26	4
2584.74	0	749047	0	10176172032	9367797760	659.7	26	4
2585.74	0	749047	0	10175926272	9367797760	629.8	26	4
2586.75	0	750137	0	10177495040	9367797760	677.6	26	4
2587.75	0	750219	0	10177777664	9367797760	625.1	26	4
2588.76	0	750219	0	10177445888	9367797760	676.6	26	4
2589.76	0	750219	0	10177679360	9367797760	575.7	26	4
2590.76	0	751321	0	10178727936	9367797760	640.0	26	4
2591.77	0	751403	0	10178514944	9367797760	690.2	26	4
2592.77	0	751403	0	10178596864	9367797760	613.0	26	4
2593.78	0	751403	0	10178674688	9367797760	625.9	26	4
2594.78	0	752505	0	10180616192	9367805952	698.9	26	4
2595.78	0	752587	0	10180792320	9367805952	588.6	26	4
2596.79	0	752587	0	10180845568	9367805952	667.2	26	4
2597.79	0	753048	0	10181296128	9367805952	655.8	26	4
2598.80	0	753705	0	10181615616	9367805952	644.3	26	4
2599.80	0	753788	0	10181423104	9367805952	643.7	26	4
2600.81	0	753788	0	10181263360	9367805952	696.5	26	4
2601.81	0	754692	0	10182553600	9367805952	661.0	26	4
2602.81	0	754890	0	10183065600	9367805952	641.1	26	4
2603.82	0	754972	0	10182942720	9367805952	605.9	26	4
2604.82	0	754972	0	10183266304	9367805952	668.7	26	4
2605.83	0	755929	0	10183954432	9367805952	665.7	26	4
2606.83	0	756044	0	10184257536	9367805952	633.4	26	4
2607.83	0	756143	0	10184335360	9367805952	607.3	26	4
2608.84	0	756143	0	10183589888	9367805952	669.9	26	4
2609.84	0	756918	0	10185064448	9367810048	639.4	26	4
2610.85	0	757214	0	10184732672	9367810048	674.1	26	4
2611.85	0	757296	0	10185355264	9367810048	617.0	26	4
2612.85	0	757296	0	10185474048	9367810048	634.0	26	4
2613.86	0	758365	0	10186186752	9367810048	655.2	26	4
2614.86	0	758365	0	10186129408	9367810048	666.0	26	4
2615.87	0	758447	0	10186387456	9367810048	657.7	26	4
2616.87	0	758447	0	10186391552	9367810048	642.2	26	4
2617.88	0	759517	0	10187051008	9367810048	687.8	26	4
2618.88	0	759616	0	10187239424	9367810048	669.3	26	4
2619.88	0	759616	0	10187145216	9367810048	595.0	26	4
2620.89	0	759616	0	10186891264	9367810048	642.9	26	4
2621.89	0	760685	0	10188779520	9367810048	685.6	26	4
2622.90	0	760767	0	10188742656	9367810048	628.8	26	4
2623.90	0	760767	0	10188029952	9367810048	613.0	26	4
2624.90	0	760767	0	10188279808	9367810048	648.4	26	4
2625.91	0	761840	0	10189770752	9367810048	655.4	26	4
2626.91	0	761889	0	10189590528	9367810048	653.8	26	4
2627.92	0	761922	0	10189869056	9367810048	637.2	26	4
2628.92	0	761922	0	10189025280	9367810048	643.1	26	4
2629.93	0	763008	0	10190077952	9367810048	707.2	26	4
2630.93	0	763074	0	10190282752	9367810048	633.8	26	4
2631.93	0	763074	0	10190077952	9367810048	652.0	26	4
2632.94	0	763074	0	10189860864	9367810048	618.5	26	4
2633.94	0	764159	0	10191671296	9367810048	691.2	26	4
2634.95	0	764159	0	10191921152	9367810048	639.4	26	4
2635.95	0	764241	0	10191757312	9367810048	686.1	26	4
2636.96	0	764241	0	10192113664	9367810048	645.1	26	4
2637.96	0	764241	0	10191388672	9367810048	628.7	26	4
2638.96	0	765309	0	10192433152	9367810048	649.4	26	4
2639.97	0	765391	0	10192289792	9367810048	598.5	26	4
2640.97	0	765391	0	10192449536	9367810048	615.1	26	4
2641.98	0	765786	0	10193268736	9367810048	699.5	26	4
2642.98	0	766477	0	10193850368	9367810048	623.8	26	4
2643.99	0	766543	0	10193903616	9367810048	613.2	26	4
2644.99	0	766543	0	10193371136	9367810048	654.5	26	4
2645.99	0	767597	0	10195099648	9367810048	692.3	26	4
2647.00	0	767647	0	10195156992	9367810048	601.0	26	4
2648.00	0	767729	0	10194890752	9370107904	595.7	26	4
2649.01	0	767729	0	10194714624	9370107904	677.1	26	4
2650.01	0	768833	0	10196013056	9370107904	673.7	26	4
2651.01	0	768833	0	10195476480	9370107904	618.4	26	4
2652.02	0	768898	0	10195369984	9370107904	593.1	26	4
2653.02	0	768898	0	10195451904	9370107904	680.1	26	4
2654.03	0	770000	0	10197245952	9370107904	692.0	26	4
2655.03	0	770000	0	10197581824	9370107904	632.9	26	4
2656.04	0	770082	0	10197053440	9370107904	601.1	26	4
2657.04	0	770082	0	10197286912	9370107904	632.6	26	4
2658.05	0	771184	0	10198810624	9370107904	690.9	26	4
2659.05	0	771184	0	10197688320	9370107904	624.2	26	4
2660.05	0	771266	0	10198392832	9370107904	628.6	26	4
2661.06	0	771266	0	10198724608	9370107904	628.6	26	4
2662.06	0	772367	0	10199900160	9370107904	618.3	26	4
2663.07	0	772449	0	10200068096	9370107904	649.1	26	4
2664.07	0	772449	0	10199588864	9370107904	563.6	26	4
2665.08	0	772449	0	10199728128	9370107904	643.3	26	4
2666.08	0	773568	0	10200477696	9370107904	691.2	26	4
2667.08	0	773651	0	10200727552	9370107904	587.8	26	4
2668.09	0	773651	0	10200948736	9370107904	600.7	26	4
2669.09	0	773651	0	10200436736	9370107904	658.6	26	4
2670.10	0	774771	0	10201669632	9370107904	615.1	26	4
2671.10	0	774837	0	10201845760	9370107904	670.3	26	4
2672.11	0	774837	0	10201251840	9370107904	639.9	26	4
2673.11	0	774837	0	10200989696	9370107904	616.9	26	4
2674.12	0	775986	0	10202312704	9370107904	600.3	26	4
2675.12	0	776052	0	10202689536	9370107904	662.1	26	4
2676.12	0	776052	0	10202206208	9370107904	583.8	26	4
2677.13	0	776052	0	10202320896	9370107904	631.5	26	4
2678.13	0	777170	0	10203766784	9370107904	621.8	26	4
2679.14	0	777236	0	10203967488	9370107904	661.6	26	4
2680.14	0	777236	0	10204000256	9370107904	602.0	26	4
2681.15	0	778370	0	10204815360	9370107904	702.5	26	4
2682.15	0	778370	0	10204991488	9370107904	634.0	26	4
2683.15	0	778435	0	10204700672	9370107904	619.2	26	4
2684.16	0	778435	0	10204172288	9370107904	633.8	26	4
2685.16	0	778681	0	10205077504	9370107904	650.7	26	4
2686.17	0	779570	0	10205081600	9370107904	642.8	26	4
2687.17	0	779636	0	10205618176	9370107904	662.0	26	4
2688.18	0	779636	0	10205241344	9370107904	685.1	26	4
2689.18	0	779636	0	10205388800	9370107904	608.6	26	4
2690.19	0	780741	0	10207432704	9370107904	625.5	26	4
2691.19	0	780807	0	10207084544	9370107904	648.8	26	4
2692.19	0	780807	0	10206367744	9370107904	605.2	26	4
2693.20	0	780807	0	10206650368	9370107904	624.4	26	4
2694.20	0	781942	0	10208579584	9370120192	652.2	26	4
2695.21	0	782007	0	10208010240	9370120192	588.2	26	4
2696.21	0	782007	0	10208354304	9370120192	641.9	26	4
2697.21	0	782007	0	10208710656	9370120192	636.1	26	4
2698.22	0	783125	0	10209628160	9370120192	628.8	26	4
2699.22	0	783191	0	10209497088	9370120192	612.2	26	4
2700.23	0	783191	0	10209652736	9370120192	619.1	26	4
2701.23	0	783191	0	10209386496	9370120192	604.6	26	4
2702.24	0	784308	0	10211106816	9370120192	675.0	26	4
2703.24	0	784308	0	10211610624	9370128384	633.8	26	4
2704.24	0	784374	0	10211532800	9370128384	658.2	26	4
2705.25	0	784374	0	10211508224	9370128384	624.2	26	4
2706.25	0	784702	0	10212290560	9370128384	621.3	26	4
2707.26	0	785493	0	10212700160	9370132480	662.5	26	4
2708.26	0	785575	0	10212052992	9370132480	605.2	26	4
2709.26	0	785575	0	10212433920	9370132480	637.8	26	4
2710.27	0	785905	0	10212630528	9370144768	677.1	26	4
2711.27	0	786680	0	10213388288	9370144768	677.4	26	4
2712.28	0	786762	0	10213416960	9370144768	657.9	26	4
2713.28	0	786762	0	10213228544	9370144768	612.3	26	4
2714.29	0	786762	0	10213462016	9370144768	605.0	26	4
2715.29	0	787880	0	10214797312	9370161152	653.9	26	4
2716.29	0	787963	0	10215346176	9370161152	643.8	26	4
2717.30	0	787963	0	10215456768	9370173440	597.2	26	4
2718.30	0	787963	0	10214928384	9370173440	620.1	26	4
2719.31	0	789080	0	10216239104	9370173440	613.9	26	4
2720.31	0	789163	0	10216452096	9370173440	626.3	26	4
2721.32	0	789163	0	10216415232	9370173440	624.7	26	4
2722.32	0	789163	0	10216992768	9370173440	602.5	26	4
2723.32	0	790282	0	10217984000	9370173440	610.7	26	4
2724.33	0	790364	0	10217709568	9370173440	660.5	26	4
2725.33	0	790364	0	10217361408	9370173440	673.6	26	4
2726.34	0	790364	0	10217566208	9370173440	666.7	26	4
2727.34	0	791499	0	10218663936	9370173440	669.0	26	4
2728.34	0	791581	0	10218885120	9370181632	617.8	26	4
2729.35	0	791581	0	10218782720	9370181632	574.9	26	4
2730.35	0	791581	0	10218762240	9370181632	611.4	26	4
2731.36	0	792686	0	10220163072	9370181632	637.9	26	4
2732.36	0	792785	0	10220294144	9370181632	623.2	26	4
2733.36	0	792785	0	10219618304	9370181632	609.9	26	4
2734.37	0	792785	0	10220072960	9370181632	634.7	26	4
2735.37	0	793920	0	10220875776	9370181632	630.1	26	4
2736.38	0	794002	0	10221486080	9370181632	642.1	26	4
2737.38	0	794002	0	10221920256	9370181632	655.3	26	4
2738.39	0	794002	0	10221506560	9370193920	665.6	26	4
2739.39	0	795119	0	10222624768	9370198016	662.7	26	4
2740.39	0	795202	0	10222620672	9370198016	624.0	26	4
2741.40	0	795202	0	10222878720	9370198016	661.1	26	4
2742.40	0	795202	0	10223005696	9370198016	603.7	26	4
2743.41	0	796304	0	10223476736	9370198016	678.5	26	4
2744.41	0	796403	0	10224091136	9370198016	584.9	26	4
2745.41	0	796403	0	10224287744	9370198016	622.4	26	4
2746.42	0	796403	0	10224291840	9370198016	638.7	26	4
2747.42	0	797504	0	10225790976	9370198016	627.6	26	4
2748.43	0	797603	0	10225336320	9370198016	626.0	26	4
2749.43	0	797603	0	10225561600	9370198016	657.6	26	4
2750.44	0	797603	0	10224222208	9370198016	633.8	26	4
2751.44	0	798707	0	10225987584	9370198016	630.5	26	4
2752.44	0	798806	0	10226094080	9370202112	630.8	26	4
2753.45	0	798806	0	10226499584	9370202112	663.2	26	4
2754.45	0	798806	0	10226622464	9370202112	721.2	26	4
2755.46	0	799925	0	10227793920	9370202112	637.7	26	4
2756.46	0	800008	0	10227920896	9370202112	620.6	26	4
2757.47	0	800008	0	10227748864	9370202112	653.0	26	4
2758.47	0	800008	0	10227982336	9370202112	660.5	26	4
2759.47	0	801125	0	10229030912	9370202112	614.4	26	4
2760.48	0	801224	0	10229215232	9370202112	648.7	26	4
2761.48	0	801224	0	10228895744	9370202112	647.2	26	4
2762.49	0	801224	0	10229092352	9370202112	659.9	26	4
2763.49	0	802341	0	10230128640	9370202112	629.8	26	4
2764.49	0	802423	0	10230878208	9370202112	595.2	26	4
2765.50	0	802423	0	10230251520	9370202112	604.2	26	4
2766.50	0	802423	0	10230812672	9370202112	621.4	26	4
2767.51	0	803541	0	10232135680	9370202112	721.4	26	4
2768.51	0	803623	0	10231750656	9370202112	627.4	26	4
2769.52	0	803623	0	10231648256	9370202112	649.9	26	4
2770.52	0	803623	0	10231128064	9370202112	631.7	26	4
2771.52	0	804760	0	10233237504	9370202112	580.4	26	4
2772.53	0	804842	0	10232893440	9370202112	626.5	26	4
2773.53	0	804842	0	10232410112	9370202112	663.8	26	4
2774.54	0	804842	0	10233028608	9370202112	651.2	26	4
2775.54	0	805946	0	10234974208	9370202112	631.2	26	4
2776.54	0	806045	0	10234417152	9370202112	625.9	26	4
2777.55	0	806045	0	10233987072	9370202112	662.8	26	4
2778.55	0	806045	0	10233987072	9370202112	644.8	26	4
2779.56	0	807147	0	10236112896	9370202112	646.1	26	4
2780.56	0	807147	0	10235768832	9370202112	593.2	26	4
2781.57	0	807246	0	10235912192	9370202112	658.1	26	4
2782.57	0	807246	0	10235719680	9370202112	665.8	26	4
2783.57	0	808068	0	10236502016	9370202112	642.6	26	4
2784.58	0	808447	0	10236690432	9370206208	721.9	26	4
2785.58	0	808447	0	10236784640	9370214400	615.7	26	4
2786.59	0	808447	0	10236973056	9370218496	607.8	26	4
2787.59	0	809466	0	10237874176	9370218496	620.5	26	4
2788.59	0	809548	0	10237890560	9370218496	629.4	26	4
2789.60	0	809630	0	10237894656	9370218496	624.0	26	4
2790.60	0	809630	0	10237530112	9370218496	690.7	26	4
2791.61	0	810501	0	10238803968	9370218496	676.3	26	4
2792.61	0	810749	0	10239594496	9370218496	623.8	26	4
2793.62	0	810831	0	10238844928	9370218496	622.5	26	4
2794.62	0	810831	0	10239098880	9370218496	667.0	26	4
2795.62	0	811523	0	10239717376	9370218496	636.4	26	4
2796.63	0	811952	0	10240532480	9370218496	589.8	26	4
2797.63	0	812051	0	10240090112	9370218496	621.0	26	4
2798.64	0	812051	0	10240581632	9370230784	636.0	26	4
2799.64	0	812840	0	10241245184	9370230784	698.6	26	4
2800.65	0	813168	0	10241314816	9370230784	658.6	26	4
2801.65	0	813251	0	10241445888	9370230784	625.7	26	4
2802.65	0	813251	0	10241634304	9370230784	627.5	26	4
2803.66	0	813251	0	10241548288	9370230784	600.3	26	4
2804.66	0	814351	0	10242846720	9370230784	636.8	26	4
2805.67	0	814450	0	10242818048	9370230784	623.1	26	4
2806.67	0	814450	0	10243108864	9370230784	597.3	26	4
2807.67	0	814450	0	10243153920	9370234880	603.4	26	4
2808.68	0	815549	0	10244710400	9370234880	605.5	26	4
2809.68	0	815632	0	10244722688	9370234880	671.2	26	4
2810.69	0	815632	0	10243858432	9370234880	604.7	26	4
2811.69	0	815632	0	10244452352	9370234880	645.3	26	4
2812.69	0	816749	0	10245308416	9370234880	610.3	26	4
2813.70	0	816848	0	10245165056	9370234880	671.9	26	4
2814.70	0	816848	0	10245758976	9370234880	613.7	26	4
2815.71	0	816848	0	10244325376	9370234880	653.9	26	4
2816.71	0	817952	0	10245939200	9370234880	610.5	26	4
2817.72	0	818035	0	10246389760	9370234880	689.8	26	4
2818.72	0	818035	0	10246107136	9370234880	595.0	26	4
2819.72	0	818035	0	10246004736	9370234880	622.8	26	4
2820.73	0	819153	0	10247491584	9370234880	614.3	26	4
2821.73	0	819235	0	10247901184	9370234880	662.1	26	4
2822.74	0	819235	0	10247999488	9370234880	623.6	26	4
2823.74	0	819235	0	10247290880	9370234880	629.6	26	4
2824.74	0	820352	0	10248867840	9370238976	604.6	26	4
2825.75	0	820352	0	10248511488	9370238976	654.5	26	4
2826.75	0	820434	0	10248499200	9370238976	599.8	26	4
2827.76	0	820434	0	10248814592	9370238976	648.7	26	4
2828.76	0	821568	0	10249723904	9370238976	690.3	26	4
2829.77	0	821568	0	10250022912	9370238976	609.4	26	4
2830.77	0	821651	0	10249846784	9370238976	633.2	26	4
2831.77	0	821651	0	10249965568	9370238976	603.5	26	4
2832.78	0	822768	0	10251206656	9370238976	647.0	26	4
2833.78	0	822768	0	10250784768	9370238976	629.7	26	4
2834.79	0	822850	0	10251919360	9370238976	606.7	26	4
2835.79	0	822850	0	10251640832	9370238976	621.2	26	4
2836.79	0	823986	0	10252857344	9370238976	687.8	26	4
2837.80	0	824068	0	10252599296	9370238976	643.3	26	4
2838.80	0	824068	0	10252333056	9370238976	658.0	26	4
2839.81	0	824068	0	10252398592	9370238976	639.7	26	4
2840.81	0	825219	0	10253885440	9370238976	628.2	26	4
2841.81	0	825285	0	10254786560	9370243072	588.2	26	4
2842.82	0	825285	0	10255376384	9370243072	674.8	26	4
2843.82	0	825285	0	10254802944	9370243072	644.7	26	4
2844.83	0	826419	0	10256158720	9370243072	653.8	26	4
2845.83	0	826484	0	10255417344	9370243072	633.4	26	4
2846.84	0	826484	0	10255806464	9370243072	603.7	26	4
2847.84	0	826484	0	10255712256	9370243072	614.5	26	4
2848.84	0	827634	0	10256564224	9370243072	631.1	26	4
2849.85	0	827700	0	10256531456	9370243072	632.2	26	4
2850.85	0	827700	0	10256310272	9370243072	627.6	26	4
2851.86	0	828012	0	10257072128	9370243072	665.1	26	4
2852.86	0	828849	0	10258042880	9370243072	698.3	26	4
2853.86	0	828931	0	10257428480	9370243072	600.4	26	4
2854.87	0	828931	0	10257375232	9370243072	650.5	26	4
2855.87	0	830049	0	10258812928	9370243072	734.0	26	4
2856.88	0	830049	0	10258907136	9370243072	645.3	26	4
2857.88	0	830131	0	10259075072	9370243072	639.9	26	4
2858.89	0	830131	0	10259017728	9370247168	651.4	26	4
2859.89	0	831235	0	10260692992	9370247168	671.0	26	4
2860.89	0	831235	0	10260115456	9370247168	651.6	26	4
2861.90	0	831301	0	10259988480	9370247168	589.4	26	4
2862.90	0	831301	0	10260250624	9370247168	601.9	26	4
2863.91	0	832434	0	10261835776	9370247168	665.5	26	4
2864.91	0	832434	0	10261786624	9370247168	649.1	26	4
2865.91	0	832500	0	10261229568	9370247168	671.9	26	4
2866.92	0	832500	0	10261417984	9370247168	626.2	26	4
2867.92	0	832500	0	10261606400	9370247168	649.3	26	4
2868.93	0	833616	0	10262441984	9370247168	614.1	26	4
2869.93	0	833698	0	10262626304	9370247168	627.2	26	4
2870.94	0	833698	0	10262073344	9370247168	640.1	26	4
2871.94	0	833698	0	10262462464	9370247168	581.9	26	4
2872.94	0	834799	0	10263482368	9370247168	630.6	26	4
2873.95	0	834881	0	10263306240	9370247168	676.7	26	4
2874.95	0	834881	0	10263588864	9370247168	664.7	26	4
2875.96	0	834881	0	10263343104	9370247168	682.5	26	4
2876.96	0	835983	0	10264838144	9370247168	630.6	26	4
2877.96	0	836065	0	10264633344	9370247168	643.0	26	4
2878.97	0	836065	0	10264674304	9370247168	637.9	26	4
2879.97	0	836065	0	10264408064	9370247168	645.3	26	4
2880.98	0	837171	0	10265571328	9370247168	621.7	26	4
2881.98	0	837254	0	10266628096	9370247168	623.5	26	4
2882.99	0	837254	0	10266157056	9370247168	694.9	26	4
2883.99	0	837254	0	10266169344	9370247168	622.5	26	4
2884.99	0	838373	0	10266624000	9370247168	613.4	26	4
2886.00	0	838438	0	10267029504	9370247168	627.8	26	4
2887.00	0	838438	0	10267320320	9370247168	699.8	26	4
2888.01	0	838438	0	10267656192	9370247168	652.7	26	4
2889.01	0	839557	0	10268639232	9370247168	673.1	26	4
2890.01	0	839639	0	10269122560	9370247168	626.4	26	4
2891.02	0	839639	0	10268782592	9370247168	619.5	26	4
2892.02	0	839639	0	10269081600	9370247168	617.5	26	4
2893.03	0	840758	0	10270457856	9370247168	638.2	26	4
2894.03	0	840823	0	10269753344	9370247168	697.7	26	4
2895.04	0	840823	0	10269573120	9370247168	635.9	26	4
2896.04	0	840823	0	10269696000	9370251264	639.2	26	4
2897.04	0	841942	0	10271424512	9370251264	690.9	26	4
2898.05	0	842008	0	10271342592	9370251264	605.6	26	4
2899.05	0	842008	0	10271977472	9370251264	596.5	26	4
2900.06	0	842008	0	10271092736	9370251264	717.1	26	4
2901.06	0	843127	0	10272690176	9370251264	681.8	26	4
2902.07	0	843210	0	10272542720	9370251264	684.5	26	4
2903.07	0	843210	0	10272567296	9370251264	625.5	26	4
2904.07	0	844116	0	10273550336	9370251264	641.4	26	4
2905.08	0	844329	0	10273439744	9370251264	629.3	26	4
2906.08	0	844411	0	10273931264	9370255360	635.8	26	4
2907.09	0	844411	0	10273902592	9370255360	669.5	26	4
2908.09	0	844707	0	10274275328	9370255360	608.4	26	4
2909.09	0	845528	0	10274721792	9370255360	607.8	26	4
2910.10	0	845610	0	10274701312	9370255360	637.5	26	4
2911.10	0	845610	0	10274533376	9370255360	609.9	26	4
2912.11	0	845610	0	10274758656	9370255360	665.2	26	4
2913.11	0	846727	0	10276331520	9370255360	616.5	26	4
2914.12	0	846809	0	10276122624	9370255360	653.6	26	4
2915.12	0	846809	0	10275835904	9370255360	610.2	26	4
2916.12	0	846809	0	10275667968	9370255360	643.8	26	4
2917.13	0	847909	0	10277318656	9370255360	655.1	26	4
2918.13	0	847992	0	10277519360	9370255360	624.6	26	4
2919.14	0	847992	0	10277351424	9370255360	588.8	26	4
2920.14	0	847992	0	10277814272	9370255360	580.6	26	4
2921.14	0	849110	0	10278457344	9370255360	649.9	26	4
2922.15	0	849193	0	10278862848	9370255360	629.3	26	4
2923.15	0	849193	0	10278694912	9370255360	590.5	26	4
2924.16	0	849193	0	10278842368	9370255360	610.2	26	4
2925.16	0	850313	0	10279165952	9370255360	641.4	26	4
2926.17	0	850395	0	10279587840	9370255360	657.5	26	4
2927.17	0	850395	0	10279600128	9370255360	622.8	26	4
2928.17	0	851512	0	10280943616	9370255360	647.3	26	4
2929.18	0	851594	0	10281242624	9370255360	612.0	26	4
2930.18	0	851594	0	10280648704	9370255360	608.1	26	4
2931.19	0	851594	0	10280132608	9370255360	611.7	26	4
2932.19	0	852694	0	10282459136	9370267648	632.7	26	4
2933.19	0	852776	0	10282172416	9370267648	653.6	26	4
2934.20	0	852776	0	10282270720	9370271744	598.6	26	4
2935.20	0	852776	0	10282278912	9370284032	645.4	26	4
2936.21	0	853893	0	10283249664	9370284032	696.2	26	4
2937.21	0	853975	0	10283864064	9370284032	635.6	26	4
2938.22	0	853975	0	10283081728	9370284032	653.2	26	4
2939.22	0	853975	0	10287353856	9374478336	628.0	26	4
2940.22	0	855173	0	7086567424	6179934208	544.0	17	4
2941.23	0	855173	0	7086854144	6179934208	403.9	17	4
2942.23	0	855569	0	3876802560	2971561984	320.5	10	4
