t_s	temp_kb	out_kb	converted_kb	mem_bytes	cpu_pct	pids	fifos
0.00	0	0	0	5820416	32.8	2	0
1.00	0	0	0	647118848	98.5	2	0
2.01	0	0	0	897601536	101.0	2	0
3.01	0	1	0	1339121664	100.0	2	0
4.01	0	1	0	1714929664	100.0	2	0
5.02	0	1	0	2032902144	101.0	2	0
6.02	0	1	0	2481827840	100.0	2	0
7.02	0	1	0	2610888704	101.0	2	0
8.03	0	2	0	3549097984	116.2	16	4
9.03	0	2	0	6819852288	199.6	16	4
10.04	0	36	0	9331679232	316.7	26	4
11.04	0	285	0	9352839168	805.5	26	4
12.04	0	567	0	9358450688	805.2	26	4
13.05	0	849	0	9366978560	803.4	26	4
14.05	0	1131	0	9369509888	636.9	26	4
15.06	0	1148	0	9372454912	616.9	26	4
16.06	0	1148	0	9375248384	594.0	26	4
17.06	0	1843	0	9380085760	681.2	26	4
18.07	0	1843	0	9380519936	634.6	26	4
19.07	0	2290	0	9384079360	634.5	26	4
20.08	0	2290	0	9388609536	612.7	26	4
21.08	0	2985	0	9390325760	604.1	26	4
22.09	0	2985	0	9391198208	682.4	26	4
23.09	0	3448	0	9391599616	684.5	26	4
24.09	0	3448	0	9391312896	625.7	26	4
25.10	0	4143	0	9392521216	651.9	26	4
26.10	0	4143	0	9392525312	636.0	26	4
27.11	0	4591	0	9393561600	688.5	26	4
28.11	0	4723	0	9393598464	662.0	26	4
29.11	0	5303	0	9393434624	672.3	26	4
30.12	0	5303	0	9393156096	685.1	26	4
31.12	0	5750	0	9394208768	644.5	26	4
32.13	0	5883	0	9395023872	607.5	26	4
33.13	0	6464	0	9395523584	656.7	26	4
34.13	0	6464	0	9395232768	659.6	26	4
35.14	0	6911	0	9395818496	675.0	26	4
36.14	0	7044	0	9395884032	639.7	26	4
37.15	0	7623	0	9396137984	630.4	26	4
38.15	0	7623	0	9396342784	696.0	26	4
39.15	0	8070	0	9396563968	646.1	26	4
40.16	0	8203	0	9397178368	623.1	26	4
41.16	0	8781	0	9397772288	625.8	26	4
42.17	0	8781	0	9397780480	676.0	26	4
43.17	0	9226	0	9398865920	671.2	26	4
44.17	0	9358	0	9399173120	610.7	26	4
45.18	0	9935	0	9399472128	645.4	26	4
46.18	0	9935	0	9400107008	657.9	26	4
47.19	0	10380	0	9400246272	636.2	26	4
48.19	0	10495	0	9400238080	595.9	26	4
49.19	0	11073	0	9401057280	647.0	26	4
50.20	0	11073	0	9400430592	661.3	26	4
51.20	0	11536	0	9401356288	613.7	26	4
52.20	0	11619	0	9402089472	650.5	26	4
53.21	0	12231	0	9401888768	646.4	26	4
54.21	0	12231	0	9402101760	617.5	26	4
55.22	0	12692	0	9402757120	695.6	26	4
56.22	0	12824	0	9403326464	665.7	26	4
57.22	0	13401	0	9403748352	643.3	26	4
58.23	0	13401	0	9404559360	676.2	26	4
59.23	0	13863	0	9404387328	605.4	26	4
60.24	0	13995	0	9404964864	620.0	26	4
61.24	0	14555	0	9405538304	665.6	26	4
62.24	0	14555	0	9405009920	636.3	26	4
63.25	0	15018	0	9405173760	661.5	26	4
64.25	0	15150	0	9405792256	683.2	26	4
65.26	0	15727	0	9406390272	650.9	26	4
66.26	0	15727	0	9406144512	621.4	26	4
67.26	0	16173	0	9407242240	616.5	26	4
68.27	0	16173	0	9406832640	614.4	26	4
69.27	0	16869	0	9406803968	707.5	26	4
70.28	0	16869	0	9407381504	714.4	26	4
71.28	0	17316	0	9407692800	651.5	26	4
72.28	0	17316	0	9408335872	628.4	26	4
73.29	0	18008	0	9408798720	617.9	26	4
74.29	0	18008	0	9408708608	664.0	26	4
75.30	0	18436	0	9409265664	653.7	26	4
76.30	0	18436	0	9409413120	683.1	26	4
77.30	0	19129	0	9410088960	615.1	26	4
78.31	0	19129	0	9410502656	634.8	26	4
79.31	0	19575	0	9410699264	704.4	26	4
80.32	0	19575	0	9410838528	634.0	26	4
81.32	0	20268	0	9411571712	628.3	26	4
82.33	0	20268	0	9411297280	633.3	26	4
83.33	0	20697	0	9411866624	673.3	26	4
84.33	0	20697	0	9412026368	657.1	26	4
85.34	0	21357	0	9412141056	665.7	26	4
86.34	0	21357	0	9412128768	640.7	26	4
87.35	0	21820	0	9413267456	630.4	26	4
88.35	0	21936	0	9412968448	643.3	26	4
89.35	0	22515	0	9413341184	646.0	26	4
90.36	0	22515	0	9413738496	666.1	26	4
91.36	0	22960	0	9413562368	627.6	26	4
92.37	0	23092	0	9414897664	664.6	26	4
93.37	0	23668	0	9415557120	614.6	26	4
94.37	0	23668	0	9415237632	700.1	26	4
95.38	0	24129	0	9415606272	660.7	26	4
96.38	0	24245	0	9416208384	604.7	26	4
97.39	0	24822	0	9416957952	633.6	26	4
98.39	0	24822	0	9416720384	634.0	26	4
99.39	0	25284	0	9416605696	619.7	26	4
100.40	0	25416	0	9416859648	670.8	26	4
101.40	0	25994	0	9417314304	609.7	26	4
102.41	0	25994	0	9417822208	681.2	26	4
103.41	0	26456	0	9418407936	657.6	26	4
104.41	0	26572	0	9418457088	605.5	26	4
105.42	0	27150	0	9418940416	628.9	26	4
106.42	0	27150	0	9419227136	640.5	26	4
107.43	0	27613	0	9419927552	620.2	26	4
108.43	0	27713	0	9419739136	643.4	26	4
109.43	0	28291	0	9419714560	629.1	26	4
110.44	0	28291	0	9420410880	630.2	26	4
111.44	0	28752	0	9421000704	613.9	26	4
112.45	0	28752	0	9421107200	619.2	26	4
113.45	0	29429	0	9422008320	625.0	26	4
114.45	0	29429	0	9421848576	696.5	26	4
115.46	0	29891	0	9422241792	631.2	26	4
116.46	0	29891	0	9422577664	640.3	26	4
117.47	0	30584	0	9422839808	654.4	26	4
118.47	0	30584	0	9423319040	705.8	26	4
119.47	0	31046	0	9423634432	635.5	26	4
120.48	0	31046	0	9423224832	619.2	26	4
121.48	0	31722	0	9424101376	631.6	26	4
122.49	0	31722	0	9424388096	631.6	26	4
123.49	0	32186	0	9423896576	608.4	26	4
124.49	0	32186	0	9422483456	660.1	26	4
125.50	0	32798	0	9424584704	710.7	26	4
126.50	0	32880	0	9423581184	636.8	26	4
127.51	0	32880	0	9423622144	619.8	26	4
128.51	0	33327	0	9424199680	640.0	26	4
129.52	0	33443	0	9425006592	679.5	26	4
130.52	0	34036	0	9425711104	680.9	26	4
131.52	0	34036	0	9426247680	609.1	26	4
132.53	0	34483	0	9426169856	645.5	26	4
133.53	0	34483	0	9426579456	624.2	26	4
134.54	0	35193	0	9427128320	625.3	26	4
135.54	0	35193	0	9427206144	630.0	26	4
136.54	0	35637	0	9428250624	641.8	26	4
137.55	0	35637	0	9428590592	672.0	26	4
138.55	0	36330	0	9429172224	621.3	26	4
139.56	0	36330	0	9429053440	658.2	26	4
140.56	0	36793	0	9429348352	611.8	26	4
141.56	0	36793	0	9429311488	612.7	26	4
142.57	0	37486	0	9430642688	666.9	26	4
143.57	0	37486	0	9430466560	618.8	26	4
144.58	0	37950	0	9431498752	662.6	26	4
145.58	0	37950	0	9431801856	623.9	26	4
146.58	0	38663	0	9432244224	659.6	26	4
147.59	0	38663	0	9432264704	634.9	26	4
148.59	0	39125	0	9432825856	612.4	26	4
149.59	0	39125	0	9431621632	616.7	26	4
150.60	0	39835	0	9432731648	622.2	26	4
151.60	0	39835	0	9433079808	679.9	26	4
152.61	0	40297	0	9433833472	642.8	26	4
153.61	0	40297	0	9433387008	660.3	26	4
154.61	0	41006	0	9434939392	700.0	26	4
155.62	0	41006	0	9434681344	645.6	26	4
156.62	0	41484	0	9434947584	618.2	26	4
157.63	0	41484	0	9434701824	574.7	26	4
158.63	0	42210	0	9436344320	624.7	26	4
159.63	0	42210	0	9435328512	664.0	26	4
160.64	0	42673	0	9436082176	622.9	26	4
161.64	0	42673	0	9435709440	612.1	26	4
162.65	0	43383	0	9436667904	680.8	26	4
163.65	0	43383	0	9437306880	693.5	26	4
164.65	0	43846	0	9437761536	617.5	26	4
165.66	0	43846	0	9437405184	658.0	26	4
166.66	0	44555	0	9437888512	687.7	26	4
167.67	0	44555	0	9438085120	657.7	26	4
168.67	0	44919	0	9438961664	638.2	26	4
169.67	0	45001	0	9438154752	689.9	26	4
170.68	0	45133	0	9438752768	608.9	26	4
171.68	0	45710	0	9439408128	632.6	26	4
172.68	0	45710	0	9439797248	607.8	26	4
173.69	0	46188	0	9439854592	684.1	26	4
174.69	0	46303	0	9440141312	725.6	26	4
175.70	0	46881	0	9440407552	667.0	26	4
176.70	0	46881	0	9440370688	630.1	26	4
177.70	0	47359	0	9440763904	698.1	26	4
178.71	0	47474	0	9441832960	676.3	26	4
179.71	0	48068	0	9442410496	665.5	26	4
180.72	0	48068	0	9441763328	654.5	26	4
181.72	0	48530	0	9442443264	658.6	26	4
182.72	0	48563	0	9442959360	634.6	26	4
183.73	0	49209	0	9443315712	639.8	26	4
184.73	0	49209	0	9442983936	612.4	26	4
185.74	0	49689	0	9443119104	631.7	26	4
186.74	0	49689	0	9443299328	654.0	26	4
187.74	0	50365	0	9444409344	652.2	26	4
188.75	0	50365	0	9444274176	633.5	26	4
189.75	0	50827	0	9444380672	683.4	26	4
190.76	0	50827	0	9444077568	639.2	26	4
191.76	0	51519	0	9445625856	677.4	26	4
192.76	0	51519	0	9445101568	618.5	26	4
193.77	0	51718	0	9445560320	624.3	26	4
194.77	0	51965	0	9445855232	641.5	26	4
195.78	0	52295	0	9446084608	662.8	26	4
196.78	0	52659	0	9446588416	625.5	26	4
197.78	0	52659	0	9446211584	672.6	26	4
198.79	0	53121	0	9446813696	628.8	26	4
199.79	0	53236	0	9447153664	618.1	26	4
200.80	0	53814	0	9447526400	617.6	26	4
201.80	0	53814	0	9447796736	647.3	26	4
202.80	0	54277	0	9448300544	709.2	26	4
203.81	0	54393	0	9448038400	621.6	26	4
204.81	0	54972	0	9448964096	618.7	26	4
205.82	0	54972	0	9448308736	611.3	26	4
206.82	0	55435	0	9449029632	653.5	26	4
207.82	0	55550	0	9448882176	701.3	26	4
208.83	0	56127	0	9449934848	632.0	26	4
209.83	0	56127	0	9449435136	624.7	26	4
210.84	0	56589	0	9450508288	637.7	26	4
211.84	0	56705	0	9451130880	672.3	26	4
212.84	0	57299	0	9451028480	691.6	26	4
213.85	0	57299	0	9451204608	614.5	26	4
214.85	0	57777	0	9452097536	615.9	26	4
215.86	0	57827	0	9452363776	618.5	26	4
216.86	0	58470	0	9452904448	674.3	26	4
217.86	0	58470	0	9453002752	670.6	26	4
218.87	0	58949	0	9453404160	674.8	26	4
219.87	0	58949	0	9453187072	596.4	26	4
220.88	0	59625	0	9453801472	684.1	26	4
221.88	0	59625	0	9454010368	646.5	26	4
222.88	0	60089	0	9454628864	651.7	26	4
223.89	0	60089	0	9454571520	637.8	26	4
224.89	0	60768	0	9455374336	625.5	26	4
225.90	0	60768	0	9455419392	666.2	26	4
226.90	0	61230	0	9455833088	718.8	26	4
227.90	0	61280	0	9456070656	644.3	26	4
228.91	0	61923	0	9456115712	642.6	26	4
229.91	0	61923	0	9455706112	646.6	26	4
230.92	0	62385	0	9457049600	675.3	26	4
231.92	0	62385	0	9457430528	651.4	26	4
232.92	0	63079	0	9458503680	650.7	26	4
233.93	0	63079	0	9457725440	618.7	26	4
234.93	0	63524	0	9458532352	664.6	26	4
235.94	0	63524	0	9458454528	638.8	26	4
236.94	0	64217	0	9458696192	677.4	26	4
237.94	0	64217	0	9458663424	630.1	26	4
238.95	0	64662	0	9459265536	636.5	26	4
239.95	0	64662	0	9458794496	642.5	26	4
240.96	0	65356	0	9460084736	696.8	26	4
241.96	0	65356	0	9459380224	692.9	26	4
242.96	0	65356	0	9460146176	603.8	26	4
243.97	0	65820	0	9460563968	614.8	26	4
244.97	0	65935	0	9460940800	638.4	26	4
245.97	0	66531	0	9461071872	648.0	26	4
246.98	0	66531	0	9460932608	662.1	26	4
247.98	0	66993	0	9461223424	630.3	26	4
248.99	0	67108	0	9461673984	682.5	26	4
249.99	0	67702	0	9461501952	647.9	26	4
250.99	0	67702	0	9461788672	618.9	26	4
252.00	0	68164	0	9463246848	630.3	26	4
253.00	0	68164	0	9462808576	613.9	26	4
254.01	0	68857	0	9464094720	620.3	26	4
255.01	0	68857	0	9463558144	667.7	26	4
256.01	0	69335	0	9464414208	678.8	26	4
257.02	0	69335	0	9463906304	617.0	26	4
258.02	0	70027	0	9464844288	632.2	26	4
259.03	0	70027	0	9464889344	687.1	26	4
260.03	0	70489	0	9465671680	668.4	26	4
261.03	0	70489	0	9465229312	628.9	26	4
262.04	0	71184	0	9466142720	636.5	26	4
263.04	0	71184	0	9465835520	615.9	26	4
264.05	0	71664	0	9466986496	623.2	26	4
265.05	0	71664	0	9466056704	664.3	26	4
266.05	0	72358	0	9467244544	693.3	26	4
267.06	0	72358	0	9466707968	615.1	26	4
268.06	0	72837	0	9467949056	633.9	26	4
269.07	0	72837	0	9467363328	590.2	26	4
270.07	0	73547	0	9468313600	636.4	26	4
271.07	0	73547	0	9468116992	689.2	26	4
272.08	0	74026	0	9468788736	640.2	26	4
273.08	0	74026	0	9469149184	640.1	26	4
274.09	0	74735	0	9469796352	630.8	26	4
275.09	0	74735	0	9469714432	594.0	26	4
276.09	0	74850	0	9469980672	616.6	26	4
277.10	0	75213	0	9470431232	648.3	26	4
278.10	0	75362	0	9470672896	669.7	26	4
279.11	0	75924	0	9470652416	684.8	26	4
280.11	0	75924	0	9470189568	619.7	26	4
281.11	0	76386	0	9470664704	599.8	26	4
282.12	0	76502	0	9471897600	658.4	26	4
283.12	0	77082	0	9471262720	674.3	26	4
284.13	0	77082	0	9471655936	657.6	26	4
285.13	0	77545	0	9472688128	650.3	26	4
286.13	0	77545	0	9472053248	633.4	26	4
287.14	0	78238	0	9472868352	640.9	26	4
288.14	0	78238	0	9472733184	617.8	26	4
289.15	0	78699	0	9473171456	642.9	26	4
290.15	0	78699	0	9473077248	614.6	26	4
291.15	0	79393	0	9474359296	647.9	26	4
292.16	0	79393	0	9473892352	634.0	26	4
293.16	0	79855	0	9474842624	670.0	26	4
294.17	0	79855	0	9474285568	627.3	26	4
295.17	0	80548	0	9475043328	639.1	26	4
296.17	0	80548	0	9475612672	623.8	26	4
297.18	0	81026	0	9475899392	679.9	26	4
298.18	0	81026	0	9475723264	648.3	26	4
299.19	0	81704	0	9476341760	656.1	26	4
300.19	0	81704	0	9476227072	753.7	26	4
301.19	0	82200	0	9477038080	676.0	26	4
302.20	0	82200	0	9477271552	654.4	26	4
303.20	0	82878	0	9477550080	672.3	26	4
304.21	0	82878	0	9478127616	616.3	26	4
305.21	0	83357	0	9479114752	673.4	26	4
306.21	0	83357	0	9478742016	657.0	26	4
307.22	0	84050	0	9480478720	656.6	26	4
308.22	0	84050	0	9479639040	630.9	26	4
309.23	0	84528	0	9480388608	690.3	26	4
310.23	0	84528	0	9479852032	641.3	26	4
311.23	0	84627	0	9479819264	691.2	26	4
312.24	0	85218	0	9480413184	615.5	26	4
313.24	0	85218	0	9480429568	595.9	26	4
314.25	0	85695	0	9481322496	659.6	26	4
315.25	0	85794	0	9481703424	718.0	26	4
316.25	0	86385	0	9481744384	656.4	26	4
317.26	0	86385	0	9482289152	614.1	26	4
318.26	0	86862	0	9482846208	604.7	26	4
319.27	0	86960	0	9482592256	598.3	26	4
320.27	0	87536	0	9483321344	623.8	26	4
321.27	0	87536	0	9483784192	687.1	26	4
322.28	0	88031	0	9483747328	670.2	26	4
323.28	0	88031	0	9484361728	647.3	26	4
324.29	0	88707	0	9485012992	672.5	26	4
325.29	0	88707	0	9484468224	612.3	26	4
326.29	0	89201	0	9485438976	649.5	26	4
327.30	0	89201	0	9485619200	602.5	26	4
328.30	0	89892	0	9486364672	651.0	26	4
329.31	0	89892	0	9485541376	629.1	26	4
330.31	0	90369	0	9486323712	672.3	26	4
331.31	0	90369	0	9486077952	655.8	26	4
332.32	0	91043	0	9487134720	605.7	26	4
333.32	0	91043	0	9487167488	621.5	26	4
334.33	0	91454	0	9488150528	618.8	26	4
335.33	0	91520	0	9487966208	651.9	26	4
336.33	0	92226	0	9488728064	667.6	26	4
337.34	0	92226	0	9488515072	664.8	26	4
338.34	0	92703	0	9488572416	607.4	26	4
339.35	0	92703	0	9488523264	608.6	26	4
340.35	0	93396	0	9489358848	680.3	26	4
341.35	0	93396	0	9489199104	666.2	26	4
342.36	0	93891	0	9490300928	600.4	26	4
343.36	0	93891	0	9489739776	662.5	26	4
344.37	0	94566	0	9491374080	707.7	26	4
345.37	0	94566	0	9491177472	616.6	26	4
346.37	0	95043	0	9491677184	675.1	26	4
347.38	0	95043	0	9491169280	644.8	26	4
348.38	0	95734	0	9492299776	664.3	26	4
349.38	0	95734	0	9492008960	611.0	26	4
350.39	0	96212	0	9492729856	637.8	26	4
351.39	0	96212	0	9492742144	621.3	26	4
352.40	0	96903	0	9493745664	619.4	26	4
353.40	0	96903	0	9493655552	669.8	26	4
354.40	0	97381	0	9493987328	682.2	26	4
355.41	0	97381	0	9493737472	659.7	26	4
356.41	0	98070	0	9494401024	629.9	26	4
357.42	0	98070	0	9494224896	680.6	26	4
358.42	0	98564	0	9495044096	689.0	26	4
359.42	0	98564	0	9494405120	649.6	26	4
360.43	0	99207	0	9495797760	679.7	26	4
361.43	0	99207	0	9495433216	653.6	26	4
362.44	0	99685	0	9496424448	630.4	26	4
363.44	0	99685	0	9496268800	650.4	26	4
364.44	0	100359	0	9497157632	687.2	26	4
365.45	0	100359	0	9497518080	634.9	26	4
366.45	0	100836	0	9497133056	636.5	26	4
367.46	0	100836	0	9496621056	685.2	26	4
368.46	0	101494	0	9497964544	659.3	26	4
369.46	0	101494	0	9498005504	642.8	26	4
370.47	0	101942	0	9498042368	639.9	26	4
371.47	0	101954	0	9498578944	640.1	26	4
372.48	0	102053	0	9498845184	629.4	26	4
373.48	0	102627	0	9499410432	643.4	26	4
374.48	0	102627	0	9499103232	652.0	26	4
375.49	0	103088	0	9499561984	675.2	26	4
376.49	0	103088	0	9499545600	580.9	26	4
377.50	0	103729	0	9500143616	641.1	26	4
378.50	0	103729	0	9499979776	618.5	26	4
379.50	0	104207	0	9500147712	648.8	26	4
380.51	0	104207	0	9500413952	625.4	26	4
381.51	0	104883	0	9501802496	616.4	26	4
382.52	0	104883	0	9501773824	608.8	26	4
383.52	0	105344	0	9502466048	665.8	26	4
384.52	0	105344	0	9502048256	628.4	26	4
385.53	0	106018	0	9502158848	638.3	26	4
386.53	0	106018	0	9502130176	619.5	26	4
387.54	0	106363	0	9503023104	646.3	26	4
388.54	0	106478	0	9502797824	621.4	26	4
389.54	0	106987	0	9503428608	679.5	26	4
390.55	0	107118	0	9503211520	643.9	26	4
391.55	0	107118	0	9503363072	651.0	26	4
392.56	0	107595	0	9504145408	655.0	26	4
393.56	0	107694	0	9504768000	577.0	26	4
394.56	0	108253	0	9504915456	660.5	26	4
395.57	0	108253	0	9504382976	620.0	26	4
396.57	0	108713	0	9505308672	631.8	26	4
397.58	0	108713	0	9505021952	613.2	26	4
398.58	0	109371	0	9506144256	646.4	26	4
399.58	0	109371	0	9505759232	577.3	26	4
400.59	0	109848	0	9506418688	633.6	26	4
401.59	0	109848	0	9506308096	624.3	26	4
402.59	0	110095	0	9506201600	639.1	26	4
403.60	0	110521	0	9506775040	611.5	26	4
404.60	0	110521	0	9506615296	610.4	26	4
405.61	0	110997	0	9507315712	629.8	26	4
406.61	0	110997	0	9507012608	638.7	26	4
407.61	0	111669	0	9508016128	713.5	26	4
408.62	0	111669	0	9508347904	635.5	26	4
409.62	0	112145	0	9509175296	643.5	26	4
410.63	0	112145	0	9508179968	610.3	26	4
411.63	0	112834	0	9509249024	634.9	26	4
412.63	0	112834	0	9509351424	644.2	26	4
413.64	0	113310	0	9509822464	666.3	26	4
414.64	0	113310	0	9509969920	585.9	26	4
415.65	0	113982	0	9510985728	684.8	26	4
416.65	0	113982	0	9511010304	629.5	26	4
417.66	0	114476	0	9511739392	620.2	26	4
418.66	0	114476	0	9511530496	621.3	26	4
419.66	0	115153	0	9512529920	631.2	26	4
420.67	0	115153	0	9512067072	679.4	26	4
421.67	0	115648	0	9512574976	684.5	26	4
422.68	0	115648	0	9512935424	594.5	26	4
423.68	0	115747	0	9511923712	584.5	26	4
424.68	0	116322	0	9512861696	671.9	26	4
425.69	0	116322	0	9512398848	645.2	26	4
426.69	0	116815	0	9513185280	638.4	26	4
427.70	0	116815	0	9512960000	639.6	26	4
428.70	0	117489	0	9514250240	626.0	26	4
429.71	0	117489	0	9514143744	634.6	26	4
430.71	0	117966	0	9514409984	688.3	26	4
431.71	0	117966	0	9514582016	604.6	26	4
432.72	0	118641	0	9516720128	649.8	26	4
433.72	0	118674	0	9515954176	649.1	26	4
434.73	0	118674	0	9515794432	596.3	26	4
435.73	0	119151	0	9516511232	609.0	26	4
436.73	0	119398	0	9517420544	648.1	26	4
437.74	0	119842	0	9517670400	709.0	26	4
438.74	0	119842	0	9517580288	594.1	26	4
439.74	0	120304	0	9517502464	631.2	26	4
440.75	0	120420	0	9518235648	583.3	26	4
441.75	0	120981	0	9519104000	607.9	26	4
442.76	0	120981	0	9519009792	659.5	26	4
443.76	0	121475	0	9519255552	648.2	26	4
444.76	0	121689	0	9520504832	641.8	26	4
445.77	0	122149	0	9520656384	669.6	26	4
446.77	0	122280	0	9521569792	616.5	26	4
447.78	0	122626	0	9520803840	635.6	26	4
448.78	0	123317	0	9522163712	684.3	26	4
449.78	0	123317	0	9521479680	642.7	26	4
450.79	0	123794	0	9521860608	652.3	26	4
451.79	0	123794	0	9522307072	622.4	26	4
452.80	0	124469	0	9523646464	681.6	26	4
453.80	0	124469	0	9523015680	645.1	26	4
454.80	0	124929	0	9523863552	640.0	26	4
455.81	0	124929	0	9523752960	702.4	26	4
456.81	0	125638	0	9524662272	641.7	26	4
457.82	0	125638	0	9524350976	611.0	26	4
458.82	0	126100	0	9524846592	641.1	26	4
459.82	0	126100	0	9524215808	643.4	26	4
460.83	0	126791	0	9525178368	674.3	26	4
461.83	0	126791	0	9525325824	590.0	26	4
462.84	0	126923	0	9526165504	595.6	26	4
463.84	0	127251	0	9526263808	680.7	26	4
464.84	0	127367	0	9526231040	594.5	26	4
465.85	0	127959	0	9526509568	670.1	26	4
466.85	0	127959	0	9526468608	610.5	26	4
467.85	0	128420	0	9527549952	597.8	26	4
468.86	0	128535	0	9527861248	646.0	26	4
469.86	0	129111	0	9527394304	651.8	26	4
470.87	0	129111	0	9527758848	589.3	26	4
471.87	0	129571	0	9528410112	648.5	26	4
472.87	0	129703	0	9528905728	616.7	26	4
473.88	0	130278	0	9528946688	650.6	26	4
474.88	0	130278	0	9528700928	668.5	26	4
475.89	0	130740	0	9529225216	633.1	26	4
476.89	0	130806	0	9530109952	641.4	26	4
477.89	0	131433	0	9529982976	669.0	26	4
478.90	0	131433	0	9529806848	648.8	26	4
479.90	0	131877	0	9530228736	630.3	26	4
480.91	0	131877	0	9530331136	629.3	26	4
481.91	0	132585	0	9531949056	661.0	26	4
482.91	0	132585	0	9531396096	638.1	26	4
483.92	0	133029	0	9531760640	624.2	26	4
484.92	0	133160	0	9532657664	694.7	26	4
485.93	0	133736	0	9532436480	645.7	26	4
486.93	0	133736	0	9532739584	634.3	26	4
487.93	0	134180	0	9533218816	640.7	26	4
488.94	0	134312	0	9533251584	656.6	26	4
489.94	0	134904	0	9533181952	659.0	26	4
490.95	0	134904	0	9533579264	676.8	26	4
491.95	0	135348	0	9534431232	631.0	26	4
492.95	0	135479	0	9534660608	647.9	26	4
493.96	0	136056	0	9534840832	657.2	26	4
494.96	0	136056	0	9534734336	690.2	26	4
495.97	0	136500	0	9535741952	703.8	26	4
496.97	0	136632	0	9535868928	646.1	26	4
497.97	0	137210	0	9536139264	634.9	26	4
498.98	0	137210	0	9536172032	595.5	26	4
499.98	0	137654	0	9537085440	690.9	26	4
500.99	0	137786	0	9537765376	661.0	26	4
501.99	0	138361	0	9537818624	632.1	26	4
502.99	0	138427	0	9538154496	656.4	26	4
504.00	0	138805	0	9538854912	712.8	26	4
505.00	0	139462	0	9539182592	664.8	26	4
506.01	0	139512	0	9538711552	679.0	26	4
507.01	0	139512	0	9539022848	615.8	26	4
508.01	0	139956	0	9539506176	654.7	26	4
509.02	0	140087	0	9539862528	653.8	26	4
510.02	0	140663	0	9540227072	671.5	26	4
511.03	0	140663	0	9539801088	678.3	26	4
512.03	0	141108	0	9540562944	613.5	26	4
513.03	0	141108	0	9540591616	615.2	26	4
514.04	0	141816	0	9541365760	621.6	26	4
515.04	0	141816	0	9541578752	630.0	26	4
516.05	0	142262	0	9542062080	691.6	26	4
517.05	0	142262	0	9541693440	695.4	26	4
518.05	0	142970	0	9542782976	666.1	26	4
519.06	0	142970	0	9542934528	663.1	26	4
520.06	0	143415	0	9542307840	634.7	26	4
521.06	0	143415	0	9542082560	640.1	26	4
522.07	0	144122	0	9543737344	661.3	26	4
523.07	0	144122	0	9543483392	651.5	26	4
524.08	0	144565	0	9544048640	680.1	26	4
525.08	0	144565	0	9543954432	673.3	26	4
526.08	0	145256	0	9545728000	655.1	26	4
527.09	0	145256	0	9545424896	608.0	26	4
528.09	0	145701	0	9545302016	641.4	26	4
529.10	0	145701	0	9545461760	650.5	26	4
530.10	0	146408	0	9546391552	627.3	26	4
531.10	0	146408	0	9545641984	692.6	26	4
532.11	0	146852	0	9546231808	672.6	26	4
533.11	0	146852	0	9546194944	625.2	26	4
534.12	0	147579	0	9546813440	614.6	26	4
535.12	0	147579	0	9546604544	656.9	26	4
536.12	0	148024	0	9547042816	726.3	26	4
537.13	0	148024	0	9547120640	610.9	26	4
538.13	0	148748	0	9548472320	593.1	26	4
539.14	0	148748	0	9547915264	657.8	26	4
540.14	0	149192	0	9548558336	630.6	26	4
541.14	0	149192	0	9548419072	638.0	26	4
542.15	0	149916	0	9548967936	618.6	26	4
543.15	0	149916	0	9549185024	621.5	26	4
544.16	0	150343	0	9549697024	644.3	26	4
545.16	0	150343	0	9550573568	635.0	26	4
546.16	0	151084	0	9550286848	684.9	26	4
547.17	0	151084	0	9550036992	584.2	26	4
548.17	0	151528	0	9550974976	652.0	26	4
549.18	0	151528	0	9550131200	704.2	26	4
550.18	0	152251	0	9551134720	636.2	26	4
551.18	0	152251	0	9551306752	609.4	26	4
552.19	0	152680	0	9552060416	700.5	26	4
553.19	0	152680	0	9551998976	639.5	26	4
554.20	0	153421	0	9552744448	605.8	26	4
555.20	0	153421	0	9553068032	693.9	26	4
556.20	0	153850	0	9552928768	634.7	26	4
557.21	0	153998	0	9553743872	623.0	26	4
558.21	0	154573	0	9553162240	664.8	26	4
559.22	0	154573	0	9553498112	650.5	26	4
560.22	0	155000	0	9553874944	610.7	26	4
561.22	0	155148	0	9554456576	635.4	26	4
562.23	0	155723	0	9555349504	646.0	26	4
563.23	0	155723	0	9555517440	622.8	26	4
564.24	0	156149	0	9556193280	646.0	26	4
565.24	0	156330	0	9556361216	685.9	26	4
566.24	0	156888	0	9556508672	674.8	26	4
567.25	0	157333	0	9557086208	646.5	26	4
568.25	0	157333	0	9557479424	670.9	26	4
569.26	0	158055	0	9558700032	709.5	26	4
570.26	0	158055	0	9557753856	655.4	26	4
571.26	0	158499	0	9558241280	636.1	26	4
572.27	0	158499	0	9559056384	643.5	26	4
573.27	0	159242	0	9560395776	680.3	26	4
574.28	0	159242	0	9560125440	661.4	26	4
575.28	0	159670	0	9560006656	643.0	26	4
576.28	0	159818	0	9560621056	683.4	26	4
577.29	0	160410	0	9561018368	616.5	26	4
578.29	0	160410	0	9561321472	714.0	26	4
579.30	0	160855	0	9561088000	690.0	26	4
580.30	0	161003	0	9561374720	643.9	26	4
581.30	0	161577	0	9562112000	705.0	26	4
582.31	0	161577	0	9561985024	647.5	26	4
583.31	0	162005	0	9562095616	639.0	26	4
584.32	0	162219	0	9562759168	681.5	26	4
585.32	0	162745	0	9563418624	672.0	26	4
586.32	0	163172	0	9563574272	683.1	26	4
587.33	0	163172	0	9563439104	653.6	26	4
588.33	0	163912	0	9564917760	639.9	26	4
589.34	0	163912	0	9563725824	711.1	26	4
590.34	0	164324	0	9564094464	666.2	26	4
591.34	0	164324	0	9563926528	651.9	26	4
592.35	0	165050	0	9565597696	633.9	26	4
593.35	0	165050	0	9565282304	622.0	26	4
594.36	0	165462	0	9565704192	644.3	26	4
595.36	0	165462	0	9565073408	639.6	26	4
596.36	0	166202	0	9566384128	643.1	26	4
597.37	0	166202	0	9566699520	656.6	26	4
598.37	0	166613	0	9567531008	683.1	26	4
599.38	0	166613	0	9566240768	611.1	26	4
600.38	0	167338	0	9567895552	643.7	26	4
601.38	0	167338	0	9567420416	695.5	26	4
602.39	0	167766	0	9568997376	653.7	26	4
603.39	0	167766	0	9567899648	642.6	26	4
604.40	0	168506	0	9568780288	625.9	26	4
605.40	0	168506	0	9568903168	676.4	26	4
606.40	0	168917	0	9570353152	666.5	26	4
607.41	0	169082	0	9570525184	613.9	26	4
608.41	0	169659	0	9571246080	623.6	26	4
609.42	0	169659	0	9570009088	629.0	26	4
610.42	0	170088	0	9570447360	681.7	26	4
611.42	0	170088	0	9570553856	619.6	26	4
612.43	0	170814	0	9571721216	689.9	26	4
613.43	0	170814	0	9571627008	611.8	26	4
614.44	0	171242	0	9571733504	645.8	26	4
615.44	0	171357	0	9572667392	670.5	26	4
616.44	0	171966	0	9573019648	622.9	26	4
617.45	0	171966	0	9573732352	660.9	26	4
618.45	0	172393	0	9574436864	681.3	26	4
619.46	0	172557	0	9573240832	598.5	26	4
620.46	0	173117	0	9573511168	619.1	26	4
621.46	0	173117	0	9573990400	694.4	26	4
622.47	0	173561	0	9573945344	640.2	26	4
623.47	0	173709	0	9575026688	655.8	26	4
624.48	0	174284	0	9575497728	673.2	26	4
625.48	0	174284	0	9575403520	609.9	26	4
626.48	0	174712	0	9575866368	592.6	26	4
627.49	0	174860	0	9576284160	669.5	26	4
628.49	0	175453	0	9577246720	678.6	26	4
629.50	0	175882	0	9577193472	650.5	26	4
630.50	0	175882	0	9576452096	590.6	26	4
631.50	0	176606	0	9577381888	683.6	26	4
632.51	0	176606	0	9577811968	664.1	26	4
633.51	0	177050	0	9578774528	678.6	26	4
634.52	0	177050	0	9578688512	634.9	26	4
635.52	0	177791	0	9579638784	605.4	26	4
636.52	0	177791	0	9579069440	656.1	26	4
637.53	0	178219	0	9579687936	642.4	26	4
638.53	0	178351	0	9580081152	646.0	26	4
639.54	0	178942	0	9579855872	702.1	26	4
640.54	0	178942	0	9579827200	617.7	26	4
641.54	0	179370	0	9580417024	636.7	26	4
642.55	0	179518	0	9580904448	607.6	26	4
643.55	0	180093	0	9581326336	684.5	26	4
644.56	0	180093	0	9581105152	679.7	26	4
645.56	0	180538	0	9581375488	634.0	26	4
646.56	0	180687	0	9581400064	623.5	26	4
647.57	0	181280	0	9582264320	737.4	26	4
648.57	0	181280	0	9581817856	631.6	26	4
649.58	0	181710	0	9582452736	621.3	26	4
650.58	0	181858	0	9582620672	680.3	26	4
651.58	0	182466	0	9583058944	656.0	26	4
652.59	0	182466	0	9583939584	646.6	26	4
653.59	0	182910	0	9584066560	676.0	26	4
654.60	0	183585	0	9584603136	669.4	26	4
655.60	0	183667	0	9584381952	649.3	26	4
656.60	0	184094	0	9585254400	707.4	26	4
657.61	0	184094	0	9585180672	608.3	26	4
658.61	0	184851	0	9585659904	654.0	26	4
659.62	0	184851	0	9585778688	700.5	26	4
660.62	0	185294	0	9586118656	650.2	26	4
661.62	0	185442	0	9586536448	682.5	26	4
662.63	0	186035	0	9585864704	650.3	26	4
663.63	0	186035	0	9584607232	660.9	26	4
664.63	0	186464	0	9586061312	704.5	26	4
665.64	0	186629	0	9586216960	614.9	26	4
666.64	0	187190	0	9586565120	664.7	26	4
667.65	0	187190	0	9586163712	704.8	26	4
668.65	0	187619	0	9586434048	650.4	26	4
669.65	0	187783	0	9586995200	606.1	26	4
670.66	0	188374	0	9586962432	662.9	26	4
671.66	0	188374	0	9587011584	613.5	26	4
672.67	0	188802	0	9587703808	651.0	26	4
673.67	0	188950	0	9587965952	634.1	26	4
674.67	0	189526	0	9588183040	655.0	26	4
675.68	0	189526	0	9588199424	609.0	26	4
676.68	0	189970	0	9588948992	659.0	26	4
677.69	0	190118	0	9589874688	693.0	26	4
678.69	0	190710	0	9589903360	646.6	26	4
679.69	0	190710	0	9589608448	597.2	26	4
680.70	0	191138	0	9590140928	726.2	26	4
681.70	0	191270	0	9590374400	649.9	26	4
682.71	0	191846	0	9590710272	649.2	26	4
683.71	0	191846	0	9590353920	660.7	26	4
684.71	0	192291	0	9591398400	613.1	26	4
685.72	0	192440	0	9591422976	651.2	26	4
686.72	0	193018	0	9591836672	641.3	26	4
687.73	0	193018	0	9592037376	639.4	26	4
688.73	0	193462	0	9592279040	631.2	26	4
689.73	0	193462	0	9592360960	629.6	26	4
690.74	0	194186	0	9593171968	650.8	26	4
691.74	0	194186	0	9593229312	673.2	26	4
692.75	0	194631	0	9594019840	689.4	26	4
693.75	0	194779	0	9594404864	638.0	26	4
694.75	0	195355	0	9595031552	601.8	26	4
695.76	0	195355	0	9595109376	630.8	26	4
696.76	0	195799	0	9595756544	621.0	26	4
697.77	0	195799	0	9596207104	660.7	26	4
698.77	0	196539	0	9597337600	641.8	26	4
699.77	0	196539	0	9596461056	620.5	26	4
700.78	0	196967	0	9598025728	613.4	26	4
701.78	0	197082	0	9598631936	703.5	26	4
702.79	0	197708	0	9598681088	634.2	26	4
703.79	0	197708	0	9599242240	603.7	26	4
704.79	0	198153	0	9599250432	640.2	26	4
705.80	0	198285	0	9599098880	654.9	26	4
706.80	0	198877	0	9599619072	639.8	26	4
707.80	0	198877	0	9600151552	646.9	26	4
708.81	0	199337	0	9600757760	663.9	26	4
709.81	0	199468	0	9600249856	634.4	26	4
710.82	0	200060	0	9600851968	616.0	26	4
711.82	0	200060	0	9601196032	634.2	26	4
712.82	0	200503	0	9601839104	672.2	26	4
713.83	0	200651	0	9600950272	704.9	26	4
714.83	0	201226	0	9601499136	602.6	26	4
715.84	0	201226	0	9601392640	594.9	26	4
716.84	0	201654	0	9602494464	663.5	26	4
717.84	0	201802	0	9602150400	656.8	26	4
718.85	0	202392	0	9603080192	671.9	26	4
719.85	0	202835	0	9603366912	675.0	26	4
720.86	0	202835	0	9603145728	610.0	26	4
721.86	0	203577	0	9604476928	641.8	26	4
722.86	0	203577	0	9603731456	647.7	26	4
723.87	0	204006	0	9603842048	696.9	26	4
724.87	0	204006	0	9603457024	695.4	26	4
725.88	0	204336	0	9605791744	654.8	26	4
726.88	0	204748	0	9603817472	618.1	26	4
727.88	0	204748	0	9604194304	661.5	26	4
728.89	0	205192	0	9604780032	606.5	26	4
729.89	0	205340	0	9605337088	631.3	26	4
730.90	0	205932	0	9605779456	669.1	26	4
731.90	0	205932	0	9605783552	654.5	26	4
732.90	0	206376	0	9606647808	629.6	26	4
733.91	0	206524	0	9606647808	651.3	26	4
734.91	0	207116	0	9607090176	645.9	26	4
735.92	0	207116	0	9607307264	695.1	26	4
736.92	0	207559	0	9607852032	648.2	26	4
737.92	0	207724	0	9607766016	655.4	26	4
738.93	0	208300	0	9608564736	718.9	26	4
739.93	0	208300	0	9607999488	632.5	26	4
740.94	0	208728	0	9608536064	669.6	26	4
741.94	0	209321	0	9609486336	675.0	26	4
742.94	0	209486	0	9609601024	638.4	26	4
743.95	0	209865	0	9610260480	617.5	26	4
744.95	0	209915	0	9610199040	693.9	26	4
745.96	0	210096	0	9610674176	635.1	26	4
746.96	0	210673	0	9611083776	650.4	26	4
747.96	0	210673	0	9610985472	628.6	26	4
748.97	0	211101	0	9611649024	625.4	26	4
749.97	0	211250	0	9611640832	639.9	26	4
750.98	0	211841	0	9612374016	640.4	26	4
751.98	0	211841	0	9612414976	665.3	26	4
752.98	0	212269	0	9612648448	617.7	26	4
753.99	0	212269	0	9612619776	595.9	26	4
754.99	0	213026	0	9613332480	650.1	26	4
756.00	0	213026	0	9613623296	644.5	26	4
757.00	0	213453	0	9614405632	621.7	26	4
758.00	0	213453	0	9614065664	609.4	26	4
759.01	0	214209	0	9614352384	681.0	26	4
760.01	0	214209	0	9614503936	620.4	26	4
761.02	0	214636	0	9615482880	632.7	26	4
762.02	0	214636	0	9615486976	678.9	26	4
763.02	0	215395	0	9615671296	592.1	26	4
764.03	0	215395	0	9615990784	638.1	26	4
765.03	0	215823	0	9616715776	762.5	26	4
766.04	0	215988	0	9616826368	639.7	26	4
767.04	0	216598	0	9617162240	657.6	26	4
768.04	0	216598	0	9617743872	639.5	26	4
769.05	0	217026	0	9617993728	601.3	26	4
770.05	0	217190	0	9618292736	601.0	26	4
771.06	0	217782	0	9618690048	688.7	26	4
772.06	0	217782	0	9618591744	599.5	26	4
773.06	0	218194	0	9619652608	622.6	26	4
774.07	0	218358	0	9619947520	699.0	26	4
775.07	0	218966	0	9620783104	688.5	26	4
776.07	0	218966	0	9620672512	618.2	26	4
777.08	0	219393	0	9621336064	632.2	26	4
778.08	0	219558	0	9621266432	608.8	26	4
779.09	0	220150	0	9621315584	655.3	26	4
780.09	0	220150	0	9621905408	684.4	26	4
781.09	0	220578	0	9621766144	632.6	26	4
782.10	0	220743	0	9621889024	640.7	26	4
783.10	0	221321	0	9623068672	661.9	26	4
784.11	0	221321	0	9622745088	684.0	26	4
785.11	0	221750	0	9623564288	597.4	26	4
786.11	0	221915	0	9623515136	616.1	26	4
787.12	0	222508	0	9623937024	714.6	26	4
788.12	0	222508	0	9624412160	616.7	26	4
789.13	0	222935	0	9623904256	657.0	26	4
790.13	0	223099	0	9624190976	632.7	26	4
791.13	0	223692	0	9624633344	650.4	26	4
792.14	0	223692	0	9624895488	641.9	26	4
793.14	0	224103	0	9625595904	626.0	26	4
794.15	0	224268	0	9625522176	642.0	26	4
795.15	0	224844	0	9625870336	634.3	26	4
796.15	0	225090	0	9626148864	687.2	26	4
797.16	0	225271	0	9626341376	632.4	26	4
798.16	0	226012	0	9627770880	711.6	26	4
799.17	0	226012	0	9627205632	679.9	26	4
800.17	0	226440	0	9627688960	638.8	26	4
801.17	0	226440	0	9627521024	664.9	26	4
802.18	0	227182	0	9628176384	726.2	26	4
803.18	0	227182	0	9628065792	642.4	26	4
804.19	0	227595	0	9628389376	640.2	26	4
805.19	0	227595	0	9628413952	656.5	26	4
806.19	0	228286	0	9629515776	658.9	26	4
807.20	0	228286	0	9629474816	639.6	26	4
808.20	0	228698	0	9629622272	676.1	26	4
809.21	0	228698	0	9628729344	649.1	26	4
810.21	0	229421	0	9630330880	658.6	26	4
811.21	0	229421	0	9629671424	654.5	26	4
812.22	0	229816	0	9630855168	658.0	26	4
813.22	0	229816	0	9630867456	664.6	26	4
814.23	0	230556	0	9632075776	666.7	26	4
815.23	0	230556	0	9632141312	655.6	26	4
816.23	0	230966	0	9632194560	668.5	26	4
817.24	0	230966	0	9632661504	646.1	26	4
818.24	0	231690	0	9633415168	679.0	26	4
819.25	0	231690	0	9633562624	647.1	26	4
820.25	0	232118	0	9633333248	636.2	26	4
821.25	0	232118	0	9633009664	606.9	26	4
822.26	0	232828	0	9634017280	631.5	26	4
823.26	0	232828	0	9634103296	681.2	26	4
824.27	0	233274	0	9634795520	669.3	26	4
825.27	0	233274	0	9634447360	634.5	26	4
826.27	0	234015	0	9635106816	710.8	26	4
827.28	0	234015	0	9635172352	677.2	26	4
828.28	0	234426	0	9635868672	696.1	26	4
829.29	0	234590	0	9635995648	585.2	26	4
830.29	0	235166	0	9635958784	666.2	26	4
831.29	0	235166	0	9636507648	601.5	26	4
832.30	0	235578	0	9637244928	632.6	26	4
833.30	0	235726	0	9637433344	604.8	26	4
834.30	0	236301	0	9637347328	655.6	26	4
835.31	0	236318	0	9637810176	615.3	26	4
836.31	0	236713	0	9637724160	716.4	26	4
837.32	0	237455	0	9639620608	691.4	26	4
838.32	0	237455	0	9639075840	655.6	26	4
839.32	0	237868	0	9639604224	682.5	26	4
840.33	0	238033	0	9639636992	650.8	26	4
841.33	0	238610	0	9640214528	684.4	26	4
842.34	0	238610	0	9640259584	676.0	26	4
843.34	0	239038	0	9640775680	656.2	26	4
844.34	0	239762	0	9642024960	699.8	26	4
845.35	0	239762	0	9641562112	618.4	26	4
846.35	0	240190	0	9642074112	657.6	26	4
847.36	0	240190	0	9642397696	651.7	26	4
848.36	0	240947	0	9642885120	660.9	26	4
849.36	0	240947	0	9642790912	647.3	26	4
850.37	0	241375	0	9643319296	592.4	26	4
851.37	0	241375	0	9643712512	590.6	26	4
852.38	0	242098	0	9644552192	704.2	26	4
853.38	0	242098	0	9644126208	629.7	26	4
854.38	0	242525	0	9644744704	661.4	26	4
855.39	0	243251	0	9645428736	697.7	26	4
856.39	0	243251	0	9645441024	697.3	26	4
857.40	0	243680	0	9645486080	694.8	26	4
858.40	0	243829	0	9646505984	632.4	26	4
859.40	0	244406	0	9646784512	680.8	26	4
860.41	0	244406	0	9646387200	614.7	26	4
861.41	0	244835	0	9647321088	663.8	26	4
862.42	0	245459	0	9648738304	628.5	26	4
863.42	0	245558	0	9648222208	688.1	26	4
864.42	0	245985	0	9648582656	662.3	26	4
865.43	0	246133	0	9648906240	671.8	26	4
866.43	0	246708	0	9649254400	609.6	26	4
867.44	0	246708	0	9649303552	655.2	26	4
868.44	0	247118	0	9650110464	604.1	26	4
869.44	0	247545	0	9650405376	717.4	26	4
870.45	0	247858	0	9650049024	705.7	26	4
871.45	0	248285	0	9650831360	688.6	26	4
872.46	0	248285	0	9649643520	633.7	26	4
873.46	0	249010	0	9650450432	616.4	26	4
874.46	0	249010	0	9650864128	669.9	26	4
875.47	0	249423	0	9651703808	636.7	26	4
876.47	0	249423	0	9651630080	671.5	26	4
877.48	0	250149	0	9652531200	644.9	26	4
878.48	0	250149	0	9652510720	629.3	26	4
879.49	0	250593	0	9652449280	708.7	26	4
880.49	0	250593	0	9652482048	635.0	26	4
881.49	0	251301	0	9653907456	617.2	26	4
882.50	0	251301	0	9654218752	631.9	26	4
883.50	0	251745	0	9654665216	685.2	26	4
884.51	0	251745	0	9654427648	660.8	26	4
885.51	0	252469	0	9654689792	679.5	26	4
886.51	0	252469	0	9654566912	634.6	26	4
887.52	0	252898	0	9655406592	610.2	26	4
888.52	0	252898	0	9655431168	583.4	26	4
889.53	0	253605	0	9655873536	661.6	26	4
890.53	0	253605	0	9655939072	682.7	26	4
891.53	0	254033	0	9656807424	632.5	26	4
892.54	0	254033	0	9656819712	640.3	26	4
893.54	0	254759	0	9657344000	647.2	26	4
894.55	0	254759	0	9656905728	657.8	26	4
895.55	0	255189	0	9657741312	684.0	26	4
896.55	0	255189	0	9657798656	602.5	26	4
897.56	0	255914	0	9658744832	672.7	26	4
898.56	0	255914	0	9658224640	660.1	26	4
899.57	0	256358	0	9658810368	650.1	26	4
900.57	0	256358	0	9659027456	618.9	26	4
901.57	0	257082	0	9659891712	690.4	26	4
902.58	0	257082	0	9660272640	675.8	26	4
903.58	0	257509	0	9660641280	625.4	26	4
904.59	0	257509	0	9660739584	653.0	26	4
905.59	0	258234	0	9661489152	692.7	26	4
906.59	0	258234	0	9661067264	648.3	26	4
907.60	0	258661	0	9660993536	635.4	26	4
908.60	0	258661	0	9660841984	628.6	26	4
909.61	0	259402	0	9661243392	647.2	26	4
910.61	0	259402	0	9661132800	659.7	26	4
911.61	0	259829	0	9662300160	631.0	26	4
912.62	0	259829	0	9662074880	663.6	26	4
913.62	0	260571	0	9662832640	627.7	26	4
914.63	0	260571	0	9663008768	632.1	26	4
915.63	0	261016	0	9663193088	651.3	26	4
916.63	0	261181	0	9663594496	613.9	26	4
917.64	0	261773	0	9664802816	703.9	26	4
918.64	0	261773	0	9664487424	593.7	26	4
919.65	0	262218	0	9664675840	644.3	26	4
920.65	0	262366	0	9665384448	639.6	26	4
921.65	0	262957	0	9665859584	637.4	26	4
922.66	0	263056	0	9666510848	606.1	26	4
923.66	0	263402	0	9665982464	620.8	26	4
924.67	0	264158	0	9666572288	728.1	26	4
925.67	0	264158	0	9666859008	669.7	26	4
926.67	0	264586	0	9666924544	608.9	26	4
927.68	0	264586	0	9666965504	608.3	26	4
928.68	0	265342	0	9667796992	714.5	26	4
929.68	0	265342	0	9667674112	655.0	26	4
930.69	0	265786	0	9668517888	635.3	26	4
931.69	0	265786	0	9668423680	625.8	26	4
932.70	0	266528	0	9669271552	669.8	26	4
933.70	0	266528	0	9668820992	637.8	26	4
934.70	0	266957	0	9669632000	683.4	26	4
935.71	0	267106	0	9670451200	670.3	26	4
936.71	0	267697	0	9670823936	648.3	26	4
937.72	0	267697	0	9670922240	604.6	26	4
938.72	0	268124	0	9671507968	664.8	26	4
939.72	0	268272	0	9671540736	663.2	26	4
940.73	0	268865	0	9671942144	659.9	26	4
941.73	0	269292	0	9672556544	657.8	26	4
942.74	0	269292	0	9672699904	614.5	26	4
943.74	0	270033	0	9673662464	642.0	26	4
944.74	0	270033	0	9673527296	637.7	26	4
945.75	0	270280	0	9673650176	663.2	26	4
946.75	0	270461	0	9673433088	646.9	26	4
947.76	0	271102	0	9674084352	608.4	26	4
948.76	0	271184	0	9674141696	623.8	26	4
949.76	0	271612	0	9675280384	662.1	26	4
950.77	0	271612	0	9675239424	599.5	26	4
951.77	0	272371	0	9675444224	636.6	26	4
952.78	0	272371	0	9675460608	651.7	26	4
953.78	0	272816	0	9675448320	685.6	26	4
954.78	0	272816	0	9675628544	641.9	26	4
955.79	0	273557	0	9676410880	669.8	26	4
956.79	0	273557	0	9676341248	625.6	26	4
957.80	0	273985	0	9676623872	660.4	26	4
958.80	0	273985	0	9676541952	576.2	26	4
959.80	0	274215	0	9676779520	682.2	26	4
960.81	0	274725	0	9677287424	669.9	26	4
961.81	0	274725	0	9677185024	631.0	26	4
962.81	0	275168	0	9677758464	667.0	26	4
963.82	0	275300	0	9677893632	599.4	26	4
964.82	0	275909	0	9679040512	656.9	26	4
965.83	0	275909	0	9678888960	651.7	26	4
966.83	0	276354	0	9679286272	642.4	26	4
967.83	0	276485	0	9679974400	614.0	26	4
968.84	0	277094	0	9680142336	666.9	26	4
969.84	0	277275	0	9679970304	664.8	26	4
970.85	0	277538	0	9680236544	625.2	26	4
971.85	0	278083	0	9681027072	676.9	26	4
972.85	0	278264	0	9681272832	616.8	26	4
973.86	0	278479	0	9681342464	656.6	26	4
974.86	0	278710	0	9681936384	631.5	26	4
975.87	0	279434	0	9682612224	695.0	26	4
976.87	0	279434	0	9682624512	662.1	26	4
977.87	0	279878	0	9683111936	621.3	26	4
978.88	0	279878	0	9683181568	627.7	26	4
979.88	0	280620	0	9683816448	700.7	26	4
980.89	0	280620	0	9683607552	640.4	26	4
981.89	0	281081	0	9684467712	661.5	26	4
982.89	0	281081	0	9684074496	609.2	26	4
983.90	0	281804	0	9684443136	663.6	26	4
984.90	0	281804	0	9684750336	592.2	26	4
985.91	0	282248	0	9685839872	707.9	26	4
986.91	0	282248	0	9685594112	573.3	26	4
987.91	0	282939	0	9686687744	645.0	26	4
988.92	0	282972	0	9686315008	651.5	26	4
989.92	0	283433	0	9686933504	704.2	26	4
990.93	0	283433	0	9687080960	644.3	26	4
991.93	0	283565	0	9687015424	619.9	26	4
992.93	0	284143	0	9687801856	660.4	26	4
993.94	0	284357	0	9687814144	660.5	26	4
994.94	0	284588	0	9688461312	698.3	26	4
995.95	0	285295	0	9689190400	682.4	26	4
996.95	0	285312	0	9688797184	656.7	26	4
997.95	0	285312	0	9688547328	608.2	26	4
998.96	0	285756	0	9688625152	685.0	26	4
999.96	0	285888	0	9689808896	621.8	26	4
1000.97	0	286464	0	9690234880	661.7	26	4
1001.97	0	286464	0	9690128384	701.8	26	4
1002.97	0	286907	0	9690800128	624.8	26	4
1003.98	0	287039	0	9690697728	612.4	26	4
1004.98	0	287614	0	9692409856	646.1	26	4
1005.99	0	287614	0	9691521024	649.3	26	4
1006.99	0	288057	0	9692266496	662.5	26	4
1008.00	0	288189	0	9692135424	631.4	26	4
1009.00	0	288781	0	9692639232	696.3	26	4
1010.00	0	288781	0	9692090368	624.0	26	4
1011.01	0	289226	0	9692905472	683.4	26	4
1012.01	0	289374	0	9693466624	637.2	26	4
1013.02	0	289968	0	9694253056	685.2	26	4
1014.02	0	290084	0	9693626368	659.8	26	4
1015.02	0	290430	0	9693855744	617.6	26	4
1016.03	0	290562	0	9693974528	623.0	26	4
1017.03	0	291154	0	9694834688	650.3	26	4
1018.04	0	291187	0	9695080448	696.4	26	4
1019.04	0	291614	0	9695178752	630.3	26	4
1020.04	0	292338	0	9695793152	670.6	26	4
1021.05	0	292338	0	9695641600	700.3	26	4
1022.05	0	292781	0	9696186368	674.5	26	4
1023.06	0	292781	0	9695838208	634.6	26	4
1024.06	0	293521	0	9696018432	692.5	26	4
1025.06	0	293521	0	9695891456	604.7	26	4
1026.07	0	293899	0	9697480704	691.3	26	4
1027.07	0	293965	0	9696321536	655.0	26	4
1028.08	0	294704	0	9697775616	601.9	26	4
1029.08	0	294704	0	9697484800	652.6	26	4
1030.08	0	295148	0	9697964032	568.5	26	4
1031.09	0	295148	0	9698181120	668.0	26	4
1032.09	0	295889	0	9699246080	597.6	26	4
1033.10	0	295889	0	9699045376	669.3	26	4
1034.10	0	296351	0	9699565568	681.4	26	4
1035.10	0	297107	0	9700024320	644.5	26	4
1036.11	0	297107	0	9700511744	578.9	26	4
1037.11	0	297567	0	9701081088	660.7	26	4
1038.12	0	297567	0	9701060608	585.6	26	4
1039.12	0	298306	0	9701773312	637.7	26	4
1040.12	0	298306	0	9701265408	597.1	26	4
1041.13	0	298749	0	9701871616	610.3	26	4
1042.13	0	298897	0	9702649856	639.4	26	4
1043.14	0	299504	0	9703301120	624.0	26	4
1044.14	0	299504	0	9703108608	611.1	26	4
1045.14	0	299948	0	9703321600	674.1	26	4
1046.15	0	300341	0	9704480768	675.6	26	4
1047.15	0	300720	0	9704673280	647.8	26	4
1048.16	0	301163	0	9705103360	691.2	26	4
1049.16	0	301163	0	9704980480	656.1	26	4
1050.16	0	301922	0	9705598976	644.8	26	4
1051.17	0	301922	0	9705521152	638.7	26	4
1052.17	0	302385	0	9706450944	668.2	26	4
1053.18	0	302533	0	9706160128	655.2	26	4
1054.18	0	303142	0	9706500096	636.9	26	4
1055.18	0	303142	0	9706618880	653.8	26	4
1056.19	0	303586	0	9707876352	642.3	26	4
1057.19	0	303733	0	9707999232	680.6	26	4
1058.20	0	304342	0	9708584960	664.9	26	4
1059.20	0	304342	0	9708318720	636.0	26	4
1060.20	0	304803	0	9708572672	675.0	26	4
1061.21	0	305214	0	9709420544	651.8	26	4
1062.21	0	305559	0	9708900352	635.6	26	4
1063.21	0	306004	0	9710108672	665.4	26	4
1064.22	0	306004	0	9710370816	662.3	26	4
1065.22	0	306776	0	9711321088	640.4	26	4
1066.23	0	306776	0	9711108096	619.9	26	4
1067.23	0	307221	0	9711624192	643.6	26	4
1068.23	0	307221	0	9711468544	659.5	26	4
1069.24	0	307980	0	9712070656	686.0	26	4
1070.24	0	307980	0	9711915008	611.5	26	4
1071.25	0	308409	0	9712181248	649.9	26	4
1072.25	0	308409	0	9712005120	657.8	26	4
1073.25	0	309167	0	9713160192	676.1	26	4
1074.26	0	309167	0	9713037312	654.1	26	4
1075.26	0	309594	0	9713745920	604.4	26	4
1076.27	0	309758	0	9713807360	645.3	26	4
1077.27	0	310334	0	9714331648	650.3	26	4
1078.27	0	310334	0	9714171904	629.5	26	4
1079.28	0	310778	0	9714552832	656.8	26	4
1080.28	0	310942	0	9714860032	622.8	26	4
1081.29	0	311517	0	9715326976	658.8	26	4
1082.29	0	311813	0	9716072448	639.8	26	4
1083.29	0	311977	0	9716088832	648.5	26	4
1084.30	0	312717	0	9717100544	682.4	26	4
1085.30	0	312717	0	9717149696	660.4	26	4
1086.31	0	313162	0	9718022144	663.1	26	4
1087.31	0	313162	0	9717985280	672.1	26	4
1088.31	0	313904	0	9718755328	647.7	26	4
1089.32	0	313904	0	9718226944	604.6	26	4
1090.32	0	314333	0	9718005760	652.7	26	4
1091.33	0	314482	0	9718542336	637.3	26	4
1092.33	0	315075	0	9718927360	638.1	26	4
1093.33	0	315075	0	9719349248	643.5	26	4
1094.34	0	315536	0	9720369152	629.7	26	4
1095.34	0	315536	0	9720569856	651.7	26	4
1096.35	0	316275	0	9721131008	697.7	26	4
1097.35	0	316275	0	9721032704	617.3	26	4
1098.35	0	316703	0	9721253888	655.0	26	4
1099.36	0	316851	0	9721188352	696.2	26	4
1100.36	0	317443	0	9721581568	681.0	26	4
1101.37	0	317443	0	9721401344	652.5	26	4
1102.37	0	317887	0	9721974784	615.7	26	4
1103.37	0	318035	0	9722806272	637.7	26	4
1104.38	0	318627	0	9722421248	690.2	26	4
1105.38	0	318627	0	9722740736	604.4	26	4
1106.39	0	319071	0	9723334656	672.6	26	4
1107.39	0	319219	0	9723953152	628.3	26	4
1108.39	0	319812	0	9724293120	663.5	26	4
1109.40	0	319812	0	9724063744	621.3	26	4
1110.40	0	320258	0	9724030976	588.8	26	4
1111.41	0	320407	0	9724555264	631.5	26	4
1112.41	0	321001	0	9725210624	667.9	26	4
1113.41	0	321001	0	9725407232	637.7	26	4
1114.42	0	321445	0	9725825024	595.0	26	4
1115.42	0	321725	0	9726816256	622.2	26	4
1116.43	0	322169	0	9726312448	734.5	26	4
1117.43	0	322629	0	9727713280	663.0	26	4
1118.43	0	322629	0	9727934464	594.4	26	4
1119.44	0	323354	0	9728925696	654.2	26	4
1120.44	0	323354	0	9727635456	640.4	26	4
1121.45	0	323798	0	9729167360	657.5	26	4
1122.45	0	323798	0	9729097728	643.2	26	4
1123.45	0	324538	0	9729400832	684.8	26	4
1124.46	0	324538	0	9729511424	627.5	26	4
1125.46	0	324965	0	9729744896	666.3	26	4
1126.47	0	324965	0	9729335296	639.4	26	4
1127.47	0	325706	0	9730285568	616.2	26	4
1128.47	0	325706	0	9730256896	686.5	26	4
1129.48	0	326134	0	9730646016	666.7	26	4
1130.48	0	326134	0	9730834432	628.8	26	4
1131.49	0	326795	0	9732276224	625.0	26	4
1132.49	0	326894	0	9731764224	629.6	26	4
1133.49	0	326894	0	9731629056	636.6	26	4
1134.50	0	327322	0	9731686400	649.8	26	4
1135.50	0	327487	0	9731801088	661.4	26	4
1136.51	0	328078	0	9732702208	668.5	26	4
1137.51	0	328078	0	9732472832	615.1	26	4
1138.51	0	328506	0	9732874240	628.5	26	4
1139.52	0	328720	0	9733435392	721.2	26	4
1140.52	0	329246	0	9733271552	654.4	26	4
1141.53	0	329362	0	9734254592	626.7	26	4
1142.53	0	329675	0	9733939200	681.8	26	4
1143.53	0	330333	0	9735753728	652.9	26	4
1144.54	0	330431	0	9735462912	611.4	26	4
1145.54	0	330876	0	9736540160	680.5	26	4
1146.55	0	330876	0	9736110080	639.4	26	4
1147.55	0	331633	0	9737072640	628.2	26	4
1148.55	0	331633	0	9736937472	656.9	26	4
1149.56	0	332062	0	9737023488	649.1	26	4
1150.56	0	332062	0	9736945664	644.1	26	4
1151.57	0	332838	0	9737895936	606.7	26	4
1152.57	0	332838	0	9737732096	681.9	26	4
1153.57	0	333266	0	9738252288	713.8	26	4
1154.58	0	333266	0	9738260480	649.3	26	4
1155.58	0	334040	0	9739046912	599.6	26	4
1156.58	0	334040	0	9738899456	709.2	26	4
1157.59	0	334484	0	9739767808	718.9	26	4
1158.59	0	334631	0	9740021760	668.5	26	4
1159.60	0	335240	0	9740910592	625.5	26	4
1160.60	0	335240	0	9740546048	630.1	26	4
1161.60	0	335667	0	9740378112	659.9	26	4
1162.61	0	335832	0	9741058048	666.8	26	4
1163.61	0	336424	0	9741258752	663.6	26	4
1164.62	0	336424	0	9741389824	593.9	26	4
1165.62	0	336852	0	9742069760	688.6	26	4
1166.62	0	337148	0	9742610432	608.4	26	4
1167.63	0	337609	0	9742315520	596.4	26	4
1168.63	0	338053	0	9743056896	676.3	26	4
1169.64	0	338053	0	9742831616	592.7	26	4
1170.64	0	338811	0	9743790080	660.9	26	4
1171.64	0	338811	0	9744416768	627.7	26	4
1172.65	0	339255	0	9744142336	680.3	26	4
1173.65	0	339584	0	9745010688	659.9	26	4
1174.66	0	340028	0	9745985536	625.5	26	4
1175.66	0	340455	0	9746001920	594.7	26	4
1176.66	0	340455	0	9746014208	633.0	26	4
1177.67	0	341194	0	9746874368	671.5	26	4
1178.67	0	341194	0	9746616320	602.8	26	4
1179.68	0	341638	0	9747132416	661.0	26	4
1180.68	0	341638	0	9746931712	592.1	26	4
1181.68	0	342393	0	9748258816	680.9	26	4
1182.69	0	342393	0	9747845120	634.6	26	4
1183.69	0	342835	0	9748033536	612.6	26	4
1184.70	0	343000	0	9749168128	677.8	26	4
1185.70	0	343591	0	9749028864	613.3	26	4
1186.70	0	343591	0	9748959232	659.5	26	4
1187.71	0	344050	0	9749999616	666.1	26	4
1188.71	0	344808	0	9750839296	647.3	26	4
1189.72	0	344808	0	9750122496	638.1	26	4
1190.72	0	345254	0	9751105536	641.5	26	4
1191.72	0	345254	0	9750822912	638.8	26	4
1192.73	0	346012	0	9751515136	661.5	26	4
1193.73	0	346012	0	9751683072	624.2	26	4
1194.74	0	346455	0	9752264704	656.2	26	4
1195.74	0	346603	0	9752121344	661.0	26	4
1196.74	0	347212	0	9753796608	599.7	26	4
1197.75	0	347212	0	9753608192	655.1	26	4
1198.75	0	347656	0	9754447872	637.3	26	4
1199.76	0	347804	0	9753653248	669.8	26	4
1200.76	0	348411	0	9754140672	623.9	26	4
1201.76	0	348823	0	9754972160	580.2	26	4
1202.77	0	348872	0	9755090944	657.1	26	4
1203.77	0	349630	0	9755955200	678.8	26	4
1204.78	0	349630	0	9755807744	608.3	26	4
1205.78	0	350074	0	9756856320	685.5	26	4
1206.78	0	350074	0	9756229632	646.0	26	4
1207.79	0	350832	0	9757294592	641.7	26	4
1208.79	0	350832	0	9757069312	654.5	26	4
1209.80	0	351294	0	9757491200	657.2	26	4
1210.80	0	351294	0	9756999680	623.4	26	4
1211.80	0	352052	0	9758539776	630.5	26	4
1212.81	0	352052	0	9758015488	666.4	26	4
1213.81	0	352496	0	9758457856	654.0	26	4
1214.81	0	352496	0	9758339072	682.6	26	4
1215.82	0	353236	0	9759514624	642.1	26	4
1216.82	0	353236	0	9759285248	616.7	26	4
1217.83	0	353681	0	9760280576	621.4	26	4
1218.83	0	353681	0	9759842304	641.6	26	4
1219.84	0	354437	0	9760325632	682.5	26	4
1220.84	0	354437	0	9760251904	649.0	26	4
1221.84	0	354880	0	9761017856	610.6	26	4
1222.85	0	354880	0	9761071104	630.8	26	4
1223.85	0	355621	0	9761984512	664.2	26	4
1224.85	0	355621	0	9762058240	660.9	26	4
1225.86	0	356082	0	9762799616	671.6	26	4
1226.86	0	356230	0	9762603008	693.4	26	4
1227.87	0	356823	0	9763205120	647.0	26	4
1228.87	0	357285	0	9763872768	623.9	26	4
1229.87	0	357285	0	9763647488	666.3	26	4
1230.88	0	358027	0	9764655104	646.3	26	4
1231.88	0	358027	0	9764790272	659.3	26	4
1232.89	0	358471	0	9765318656	688.6	26	4
1233.89	0	358620	0	9765392384	677.5	26	4
1234.89	0	359228	0	9765785600	624.2	26	4
1235.90	0	359228	0	9765801984	634.6	26	4
1236.90	0	359656	0	9766539264	680.2	26	4
1237.91	0	359821	0	9766514688	691.2	26	4
1238.91	0	360413	0	9766551552	650.2	26	4
1239.91	0	360659	0	9767342080	610.7	26	4
1240.92	0	360857	0	9767129088	665.2	26	4
1241.92	0	361629	0	9767788544	669.8	26	4
1242.93	0	361629	0	9767546880	646.3	26	4
1243.93	0	362057	0	9767919616	608.0	26	4
1244.93	0	362057	0	9767952384	627.4	26	4
1245.94	0	362830	0	9768648704	681.2	26	4
1246.94	0	362830	0	9769144320	672.0	26	4
1247.95	0	363276	0	9770188800	659.7	26	4
1248.95	0	363440	0	9769406464	667.0	26	4
1249.95	0	364051	0	9769615360	666.1	26	4
1250.96	0	364051	0	9769668608	695.3	26	4
1251.96	0	364479	0	9770876928	632.4	26	4
1252.97	0	364643	0	9770668032	649.8	26	4
1253.97	0	365236	0	9770496000	641.7	26	4
1254.97	0	365236	0	9770692608	632.4	26	4
1255.98	0	365664	0	9771372544	701.1	26	4
1256.98	0	365828	0	9772085248	626.7	26	4
1257.99	0	366420	0	9772023808	703.9	26	4
1258.99	0	366420	0	9771696128	644.6	26	4
1259.99	0	366863	0	9772965888	596.9	26	4
1261.00	0	367011	0	9773371392	627.0	26	4
1262.00	0	367603	0	9774100480	608.4	26	4
1263.01	0	367603	0	9773920256	632.0	26	4
1264.01	0	368031	0	9774030848	690.5	26	4
1265.01	0	368195	0	9774768128	620.8	26	4
1266.02	0	368771	0	9775194112	585.1	26	4
1267.02	0	368771	0	9775386624	606.8	26	4
1268.03	0	369215	0	9775972352	680.4	26	4
1269.03	0	369677	0	9775935488	667.3	26	4
1270.03	0	369990	0	9776164864	635.3	26	4
1271.04	0	370435	0	9777020928	642.3	26	4
1272.04	0	370435	0	9777590272	680.7	26	4
1273.05	0	371206	0	9777389568	661.4	26	4
1274.05	0	371206	0	9777590272	601.2	26	4
1275.05	0	371633	0	9778565120	701.0	26	4
1276.06	0	371797	0	9778106368	600.7	26	4
1277.06	0	372403	0	9779191808	696.1	26	4
1278.07	0	372403	0	9778688000	613.7	26	4
1279.07	0	372830	0	9779216384	632.9	26	4
1280.07	0	372995	0	9779109888	675.1	26	4
1281.08	0	373602	0	9780760576	593.1	26	4
1282.08	0	374029	0	9781133312	691.7	26	4
1283.09	0	374029	0	9780436992	627.4	26	4
1284.09	0	374816	0	9781395456	681.9	26	4
1285.09	0	374816	0	9781059584	635.8	26	4
1286.10	0	375260	0	9781768192	636.3	26	4
1287.10	0	375425	0	9782587392	663.6	26	4
1288.11	0	376018	0	9782874112	648.5	26	4
1289.11	0	376018	0	9782394880	677.9	26	4
1290.11	0	376463	0	9783050240	681.2	26	4
1291.12	0	376628	0	9783222272	605.5	26	4
1292.12	0	377237	0	9784680448	649.0	26	4
1293.13	0	377237	0	9784360960	675.1	26	4
1294.13	0	377681	0	9785237504	639.6	26	4
1295.13	0	378454	0	9786269696	685.0	26	4
1296.14	0	378454	0	9786060800	684.1	26	4
1297.14	0	378881	0	9786159104	603.5	26	4
1298.15	0	378881	0	9785532416	675.8	26	4
1299.15	0	379637	0	9786679296	689.7	26	4
1300.15	0	379637	0	9786425344	629.0	26	4
1301.16	0	380082	0	9787252736	700.2	26	4
1302.16	0	380246	0	9787817984	651.8	26	4
1303.17	0	380837	0	9788489728	621.1	26	4
1304.17	0	380837	0	9788264448	639.4	26	4
1305.17	0	381265	0	9788657664	634.0	26	4
1306.18	0	381429	0	9789153280	627.8	26	4
1307.18	0	382038	0	9789980672	634.5	26	4
1308.18	0	382038	0	9789956096	594.4	26	4
1309.19	0	382467	0	9790119936	620.2	26	4
1310.19	0	382648	0	9789886464	666.4	26	4
1311.20	0	383258	0	9790496768	667.3	26	4
1312.20	0	383455	0	9791193088	581.7	26	4
1313.20	0	383685	0	9791066112	595.0	26	4
1314.21	0	384458	0	9791807488	655.2	26	4
1315.21	0	384458	0	9791614976	619.4	26	4
1316.22	0	384901	0	9792479232	686.9	26	4
1317.22	0	384901	0	9791578112	639.8	26	4
1318.22	0	385672	0	9793138688	704.1	26	4
1319.23	0	385672	0	9792724992	624.1	26	4
1320.23	0	386116	0	9793093632	641.5	26	4
1321.24	0	386888	0	9794646016	673.0	26	4
1322.24	0	386888	0	9794756608	634.9	26	4
1323.24	0	387332	0	9794883584	722.7	26	4
1324.25	0	387332	0	9793437696	684.7	26	4
1325.25	0	388103	0	9794109440	651.6	26	4
1326.26	0	388103	0	9794002944	630.2	26	4
1327.26	0	388531	0	9794531328	613.3	26	4
1328.27	0	388680	0	9795088384	688.5	26	4
1329.27	0	389323	0	9795842048	631.8	26	4
1330.27	0	389323	0	9796161536	635.6	26	4
1331.28	0	389752	0	9796665344	688.1	26	4
1332.28	0	389933	0	9797591040	625.8	26	4
1333.29	0	390525	0	9797992448	644.0	26	4
1334.29	0	390525	0	9797218304	656.4	26	4
1335.29	0	390953	0	9798057984	661.3	26	4
1336.30	0	391134	0	9798393856	629.9	26	4
1337.30	0	391725	0	9799835648	599.9	26	4
1338.31	0	391725	0	9799315456	731.0	26	4
1339.31	0	392153	0	9799647232	641.7	26	4
1340.31	0	392317	0	9800589312	695.7	26	4
1341.32	0	392908	0	9801252864	672.2	26	4
1342.32	0	393335	0	9802399744	601.4	26	4
1343.33	0	393335	0	9801916416	649.5	26	4
1344.33	0	393681	0	9802313728	679.6	26	4
1345.34	0	394108	0	9802608640	643.6	26	4
1346.34	0	394537	0	9803509760	603.4	26	4
1347.34	0	394537	0	9802678272	661.5	26	4
1348.35	0	395327	0	9803735040	654.2	26	4
1349.35	0	395327	0	9803468800	630.4	26	4
1350.36	0	395757	0	9803509760	608.5	26	4
1351.36	0	395757	0	9803350016	657.8	26	4
1352.36	0	396513	0	9804517376	668.5	26	4
1353.37	0	396513	0	9804595200	587.5	26	4
1354.37	0	396940	0	9805119488	661.0	26	4
1355.38	0	397121	0	9805123584	646.5	26	4
1356.38	0	397730	0	9806270464	586.8	26	4
1357.39	0	397730	0	9806147584	693.5	26	4
1358.39	0	398157	0	9806893056	638.9	26	4
1359.39	0	398338	0	9806872576	668.4	26	4
1360.40	0	398929	0	9807114240	652.6	26	4
1361.40	0	398929	0	9807114240	623.0	26	4
1362.41	0	399357	0	9807794176	636.1	26	4
1363.41	0	399538	0	9808351232	641.2	26	4
1364.41	0	400146	0	9808080896	647.1	26	4
1365.42	0	400146	0	9808662528	638.5	26	4
1366.42	0	400556	0	9808969728	665.5	26	4
1367.43	0	400738	0	9809399808	607.2	26	4
1368.43	0	401348	0	9810243584	654.6	26	4
1369.43	0	401348	0	9810939904	673.5	26	4
1370.44	0	401777	0	9810702336	649.9	26	4
1371.44	0	401942	0	9810669568	598.5	26	4
1372.45	0	402552	0	9812004864	644.2	26	4
1373.45	0	402552	0	9812168704	726.0	26	4
1374.45	0	402979	0	9812029440	618.1	26	4
1375.46	0	403144	0	9812090880	615.0	26	4
1376.46	0	403735	0	9812983808	708.0	26	4
1377.47	0	403735	0	9813090304	621.8	26	4
1378.47	0	404163	0	9812946944	665.0	26	4
1379.48	0	404328	0	9812819968	627.6	26	4
1380.48	0	404936	0	9813749760	614.8	26	4
1381.48	0	405051	0	9814302720	703.0	26	4
1382.49	0	405380	0	9814454272	612.5	26	4
1383.49	0	406087	0	9815977984	668.8	26	4
1384.50	0	406137	0	9815502848	684.6	26	4
1385.50	0	406580	0	9816322048	622.8	26	4
1386.50	0	406580	0	9816240128	701.6	26	4
1387.51	0	407338	0	9817513984	628.0	26	4
1388.51	0	407338	0	9817645056	618.3	26	4
1389.52	0	407783	0	9818062848	717.2	26	4
1390.52	0	407930	0	9817739264	627.3	26	4
1391.52	0	408523	0	9818607616	629.0	26	4
1392.53	0	408523	0	9818472448	634.6	26	4
1393.53	0	408965	0	9819164672	655.2	26	4
1394.54	0	409130	0	9819234304	596.0	26	4
1395.54	0	409720	0	9819459584	636.5	26	4
1396.54	0	409720	0	9819258880	644.8	26	4
1397.55	0	410180	0	9819889664	597.7	26	4
1398.55	0	410311	0	9820344320	608.2	26	4
1399.56	0	410919	0	9820696576	683.2	26	4
1400.56	0	411379	0	9821249536	655.2	26	4
1401.56	0	411379	0	9821212672	604.0	26	4
1402.57	0	412118	0	9821855744	626.0	26	4
1403.57	0	412118	0	9821941760	599.7	26	4
1404.58	0	412577	0	9822793728	775.9	26	4
1405.58	0	412577	0	9822134272	677.4	26	4
1406.58	0	413301	0	9823346688	699.3	26	4
1407.59	0	413301	0	9822892032	693.0	26	4
1408.59	0	413729	0	9823506432	658.6	26	4
1409.60	0	413729	0	9823629312	621.7	26	4
1410.60	0	414455	0	9823883264	650.8	26	4
1411.60	0	414455	0	9823760384	723.8	26	4
1412.61	0	414898	0	9824022528	700.3	26	4
1413.61	0	414898	0	9823936512	652.2	26	4
1414.62	0	415605	0	9824559104	611.9	26	4
1415.62	0	415605	0	9824342016	642.1	26	4
1416.62	0	416033	0	9825595392	679.9	26	4
1417.63	0	416033	0	9825390592	617.1	26	4
1418.63	0	416707	0	9826439168	689.3	26	4
1419.64	0	416707	0	9826656256	638.5	26	4
1420.64	0	417135	0	9826373632	651.5	26	4
1421.64	0	417135	0	9826435072	645.1	26	4
1422.65	0	417283	0	9826562048	627.6	26	4
1423.65	0	417826	0	9827078144	579.2	26	4
1424.66	0	417826	0	9827213312	627.7	26	4
1425.66	0	418237	0	9827221504	760.7	26	4
1426.66	0	418782	0	9828511744	675.4	26	4
1427.67	0	418782	0	9828560896	639.2	26	4
1428.67	0	419177	0	9829085184	751.7	26	4
1429.68	0	419177	0	9829097472	714.8	26	4
1430.68	0	419654	0	9829351424	685.2	26	4
1431.68	0	419654	0	9829281792	712.2	26	4
1432.69	0	419933	0	9829912576	631.5	26	4
1433.69	0	420065	0	9830002688	661.5	26	4
1434.70	0	420625	0	9830612992	675.1	26	4
1435.70	0	420625	0	9830330368	630.5	26	4
1436.70	0	421087	0	9831333888	654.0	26	4
1437.71	0	421219	0	9831043072	621.4	26	4
1438.71	0	421812	0	9830756352	671.4	26	4
1439.72	0	422075	0	9832407040	628.3	26	4
1440.72	0	422273	0	9831735296	634.6	26	4
1441.73	0	423013	0	9832280064	676.0	26	4
1442.73	0	423013	0	9831878656	604.1	26	4
1443.73	0	423457	0	9832693760	672.3	26	4
1444.74	0	423457	0	9832464384	621.2	26	4
1445.74	0	424215	0	9833885696	691.2	26	4
1446.75	0	424215	0	9833525248	607.8	26	4
1447.75	0	424643	0	9833811968	719.9	26	4
1448.75	0	424807	0	9834569728	598.4	26	4
1449.76	0	425399	0	9835053056	615.0	26	4
1450.76	0	425646	0	9835032576	667.3	26	4
1451.77	0	425844	0	9835126784	645.6	26	4
1452.77	0	426602	0	9836199936	668.0	26	4
1453.77	0	426602	0	9835560960	636.4	26	4
1454.78	0	427048	0	9836498944	582.7	26	4
1455.78	0	427048	0	9836150784	660.2	26	4
1456.79	0	427805	0	9837682688	672.2	26	4
1457.79	0	427805	0	9837961216	642.0	26	4
1458.79	0	428249	0	9838080000	634.6	26	4
1459.80	0	428249	0	9838137344	651.3	26	4
1460.80	0	429006	0	9838755840	607.6	26	4
1461.80	0	429006	0	9838686208	577.7	26	4
1462.81	0	429433	0	9839517696	628.9	26	4
1463.81	0	429597	0	9839493120	682.7	26	4
1464.82	0	430188	0	9840140288	609.9	26	4
1465.82	0	430188	0	9839730688	629.0	26	4
1466.82	0	430633	0	9840517120	694.2	26	4
1467.83	0	430797	0	9840168960	588.2	26	4
1468.83	0	431405	0	9840910336	650.7	26	4
1469.84	0	431405	0	9840619520	666.3	26	4
1470.84	0	431833	0	9840996352	606.7	26	4
1471.84	0	431997	0	9841078272	606.2	26	4
1472.85	0	432607	0	9841565696	620.1	26	4
1473.85	0	432607	0	9842036736	607.9	26	4
1474.86	0	433035	0	9842339840	644.1	26	4
1475.86	0	433200	0	9842708480	594.1	26	4
1476.86	0	433792	0	9843212288	590.4	26	4
1477.87	0	433792	0	9843363840	615.4	26	4
1478.87	0	434234	0	9843855360	616.8	26	4
1479.88	0	434398	0	9843843072	649.5	26	4
1480.88	0	434990	0	9844523008	610.0	26	4
1481.88	0	434990	0	9844387840	613.2	26	4
1482.89	0	435433	0	9845018624	678.3	26	4
1483.89	0	435597	0	9845411840	606.9	26	4
1484.90	0	436187	0	9846636544	622.2	26	4
1485.90	0	436187	0	9845932032	582.5	26	4
1486.91	0	436631	0	9846247424	666.1	26	4
1487.91	0	436794	0	9846771712	611.9	26	4
1488.91	0	437401	0	9847119872	627.3	26	4
1489.92	0	437401	0	9847005184	644.4	26	4
1490.92	0	437828	0	9847140352	667.9	26	4
1491.93	0	438388	0	9848000512	640.7	26	4
1492.93	0	438586	0	9848197120	679.4	26	4
1493.93	0	439016	0	9848541184	663.1	26	4
1494.94	0	439016	0	9848217600	629.0	26	4
1495.94	0	439773	0	9849790464	633.0	26	4
1496.95	0	439773	0	9848688640	674.1	26	4
1497.95	0	440201	0	9850101760	605.4	26	4
1498.95	0	440201	0	9850015744	632.2	26	4
1499.96	0	440958	0	9850118144	650.9	26	4
1500.96	0	440958	0	9850081280	675.5	26	4
1501.97	0	441386	0	9850286080	629.7	26	4
1502.97	0	441386	0	9850998784	631.8	26	4
1503.97	0	442127	0	9851899904	687.2	26	4
1504.98	0	442127	0	9851494400	641.0	26	4
1505.98	0	442571	0	9852198912	610.8	26	4
1506.99	0	442571	0	9851842560	630.9	26	4
1507.99	0	443327	0	9852760064	662.1	26	4
1508.99	0	443327	0	9852923904	617.6	26	4
1510.00	0	443755	0	9853108224	692.2	26	4
1511.00	0	443920	0	9853636608	564.8	26	4
1512.01	0	444530	0	9854775296	638.8	26	4
1513.01	0	444530	0	9854537728	664.9	26	4
1514.02	0	444958	0	9855541248	617.2	26	4
1515.02	0	445519	0	9856737280	664.1	26	4
1516.02	0	445716	0	9856552960	641.8	26	4
1517.03	0	446159	0	9856638976	604.6	26	4
1518.03	0	446159	0	9856577536	598.5	26	4
1519.04	0	446899	0	9857818624	691.5	26	4
1520.04	0	446899	0	9856942080	647.7	26	4
1521.05	0	447358	0	9857515520	658.1	26	4
1522.05	0	447506	0	9857589248	642.4	26	4
1523.05	0	448097	0	9858637824	625.2	26	4
1524.06	0	448097	0	9857957888	679.0	26	4
1525.06	0	448541	0	9858740224	626.1	26	4
1526.07	0	448706	0	9859182592	689.4	26	4
1527.07	0	449297	0	9859534848	629.7	26	4
1528.07	0	449740	0	9860485120	685.8	26	4
1529.08	0	449740	0	9859518464	673.1	26	4
1530.08	0	450497	0	9860055040	658.5	26	4
1531.09	0	450497	0	9860104192	628.0	26	4
1532.09	0	450925	0	9861918720	658.6	26	4
1533.10	0	451090	0	9862045696	670.2	26	4
1534.10	0	451701	0	9862311936	658.3	26	4
1535.10	0	451701	0	9861894144	616.8	26	4
1536.11	0	452145	0	9862717440	644.3	26	4
1537.11	0	452277	0	9863102464	674.2	26	4
1538.12	0	452902	0	9863544832	683.6	26	4
1539.12	0	452902	0	9862946816	650.2	26	4
1540.12	0	453346	0	9863168000	667.9	26	4
1541.13	0	453494	0	9863704576	618.2	26	4
1542.13	0	454103	0	9864466432	641.2	26	4
1543.13	0	454103	0	9864413184	655.9	26	4
1544.14	0	454547	0	9865011200	670.6	26	4
1545.14	0	454761	0	9865592832	626.3	26	4
1546.15	0	455288	0	9866145792	685.3	26	4
1547.15	0	455600	0	9866276864	596.1	26	4
1548.15	0	455732	0	9866240000	599.5	26	4
1549.16	0	456488	0	9867079680	693.8	26	4
1550.16	0	456488	0	9866760192	708.1	26	4
1551.17	0	456933	0	9867448320	594.7	26	4
1552.17	0	456933	0	9867407360	601.4	26	4
1553.17	0	457693	0	9868517376	638.4	26	4
1554.18	0	457693	0	9867575296	667.3	26	4
1555.18	0	458154	0	9868509184	596.2	26	4
1556.19	0	458154	0	9868730368	655.1	26	4
1557.19	0	458895	0	9869066240	732.2	26	4
1558.19	0	458895	0	9869553664	616.1	26	4
1559.20	0	459339	0	9870643200	650.2	26	4
1560.20	0	459339	0	9870184448	625.8	26	4
1561.21	0	460080	0	9870639104	660.6	26	4
1562.21	0	460080	0	9870684160	623.3	26	4
1563.21	0	460524	0	9870409728	603.0	26	4
1564.22	0	460524	0	9870278656	617.9	26	4
1565.22	0	461265	0	9871540224	669.5	26	4
1566.23	0	461265	0	9871536128	631.9	26	4
1567.23	0	461709	0	9871953920	665.2	26	4
1568.23	0	461874	0	9872670720	629.6	26	4
1569.24	0	462449	0	9873076224	647.6	26	4
1570.24	0	462449	0	9872871424	639.4	26	4
1571.25	0	462911	0	9873313792	662.8	26	4
1572.25	0	463060	0	9873813504	600.3	26	4
1573.25	0	463637	0	9874657280	616.2	26	4
1574.26	0	463637	0	9874583552	665.9	26	4
1575.26	0	464082	0	9875210240	670.3	26	4
1576.27	0	464230	0	9875644416	599.3	26	4
1577.27	0	464838	0	9875894272	691.8	26	4
1578.27	0	465282	0	9876262912	635.1	26	4
1579.28	0	465282	0	9876230144	647.1	26	4
1580.28	0	466022	0	9876627456	666.2	26	4
1581.29	0	466022	0	9877024768	621.3	26	4
1582.29	0	466450	0	9877880832	641.3	26	4
1583.29	0	466450	0	9877835776	599.9	26	4
1584.30	0	467191	0	9878474752	691.8	26	4
1585.30	0	467191	0	9878044672	602.7	26	4
1586.31	0	467619	0	9878806528	671.0	26	4
1587.31	0	467619	0	9878974464	603.6	26	4
1588.31	0	468359	0	9879584768	668.9	26	4
1589.32	0	468359	0	9880276992	641.8	26	4
1590.32	0	468803	0	9879998464	641.6	26	4
1591.33	0	468803	0	9879449600	694.0	26	4
1592.33	0	469545	0	9879908352	629.2	26	4
1593.33	0	469545	0	9879715840	652.4	26	4
1594.34	0	469990	0	9880477696	666.4	26	4
1595.34	0	469990	0	9880211456	639.5	26	4
1596.35	0	470714	0	9881432064	637.8	26	4
1597.35	0	470714	0	9880977408	666.2	26	4
1598.35	0	471141	0	9881354240	616.7	26	4
1599.36	0	471141	0	9881079808	625.8	26	4
1600.36	0	471881	0	9882681344	687.4	26	4
1601.37	0	471881	0	9882615808	655.4	26	4
1602.37	0	472308	0	9882800128	635.0	26	4
1603.37	0	472473	0	9883103232	649.1	26	4
1604.38	0	473049	0	9883660288	611.7	26	4
1605.38	0	473049	0	9883774976	706.8	26	4
1606.39	0	473476	0	9883906048	661.6	26	4
1607.39	0	473640	0	9884659712	615.5	26	4
1608.40	0	474216	0	9885478912	652.1	26	4
1609.40	0	474216	0	9885126656	648.1	26	4
1610.40	0	474644	0	9885360128	647.9	26	4
1611.41	0	474809	0	9885564928	616.4	26	4
1612.41	0	475403	0	9886531584	652.4	26	4
1613.42	0	475733	0	9886957568	655.2	26	4
1614.42	0	475799	0	9886822400	719.8	26	4
1615.42	0	476540	0	9888002048	649.7	26	4
1616.43	0	476540	0	9888018432	581.4	26	4
1617.43	0	476950	0	9889046528	671.3	26	4
1618.44	0	476950	0	9888411648	627.5	26	4
1619.44	0	477707	0	9889185792	624.4	26	4
1620.45	0	477707	0	9888854016	668.8	26	4
1621.45	0	478135	0	9889275904	644.0	26	4
1622.45	0	478217	0	9890459648	645.5	26	4
1623.46	0	478875	0	9889320960	676.7	26	4
1624.46	0	478875	0	9889087488	627.9	26	4
1625.47	0	479286	0	9889087488	581.5	26	4
1626.47	0	479286	0	9888780288	601.7	26	4
1627.48	0	480043	0	9890086912	660.0	26	4
1628.48	0	480043	0	9889918976	635.3	26	4
1629.48	0	480454	0	9890398208	653.0	26	4
1630.49	0	480635	0	9890500608	681.1	26	4
1631.49	0	481229	0	9891229696	643.0	26	4
1632.50	0	481229	0	9891155968	613.6	26	4
1633.50	0	481659	0	9892016128	643.8	26	4
1634.50	0	481840	0	9891852288	648.3	26	4
1635.51	0	482432	0	9892970496	594.6	26	4
1636.51	0	482432	0	9892478976	642.4	26	4
1637.52	0	482844	0	9892945920	698.2	26	4
1638.52	0	483616	0	9894039552	657.1	26	4
1639.52	0	483616	0	9893933056	642.6	26	4
1640.53	0	484027	0	9894551552	646.0	26	4
1641.53	0	484027	0	9894322176	611.6	26	4
1642.54	0	484784	0	9895333888	664.5	26	4
1643.54	0	484784	0	9895329792	637.4	26	4
1644.54	0	485195	0	9895546880	642.7	26	4
1645.55	0	485195	0	9895776256	626.6	26	4
1646.55	0	485952	0	9896378368	684.6	26	4
1647.56	0	485952	0	9896878080	727.1	26	4
1648.56	0	486363	0	9896689664	715.2	26	4
1649.56	0	486363	0	9897017344	658.1	26	4
1650.57	0	487055	0	9897566208	632.7	26	4
1651.57	0	487055	0	9898020864	736.6	26	4
1652.58	0	487055	0	9897476096	808.7	26	4
1653.58	0	487434	0	9897992192	807.0	26	4
1654.58	0	487434	0	9898217472	622.8	26	4
1655.59	0	487599	0	9898631168	692.2	26	4
1656.59	0	488077	0	9898987520	627.2	26	4
1657.60	0	488077	0	9898606592	706.5	26	4
1658.60	0	488408	0	9899053056	655.4	26	4
1659.60	0	488408	0	9899286528	620.3	26	4
1660.61	0	488556	0	9898733568	645.5	26	4
1661.61	0	489083	0	9899802624	802.1	26	4
1662.62	0	489083	0	9899565056	673.1	26	4
1663.62	0	489462	0	9900613632	609.5	26	4
1664.62	0	489462	0	9900834816	574.6	26	4
1665.63	0	490006	0	9901162496	653.3	26	4
1666.63	0	490121	0	9901289472	696.2	26	4
1667.64	0	490499	0	9901654016	670.5	26	4
1668.64	0	490499	0	9901244416	595.1	26	4
1669.64	0	490680	0	9902096384	630.3	26	4
1670.65	0	491224	0	9902256128	693.9	26	4
1671.65	0	491653	0	9902333952	643.9	26	4
1672.66	0	491653	0	9902870528	670.4	26	4
1673.66	0	491834	0	9902784512	599.9	26	4
1674.66	0	492410	0	9903669248	608.2	26	4
1675.67	0	492410	0	9903693824	655.8	26	4
1676.67	0	492821	0	9903460352	619.7	26	4
1677.68	0	493003	0	9904259072	636.4	26	4
1678.68	0	493561	0	9905270784	640.7	26	4
1679.68	0	493561	0	9905090560	646.1	26	4
1680.69	0	493990	0	9905029120	697.9	26	4
1681.69	0	494384	0	9906008064	645.6	26	4
1682.70	0	494746	0	9905881088	619.2	26	4
1683.70	0	494746	0	9906409472	663.1	26	4
1684.70	0	495157	0	9907073024	663.6	26	4
1685.71	0	495321	0	9906896896	614.2	26	4
1686.71	0	495896	0	9907441664	709.3	26	4
1687.72	0	496323	0	9908514816	660.7	26	4
1688.72	0	496323	0	9907929088	606.1	26	4
1689.72	0	497063	0	9908711424	621.8	26	4
1690.73	0	497063	0	9908477952	656.2	26	4
1691.73	0	497492	0	9908170752	644.3	26	4
1692.74	0	497492	0	9908322304	617.1	26	4
1693.74	0	498232	0	9909510144	588.4	26	4
1694.74	0	498232	0	9909432320	615.9	26	4
1695.75	0	498659	0	9910149120	639.2	26	4
1696.75	0	498659	0	9909751808	696.3	26	4
1697.76	0	499397	0	9911013376	636.2	26	4
1698.76	0	499397	0	9910767616	611.1	26	4
1699.76	0	499824	0	9911521280	637.9	26	4
1700.77	0	499824	0	9910759424	657.3	26	4
1701.77	0	500579	0	9911603200	646.7	26	4
1702.78	0	500579	0	9912012800	593.1	26	4
1703.78	0	501006	0	9912061952	653.7	26	4
1704.78	0	501154	0	9912786944	631.6	26	4
1705.79	0	501745	0	9912942592	678.0	26	4
1706.79	0	502056	0	9913446400	667.0	26	4
1707.80	0	502188	0	9914023936	770.1	26	4
1708.80	0	502566	0	9914519552	688.6	26	4
1709.80	0	502879	0	9914507264	670.5	26	4
1710.81	0	503209	0	9915244544	653.1	26	4
1711.81	0	503209	0	9914765312	666.0	26	4
1712.82	0	503705	0	9915731968	658.3	26	4
1713.82	0	503837	0	9916305408	652.1	26	4
1714.82	0	503952	0	9917235200	599.3	26	4
1715.83	0	504199	0	9917087744	623.7	26	4
1716.83	0	504611	0	9917325312	652.3	26	4
1717.83	0	504874	0	9917304832	623.1	26	4
1718.84	0	505252	0	9918156800	624.8	26	4
1719.84	0	505252	0	9917759488	689.3	26	4
1720.85	0	505911	0	9918205952	695.2	26	4
1721.85	0	505911	0	9917743104	577.4	26	4
1722.85	0	505911	0	9918013440	596.0	26	4
1723.86	0	506289	0	9918726144	702.5	26	4
1724.86	0	506669	0	9918812160	632.2	26	4
1725.87	0	506883	0	9918660608	700.8	26	4
1726.87	0	507131	0	9919078400	637.1	26	4
1727.87	0	507131	0	9919275008	701.3	26	4
1728.88	0	507743	0	9920155648	655.3	26	4
1729.88	0	507743	0	9920196608	682.7	26	4
1730.89	0	508091	0	9919827968	600.4	26	4
1731.89	0	508091	0	9919676416	650.7	26	4
1732.89	0	508750	0	9920815104	718.4	26	4
1733.90	0	508750	0	9919975424	618.7	26	4
1734.90	0	509178	0	9920851968	613.4	26	4
1735.91	0	509178	0	9921077248	639.2	26	4
1736.91	0	509852	0	9921384448	657.7	26	4
1737.91	0	509852	0	9921454080	561.8	26	4
1738.92	0	510263	0	9922170880	601.0	26	4
1739.92	0	510263	0	9921753088	614.6	26	4
1740.93	0	510954	0	9923092480	684.0	26	4
1741.93	0	510954	0	9922805760	682.2	26	4
1742.93	0	511349	0	9923964928	684.7	26	4
1743.94	0	511349	0	9923375104	668.0	26	4
1744.94	0	512023	0	9924169728	633.1	26	4
1745.95	0	512023	0	9924046848	632.2	26	4
1746.95	0	512353	0	9924550656	622.3	26	4
1747.95	0	512470	0	9924640768	615.4	26	4
1748.96	0	512998	0	9925443584	624.8	26	4
1749.96	0	512998	0	9925144576	592.2	26	4
1750.97	0	513410	0	9925246976	694.6	26	4
1751.97	0	513558	0	9926119424	671.9	26	4
1752.97	0	514084	0	9926049792	628.2	26	4
1753.98	0	514084	0	9926201344	706.9	26	4
1754.98	0	514479	0	9926508544	617.8	26	4
1755.99	0	514627	0	9927585792	658.4	26	4
1756.99	0	515170	0	9927376896	697.7	26	4
1757.99	0	515170	0	9926328320	633.8	26	4
1759.00	0	515548	0	9927053312	644.8	26	4
1760.00	0	515697	0	9927450624	654.3	26	4
1761.01	0	516207	0	9927831552	725.5	26	4
1762.01	0	516207	0	9928511488	631.9	26	4
1763.01	0	516618	0	9929183232	660.3	26	4
1764.02	0	516734	0	9929056256	619.3	26	4
1765.02	0	517261	0	9929175040	619.8	26	4
1766.03	0	517261	0	9929068544	665.4	26	4
1767.03	0	517674	0	9929138176	681.9	26	4
1768.03	0	517805	0	9930543104	629.1	26	4
1769.04	0	518382	0	9929969664	626.6	26	4
1770.04	0	518382	0	9929777152	625.7	26	4
1771.05	0	518778	0	9930989568	688.2	26	4
1772.05	0	518943	0	9930698752	660.5	26	4
1773.05	0	519502	0	9931415552	620.6	26	4
1774.06	0	519502	0	9931698176	601.4	26	4
1775.06	0	519897	0	9931542528	672.5	26	4
1776.07	0	519897	0	9931890688	628.8	26	4
1777.07	0	520621	0	9932591104	653.0	26	4
1778.07	0	520621	0	9932980224	636.4	26	4
1779.08	0	521032	0	9932914688	643.4	26	4
1780.08	0	521032	0	9932378112	753.7	26	4
1781.09	0	521739	0	9933717504	700.6	26	4
1782.09	0	521739	0	9933750272	695.9	26	4
1783.09	0	522052	0	9933897728	609.8	26	4
1784.10	0	522052	0	9934163968	672.3	26	4
1785.10	0	522713	0	9934929920	678.8	26	4
1786.11	0	522713	0	9934733312	704.5	26	4
1787.11	0	523044	0	9934995456	664.2	26	4
1788.11	0	523044	0	9934483456	626.4	26	4
1789.12	0	523225	0	9934868480	609.1	26	4
1790.12	0	523752	0	9935699968	642.5	26	4
1791.13	0	523752	0	9935450112	685.4	26	4
1792.13	0	524163	0	9936515072	634.5	26	4
1793.13	0	524327	0	9936863232	655.2	26	4
1794.14	0	524886	0	9936711680	647.2	26	4
1795.14	0	524886	0	9936953344	581.9	26	4
1796.15	0	525297	0	9937514496	655.2	26	4
1797.15	0	525462	0	9937727488	686.7	26	4
1798.15	0	526022	0	9937969152	638.9	26	4
1799.16	0	526022	0	9938014208	625.1	26	4
1800.16	0	526368	0	9938100224	615.9	26	4
1801.17	0	526532	0	9938612224	729.0	26	4
1802.17	0	527059	0	9939034112	613.8	26	4
1803.17	0	527059	0	9939169280	695.1	26	4
1804.18	0	527439	0	9939709952	635.5	26	4
1805.18	0	527933	0	9940656128	673.1	26	4
1806.19	0	528165	0	9940701184	667.8	26	4
1807.19	0	528577	0	9941241856	616.2	26	4
1808.20	0	528577	0	9940963328	618.7	26	4
1809.20	0	529316	0	9942257664	632.3	26	4
1810.20	0	529316	0	9941356544	636.7	26	4
1811.21	0	529448	0	9941962752	626.0	26	4
1812.21	0	529727	0	9942192128	607.0	26	4
1813.22	0	530450	0	9943150592	639.1	26	4
1814.22	0	530450	0	9942781952	626.5	26	4
1815.22	0	530860	0	9943195648	637.3	26	4
1816.23	0	530860	0	9943216128	620.9	26	4
1817.23	0	531584	0	9944805376	622.6	26	4
1818.24	0	531584	0	9944461312	663.8	26	4
1819.24	0	531995	0	9944899584	668.5	26	4
1820.24	0	531995	0	9944121344	656.7	26	4
1821.25	0	532702	0	9945120768	605.9	26	4
1822.25	0	532718	0	9945853952	648.9	26	4
1823.26	0	533131	0	9946263552	667.4	26	4
1824.26	0	533131	0	9946066944	591.1	26	4
1825.26	0	533856	0	9946374144	653.0	26	4
1826.27	0	533856	0	9946742784	613.8	26	4
1827.27	0	534284	0	9947496448	611.2	26	4
1828.28	0	534432	0	9947467776	682.9	26	4
1829.28	0	535007	0	9948508160	661.5	26	4
1830.28	0	535007	0	9948213248	605.8	26	4
1831.29	0	535417	0	9948286976	616.9	26	4
1832.29	0	535565	0	9948758016	625.3	26	4
1833.30	0	536125	0	9948868608	650.3	26	4
1834.30	0	536322	0	9949548544	625.9	26	4
1835.30	0	536504	0	9949466624	690.0	26	4
1836.31	0	537194	0	9950498816	629.1	26	4
1837.31	0	537194	0	9950367744	588.1	26	4
1838.32	0	537605	0	9950535680	658.8	26	4
1839.32	0	537605	0	9950638080	621.4	26	4
1840.32	0	538199	0	9950679040	713.3	26	4
1841.33	0	538199	0	9950605312	608.4	26	4
1842.33	0	538595	0	9951289344	655.3	26	4
1843.34	0	538595	0	9951326208	678.5	26	4
1844.34	0	539289	0	9952473088	643.4	26	4
1845.34	0	539289	0	9951981568	603.1	26	4
1846.35	0	539668	0	9952010240	589.4	26	4
1847.35	0	539668	0	9951805440	609.3	26	4
1848.36	0	540359	0	9953071104	627.5	26	4
1849.36	0	540359	0	9952706560	678.4	26	4
1850.36	0	540770	0	9953222656	624.8	26	4
1851.37	0	540770	0	9953189888	602.5	26	4
1852.37	0	541446	0	9954594816	652.1	26	4
1853.38	0	541446	0	9954533376	648.0	26	4
1854.38	0	541824	0	9953927168	643.4	26	4
1855.38	0	541824	0	9953828864	634.3	26	4
1856.39	0	542483	0	9955205120	653.8	26	4
1857.39	0	542483	0	9954734080	660.7	26	4
1858.40	0	542796	0	9956278272	641.5	26	4
1859.40	0	542796	0	9955598336	634.6	26	4
1860.41	0	543406	0	9956114432	645.8	26	4
1861.41	0	543406	0	9955639296	624.9	26	4
1862.41	0	543803	0	9956847616	609.3	26	4
1863.42	0	543803	0	9956753408	666.6	26	4
1864.42	0	544480	0	9957285888	627.2	26	4
1865.43	0	544480	0	9956814848	631.6	26	4
1866.43	0	544859	0	9957498880	624.8	26	4
1867.43	0	544859	0	9957429248	598.7	26	4
1868.44	0	545599	0	9958187008	630.1	26	4
1869.44	0	545599	0	9958379520	608.8	26	4
1870.45	0	545993	0	9958330368	621.1	26	4
1871.45	0	545993	0	9958342656	599.1	26	4
1872.45	0	546734	0	9959571456	656.2	26	4
1873.46	0	546734	0	9958989824	646.5	26	4
1874.46	0	546734	0	9959043072	607.6	26	4
1875.47	0	547129	0	9959698432	611.4	26	4
1876.47	0	547277	0	9959874560	612.6	26	4
1877.47	0	547852	0	9960591360	608.9	26	4
1878.48	0	547852	0	9960861696	622.3	26	4
1879.48	0	548231	0	9960812544	670.5	26	4
1880.49	0	548379	0	9960558592	592.3	26	4
1881.49	0	548924	0	9960837120	630.3	26	4
1882.49	0	548924	0	9961156608	663.1	26	4
1883.50	0	549320	0	9962557440	659.7	26	4
1884.50	0	549469	0	9962123264	627.7	26	4
1885.51	0	550045	0	9962610688	619.8	26	4
1886.51	0	550045	0	9962496000	606.6	26	4
1887.51	0	550455	0	9963364352	613.7	26	4
1888.52	0	550455	0	9962942464	613.3	26	4
1889.52	0	551163	0	9964339200	660.5	26	4
1890.53	0	551163	0	9963528192	616.2	26	4
1891.53	0	551575	0	9964412928	634.4	26	4
1892.53	0	551575	0	9964417024	621.3	26	4
1893.54	0	552299	0	9964957696	671.0	26	4
1894.54	0	552299	0	9964826624	624.1	26	4
1895.54	0	552694	0	9965297664	631.8	26	4
1896.55	0	552694	0	9965408256	666.3	26	4
1897.55	0	553385	0	9966067712	640.2	26	4
1898.56	0	553385	0	9966120960	736.3	26	4
1899.56	0	553747	0	9966587904	667.5	26	4
1900.56	0	553747	0	9965944832	578.7	26	4
1901.57	0	554423	0	9967464448	615.7	26	4
1902.57	0	554423	0	9967546368	647.7	26	4
1903.58	0	554803	0	9967632384	613.3	26	4
1904.58	0	554803	0	9967767552	693.4	26	4
1905.58	0	555511	0	9968148480	629.7	26	4
1906.59	0	555511	0	9968222208	684.3	26	4
1907.59	0	555938	0	9969045504	677.5	26	4
1908.60	0	555938	0	9968873472	621.5	26	4
1909.60	0	556645	0	9969971200	653.2	26	4
1910.60	0	556645	0	9968807936	600.0	26	4
1911.61	0	557072	0	9970049024	604.7	26	4
1912.61	0	557072	0	9970085888	618.0	26	4
1913.62	0	557780	0	9970982912	669.0	26	4
1914.62	0	557780	0	9970421760	629.4	26	4
1915.62	0	558207	0	9971580928	625.9	26	4
1916.63	0	558207	0	9971572736	691.3	26	4
1917.63	0	558914	0	9972322304	685.7	26	4
1918.64	0	558914	0	9972105216	622.3	26	4
1919.64	0	559342	0	9972862976	622.5	26	4
1920.64	0	559342	0	9972150272	636.3	26	4
1921.65	0	560068	0	9973354496	658.5	26	4
1922.65	0	560068	0	9973358592	645.8	26	4
1923.66	0	560480	0	9973342208	644.2	26	4
1924.66	0	560480	0	9972703232	612.9	26	4
1925.67	0	560612	0	9973006336	646.1	26	4
1926.67	0	561188	0	9973653504	677.3	26	4
1927.68	0	561188	0	9973575680	677.5	26	4
1928.68	0	561598	0	9974185984	641.4	26	4
1929.68	0	561763	0	9975169024	629.7	26	4
1930.69	0	562338	0	9975554048	689.6	26	4
1931.69	0	562338	0	9975328768	629.0	26	4
1932.70	0	562749	0	9976049664	640.5	26	4
1933.70	0	562897	0	9976782848	628.9	26	4
1934.71	0	563472	0	9977012224	674.5	26	4
1935.71	0	563472	0	9977110528	642.3	26	4
1936.71	0	563883	0	9977798656	677.2	26	4
1937.72	0	564047	0	9977667584	641.7	26	4
1938.72	0	564621	0	9978421248	696.8	26	4
1939.73	0	564621	0	9977995264	680.8	26	4
1940.73	0	565031	0	9978470400	631.6	26	4
1941.73	0	565164	0	9979428864	691.3	26	4
1942.74	0	565725	0	9978818560	685.4	26	4
1943.74	0	565725	0	9979215872	619.7	26	4
1944.75	0	566105	0	9979961344	615.6	26	4
1945.75	0	566270	0	9980170240	597.1	26	4
1946.75	0	566847	0	9980612608	626.1	26	4
1947.76	0	566847	0	9980551168	690.4	26	4
1948.76	0	567274	0	9981198336	684.7	26	4
1949.76	0	567438	0	9981161472	634.2	26	4
1950.77	0	568031	0	9981952000	635.6	26	4
1951.77	0	568031	0	9982283776	608.7	26	4
1952.78	0	568458	0	9982058496	666.9	26	4
1953.78	0	568458	0	9981747200	667.8	26	4
1954.78	0	569181	0	9983197184	674.2	26	4
1955.79	0	569181	0	9982455808	629.1	26	4
1956.79	0	569592	0	9983889408	657.8	26	4
1957.80	0	569740	0	9983811584	658.1	26	4
1958.80	0	570315	0	9984303104	610.3	26	4
1959.80	0	570315	0	9984270336	631.4	26	4
1960.81	0	570727	0	9984667648	704.2	26	4
1961.81	0	570826	0	9984471040	591.7	26	4
1962.82	0	571388	0	9985048576	683.2	26	4
1963.82	0	571388	0	9985261568	673.9	26	4
1964.82	0	571784	0	9985753088	665.8	26	4
1965.83	0	571933	0	9986162688	593.9	26	4
1966.83	0	572509	0	9986379776	618.2	26	4
1967.84	0	572509	0	9986404352	648.1	26	4
1968.84	0	572936	0	9986465792	658.5	26	4
1969.84	0	573085	0	9986854912	603.2	26	4
1970.85	0	573676	0	9987784704	666.5	26	4
1971.85	0	573676	0	9987936256	665.4	26	4
1972.86	0	574104	0	9988034560	678.4	26	4
1973.86	0	574268	0	9988251648	661.2	26	4
1974.86	0	574828	0	9988964352	596.0	26	4
1975.87	0	574828	0	9989054464	607.7	26	4
1976.87	0	575239	0	9989365760	681.1	26	4
1977.88	0	575404	0	9990238208	674.7	26	4
1978.88	0	575980	0	9990332416	642.1	26	4
1979.88	0	575980	0	9990488064	603.4	26	4
1980.89	0	576391	0	9990762496	680.5	26	4
1981.89	0	576556	0	9990918144	627.4	26	4
1982.90	0	577150	0	9991897088	593.8	26	4
1983.90	0	577150	0	9992138752	665.8	26	4
1984.90	0	577546	0	9991995392	653.7	26	4
1985.91	0	577711	0	9992105984	640.1	26	4
1986.91	0	578302	0	9992908800	603.5	26	4
1987.92	0	578302	0	9993035776	631.2	26	4
1988.92	0	578713	0	9993621504	612.6	26	4
1989.92	0	578877	0	9994211328	635.6	26	4
1990.93	0	579469	0	9994715136	650.0	26	4
1991.93	0	579469	0	9994977280	634.6	26	4
1992.94	0	579880	0	9994829824	613.7	26	4
1993.94	0	579880	0	9995456512	635.9	26	4
1994.94	0	580637	0	9996087296	658.9	26	4
1995.95	0	580637	0	9996058624	597.1	26	4
1996.95	0	581031	0	9996013568	635.3	26	4
1997.96	0	581031	0	9996234752	639.0	26	4
1998.96	0	581574	0	9997193216	647.2	26	4
1999.96	0	581787	0	9997516800	654.5	26	4
2000.97	0	581787	0	9996992512	624.5	26	4
2001.97	0	582198	0	9997811712	619.6	26	4
2002.97	0	582363	0	9998077952	644.5	26	4
2003.98	0	582940	0	9998151680	727.2	26	4
2004.98	0	582940	0	9997815808	616.7	26	4
2005.99	0	583369	0	9998860288	595.3	26	4
2006.99	0	583535	0	9998622720	603.7	26	4
2007.99	0	584111	0	9999036416	612.4	26	4
2009.00	0	584111	0	9998819328	698.7	26	4
2010.00	0	584521	0	9998819328	662.1	26	4
2011.01	0	584702	0	9999269888	603.5	26	4
2012.01	0	585278	0	10000035840	640.8	26	4
2013.01	0	585278	0	10000015360	690.1	26	4
2014.02	0	585689	0	10000547840	654.3	26	4
2015.02	0	585870	0	10001293312	636.2	26	4
2016.03	0	586445	0	10001580032	607.9	26	4
2017.03	0	586445	0	10001604608	596.8	26	4
2018.04	0	586840	0	10001813504	723.7	26	4
2019.04	0	587004	0	10002055168	648.0	26	4
2020.04	0	587580	0	10002771968	655.6	26	4
2021.05	0	587580	0	10002944000	673.2	26	4
2022.05	0	587958	0	10003562496	624.9	26	4
2023.06	0	588107	0	10003775488	636.0	26	4
2024.06	0	588667	0	10003341312	635.0	26	4
2025.06	0	588667	0	10003812352	586.4	26	4
2026.07	0	589047	0	10004336640	634.5	26	4
2027.07	0	589229	0	10005008384	586.3	26	4
2028.08	0	589805	0	10005307392	624.0	26	4
2029.08	0	589805	0	10004926464	705.1	26	4
2030.08	0	590216	0	10005614592	616.1	26	4
2031.09	0	590216	0	10005065728	618.9	26	4
2032.09	0	590972	0	10006216704	630.1	26	4
2033.10	0	590972	0	10005843968	641.6	26	4
2034.10	0	591383	0	10006245376	617.0	26	4
2035.10	0	591383	0	10006462464	593.2	26	4
2036.11	0	591564	0	10006552576	606.1	26	4
2037.11	0	592140	0	10006863872	613.3	26	4
2038.12	0	592140	0	10007203840	608.5	26	4
2039.12	0	592552	0	10008330240	606.2	26	4
2040.12	0	592716	0	10007691264	683.7	26	4
2041.13	0	593292	0	10008432640	658.2	26	4
2042.13	0	593292	0	10008096768	593.9	26	4
2043.14	0	593687	0	10008887296	609.4	26	4
2044.14	0	593868	0	10009223168	630.4	26	4
2045.14	0	594446	0	10010005504	623.2	26	4
2046.15	0	594446	0	10009784320	619.2	26	4
2047.15	0	594858	0	10010537984	640.0	26	4
2048.16	0	594858	0	10010427392	615.4	26	4
2049.16	0	595154	0	10010738688	623.5	26	4
2050.16	0	595614	0	10011058176	624.1	26	4
2051.17	0	595614	0	10010669056	622.0	26	4
2052.17	0	596024	0	10011000832	614.8	26	4
2053.18	0	596204	0	10011758592	633.3	26	4
2054.18	0	596780	0	10011762688	675.9	26	4
2055.18	0	596780	0	10011987968	695.1	26	4
2056.19	0	597190	0	10012008448	635.9	26	4
2057.19	0	597355	0	10013433856	624.7	26	4
2058.20	0	597946	0	10012778496	662.5	26	4
2059.20	0	597946	0	10013081600	676.5	26	4
2060.20	0	598357	0	10013396992	656.8	26	4
2061.21	0	598538	0	10013585408	636.3	26	4
2062.21	0	599097	0	10014126080	618.0	26	4
2063.22	0	599097	0	10014593024	620.5	26	4
2064.22	0	599493	0	10015256576	680.6	26	4
2065.22	0	599675	0	10014584832	766.7	26	4
2066.23	0	600268	0	10015137792	657.3	26	4
2067.23	0	600268	0	10015399936	613.8	26	4
2068.24	0	600680	0	10015858688	642.9	26	4
2069.24	0	600861	0	10015182848	628.4	26	4
2070.25	0	601437	0	10015731712	621.6	26	4
2071.25	0	601437	0	10015735808	680.8	26	4
2072.25	0	601864	0	10016600064	622.9	26	4
2073.26	0	602028	0	10017308672	683.3	26	4
2074.26	0	602620	0	10017402880	676.1	26	4
2075.27	0	602620	0	10017177600	572.2	26	4
2076.27	0	603031	0	10017951744	596.2	26	4
2077.27	0	603212	0	10018693120	629.2	26	4
2078.28	0	603803	0	10018881536	630.8	26	4
2079.28	0	603803	0	10018791424	688.8	26	4
2080.29	0	604215	0	10019037184	660.4	26	4
2081.29	0	604379	0	10019528704	619.2	26	4
2082.29	0	604954	0	10019864576	655.3	26	4
2083.30	0	604954	0	10020278272	636.2	26	4
2084.30	0	604954	0	10019880960	604.2	26	4
2085.31	0	605365	0	10020614144	679.7	26	4
2086.31	0	605547	0	10020425728	618.8	26	4
2087.31	0	606124	0	10021953536	618.3	26	4
2088.32	0	606124	0	10021785600	709.9	26	4
2089.32	0	606553	0	10021679104	636.9	26	4
2090.33	0	606718	0	10021785600	668.5	26	4
2091.33	0	607310	0	10022350848	598.2	26	4
2092.34	0	607310	0	10022580224	659.1	26	4
2093.34	0	607737	0	10022887424	656.1	26	4
2094.34	0	607901	0	10022883328	581.2	26	4
2095.35	0	608477	0	10024095744	634.3	26	4
2096.35	0	608477	0	10024091648	618.0	26	4
2097.36	0	608887	0	10024361984	642.6	26	4
2098.36	0	609052	0	10024517632	642.0	26	4
2099.36	0	609645	0	10025242624	642.6	26	4
2100.37	0	609645	0	10024837120	655.9	26	4
2101.37	0	610056	0	10025738240	688.7	26	4
2102.38	0	610221	0	10025811968	668.2	26	4
2103.38	0	610813	0	10026377216	648.0	26	4
2104.38	0	610813	0	10026274816	619.6	26	4
2105.39	0	611208	0	10026913792	638.4	26	4
2106.39	0	611389	0	10026729472	609.0	26	4
2107.40	0	611950	0	10027274240	627.5	26	4
2108.40	0	611950	0	10027409408	596.3	26	4
2109.40	0	612362	0	10028105728	677.2	26	4
2110.41	0	612362	0	10027331584	616.7	26	4
2111.41	0	613069	0	10028580864	657.6	26	4
2112.42	0	613119	0	10028544000	617.2	26	4
2113.42	0	613546	0	10028797952	649.9	26	4
2114.42	0	613694	0	10028802048	676.7	26	4
2115.43	0	613694	0	10028937216	599.1	26	4
2116.43	0	614270	0	10029490176	660.8	26	4
2117.44	0	614698	0	10030432256	684.2	26	4
2118.44	0	614698	0	10030170112	596.6	26	4
2119.44	0	614846	0	10030055424	635.7	26	4
2120.45	0	615439	0	10030661632	634.9	26	4
2121.45	0	615439	0	10030690304	605.8	26	4
2122.46	0	615849	0	10030927872	660.7	26	4
2123.46	0	616013	0	10031173632	672.3	26	4
2124.47	0	616589	0	10031218688	690.3	26	4
2125.47	0	616589	0	10031308800	609.9	26	4
2126.47	0	616984	0	10032721920	624.7	26	4
2127.48	0	617132	0	10032230400	598.8	26	4
2128.48	0	617710	0	10033274880	634.1	26	4
2129.49	0	617710	0	10032291840	637.2	26	4
2130.49	0	618121	0	10033012736	630.7	26	4
2131.49	0	618286	0	10033655808	641.8	26	4
2132.50	0	618862	0	10034671616	658.2	26	4
2133.50	0	618862	0	10034388992	628.2	26	4
2134.51	0	619273	0	10034864128	641.2	26	4
2135.51	0	619454	0	10035105792	616.9	26	4
2136.51	0	619782	0	10035240960	600.5	26	4
2137.52	0	620029	0	10035404800	635.2	26	4
2138.52	0	620259	0	10036101120	672.1	26	4
2139.53	0	620621	0	10036068352	615.3	26	4
2140.53	0	620621	0	10035253248	594.4	26	4
2141.53	0	621196	0	10035871744	687.8	26	4
2142.54	0	621196	0	10036346880	676.4	26	4
2143.54	0	621787	0	10036883456	692.3	26	4
2144.55	0	621787	0	10036260864	635.3	26	4
2145.55	0	622346	0	10037444608	604.9	26	4
2146.55	0	622346	0	10037166080	647.0	26	4
2147.56	0	622724	0	10037788672	651.2	26	4
2148.56	0	622905	0	10038112256	620.9	26	4
2149.57	0	623483	0	10038583296	616.2	26	4
2150.57	0	623483	0	10038784000	607.7	26	4
2151.57	0	623878	0	10038910976	616.4	26	4
2152.58	0	624059	0	10039054336	616.1	26	4
2153.58	0	624652	0	10039767040	614.9	26	4
2154.59	0	624652	0	10039533568	625.0	26	4
2155.59	0	625046	0	10040164352	666.8	26	4
2156.60	0	625227	0	10040274944	661.0	26	4
2157.60	0	625818	0	10040844288	630.1	26	4
2158.60	0	625818	0	10040455168	604.7	26	4
2159.61	0	626212	0	10041139200	670.1	26	4
2160.61	0	626392	0	10041671680	576.2	26	4
2161.62	0	626984	0	10042003456	661.3	26	4
2162.62	0	626984	0	10041397248	625.2	26	4
2163.62	0	627001	0	10041765888	597.8	26	4
2164.63	0	627379	0	10042044416	616.8	26	4
2165.63	0	627576	0	10042626048	661.5	26	4
2166.64	0	628152	0	10043723776	658.3	26	4
2167.64	0	628152	0	10043764736	624.0	26	4
2168.64	0	628530	0	10043789312	624.2	26	4
2169.65	0	628711	0	10044260352	622.3	26	4
2170.65	0	629288	0	10044522496	621.4	26	4
2171.66	0	629288	0	10044596224	606.7	26	4
2172.66	0	629700	0	10044780544	651.0	26	4
2173.66	0	629898	0	10045362176	650.7	26	4
2174.67	0	630492	0	10045915136	662.6	26	4
2175.67	0	630492	0	10045923328	594.7	26	4
2176.68	0	630886	0	10046537728	640.2	26	4
2177.68	0	631083	0	10047344640	695.8	26	4
2178.68	0	631674	0	10047512576	626.0	26	4
2179.69	0	631674	0	10047250432	592.8	26	4
2180.69	0	632069	0	10047492096	680.4	26	4
2181.70	0	632266	0	10048077824	658.0	26	4
2182.70	0	632858	0	10049064960	648.8	26	4
2183.71	0	632858	0	10048696320	603.0	26	4
2184.71	0	633269	0	10048933888	604.5	26	4
2185.71	0	633449	0	10049413120	680.7	26	4
2186.72	0	634040	0	10049884160	694.2	26	4
2187.72	0	634155	0	10050064384	690.7	26	4
2188.73	0	634631	0	10050699264	682.9	26	4
2189.73	0	634631	0	10049908736	586.9	26	4
2190.73	0	635208	0	10050981888	636.8	26	4
2191.74	0	635208	0	10050506752	645.5	26	4
2192.74	0	635620	0	10051616768	596.5	26	4
2193.75	0	635786	0	10051715072	643.3	26	4
2194.75	0	636380	0	10051571712	591.7	26	4
2195.75	0	636380	0	10051948544	620.1	26	4
2196.76	0	636774	0	10052898816	668.5	26	4
2197.76	0	636955	0	10052886528	661.9	26	4
2198.77	0	637547	0	10053173248	643.6	26	4
2199.77	0	637547	0	10053013504	636.7	26	4
2200.77	0	637959	0	10053312512	630.7	26	4
2201.78	0	638123	0	10053894144	629.8	26	4
2202.78	0	638715	0	10054725632	664.7	26	4
2203.79	0	638715	0	10054819840	641.9	26	4
2204.79	0	639110	0	10055667712	629.1	26	4
2205.79	0	639291	0	10055852032	610.0	26	4
2206.80	0	639867	0	10056359936	627.5	26	4
2207.80	0	639867	0	10056437760	644.8	26	4
2208.81	0	640261	0	10055991296	700.2	26	4
2209.81	0	640442	0	10056798208	666.3	26	4
2210.81	0	641035	0	10056986624	612.2	26	4
2211.82	0	641035	0	10057109504	604.3	26	4
2212.82	0	641332	0	10058231808	607.1	26	4
2213.83	0	641497	0	10057662464	608.7	26	4
2214.83	0	641910	0	10058567680	664.5	26	4
2215.83	0	642190	0	10058092544	674.8	26	4
2216.84	0	642289	0	10058919936	644.9	26	4
2217.84	0	642781	0	10059444224	647.3	26	4
2218.85	0	642995	0	10059591680	609.5	26	4
2219.85	0	643374	0	10059739136	626.6	26	4
2220.85	0	643374	0	10058891264	692.7	26	4
2221.86	0	643966	0	10060316672	659.1	26	4
2222.86	0	643966	0	10059788288	632.8	26	4
2223.87	0	644541	0	10059771904	632.7	26	4
2224.87	0	644541	0	10059485184	631.9	26	4
2225.88	0	644918	0	10059649024	594.4	26	4
2226.88	0	645115	0	10060005376	668.4	26	4
2227.88	0	645707	0	10060673024	665.4	26	4
2228.89	0	645707	0	10060800000	623.0	26	4
2229.89	0	645806	0	10061078528	609.1	26	4
2230.90	0	646102	0	10061434880	588.5	26	4
2231.90	0	646332	0	10062184448	644.3	26	4
2232.90	0	646875	0	10062135296	625.1	26	4
2233.91	0	646875	0	10062131200	650.4	26	4
2234.91	0	647287	0	10062659584	630.7	26	4
2235.92	0	647469	0	10062614528	635.6	26	4
2236.92	0	648063	0	10063794176	651.3	26	4
2237.93	0	648063	0	10063716352	606.5	26	4
2238.93	0	648474	0	10064302080	604.9	26	4
2239.93	0	648655	0	10064818176	604.3	26	4
2240.94	0	649247	0	10064871424	653.3	26	4
2241.94	0	649247	0	10064347136	680.5	26	4
2242.95	0	649625	0	10065043456	625.2	26	4
2243.95	0	649822	0	10065436672	613.1	26	4
2244.95	0	650414	0	10065813504	632.4	26	4
2245.96	0	650414	0	10065825792	645.0	26	4
2246.96	0	650826	0	10066653184	668.2	26	4
2247.97	0	651023	0	10066628608	640.0	26	4
2248.97	0	651615	0	10067038208	605.1	26	4
2249.97	0	651615	0	10066903040	644.2	26	4
2250.98	0	652027	0	10067038208	677.3	26	4
2251.98	0	652208	0	10067173376	632.2	26	4
2252.99	0	652800	0	10068246528	604.3	26	4
2253.99	0	652800	0	10068602880	606.4	26	4
2254.99	0	653212	0	10068451328	655.1	26	4
2256.00	0	653394	0	10069090304	695.0	26	4
2257.00	0	653987	0	10069536768	651.5	26	4
2258.01	0	653987	0	10069303296	610.8	26	4
2259.01	0	654398	0	10070020096	618.0	26	4
2260.01	0	654579	0	10070204416	630.0	26	4
2261.02	0	655171	0	10070544384	674.1	26	4
2262.02	0	655171	0	10070765568	638.4	26	4
2263.03	0	655565	0	10071072768	645.8	26	4
2264.03	0	655763	0	10071216128	601.2	26	4
2265.03	0	656354	0	10072035328	621.8	26	4
2266.04	0	656354	0	10071867392	609.5	26	4
2267.04	0	656748	0	10072682496	666.8	26	4
2268.05	0	656945	0	10073231360	635.4	26	4
2269.05	0	657537	0	10073575424	634.6	26	4
2270.05	0	657537	0	10073571328	615.7	26	4
2271.06	0	657947	0	10074320896	648.8	26	4
2272.06	0	658145	0	10074648576	648.9	26	4
2273.07	0	658737	0	10075856896	655.5	26	4
2274.07	0	658737	0	10074886144	630.9	26	4
2275.07	0	659133	0	10075451392	610.8	26	4
2276.08	0	659331	0	10076315648	641.5	26	4
2277.08	0	659926	0	10076205056	657.7	26	4
2278.09	0	659926	0	10075901952	678.0	26	4
2279.09	0	660321	0	10076307456	636.2	26	4
2280.09	0	660502	0	10077007872	608.6	26	4
2281.10	0	661094	0	10077184000	619.4	26	4
2282.10	0	661094	0	10077425664	612.3	26	4
2283.11	0	661505	0	10077753344	632.4	26	4
2284.11	0	661686	0	10078097408	633.4	26	4
2285.11	0	661752	0	10078101504	601.0	26	4
2286.12	0	662278	0	10078199808	660.3	26	4
2287.12	0	662278	0	10078314496	600.5	26	4
2288.13	0	662689	0	10078969856	624.5	26	4
2289.13	0	662870	0	10078842880	630.2	26	4
2290.13	0	663462	0	10079047680	617.2	26	4
2291.14	0	663462	0	10079182848	702.3	26	4
2292.14	0	663872	0	10079723520	618.7	26	4
2293.15	0	664070	0	10080186368	664.0	26	4
2294.15	0	664646	0	10080919552	636.8	26	4
2295.16	0	664646	0	10080661504	620.7	26	4
2296.16	0	665058	0	10081681408	633.8	26	4
2297.16	0	665223	0	10081710080	649.6	26	4
2298.17	0	665816	0	10082254848	641.8	26	4
2299.17	0	665816	0	10081583104	627.8	26	4
2300.18	0	666227	0	10082004992	631.8	26	4
2301.18	0	666408	0	10082349056	626.3	26	4
2302.18	0	666999	0	10083299328	669.9	26	4
2303.19	0	666999	0	10082844672	641.2	26	4
2304.19	0	667411	0	10083672064	677.8	26	4
2305.20	0	667591	0	10083569664	656.1	26	4
2306.20	0	668184	0	10084454400	660.6	26	4
2307.20	0	668184	0	10084352000	661.4	26	4
2308.21	0	668578	0	10084532224	686.3	26	4
2309.21	0	668775	0	10085134336	624.8	26	4
2310.22	0	669334	0	10085511168	686.7	26	4
2311.22	0	669334	0	10085912576	598.3	26	4
2312.23	0	669745	0	10086576128	685.9	26	4
2313.23	0	669925	0	10087063552	633.6	26	4
2314.23	0	670501	0	10087378944	651.0	26	4
2315.24	0	670501	0	10087399424	680.8	26	4
2316.24	0	670913	0	10087485440	641.9	26	4
2317.25	0	671078	0	10087903232	617.0	26	4
2318.25	0	671671	0	10088554496	628.7	26	4
2319.25	0	671671	0	10088022016	689.5	26	4
2320.26	0	672083	0	10088497152	641.6	26	4
2321.26	0	672263	0	10089545728	680.9	26	4
2322.27	0	672855	0	10089918464	628.3	26	4
2323.27	0	672855	0	10089889792	626.1	26	4
2324.27	0	673265	0	10090782720	617.1	26	4
2325.28	0	673429	0	10090860544	688.0	26	4
2326.28	0	674021	0	10091282432	655.6	26	4
2327.29	0	674021	0	10091151360	633.3	26	4
2328.29	0	674416	0	10091503616	657.3	26	4
2329.30	0	674596	0	10091855872	639.0	26	4
2330.30	0	675188	0	10092711936	674.1	26	4
2331.30	0	675188	0	10092064768	614.2	26	4
2332.31	0	675598	0	10092904448	616.3	26	4
2333.31	0	675598	0	10092773376	641.6	26	4
2334.32	0	676355	0	10093326336	712.4	26	4
2335.32	0	676355	0	10093182976	658.3	26	4
2336.32	0	676355	0	10092949504	613.4	26	4
2337.33	0	676767	0	10093752320	666.5	26	4
2338.33	0	677014	0	10094260224	632.7	26	4
2339.34	0	677525	0	10094190592	673.0	26	4
2340.34	0	677525	0	10094243840	606.3	26	4
2341.34	0	677937	0	10094252032	683.0	26	4
2342.35	0	678117	0	10094759936	670.4	26	4
2343.35	0	678709	0	10095374336	618.5	26	4
2344.36	0	678709	0	10095296512	618.0	26	4
2345.36	0	679120	0	10095595520	592.2	26	4
2346.36	0	679301	0	10095943680	614.9	26	4
2347.37	0	679876	0	10096586752	650.7	26	4
2348.37	0	679876	0	10096566272	646.7	26	4
2349.38	0	680287	0	10097385472	668.9	26	4
2350.38	0	680468	0	10097606656	600.6	26	4
2351.39	0	681060	0	10098073600	604.1	26	4
2352.39	0	681060	0	10098044928	630.3	26	4
2353.39	0	681455	0	10098511872	684.4	26	4
2354.40	0	681637	0	10098966528	671.0	26	4
2355.40	0	682228	0	10099793920	608.2	26	4
2356.41	0	682228	0	10099654656	643.1	26	4
2357.41	0	682640	0	10099761152	597.0	26	4
2358.41	0	682821	0	10099945472	646.8	26	4
2359.42	0	683399	0	10100654080	623.8	26	4
2360.42	0	683399	0	10100555776	618.6	26	4
2361.43	0	683795	0	10101190656	649.6	26	4
2362.43	0	683959	0	10101350400	657.1	26	4
2363.43	0	684552	0	10102534144	654.0	26	4
2364.44	0	684552	0	10101956608	634.7	26	4
2365.44	0	684964	0	10101989376	616.5	26	4
2366.45	0	685145	0	10102247424	642.2	26	4
2367.45	0	685721	0	10103062528	674.5	26	4
2368.45	0	685721	0	10102620160	606.9	26	4
2369.46	0	686148	0	10103848960	618.9	26	4
2370.46	0	686313	0	10103549952	617.0	26	4
2371.47	0	686905	0	10104279040	634.8	26	4
2372.47	0	686905	0	10103840768	626.9	26	4
2373.47	0	687333	0	10104762368	600.2	26	4
2374.48	0	687497	0	10104901632	588.4	26	4
2375.48	0	688091	0	10105069568	654.1	26	4
2376.49	0	688091	0	10105663488	693.5	26	4
2377.49	0	688502	0	10106404864	649.8	26	4
2378.49	0	688667	0	10106007552	671.3	26	4
2379.50	0	689278	0	10106859520	624.3	26	4
2380.50	0	689278	0	10106597376	617.8	26	4
2381.51	0	689707	0	10107113472	609.8	26	4
2382.51	0	689871	0	10107043840	636.1	26	4
2383.51	0	690463	0	10107183104	667.2	26	4
2384.52	0	690463	0	10107342848	623.9	26	4
2385.52	0	690891	0	10107961344	597.1	26	4
2386.53	0	691055	0	10107801600	649.8	26	4
2387.53	0	691630	0	10108354560	647.3	26	4
2388.54	0	691630	0	10108620800	614.6	26	4
2389.54	0	692073	0	10109026304	613.8	26	4
2390.54	0	692238	0	10108776448	595.0	26	4
2391.55	0	692812	0	10109640704	639.8	26	4
2392.55	0	692812	0	10109919232	656.4	26	4
2393.56	0	693240	0	10110308352	629.9	26	4
2394.56	0	693404	0	10110365696	639.4	26	4
2395.56	0	693980	0	10111381504	667.3	26	4
2396.57	0	693980	0	10111123456	637.7	26	4
2397.57	0	694424	0	10111705088	619.7	26	4
2398.58	0	694572	0	10111975424	665.2	26	4
2399.58	0	695182	0	10112421888	667.9	26	4
2400.59	0	695182	0	10112204800	670.7	26	4
2401.59	0	695611	0	10112671744	623.3	26	4
2402.59	0	695776	0	10113265664	646.1	26	4
2403.60	0	696368	0	10113884160	664.7	26	4
2404.60	0	696368	0	10113351680	639.0	26	4
2405.61	0	696796	0	10114158592	631.6	26	4
2406.61	0	696960	0	10114314240	658.3	26	4
2407.61	0	697552	0	10115358720	613.4	26	4
2408.62	0	697552	0	10115133440	631.1	26	4
2409.62	0	697996	0	10115248128	649.6	26	4
2410.63	0	698161	0	10115432448	615.1	26	4
2411.63	0	698752	0	10116259840	608.2	26	4
2412.63	0	698752	0	10116665344	689.1	26	4
2413.64	0	699180	0	10117328896	631.0	26	4
2414.64	0	699345	0	10117738496	645.1	26	4
2415.65	0	699937	0	10118348800	645.3	26	4
2416.65	0	699937	0	10118443008	601.5	26	4
2417.66	0	700348	0	10118852608	692.1	26	4
2418.66	0	700530	0	10118520832	704.5	26	4
2419.66	0	701123	0	10119229440	676.4	26	4
2420.67	0	701123	0	10118451200	642.1	26	4
2421.67	0	701535	0	10119376896	609.0	26	4
2422.68	0	701650	0	10119753728	628.6	26	4
2423.68	0	701700	0	10120097792	600.3	26	4
2424.68	0	702291	0	10120851456	630.5	26	4
2425.69	0	702291	0	10120605696	663.3	26	4
2426.69	0	702702	0	10121203712	662.4	26	4
2427.70	0	702866	0	10120581120	616.6	26	4
2428.70	0	703458	0	10121273344	620.5	26	4
2429.71	0	703458	0	10121162752	639.6	26	4
2430.71	0	703870	0	10121728000	638.2	26	4
2431.71	0	704034	0	10121916416	633.7	26	4
2432.72	0	704642	0	10122698752	608.3	26	4
2433.72	0	704642	0	10122698752	635.5	26	4
2434.72	0	705053	0	10123145216	668.3	26	4
2435.73	0	705233	0	10123239424	629.7	26	4
2436.73	0	705809	0	10124115968	668.7	26	4
2437.74	0	705809	0	10123993088	668.0	26	4
2438.74	0	706236	0	10124353536	691.9	26	4
2439.74	0	706400	0	10124554240	622.3	26	4
2440.75	0	706977	0	10125361152	632.4	26	4
2441.75	0	706977	0	10125180928	667.7	26	4
2442.76	0	707422	0	10125496320	649.7	26	4
2443.76	0	707587	0	10125434880	663.4	26	4
2444.76	0	708181	0	10125787136	627.2	26	4
2445.77	0	708181	0	10126036992	665.9	26	4
2446.77	0	708608	0	10126807040	666.2	26	4
2447.78	0	708608	0	10126213120	655.8	26	4
2448.78	0	708773	0	10127052800	627.9	26	4
2449.79	0	709366	0	10127536128	637.5	26	4
2450.79	0	709366	0	10127278080	615.9	26	4
2451.79	0	709776	0	10127781888	652.2	26	4
2452.80	0	709941	0	10127876096	657.2	26	4
2453.80	0	710533	0	10128441344	662.2	26	4
2454.80	0	710533	0	10128146432	680.5	26	4
2455.81	0	710943	0	10128773120	684.3	26	4
2456.81	0	711108	0	10128945152	603.8	26	4
2457.82	0	711701	0	10129522688	625.6	26	4
2458.82	0	711701	0	10129485824	634.0	26	4
2459.82	0	712112	0	10130018304	679.7	26	4
2460.83	0	712276	0	10129772544	655.5	26	4
2461.83	0	712868	0	10131152896	604.0	26	4
2462.84	0	712868	0	10131091456	651.7	26	4
2463.84	0	713312	0	10130989056	696.7	26	4
2464.84	0	713477	0	10131935232	640.3	26	4
2465.85	0	714070	0	10132500480	647.9	26	4
2466.85	0	714070	0	10132373504	581.5	26	4
2467.86	0	714481	0	10133233664	669.5	26	4
2468.86	0	714662	0	10133262336	673.9	26	4
2469.86	0	715253	0	10133839872	654.3	26	4
2470.87	0	715253	0	10133295104	656.1	26	4
2471.87	0	715680	0	10134405120	638.9	26	4
2472.88	0	715844	0	10134388736	629.8	26	4
2473.88	0	716419	0	10134933504	611.4	26	4
2474.88	0	716419	0	10134720512	652.5	26	4
2475.89	0	716846	0	10135044096	718.0	26	4
2476.89	0	717010	0	10134790144	636.0	26	4
2477.90	0	717601	0	10136207360	619.9	26	4
2478.90	0	717601	0	10135707648	620.1	26	4
2479.90	0	718012	0	10136236032	646.9	26	4
2480.91	0	718193	0	10136633344	656.1	26	4
2481.91	0	718785	0	10137612288	640.3	26	4
2482.92	0	718785	0	10137214976	615.9	26	4
2483.92	0	719214	0	10137214976	600.3	26	4
2484.92	0	719378	0	10137456640	615.8	26	4
2485.93	0	719971	0	10138443776	651.6	26	4
2486.93	0	719971	0	10138136576	629.6	26	4
2487.94	0	720399	0	10138562560	681.0	26	4
2488.94	0	720564	0	10139095040	608.7	26	4
2489.94	0	720679	0	10139234304	618.7	26	4
2490.95	0	721172	0	10139189248	618.5	26	4
2491.95	0	721172	0	10139541504	628.3	26	4
2492.96	0	721583	0	10139566080	718.8	26	4
2493.96	0	722142	0	10140471296	631.9	26	4
2494.96	0	722356	0	10140110848	635.3	26	4
2495.97	0	722356	0	10140192768	636.1	26	4
2496.97	0	722783	0	10141216768	622.1	26	4
2497.98	0	722947	0	10141229056	618.6	26	4
2498.98	0	723539	0	10141683712	645.8	26	4
2499.98	0	723539	0	10141900800	632.1	26	4
2500.99	0	723966	0	10141835264	649.3	26	4
2501.99	0	724146	0	10142392320	638.4	26	4
2503.00	0	724738	0	10142932992	610.3	26	4
2504.00	0	724738	0	10143092736	613.1	26	4
2505.00	0	725166	0	10143358976	664.4	26	4
2506.01	0	725347	0	10143510528	650.2	26	4
2507.01	0	725957	0	10144280576	604.3	26	4
2508.02	0	725957	0	10144346112	654.4	26	4
2509.02	0	726386	0	10144342016	654.5	26	4
2510.02	0	726566	0	10144522240	630.1	26	4
2511.03	0	727157	0	10145431552	630.1	26	4
2512.03	0	727157	0	10145525760	576.9	26	4
2513.04	0	727584	0	10146377728	645.5	26	4
2514.04	0	727765	0	10146217984	650.2	26	4
2515.04	0	728373	0	10146504704	652.0	26	4
2516.05	0	728373	0	10146799616	595.5	26	4
2517.05	0	728799	0	10147225600	627.2	26	4
2518.06	0	728980	0	10147397632	650.0	26	4
2519.06	0	729588	0	10148319232	660.7	26	4
2520.06	0	729588	0	10147852288	636.4	26	4
2521.07	0	729998	0	10148454400	634.9	26	4
2522.07	0	730179	0	10149318656	633.7	26	4
2523.08	0	730787	0	10149556224	618.5	26	4
2524.08	0	730787	0	10148749312	611.1	26	4
2525.09	0	731198	0	10148925440	645.9	26	4
2526.09	0	731363	0	10149126144	659.3	26	4
2527.09	0	731956	0	10149818368	686.7	26	4
2528.10	0	731956	0	10149724160	627.3	26	4
2529.10	0	732369	0	10150789120	588.7	26	4
2530.11	0	732435	0	10150957056	646.0	26	4
2531.11	0	732550	0	10150592512	633.6	26	4
2532.12	0	733124	0	10151448576	642.2	26	4
2533.12	0	733124	0	10151301120	608.7	26	4
2534.12	0	733535	0	10151555072	669.9	26	4
2535.13	0	733716	0	10151776256	647.8	26	4
2536.13	0	734292	0	10153201664	691.0	26	4
2537.14	0	734292	0	10152869888	647.0	26	4
2538.14	0	734719	0	10153324544	655.2	26	4
2539.14	0	734883	0	10153218048	622.3	26	4
2540.15	0	735475	0	10154557440	686.9	26	4
2541.15	0	735475	0	10153922560	651.7	26	4
2542.16	0	735869	0	10154631168	679.7	26	4
2543.16	0	736050	0	10155249664	610.0	26	4
2544.16	0	736626	0	10155454464	612.8	26	4
2545.17	0	736626	0	10155687936	620.1	26	4
2546.17	0	737036	0	10156490752	616.5	26	4
2547.18	0	737201	0	10156503040	671.1	26	4
2548.18	0	737812	0	10157092864	665.6	26	4
2549.18	0	737812	0	10156650496	676.8	26	4
2550.19	0	738224	0	10156707840	633.0	26	4
2551.19	0	738405	0	10157047808	636.8	26	4
2552.20	0	738997	0	10157551616	692.3	26	4
2553.20	0	738997	0	10157453312	594.6	26	4
2554.20	0	739424	0	10157985792	626.6	26	4
2555.21	0	739950	0	10158649344	670.8	26	4
2556.21	0	740196	0	10158829568	645.5	26	4
2557.22	0	740624	0	10159030272	634.3	26	4
2558.22	0	740805	0	10159112192	626.9	26	4
2559.22	0	741396	0	10160033792	632.4	26	4
2560.23	0	741396	0	10159747072	663.9	26	4
2561.23	0	741807	0	10160631808	595.9	26	4
2562.24	0	741988	0	10161156096	644.0	26	4
2563.24	0	742595	0	10161774592	717.3	26	4
2564.24	0	742595	0	10161807360	631.4	26	4
2565.25	0	743023	0	10161901568	615.6	26	4
2566.25	0	743204	0	10162249728	601.9	26	4
2567.26	0	743798	0	10163249152	667.5	26	4
2568.26	0	743798	0	10163388416	675.8	26	4
2569.26	0	744227	0	10163658752	628.4	26	4
2570.27	0	744392	0	10163343360	620.1	26	4
2571.27	0	744984	0	10164162560	650.4	26	4
2572.28	0	744984	0	10163650560	603.7	26	4
2573.28	0	745412	0	10164514816	619.0	26	4
2574.28	0	745412	0	10164428800	672.5	26	4
2575.29	0	746152	0	10165096448	672.6	26	4
2576.29	0	746152	0	10165014528	615.5	26	4
2577.30	0	746580	0	10165710848	643.3	26	4
2578.30	0	746744	0	10166153216	685.4	26	4
2579.30	0	747336	0	10167230464	627.0	26	4
2580.31	0	747336	0	10167308288	654.7	26	4
2581.31	0	747336	0	10166509568	620.3	26	4
2582.32	0	747764	0	10167259136	630.1	26	4
2583.32	0	747929	0	10167422976	689.2	26	4
2584.32	0	748520	0	10167635968	619.6	26	4
2585.33	0	748520	0	10167681024	613.5	26	4
2586.33	0	748948	0	10168623104	605.0	26	4
2587.34	0	749113	0	10168721408	618.7	26	4
2588.34	0	749707	0	10168446976	671.4	26	4
2589.34	0	749707	0	10168176640	667.1	26	4
2590.35	0	750120	0	10169040896	639.1	26	4
2591.35	0	750301	0	10169016320	632.2	26	4
2592.36	0	750894	0	10170519552	687.1	26	4
2593.36	0	750894	0	10169200640	621.8	26	4
2594.36	0	751321	0	10170146816	615.9	26	4
2595.37	0	751485	0	10169843712	653.0	26	4
2596.37	0	752077	0	10170957824	653.2	26	4
2597.38	0	752077	0	10170851328	658.8	26	4
2598.38	0	752505	0	10171969536	629.2	26	4
2599.38	0	753147	0	10172588032	646.2	26	4
2600.39	0	753262	0	10172059648	675.9	26	4
2601.39	0	753689	0	10172813312	606.0	26	4
2602.40	0	753853	0	10172801024	675.9	26	4
2603.40	0	754446	0	10173566976	683.2	26	4
2604.40	0	754446	0	10173284352	618.0	26	4
2605.41	0	754873	0	10174623744	688.9	26	4
2606.41	0	755038	0	10174287872	669.7	26	4
2607.42	0	755616	0	10174791680	651.5	26	4
2608.42	0	755616	0	10174898176	629.6	26	4
2609.42	0	756044	0	10175541248	643.7	26	4
2610.43	0	756209	0	10175631360	659.1	26	4
2611.43	0	756786	0	10176151552	655.3	26	4
2612.44	0	756786	0	10176258048	666.7	26	4
2613.44	0	757198	0	10176978944	623.8	26	4
2614.44	0	757198	0	10176671744	600.4	26	4
2615.45	0	757954	0	10177413120	690.2	26	4
2616.45	0	757954	0	10177724416	645.2	26	4
2617.46	0	758365	0	10178265088	659.8	26	4
2618.46	0	758512	0	10178506752	650.5	26	4
2619.46	0	759105	0	10179182592	706.9	26	4
2620.47	0	759105	0	10178457600	606.4	26	4
2621.47	0	759517	0	10179387392	667.7	26	4
2622.48	0	759682	0	10179284992	651.3	26	4
2623.48	0	760258	0	10180526080	647.1	26	4
2624.48	0	760258	0	10180714496	685.8	26	4
2625.49	0	760669	0	10180243456	625.0	26	4
2626.49	0	760833	0	10180759552	637.0	26	4
2627.50	0	761411	0	10181242880	647.3	26	4
2628.50	0	761411	0	10181255168	674.2	26	4
2629.50	0	761840	0	10182418432	607.8	26	4
2630.51	0	761988	0	10182098944	644.2	26	4
2631.51	0	762581	0	10182635520	666.1	26	4
2632.52	0	762581	0	10182709248	693.1	26	4
2633.52	0	762992	0	10183045120	661.5	26	4
2634.52	0	763139	0	10183188480	609.7	26	4
2635.53	0	763715	0	10183331840	656.6	26	4
2636.53	0	763715	0	10183376896	664.2	26	4
2637.54	0	764159	0	10184663040	723.3	26	4
2638.54	0	764159	0	10184642560	636.6	26	4
2639.54	0	764882	0	10185072640	689.1	26	4
2640.55	0	764882	0	10184699904	626.8	26	4
2641.55	0	764882	0	10184122368	646.2	26	4
2642.56	0	765309	0	10184871936	593.7	26	4
2643.56	0	765457	0	10184994816	616.5	26	4
2644.56	0	766033	0	10185396224	641.8	26	4
2645.57	0	766033	0	10185207808	704.7	26	4
2646.57	0	766477	0	10186305536	591.6	26	4
2647.58	0	766888	0	10187128832	684.4	26	4
2648.58	0	767218	0	10187370496	655.9	26	4
2649.58	0	767647	0	10187296768	647.6	26	4
2650.59	0	767795	0	10187198464	649.4	26	4
2651.59	0	768389	0	10187886592	617.5	26	4
2652.60	0	768389	0	10188464128	662.5	26	4
2653.60	0	768816	0	10188668928	652.8	26	4
2654.60	0	768981	0	10189119488	652.2	26	4
2655.61	0	769556	0	10189357056	600.2	26	4
2656.61	0	769556	0	10188820480	696.3	26	4
2657.62	0	770000	0	10189803520	649.2	26	4
2658.62	0	770148	0	10189942784	634.1	26	4
2659.62	0	770740	0	10190172160	646.8	26	4
2660.63	0	770740	0	10190225408	644.2	26	4
2661.63	0	771184	0	10191032320	649.2	26	4
2662.64	0	771332	0	10191691776	620.5	26	4
2663.64	0	771923	0	10192109568	687.2	26	4
2664.64	0	771923	0	10191495168	606.2	26	4
2665.65	0	772367	0	10192306176	620.2	26	4
2666.65	0	772515	0	10192547840	599.4	26	4
2667.66	0	773108	0	10193477632	635.4	26	4
2668.66	0	773108	0	10193526784	647.3	26	4
2669.66	0	773568	0	10194501632	624.4	26	4
2670.67	0	773717	0	10193518592	638.1	26	4
2671.67	0	774311	0	10194075648	628.1	26	4
2672.68	0	774311	0	10194071552	606.6	26	4
2673.68	0	774771	0	10194640896	662.5	26	4
2674.68	0	774919	0	10194833408	663.6	26	4
2675.69	0	775510	0	10195189760	626.8	26	4
2676.69	0	775510	0	10195288064	644.2	26	4
2677.69	0	775970	0	10195501056	591.6	26	4
2678.70	0	776118	0	10196344832	634.9	26	4
2679.70	0	776709	0	10196127744	599.0	26	4
2680.71	0	776709	0	10196156416	644.0	26	4
2681.71	0	777170	0	10197356544	644.8	26	4
2682.71	0	777302	0	10197495808	610.7	26	4
2683.72	0	777909	0	10198241280	645.1	26	4
2684.72	0	778370	0	10198310912	696.9	26	4
2685.73	0	778370	0	10198102016	609.0	26	4
2686.73	0	779042	0	10199453696	636.3	26	4
2687.73	0	779108	0	10199625728	663.4	26	4
2688.74	0	779570	0	10200162304	672.1	26	4
2689.74	0	779570	0	10199437312	616.5	26	4
2690.75	0	780280	0	10200367104	679.0	26	4
2691.75	0	780280	0	10199887872	644.9	26	4
2692.75	0	780741	0	10200977408	619.2	26	4
2693.76	0	780741	0	10200875008	631.1	26	4
2694.76	0	781382	0	10201030656	658.3	26	4
2695.77	0	781481	0	10200825856	625.4	26	4
2696.77	0	781481	0	10200875008	632.1	26	4
2697.77	0	781942	0	10201141248	619.3	26	4
2698.78	0	782073	0	10201632768	614.2	26	4
2699.78	0	782665	0	10202255360	636.2	26	4
2700.79	0	782665	0	10202079232	630.5	26	4
2701.79	0	783125	0	10202628096	621.9	26	4
2702.79	0	783257	0	10203512832	640.4	26	4
2703.80	0	783848	0	10203934720	630.5	26	4
2704.80	0	783848	0	10203443200	661.1	26	4
2705.81	0	784308	0	10204598272	617.8	26	4
2706.81	0	784456	0	10204786688	673.5	26	4
2707.81	0	785031	0	10205917184	625.8	26	4
2708.82	0	785031	0	10205569024	623.8	26	4
2709.82	0	785493	0	10205970432	631.8	26	4
2710.83	0	785641	0	10205442048	654.9	26	4
2711.83	0	786218	0	10206212096	642.1	26	4
2712.83	0	786218	0	10206408704	634.5	26	4
2713.84	0	786680	0	10206920704	684.5	26	4
2714.84	0	786827	0	10207477760	677.4	26	4
2715.85	0	787436	0	10208133120	641.1	26	4
2716.85	0	787436	0	10207981568	625.8	26	4
2717.85	0	787880	0	10208296960	614.7	26	4
2718.86	0	787995	0	10208833536	641.5	26	4
2719.86	0	788637	0	10209800192	622.2	26	4
2720.87	0	788637	0	10209345536	616.6	26	4
2721.87	0	788637	0	10209181696	628.3	26	4
2722.87	0	789080	0	10209796096	611.7	26	4
2723.88	0	789228	0	10209501184	605.8	26	4
2724.88	0	789838	0	10209923072	667.4	26	4
2725.88	0	789838	0	10209959936	621.7	26	4
2726.89	0	790282	0	10210906112	623.1	26	4
2727.89	0	790446	0	10210865152	669.8	26	4
2728.90	0	791038	0	10211008512	677.8	26	4
2729.90	0	791038	0	10211381248	652.0	26	4
2730.90	0	791482	0	10211373056	641.2	26	4
2731.91	0	791647	0	10211672064	597.9	26	4
2732.91	0	792257	0	10212409344	607.1	26	4
2733.92	0	792257	0	10212458496	619.0	26	4
2734.92	0	792686	0	10213072896	662.7	26	4
2735.92	0	792851	0	10212909056	611.1	26	4
2736.93	0	793476	0	10214203392	612.2	26	4
2737.93	0	793476	0	10214027264	616.2	26	4
2738.94	0	793920	0	10214625280	635.8	26	4
2739.94	0	794068	0	10214277120	695.0	26	4
2740.94	0	794676	0	10215235584	657.8	26	4
2741.95	0	794676	0	10215534592	669.4	26	4
2742.95	0	795119	0	10215927808	644.9	26	4
2743.96	0	795268	0	10215604224	634.2	26	4
2744.96	0	795876	0	10216099840	653.6	26	4
2745.96	0	795876	0	10216427520	631.7	26	4
2746.97	0	796370	0	10217132032	650.8	26	4
2747.97	0	796485	0	10216644608	616.0	26	4
2748.98	0	797076	0	10217992192	623.0	26	4
2749.98	0	797076	0	10217390080	644.0	26	4
2750.98	0	797504	0	10218123264	613.0	26	4
2751.99	0	797669	0	10218213376	647.8	26	4
2752.99	0	798279	0	10218754048	630.5	26	4
2754.00	0	798279	0	10218631168	647.2	26	4
2755.00	0	798707	0	10219835392	664.1	26	4
2756.00	0	798872	0	10219622400	645.8	26	4
2757.01	0	799481	0	10220126208	685.1	26	4
2758.01	0	799481	0	10220118016	672.2	26	4
2759.02	0	799925	0	10220658688	653.7	26	4
2760.02	0	800073	0	10220277760	630.9	26	4
2761.02	0	800682	0	10220785664	677.9	26	4
2762.03	0	800682	0	10220879872	626.2	26	4
2763.03	0	801125	0	10221203456	606.5	26	4
2764.04	0	801289	0	10221527040	677.0	26	4
2765.04	0	801897	0	10222080000	652.2	26	4
2766.04	0	801897	0	10222006272	652.9	26	4
2767.05	0	802341	0	10222714880	638.1	26	4
2768.05	0	802505	0	10222850048	607.4	26	4
2769.06	0	803097	0	10223759360	626.9	26	4
2770.06	0	803097	0	10223513600	619.9	26	4
2771.06	0	803541	0	10223341568	694.0	26	4
2772.07	0	803705	0	10224459776	663.7	26	4
2773.07	0	804298	0	10225078272	651.1	26	4
2774.08	0	804298	0	10225135616	593.6	26	4
2775.08	0	804743	0	10225217536	601.2	26	4
2776.08	0	804908	0	10226073600	633.3	26	4
2777.09	0	805519	0	10226581504	691.6	26	4
2778.09	0	805519	0	10226352128	650.9	26	4
2779.10	0	805946	0	10226970624	608.6	26	4
2780.10	0	806111	0	10227339264	617.1	26	4
2781.10	0	806703	0	10227159040	709.8	26	4
2782.11	0	806703	0	10227601408	611.4	26	4
2783.11	0	807131	0	10228486144	601.3	26	4
2784.12	0	807312	0	10228424704	654.3	26	4
2785.12	0	807904	0	10229116928	652.3	26	4
2786.12	0	807904	0	10228764672	695.8	26	4
2787.13	0	808348	0	10229059584	658.5	26	4
2788.13	0	808512	0	10229448704	646.3	26	4
2789.14	0	809121	0	10229997568	679.3	26	4
2790.14	0	809121	0	10230161408	610.3	26	4
2791.14	0	809531	0	10230456320	607.4	26	4
2792.15	0	809695	0	10230800384	632.0	26	4
2793.15	0	810303	0	10231132160	649.6	26	4
2794.16	0	810303	0	10231627776	661.9	26	4
2795.16	0	810732	0	10232156160	684.9	26	4
2796.16	0	810913	0	10231988224	628.7	26	4
2797.17	0	811507	0	10232541184	611.6	26	4
2798.17	0	811507	0	10232586240	655.0	26	4
2799.18	0	811952	0	10233282560	653.6	26	4
2800.18	0	812116	0	10233257984	588.4	26	4
2801.18	0	812724	0	10233737216	656.2	26	4
2802.19	0	812724	0	10233856000	644.0	26	4
2803.19	0	813152	0	10234265600	673.1	26	4
2804.20	0	813316	0	10234163200	650.7	26	4
2805.20	0	813694	0	10235097088	609.1	26	4
2806.20	0	813908	0	10234806272	623.7	26	4
2807.21	0	813908	0	10235129856	616.9	26	4
2808.21	0	814351	0	10235248640	648.3	26	4
2809.22	0	814515	0	10235924480	657.0	26	4
2810.22	0	815106	0	10236166144	609.0	26	4
2811.22	0	815106	0	10235691008	604.5	26	4
2812.23	0	815533	0	10236690432	631.8	26	4
2813.23	0	815697	0	10237116416	621.6	26	4
2814.23	0	816305	0	10237444096	634.2	26	4
2815.24	0	816305	0	10236997632	610.8	26	4
2816.24	0	816749	0	10237743104	632.1	26	4
2817.25	0	816914	0	10237755392	682.1	26	4
2818.25	0	817508	0	10238873600	631.6	26	4
2819.26	0	817508	0	10238713856	599.3	26	4
2820.26	0	817952	0	10239447040	660.7	26	4
2821.26	0	818100	0	10239062016	701.2	26	4
2822.27	0	818709	0	10239660032	616.5	26	4
2823.27	0	818709	0	10239123456	610.0	26	4
2824.28	0	819153	0	10238906368	620.9	26	4
2825.28	0	819300	0	10239078400	671.7	26	4
2826.28	0	819891	0	10240065536	638.9	26	4
2827.29	0	819891	0	10239959040	648.5	26	4
2828.29	0	820187	0	10240925696	594.4	26	4
2829.30	0	820335	0	10240765952	666.2	26	4
2830.30	0	820500	0	10241150976	605.4	26	4
2831.30	0	821108	0	10241171456	653.7	26	4
2832.31	0	821108	0	10241327104	680.9	26	4
2833.31	0	821552	0	10242514944	625.3	26	4
2834.32	0	822308	0	10243354624	646.9	26	4
2835.32	0	822308	0	10243014656	605.0	26	4
2836.32	0	822308	0	10242490368	622.6	26	4
2837.33	0	822768	0	10243026944	656.6	26	4
2838.33	0	823311	0	10244308992	602.3	26	4
2839.34	0	823525	0	10243936256	632.9	26	4
2840.34	0	823986	0	10244534272	674.1	26	4
2841.34	0	824134	0	10244603904	644.4	26	4
2842.35	0	824744	0	10245513216	680.2	26	4
2843.35	0	824744	0	10245132288	633.3	26	4
2844.36	0	825203	0	10245861376	639.5	26	4
2845.36	0	825367	0	10245812224	586.5	26	4
2846.36	0	825959	0	10247143424	672.1	26	4
2847.37	0	825959	0	10246873088	668.6	26	4
2848.37	0	826419	0	10247348224	627.8	26	4
2849.38	0	826567	0	10247917568	641.9	26	4
2850.38	0	827174	0	10247917568	608.0	26	4
2851.38	0	827174	0	10247704576	633.5	26	4
2852.39	0	827618	0	10248384512	614.2	26	4
2853.39	0	827782	0	10248790016	628.0	26	4
2854.40	0	828389	0	10248966144	663.9	26	4
2855.40	0	828389	0	10248790016	641.9	26	4
2856.40	0	828849	0	10249981952	695.4	26	4
2857.41	0	828997	0	10250489856	621.9	26	4
2858.41	0	829604	0	10251137024	648.3	26	4
2859.41	0	829670	0	10251083776	728.9	26	4
2860.42	0	830049	0	10250641408	669.9	26	4
2861.42	0	830197	0	10250891264	644.7	26	4
2862.43	0	830773	0	10252009472	644.8	26	4
2863.43	0	830773	0	10252234752	655.8	26	4
2864.43	0	831235	0	10252185600	672.2	26	4
2865.44	0	831366	0	10251976704	606.3	26	4
2866.44	0	831974	0	10252656640	616.0	26	4
2867.45	0	831974	0	10253123584	630.6	26	4
2868.45	0	832417	0	10253774848	659.2	26	4
2869.45	0	832565	0	10254098432	669.7	26	4
2870.46	0	833156	0	10254114816	647.4	26	4
2871.46	0	833156	0	10254090240	667.7	26	4
2872.47	0	833616	0	10255175680	589.6	26	4
2873.47	0	833764	0	10255421440	633.4	26	4
2874.48	0	834355	0	10256420864	673.2	26	4
2875.48	0	834355	0	10255298560	590.1	26	4
2876.48	0	834799	0	10256461824	623.1	26	4
2877.49	0	834947	0	10256265216	659.8	26	4
2878.49	0	835539	0	10256814080	677.6	26	4
2879.50	0	835539	0	10256302080	710.9	26	4
2880.50	0	835983	0	10256965632	621.8	26	4
2881.50	0	836131	0	10257231872	631.5	26	4
2882.51	0	836725	0	10257956864	646.1	26	4
2883.51	0	836725	0	10258092032	646.0	26	4
2884.52	0	837171	0	10258735104	638.7	26	4
2885.52	0	837303	0	10258423808	608.5	26	4
2886.52	0	837912	0	10259828736	696.8	26	4
2887.53	0	837912	0	10259927040	657.5	26	4
2888.53	0	838373	0	10260557824	598.0	26	4
2889.54	0	838504	0	10260402176	609.5	26	4
2890.54	0	839096	0	10260889600	732.3	26	4
2891.54	0	839096	0	10260578304	649.6	26	4
2892.55	0	839557	0	10262167552	648.0	26	4
2893.55	0	839705	0	10262048768	622.0	26	4
2894.56	0	840297	0	10262159360	668.6	26	4
2895.56	0	840297	0	10261532672	620.7	26	4
2896.56	0	840741	0	10262413312	625.0	26	4
2897.57	0	840889	0	10262712320	679.5	26	4
2898.57	0	841481	0	10263609344	639.6	26	4
2899.57	0	841481	0	10263334912	649.7	26	4
2900.58	0	841942	0	10263285760	685.4	26	4
2901.58	0	842074	0	10263306240	633.0	26	4
2902.59	0	842683	0	10263891968	597.5	26	4
2903.59	0	842683	0	10264395776	698.6	26	4
2904.60	0	843127	0	10265206784	687.2	26	4
2905.60	0	843275	0	10265018368	674.2	26	4
2906.60	0	843869	0	10265686016	639.3	26	4
2907.61	0	843869	0	10265509888	663.0	26	4
2908.61	0	844329	0	10265784320	613.4	26	4
2909.62	0	844477	0	10266116096	638.3	26	4
2910.62	0	845085	0	10266234880	695.8	26	4
2911.62	0	845085	0	10266157056	608.1	26	4
2912.63	0	845528	0	10266832896	627.5	26	4
2913.63	0	845676	0	10267160576	637.9	26	4
2914.64	0	846283	0	10267504640	627.6	26	4
2915.64	0	846283	0	10267471872	623.9	26	4
2916.64	0	846711	0	10268495872	607.2	26	4
2917.65	0	846875	0	10268811264	657.6	26	4
2918.65	0	847466	0	10269659136	660.4	26	4
2919.66	0	847466	0	10269421568	635.9	26	4
2920.66	0	847909	0	10269626368	630.4	26	4
2921.66	0	848074	0	10269724672	617.6	26	4
2922.67	0	848666	0	10270060544	642.1	26	4
2923.67	0	848666	0	10270011392	585.3	26	4
2924.68	0	849110	0	10270883840	614.9	26	4
2925.68	0	849259	0	10270752768	610.0	26	4
2926.68	0	849868	0	10271723520	626.3	26	4
2927.69	0	849868	0	10272026624	636.9	26	4
2928.69	0	850313	0	10272505856	595.2	26	4
2929.70	0	850461	0	10271731712	668.9	26	4
2930.70	0	851052	0	10272780288	619.0	26	4
2931.70	0	851052	0	10272608256	631.6	26	4
2932.71	0	851660	0	10273538048	664.9	26	4
2933.71	0	851660	0	10273116160	610.1	26	4
2934.72	0	852251	0	10273697792	609.9	26	4
2935.72	0	852251	0	10274160640	580.2	26	4
2936.72	0	852711	0	10274414592	680.5	26	4
2937.73	0	852990	0	10275024896	634.4	26	4
2938.73	0	853449	0	10275086336	615.1	26	4
2939.74	0	853877	0	10276372480	726.4	26	4
2940.74	0	854040	0	10276126720	608.6	26	4
2941.74	0	854632	0	10276679680	664.4	26	4
2942.75	0	854632	0	10281500672	674.4	26	4
2943.75	0	855239	0	7079972864	534.1	17	4
2944.76	0	855239	0	7079665664	403.3	17	4
2945.76	0	855832	0	4717232128	370.0	10	4
