t_s	temp_kb	out_kb	converted_kb	mem_bytes	cpu_pct	pids	fifos
0.00	0	0	0	6205440	73.0	2	0
1.00	0	0	0	523137024	98.4	2	0
2.01	0	0	0	897232896	100.0	2	0
3.01	0	0	0	1341550592	101.0	2	0
4.01	0	1	0	1725313024	100.0	2	0
5.02	0	1	0	2051510272	101.0	2	0
6.02	0	1	0	2523635712	100.0	2	0
7.02	0	1	0	2685943808	100.0	2	0
8.03	61292	2	61292	2898690048	101.0	2	0
9.03	330555	2	330555	3174830080	100.0	2	0
10.04	600563	2	600563	3451428864	101.0	2	0
11.04	870491	2	870491	3728728064	100.0	2	0
12.04	1140160	2	1140160	4005449728	100.0	2	0
13.05	1409985	2	1409985	4282474496	101.0	2	0
14.05	1680006	2	1680006	4559613952	100.0	2	0
15.05	1950564	2	1950564	4837445632	100.0	2	0
16.06	2221729	2	2221729	5115453440	101.0	2	0
17.06	2493389	2	2493389	5397676032	100.0	2	0
18.07	2765120	2	2765120	5677060096	101.0	2	0
19.07	3036640	2	3036640	5955584000	100.0	2	0
20.07	3308480	2	3308480	6234300416	100.0	2	0
21.08	3346733	2	3346733	7817687040	100.8	6	0
22.08	3346733	2	3346733	9617215488	144.9	15	0
23.09	3346733	2	3346733	11489501184	499.4	15	0
24.09	3346733	2	3346733	12775243776	610.9	20	0
25.09	3346733	351	3346733	12782796800	809.4	20	0
26.10	3346733	584	3346733	12791304192	814.3	20	0
27.10	3346733	1181	3346733	12796657664	815.7	20	0
28.11	3346733	1181	3346733	12799959040	799.6	20	0
29.11	3346733	1744	3346733	12804104192	818.3	20	0
30.11	3346733	1744	3346733	12804042752	799.3	20	0
31.12	3346733	2323	3346733	12807794688	818.0	20	0
32.12	3346733	2323	3346733	12810891264	799.5	20	0
33.13	3346733	2356	3346733	12813701120	808.0	20	0
34.13	3346733	2886	3346733	12815749120	809.2	20	0
35.13	3346733	3465	3346733	12816920576	809.9	20	0
36.14	3346733	3465	3346733	12817027072	807.5	20	0
37.14	3346733	4044	3346733	12820340736	809.8	20	0
38.15	3346733	4044	3346733	12822753280	807.5	20	0
39.15	3346733	4608	3346733	12826214400	809.8	20	0
40.15	3346733	4608	3346733	12828286976	799.7	20	0
41.16	3346733	4657	3346733	12831649792	808.5	20	0
42.16	3346733	4657	3346733	12833529856	799.6	20	0
43.17	3346733	4657	3346733	12837535744	807.5	20	0
44.17	3346733	5204	3346733	12840124416	809.2	20	0
45.17	3346733	6365	3346733	12842676224	820.1	20	0
46.18	3346733	6365	3346733	12842647552	807.7	20	0
47.18	3346733	6945	3346733	12843450368	809.9	20	0
48.19	3346733	6945	3346733	12844019712	799.6	20	0
49.19	3346733	6945	3346733	12846755840	807.7	20	0
50.19	3346733	6945	3346733	12849532928	800.1	20	0
51.20	3346733	8104	3346733	12853882880	832.2	20	0
52.20	3346733	8104	3346733	12855709696	799.6	20	0
53.21	3346733	8682	3346733	12859060224	809.6	20	0
54.21	3346733	8682	3346733	12861804544	807.8	20	0
55.21	3346733	8682	3346733	12864827392	799.9	20	0
56.22	3346733	8682	3346733	12866994176	807.5	20	0
57.22	3346733	9292	3346733	12870352896	810.7	20	0
58.23	3346733	9292	3346733	12872368128	800.3	20	0
59.23	3346733	9292	3346733	12876845056	807.1	20	0
60.23	3346733	9292	3346733	12880289792	799.5	20	0
61.24	3346733	9292	3346733	12885012480	807.4	20	0
62.24	3346733	9292	3346733	12888350720	799.5	20	0
63.25	3346733	9836	3346733	12892205056	812.9	20	0
64.25	3346733	9836	3346733	12893327360	807.5	20	0
65.25	3346733	12132	3346733	12896464896	840.5	20	0
66.26	3346733	12132	3346733	12896661504	807.7	20	0
67.26	3346733	12132	3346733	12896481280	799.8	20	0
68.27	3346733	12132	3346733	12896632832	799.7	20	0
69.27	3346733	13303	3346733	12898144256	828.4	20	0
70.27	3346733	13303	3346733	12897533952	799.8	20	0
71.28	3346733	13303	3346733	12897685504	807.6	20	0
72.28	3346733	13303	3346733	12897341440	799.8	20	0
73.28	3346733	13303	3346733	12900044800	799.8	20	0
74.29	3346733	13303	3346733	12902522880	807.6	20	0
75.29	3346733	13303	3346733	12905586688	799.8	20	0
76.30	3346733	13303	3346733	12908068864	807.6	20	0
77.30	3346733	15613	3346733	12913885184	840.7	20	0
78.30	3346733	15613	3346733	12915798016	799.7	20	0
79.31	3346733	15613	3346733	12919209984	807.7	20	0
80.31	3346733	15613	3346733	12921942016	799.7	20	0
81.32	3346733	16770	3346733	12926648320	828.3	20	0
82.32	3346733	16770	3346733	12928221184	799.9	20	0
83.32	3346733	16770	3346733	12932083712	799.6	20	0
84.33	3346733	16770	3346733	12934115328	807.5	20	0
85.33	3346733	16770	3346733	12936966144	799.5	20	0
86.34	3346733	16770	3346733	12939616256	807.5	20	0
87.34	3346733	16770	3346733	12942245888	799.8	20	0
88.35	3346733	16770	3346733	12945014784	799.6	20	0
89.35	3346733	18124	3346733	12950081536	831.8	20	0
90.35	3346733	18503	3346733	12952305664	806.8	20	0
91.36	3346733	18503	3346733	12953989120	807.5	20	0
92.36	3346733	18503	3346733	12956442624	799.7	20	0
93.37	3346733	18503	3346733	12960636928	800.5	20	0
94.37	3346733	18503	3346733	12964646912	806.7	20	0
95.37	3346733	18503	3346733	12968873984	800.6	20	0
96.38	3346733	18503	3346733	12973293568	806.8	20	0
97.38	3346733	18503	3346733	12977815552	799.7	20	0
98.39	3346733	18503	3346733	12981731328	799.7	20	0
99.39	3346733	18503	3346733	12985626624	807.7	20	0
100.39	3346733	18503	3346733	12989472768	799.7	20	0
101.40	3346733	19031	3346733	12993466368	817.1	20	0
102.40	3346733	19031	3346733	12994183168	799.8	20	0
103.40	3346733	19031	3346733	12996558848	799.8	20	0
104.41	3346733	19031	3346733	12998238208	807.7	20	0
105.41	3346733	20153	3346733	13001293824	818.5	20	0
106.42	3346733	23570	3346733	13003898880	869.5	20	0
107.42	3346733	23570	3346733	13004005376	799.9	20	0
108.42	3346733	23570	3346733	13004267520	799.8	20	0
109.43	3346733	23570	3346733	13004304384	807.7	20	0
110.43	3346733	23570	3346733	13004443648	799.5	20	0
111.44	3346733	23570	3346733	13004644352	807.5	20	0
112.44	3346733	23570	3346733	13004406784	799.9	20	0
113.44	3346733	24591	3346733	13005393920	817.5	20	0
114.45	3346733	25896	3346733	13007200256	830.6	20	0
115.45	3346733	25896	3346733	13006651392	799.8	20	0
116.46	3346733	25896	3346733	13006323712	807.5	20	0
117.46	3346733	25896	3346733	13006295040	799.5	20	0
118.47	3346733	25896	3346733	13006503936	799.7	20	0
119.47	3346733	25896	3346733	13006503936	807.5	20	0
120.47	3346733	25896	3346733	13006708736	799.6	20	0
121.48	3346733	25896	3346733	13009313792	807.6	20	0
122.48	3346733	25896	3346733	13011230720	799.4	20	0
123.48	3346733	25896	3346733	13014339584	799.5	20	0
124.49	3346733	25896	3346733	13016502272	807.3	20	0
125.49	3346733	25896	3346733	13018902528	799.5	20	0
126.50	3346733	25896	3346733	13021265920	807.7	20	0
127.50	3346733	25896	3346733	13023559680	799.8	20	0
128.50	3346733	25896	3346733	13026516992	799.7	20	0
129.51	3346733	25896	3346733	13029695488	807.6	20	0
130.51	3346733	30486	3346733	13037498368	881.2	20	0
131.52	3346733	30486	3346733	13040275456	807.7	20	0
132.52	3346733	30486	3346733	13042442240	799.6	20	0
133.52	3346733	30486	3346733	13044891648	799.3	20	0
134.53	3346733	30486	3346733	13047234560	807.6	20	0
135.53	3346733	30486	3346733	13049126912	799.5	20	0
136.54	3346733	30486	3346733	13051518976	807.6	20	0
137.54	3346733	30486	3346733	13054713856	799.7	20	0
138.54	3346733	32782	3346733	13060325376	840.4	20	0
139.55	3346733	32782	3346733	13062320128	807.3	20	0
140.55	3346733	32782	3346733	13065195520	799.6	20	0
141.56	3346733	32782	3346733	13067866112	807.7	20	0
142.56	3346733	32782	3346733	13069656064	799.7	20	0
143.57	3346733	32782	3346733	13072900096	799.6	20	0
144.57	3346733	32782	3346733	13075718144	807.6	20	0
145.57	3346733	32782	3346733	13077778432	799.6	20	0
146.58	3346733	32782	3346733	13081407488	807.7	20	0
147.58	3346733	32782	3346733	13084098560	799.7	20	0
148.59	3346733	32782	3346733	13086494720	799.5	20	0
149.59	3346733	32782	3346733	13088952320	807.5	20	0
150.59	3346733	32782	3346733	13091065856	799.7	20	0
151.60	3346733	32782	3346733	13093392384	807.5	20	0
152.60	3346733	32782	3346733	13096501248	799.7	20	0
153.61	3346733	32782	3346733	13099687936	799.4	20	0
154.61	3346733	32782	3346733	13102190592	807.4	20	0
155.61	3346733	36859	3346733	13109043200	871.4	20	0
156.62	3346733	36859	3346733	13110738944	807.2	20	0
157.62	3346733	36859	3346733	13112721408	799.7	20	0
158.63	3346733	36859	3346733	13115817984	799.6	20	0
159.63	3346733	36859	3346733	13118464000	807.5	20	0
160.63	3346733	36859	3346733	13120589824	799.6	20	0
161.64	3346733	36859	3346733	13123043328	807.6	20	0
162.64	3346733	36859	3346733	13125439488	799.6	20	0
163.65	3346733	36859	3346733	13129740288	799.5	20	0
164.65	3346733	36859	3346733	13134581760	807.7	20	0
165.65	3346733	36859	3346733	13138608128	799.6	20	0
166.66	3346733	36859	3346733	13142765568	807.7	20	0
167.66	3346733	36859	3346733	13146697728	799.7	20	0
168.67	3346733	36859	3346733	13151555584	799.6	20	0
169.67	3346733	36859	3346733	13155954688	807.5	20	0
170.67	3346733	36859	3346733	13159960576	799.6	20	0
171.68	3346733	36859	3346733	13164085248	807.8	20	0
172.68	3346733	36859	3346733	13168332800	799.7	20	0
173.69	3346733	36859	3346733	13172158464	799.6	20	0
174.69	3346733	36859	3346733	13176467456	807.8	20	0
175.69	3346733	36859	3346733	13179445248	799.7	20	0
176.70	3346733	36859	3346733	13184040960	808.1	20	0
177.70	3346733	36859	3346733	13186809856	799.8	20	0
178.71	3346733	36859	3346733	13191221248	807.7	20	0
179.71	3346733	36859	3346733	13195939840	799.2	20	0
180.72	3346733	37387	3346733	13198442496	810.1	20	0
181.72	3346733	37387	3346733	13199540224	806.4	20	0
182.72	3346733	37387	3346733	13202042880	799.7	20	0
183.73	3346733	37387	3346733	13202657280	807.5	20	0
184.73	3346733	37387	3346733	13204733952	799.5	20	0
185.74	3346733	37387	3346733	13205966848	799.6	20	0
186.74	3346733	37387	3346733	13207212032	807.9	20	0
187.74	3346733	37818	3346733	13210398720	805.8	20	0
188.75	3346733	43764	3346733	13216432128	912.5	20	0
189.75	3346733	46782	3346733	13219508224	853.0	20	0
190.76	3346733	46782	3346733	13219196928	799.6	20	0
191.76	3346733	46782	3346733	13218803712	807.6	20	0
192.76	3346733	46782	3346733	13219811328	799.5	20	0
193.77	3346733	46782	3346733	13219745792	807.7	20	0
194.77	3346733	46782	3346733	13219991552	799.5	20	0
195.78	3346733	46782	3346733	13219815424	807.6	20	0
196.78	3346733	46782	3346733	13219155968	799.6	20	0
197.78	3346733	46782	3346733	13219401728	799.4	20	0
198.79	3346733	46782	3346733	13219942400	807.3	20	0
199.79	3346733	46782	3346733	13219708928	799.5	20	0
200.80	3346733	46782	3346733	13219667968	807.6	20	0
201.80	3346733	46782	3346733	13219282944	799.5	20	0
202.80	3346733	46782	3346733	13219262464	799.6	20	0
203.81	3346733	46782	3346733	13219393536	807.6	20	0
204.81	3346733	49986	3346733	13222682624	855.1	20	0
205.82	3346733	51421	3346733	13223997440	826.0	20	0
206.82	3346733	51421	3346733	13224534016	807.4	20	0
207.82	3346733	51421	3346733	13224177664	799.6	20	0
208.83	3346733	51421	3346733	13224607744	807.9	20	0
209.83	3346733	51421	3346733	13224288256	800.2	20	0
210.84	3346733	51421	3346733	13224423424	799.0	20	0
211.84	3346733	51421	3346733	13223788544	807.6	20	0
212.84	3346733	51421	3346733	13223710720	799.7	20	0
213.85	3346733	51421	3346733	13223788544	807.7	20	0
214.85	3346733	51421	3346733	13223575552	799.6	20	0
215.85	3346733	51421	3346733	13223981056	799.7	20	0
216.86	3346733	51421	3346733	13223899136	807.8	20	0
217.86	3346733	51421	3346733	13224034304	799.7	20	0
218.87	3346733	51421	3346733	13224333312	807.7	20	0
219.87	3346733	51421	3346733	13226467328	799.6	20	0
220.87	3346733	51421	3346733	13229395968	800.9	20	0
221.88	3346733	51421	3346733	13231906816	806.6	20	0
222.88	3346733	51421	3346733	13234221056	799.7	20	0
223.89	3346733	51421	3346733	13237272576	807.7	20	0
224.89	3346733	51421	3346733	13238820864	799.5	20	0
225.89	3346733	51421	3346733	13241987072	799.8	20	0
226.90	3346733	51421	3346733	13244809216	807.6	20	0
227.90	3346733	51421	3346733	13246935040	799.6	20	0
228.91	3346733	51421	3346733	13250859008	807.7	20	0
229.91	3346733	51421	3346733	13252370432	799.7	20	0
230.91	3346733	51421	3346733	13255139328	799.8	20	0
231.92	3346733	51421	3346733	13257220096	807.6	20	0
232.92	3346733	51421	3346733	13259935744	799.4	20	0
233.93	3346733	51421	3346733	13262675968	807.7	20	0
234.93	3346733	51421	3346733	13265735680	799.8	20	0
235.93	3346733	51421	3346733	13268004864	799.7	20	0
236.94	3346733	52114	3346733	13270908928	819.6	20	0
237.94	3346733	58075	3346733	13280239616	904.5	20	0
238.95	3346733	60686	3346733	13285163008	854.4	20	0
239.95	3346733	60686	3346733	13287845888	799.6	20	0
240.95	3346733	60686	3346733	13289975808	799.9	20	0
241.96	3346733	60686	3346733	13292294144	807.3	20	0
242.96	3346733	60686	3346733	13294886912	799.6	20	0
243.97	3346733	60686	3346733	13297901568	799.7	20	0
244.97	3346733	60686	3346733	13301035008	807.6	20	0
245.97	3346733	60686	3346733	13303767040	799.8	20	0
246.98	3346733	60686	3346733	13306499072	807.7	20	0
247.98	3346733	60686	3346733	13309091840	799.7	20	0
248.99	3346733	60686	3346733	13311668224	799.7	20	0
249.99	3346733	60686	3346733	13314334720	807.7	20	0
250.99	3346733	60686	3346733	13316751360	799.6	20	0
252.00	3346733	60686	3346733	13319196672	807.6	20	0
253.00	3346733	60686	3346733	13321887744	799.8	20	0
254.01	3346733	64482	3346733	13328850944	866.9	20	0
255.01	3346733	65258	3346733	13332672512	822.5	20	0
256.01	3346733	65258	3346733	13335105536	799.6	20	0
257.02	3346733	65258	3346733	13336993792	807.7	20	0
258.02	3346733	65258	3346733	13441454080	801.1	20	0
259.02	3346733	65258	3346733	13342289920	798.3	20	0
260.03	3346733	65258	3346733	13344964608	807.6	20	0
261.03	3346733	65258	3346733	13347704832	799.6	20	0
262.04	3346733	65258	3346733	13350600704	807.6	20	0
263.04	3346733	65258	3346733	13353422848	799.8	20	0
264.04	3346733	65258	3346733	13355679744	799.6	20	0
265.05	3346733	65258	3346733	13358718976	807.7	20	0
266.05	3346733	65258	3346733	13361057792	799.5	20	0
267.06	3346733	65258	3346733	13363957760	807.6	20	0
268.06	3346733	65258	3346733	13365837824	799.7	20	0
269.06	3346733	65258	3346733	13368090624	799.8	20	0
270.07	3346733	65258	3346733	13370548224	807.5	20	0
271.07	3346733	65258	3346733	13373968384	799.7	20	0
272.08	3346733	65258	3346733	13375975424	799.7	20	0
273.08	3346733	65258	3346733	13378924544	807.7	20	0
274.08	3346733	65258	3346733	13381955584	799.8	20	0
275.09	3346733	65258	3346733	13383950336	807.7	20	0
276.09	3346733	65258	3346733	13387333632	799.8	20	0
277.10	3346733	65258	3346733	13389758464	799.7	20	0
278.10	3346733	65258	3346733	13393195008	807.7	20	0
279.10	3346733	65258	3346733	13395677184	799.7	20	0
280.11	3346733	65258	3346733	13399584768	807.9	20	0
281.11	3346733	65258	3346733	13401456640	799.7	20	0
282.11	3346733	65258	3346733	13404225536	799.5	20	0
283.12	3346733	65258	3346733	13407191040	807.9	20	0
284.12	3346733	65258	3346733	13409710080	799.7	20	0
285.13	3346733	65258	3346733	13412761600	807.5	20	0
286.13	3346733	65258	3346733	13414813696	799.7	20	0
287.13	3346733	70045	3346733	13423697920	882.0	20	0
288.14	3346733	74092	3346733	13429633024	879.8	20	0
289.14	3346733	74092	3346733	13432676352	799.7	20	0
290.15	3346733	74092	3346733	13435170816	807.6	20	0
291.15	3346733	74092	3346733	13437382656	799.6	20	0
292.15	3346733	74092	3346733	13440753664	799.8	20	0
293.16	3346733	74092	3346733	13443280896	807.6	20	0
294.16	3346733	74092	3346733	13446324224	799.6	20	0
295.17	3346733	74092	3346733	13449322496	807.7	20	0
296.17	3346733	74092	3346733	13451698176	799.8	20	0
297.17	3346733	74092	3346733	13454348288	799.6	20	0
298.18	3346733	74092	3346733	13457330176	807.5	20	0
299.18	3346733	74092	3346733	13460119552	799.7	20	0
300.19	3346733	74092	3346733	13462577152	807.6	20	0
301.19	3346733	74092	3346733	13465088000	799.8	20	0
302.19	3346733	74092	3346733	13467828224	799.9	20	0
303.20	3346733	74092	3346733	13470920704	807.4	20	0
304.20	3346733	74092	3346733	13475393536	799.8	20	0
305.21	3346733	74092	3346733	13479243776	799.8	20	0
306.21	3346733	74092	3346733	13484670976	807.5	20	0
307.21	3346733	74092	3346733	13487951872	799.9	20	0
308.22	3346733	74092	3346733	13492576256	807.6	20	0
309.22	3346733	74092	3346733	13496930304	800.2	20	0
310.23	3346733	74092	3346733	13500096512	799.2	20	0
311.23	3346733	74092	3346733	13504733184	807.6	20	0
312.23	3346733	74092	3346733	13508497408	799.6	20	0
313.24	3346733	74092	3346733	13512720384	807.7	20	0
314.24	3346733	74092	3346733	13517512704	799.6	20	0
315.24	3346733	74092	3346733	13521465344	799.7	20	0
316.25	3346733	74092	3346733	13525176320	807.6	20	0
317.25	3346733	74092	3346733	13529518080	799.5	20	0
318.26	3346733	74092	3346733	13533028352	807.4	20	0
319.26	3346733	74092	3346733	13537296384	799.7	20	0
320.26	3346733	74092	3346733	13540835328	799.4	20	0
321.27	3346733	74092	3346733	13545316352	807.5	20	0
322.27	3346733	74092	3346733	13549502464	800.0	20	0
323.28	3346733	74092	3346733	13553491968	807.4	20	0
324.28	3346733	74092	3346733	13557395456	799.5	20	0
325.28	3346733	74092	3346733	13561114624	799.3	20	0
326.29	3346733	74092	3346733	13565202432	807.5	20	0
327.29	3346733	74092	3346733	13568872448	799.7	20	0
328.30	3346733	74092	3346733	13573734400	807.6	20	0
329.30	3346733	74092	3346733	13577543680	799.6	20	0
330.30	3346733	74092	3346733	13581635584	799.4	20	0
331.31	3346733	74092	3346733	13585903616	807.7	20	0
332.31	3346733	74092	3346733	13589921792	800.1	20	0
333.32	3346733	74092	3346733	13594161152	807.1	20	0
334.32	3346733	74092	3346733	13598502912	799.7	20	0
335.32	3346733	74637	3346733	13601030144	809.2	20	0
336.33	3346733	74637	3346733	13602369536	807.4	20	0
337.33	3346733	74637	3346733	13604093952	799.9	20	0
338.34	3346733	74637	3346733	13606076416	807.6	20	0
339.34	3346733	74637	3346733	13607469056	799.8	20	0
340.34	3346733	74637	3346733	13609119744	799.7	20	0
341.35	3346733	74637	3346733	13610786816	807.5	20	0
342.35	3346733	74637	3346733	13611634688	799.8	20	0
343.36	3346733	74637	3346733	13613817856	807.7	20	0
344.36	3346733	74637	3346733	13615419392	799.7	20	0
345.36	3346733	74637	3346733	13616549888	799.6	20	0
346.37	3346733	74637	3346733	13618044928	807.5	20	0
347.37	3346733	74637	3346733	13619740672	799.9	20	0
348.38	3346733	74637	3346733	13621166080	807.9	20	0
349.38	3346733	74637	3346733	13623234560	799.8	20	0
350.38	3346733	74637	3346733	13624782848	799.7	20	0
351.39	3346733	74637	3346733	13626605568	807.7	20	0
352.39	3346733	75577	3346733	13628571648	815.4	20	0
353.40	3346733	81556	3346733	13634777088	903.2	20	0
354.40	3346733	87570	3346733	13640916992	912.1	20	0
355.40	3346733	93297	3346733	13647249408	899.8	20	0
356.41	3346733	93297	3346733	13646557184	806.8	20	0
357.41	3346733	93297	3346733	13646782464	799.7	20	0
358.42	3346733	93297	3346733	13646770176	799.6	20	0
359.42	3346733	93297	3346733	13646848000	808.2	20	0
360.42	3346733	93297	3346733	13646725120	799.4	20	0
361.43	3346733	93297	3346733	13646876672	807.5	20	0
362.43	3346733	93297	3346733	13646458880	799.6	20	0
363.44	3346733	93297	3346733	13646843904	799.7	20	0
364.44	3346733	93297	3346733	13647073280	807.5	20	0
365.44	3346733	93297	3346733	13646905344	799.6	20	0
366.45	3346733	93297	3346733	13646385152	807.6	20	0
367.45	3346733	93297	3346733	13646516224	799.9	20	0
368.45	3346733	93297	3346733	13646798848	799.5	20	0
369.46	3346733	93297	3346733	13646520320	807.5	20	0
370.46	3346733	93297	3346733	13646188544	799.9	20	0
371.47	3346733	93297	3346733	13646372864	807.8	20	0
372.47	3346733	93297	3346733	13646733312	799.7	20	0
373.47	3346733	93297	3346733	13646540800	799.8	20	0
374.48	3346733	93297	3346733	13646602240	807.7	20	0
375.48	3346733	93297	3346733	13646336000	799.7	20	0
376.49	3346733	93297	3346733	13646544896	807.6	20	0
377.49	3346733	93297	3346733	13646823424	799.6	20	0
378.49	3346733	93297	3346733	13646495744	799.7	20	0
379.50	3346733	93297	3346733	13646524416	807.5	20	0
380.50	3346733	93297	3346733	13646524416	799.7	20	0
381.51	3346733	93297	3346733	13646811136	807.6	20	0
382.51	3346733	93297	3346733	13646950400	799.8	20	0
383.51	3346733	93297	3346733	13646655488	799.9	20	0
384.52	3346733	93808	3346733	13647794176	816.1	20	0
385.52	3346733	99817	3346733	13654274048	902.8	20	0
386.53	3346733	102529	3346733	13656330240	855.9	20	0
387.53	3346733	102529	3346733	13656498176	799.8	20	0
388.53	3346733	102529	3346733	13656498176	799.7	20	0
389.54	3346733	102529	3346733	13656080384	807.7	20	0
390.54	3346733	102529	3346733	13656137728	799.9	20	0
391.55	3346733	102529	3346733	13656125440	799.8	20	0
392.55	3346733	102529	3346733	13656047616	808.0	20	0
393.55	3346733	102529	3346733	13656059904	799.7	20	0
394.56	3346733	102529	3346733	13656092672	807.6	20	0
395.56	3346733	102529	3346733	13656444928	799.6	20	0
396.57	3346733	102529	3346733	13656219648	801.1	20	0
397.57	3346733	102529	3346733	13656293376	808.2	20	0
398.57	3346733	102529	3346733	13656391680	800.6	20	0
399.58	3346733	102529	3346733	13656375296	808.5	20	0
400.58	3346733	102529	3346733	13656449024	800.6	20	0
401.59	3346733	102529	3346733	13656461312	800.7	20	0
402.59	3346733	102529	3346733	13656498176	808.6	20	0
403.59	3346733	102529	3346733	13656477696	800.4	20	0
404.60	3346733	102529	3346733	13656711168	808.8	20	0
405.60	3346733	102529	3346733	13656080384	800.5	20	0
406.60	3346733	102529	3346733	13656334336	800.8	20	0
407.61	3346733	102529	3346733	13656338432	808.4	20	0
408.61	3346733	102529	3346733	13656334336	800.4	20	0
409.62	3346733	102529	3346733	13793447936	808.9	20	0
410.62	3346733	102529	3346733	13658796032	800.1	20	0
411.62	3346733	102529	3346733	13661454336	800.6	20	0
412.63	3346733	102529	3346733	13664395264	808.0	20	0
413.63	3346733	102529	3346733	13666873344	799.5	20	0
414.64	3346733	102529	3346733	13670154240	807.7	20	0
415.64	3346733	102529	3346733	13672349696	799.4	20	0
416.64	3346733	102529	3346733	13674848256	799.6	20	0
417.65	3346733	102529	3346733	13677453312	807.6	20	0
418.65	3346733	102529	3346733	13680386048	799.7	20	0
419.66	3346733	102529	3346733	13682786304	807.8	20	0
420.66	3346733	102529	3346733	13685407744	800.6	20	0
421.66	3346733	102529	3346733	13688160256	800.4	20	0
422.67	3346733	102529	3346733	13690359808	808.5	20	0
423.67	3346733	102529	3346733	13693263872	800.6	20	0
424.68	3346733	102529	3346733	13695741952	808.4	20	0
425.68	3346733	102529	3346733	13698711552	800.4	20	0
426.68	3346733	102529	3346733	13700952064	799.6	20	0
427.69	3346733	102529	3346733	13703622656	807.7	20	0
428.69	3346733	102529	3346733	13706399744	800.5	20	0
429.70	3346733	102529	3346733	13709049856	808.2	20	0
430.70	3346733	102529	3346733	13710979072	800.5	20	0
431.70	3346733	102529	3346733	13713739776	800.4	20	0
432.71	3346733	102529	3346733	13716361216	808.9	20	0
433.71	3346733	102529	3346733	13719920640	801.0	20	0
434.72	3346733	102529	3346733	13722980352	808.0	20	0
435.72	3346733	102529	3346733	13725327360	800.6	20	0
436.72	3346733	102529	3346733	13728186368	800.9	20	0
437.73	3346733	102529	3346733	13731094528	808.9	20	0
438.73	3346733	102529	3346733	13734100992	800.7	20	0
439.74	3346733	102529	3346733	13736910848	808.6	20	0
440.74	3346733	102529	3346733	13739896832	800.6	20	0
441.74	3346733	102529	3346733	13741989888	800.8	20	0
442.75	3346733	102529	3346733	13744525312	808.5	20	0
443.75	3346733	102529	3346733	13747515392	800.7	20	0
444.76	3346733	102529	3346733	13750288384	800.9	20	0
445.76	3346733	102529	3346733	13753458688	808.7	20	0
446.76	3346733	102529	3346733	13756141568	800.8	20	0
447.77	3346733	102529	3346733	13758816256	809.0	20	0
448.77	3346733	102529	3346733	13761597440	800.7	20	0
449.78	3346733	102529	3346733	13763420160	800.4	20	0
450.78	3346733	102529	3346733	13766430720	808.6	20	0
451.78	3346733	102529	3346733	13768925184	800.7	20	0
452.79	3346733	106363	3346733	13776060416	875.6	20	0
453.79	3346733	112310	3346733	13785530368	904.2	20	0
454.79	3346733	118328	3346733	13793910784	904.0	20	0
455.80	3346733	120899	3346733	13799084032	853.8	20	0
456.80	3346733	120899	3346733	13800570880	800.6	20	0
457.81	3346733	120899	3346733	13803532288	808.5	20	0
458.81	3346733	120899	3346733	13806166016	800.6	20	0
459.81	3346733	120899	3346733	13808562176	800.5	20	0
460.82	3346733	120899	3346733	13811343360	808.9	20	0
461.82	3346733	120899	3346733	13813522432	800.6	20	0
462.83	3346733	120899	3346733	13815652352	808.5	20	0
463.83	3346733	120899	3346733	13819289600	800.7	20	0
464.83	3346733	120899	3346733	13821628416	800.3	20	0
465.84	3346733	120899	3346733	13823569920	807.5	20	0
466.84	3346733	120899	3346733	13826875392	800.6	20	0
467.85	3346733	120899	3346733	13829611520	808.7	20	0
468.85	3346733	120899	3346733	13832773632	800.7	20	0
469.85	3346733	120899	3346733	13835190272	800.6	20	0
470.86	3346733	120899	3346733	13837484032	808.8	20	0
471.86	3346733	120899	3346733	13840375808	801.0	20	0
472.87	3346733	120899	3346733	13842903040	808.4	20	0
473.87	3346733	120899	3346733	13845258240	800.4	20	0
474.87	3346733	120899	3346733	13848276992	800.8	20	0
475.88	3346733	120899	3346733	13850923008	808.2	20	0
476.88	3346733	120899	3346733	13853413376	799.6	20	0
477.89	3346733	120899	3346733	13856305152	807.2	20	0
478.89	3346733	120899	3346733	13859053568	800.0	20	0
479.90	3346733	120899	3346733	13861335040	807.0	20	0
480.90	3346733	120899	3346733	13864497152	799.7	20	0
481.91	3346733	120899	3346733	13866692608	799.5	20	0
482.91	3346733	120899	3346733	13869699072	807.6	20	0
483.91	3346733	120899	3346733	13871837184	799.6	20	0
484.92	3346733	123383	3346733	13878173696	850.5	20	0
485.92	3346733	129390	3346733	14012268544	905.3	20	0
486.93	3346733	130179	3346733	13888638976	819.7	20	0
487.93	3346733	130179	3346733	13891674112	799.4	20	0
488.94	3346733	130179	3346733	13893935104	799.4	20	0
489.94	3346733	130179	3346733	13896957952	807.4	20	0
490.94	3346733	130179	3346733	13899800576	799.6	20	0
491.95	3346733	130179	3346733	13902082048	807.6	20	0
492.95	3346733	130179	3346733	13905084416	799.5	20	0
493.96	3346733	130179	3346733	13907759104	807.4	20	0
494.96	3346733	130179	3346733	13909884928	799.5	20	0
495.96	3346733	130179	3346733	13911756800	799.6	20	0
496.97	3346733	130179	3346733	13914775552	807.4	20	0
497.97	3346733	130179	3346733	13917069312	799.4	20	0
498.98	3346733	130179	3346733	13919969280	807.7	20	0
499.98	3346733	130179	3346733	13922504704	799.6	20	0
500.99	3346733	130179	3346733	13924868096	799.3	20	0
501.99	3346733	130179	3346733	13927849984	807.7	20	0
502.99	3346733	130179	3346733	13930487808	799.4	20	0
504.00	3346733	130179	3346733	13932597248	807.4	20	0
505.00	3346733	130179	3346733	13935636480	799.6	20	0
506.01	3346733	130179	3346733	13937455104	807.4	20	0
507.01	3346733	130179	3346733	13940391936	799.8	20	0
508.01	3346733	130179	3346733	13943238656	799.8	20	0
509.02	3346733	130179	3346733	13946298368	807.7	20	0
510.02	3346733	130179	3346733	13948907520	799.6	20	0
511.03	3346733	130179	3346733	13951258624	799.7	20	0
512.03	3346733	130179	3346733	13953486848	807.7	20	0
513.03	3346733	130179	3346733	13956370432	799.8	20	0
514.04	3346733	130179	3346733	13959663616	807.9	20	0
515.04	3346733	130179	3346733	13962665984	799.9	20	0
516.05	3346733	130179	3346733	13965803520	800.0	20	0
517.05	3346733	130179	3346733	13968429056	807.8	20	0
518.05	3346733	130179	3346733	13971353600	799.8	20	0
519.06	3346733	130179	3346733	13974073344	807.7	20	0
520.06	3346733	130179	3346733	13976956928	799.7	20	0
521.06	3346733	130179	3346733	13979881472	799.6	20	0
522.07	3346733	130179	3346733	13981552640	807.6	20	0
523.07	3346733	130179	3346733	13985009664	800.0	20	0
524.08	3346733	130179	3346733	13988421632	807.6	20	0
525.08	3346733	130179	3346733	13990924288	799.7	20	0
526.08	3346733	130179	3346733	13993709568	800.0	20	0
527.09	3346733	130179	3346733	13996351488	807.8	20	0
528.09	3346733	130179	3346733	13999566848	799.7	20	0
529.10	3346733	130179	3346733	14002589696	807.6	20	0
530.10	3346733	130179	3346733	14004867072	799.7	20	0
531.10	3346733	130179	3346733	14008520704	799.8	20	0
532.11	3346733	130179	3346733	14010875904	807.7	20	0
533.11	3346733	130179	3346733	14013673472	799.8	20	0
534.12	3346733	130179	3346733	14016806912	807.8	20	0
535.12	3346733	130179	3346733	14019334144	799.8	20	0
536.12	3346733	130179	3346733	14022356992	800.0	20	0
537.13	3346733	130179	3346733	14024986624	807.8	20	0
538.13	3346733	130179	3346733	14028079104	799.8	20	0
539.14	3346733	130179	3346733	14030614528	799.6	20	0
540.14	3346733	130179	3346733	14033575936	807.5	20	0
541.14	3346733	130179	3346733	14035603456	799.9	20	0
542.15	3346733	130179	3346733	14038228992	807.7	20	0
543.15	3346733	130179	3346733	14040838144	799.9	20	0
544.16	3346733	130179	3346733	14043062272	799.7	20	0
545.16	3346733	130179	3346733	14046248960	807.8	20	0
546.16	3346733	130179	3346733	14049005568	800.4	20	0
547.17	3346733	130179	3346733	14051975168	807.3	20	0
548.17	3346733	130179	3346733	14054420480	799.8	20	0
549.17	3346733	132536	3346733	14060453888	839.9	20	0
550.18	3346733	138509	3346733	14068928512	912.8	20	0
551.18	3346733	144499	3346733	14078328832	902.9	20	0
552.19	3346733	148106	3346733	14083837952	870.8	20	0
553.19	3346733	148106	3346733	14085394432	799.6	20	0
554.19	3346733	148106	3346733	14088343552	799.8	20	0
555.20	3346733	148106	3346733	14090833920	807.7	20	0
556.20	3346733	148106	3346733	14093123584	799.9	20	0
557.21	3346733	148106	3346733	14095523840	807.8	20	0
558.21	3346733	148106	3346733	14098468864	799.8	20	0
559.21	3346733	148106	3346733	14100996096	799.5	20	0
560.22	3346733	148106	3346733	14103752704	807.7	20	0
561.22	3346733	148106	3346733	14106271744	799.7	20	0
562.23	3346733	148106	3346733	14108987392	808.0	20	0
563.23	3346733	148106	3346733	14111440896	799.8	20	0
564.23	3346733	148106	3346733	14114902016	799.9	20	0
565.24	3346733	148106	3346733	14118510592	807.7	20	0
566.24	3346733	148106	3346733	14121152512	799.9	20	0
567.25	3346733	148106	3346733	14123589632	807.9	20	0
568.25	3346733	148106	3346733	14126518272	799.8	20	0
569.25	3346733	148106	3346733	14129561600	799.8	20	0
570.26	3346733	148106	3346733	14132637696	807.7	20	0
571.26	3346733	148106	3346733	14135562240	799.5	20	0
572.27	3346733	148106	3346733	14137630720	807.8	20	0
573.27	3346733	148106	3346733	14140493824	799.5	20	0
574.27	3346733	148106	3346733	14143619072	799.5	20	0
575.28	3346733	148106	3346733	14146031616	807.7	20	0
576.28	3346733	148106	3346733	14149038080	799.8	20	0
577.29	3346733	148106	3346733	14151528448	807.7	20	0
578.29	3346733	148106	3346733	14154502144	799.7	20	0
579.30	3346733	148106	3346733	14157250560	799.7	20	0
580.30	3346733	148106	3346733	14161223680	807.7	20	0
581.30	3346733	148106	3346733	14165266432	799.7	20	0
582.31	3346733	148106	3346733	14169792512	807.7	20	0
583.31	3346733	148106	3346733	14174162944	799.7	20	0
584.32	3346733	148106	3346733	14178594816	807.8	20	0
585.32	3346733	148106	3346733	14182723584	800.0	20	0
586.32	3346733	148106	3346733	14187360256	800.1	20	0
587.33	3346733	148106	3346733	14192058368	807.6	20	0
588.33	3346733	148106	3346733	14196301824	799.7	20	0
589.34	3346733	148106	3346733	14200684544	808.0	20	0
590.34	3346733	148106	3346733	14205177856	800.5	20	0
591.34	3346733	148106	3346733	14209314816	800.8	20	0
592.35	3346733	148106	3346733	14213292032	808.8	20	0
593.35	3346733	148106	3346733	14216925184	800.9	20	0
594.36	3346733	148106	3346733	14221578240	808.3	20	0
595.36	3346733	148106	3346733	14225960960	800.9	20	0
596.36	3346733	148106	3346733	14230499328	800.4	20	0
597.37	3346733	148106	3346733	14235283456	808.7	20	0
598.37	3346733	148106	3346733	14239182848	801.1	20	0
599.38	3346733	148106	3346733	14244163584	801.0	20	0
600.38	3346733	148106	3346733	14247735296	808.1	20	0
601.38	3346733	148106	3346733	14252511232	800.7	20	0
602.39	3346733	148106	3346733	14256332800	808.7	20	0
603.39	3346733	148106	3346733	14260932608	799.6	20	0
604.40	3346733	148106	3346733	14265397248	799.8	20	0
605.40	3346733	148106	3346733	14269591552	808.4	20	0
606.40	3346733	148106	3346733	14273810432	799.7	20	0
607.41	3346733	148106	3346733	14278483968	808.0	20	0
608.41	3346733	148106	3346733	14282600448	799.6	20	0
609.41	3346733	148106	3346733	14286155776	800.3	20	0
610.42	3346733	148106	3346733	14290960384	807.9	20	0
611.42	3346733	148106	3346733	14294310912	800.4	20	0
612.43	3346733	148106	3346733	14298447872	808.6	20	0
613.43	3346733	148106	3346733	14303551488	800.6	20	0
614.43	3346733	148106	3346733	14307504128	801.3	20	0
615.44	3346733	148106	3346733	14311555072	807.8	20	0
616.44	3346733	148106	3346733	14315282432	800.6	20	0
617.45	3346733	148106	3346733	14319804416	808.7	20	0
618.45	3346733	148106	3346733	14324371456	801.0	20	0
619.45	3346733	148106	3346733	14328610816	800.4	20	0
620.46	3346733	148106	3346733	14331514880	808.4	20	0
621.46	3346733	148106	3346733	14336389120	801.5	20	0
622.47	3346733	148106	3346733	14340161536	807.8	20	0
623.47	3346733	148106	3346733	14345170944	800.7	20	0
624.47	3346733	148106	3346733	14349602816	800.7	20	0
625.48	3346733	148106	3346733	14354345984	808.6	20	0
626.48	3346733	148106	3346733	14357999616	800.5	20	0
627.49	3346733	148106	3346733	14362554368	808.9	20	0
628.49	3346733	148106	3346733	14366060544	800.4	20	0
629.49	3346733	148106	3346733	14370037760	800.6	20	0
630.50	3346733	148106	3346733	14375272448	808.9	20	0
631.50	3346733	148106	3346733	14378655744	800.7	20	0
632.51	3346733	148106	3346733	14384070656	801.1	20	0
633.51	3346733	148106	3346733	14389542912	808.1	20	0
634.51	3346733	148106	3346733	14394425344	800.0	20	0
635.52	3346733	148106	3346733	14399418368	807.7	20	0
636.52	3346733	148666	3346733	14403289088	810.6	20	0
637.53	3346733	148666	3346733	14404861952	800.6	20	0
638.53	3346733	148666	3346733	14406500352	808.5	20	0
639.53	3346733	148666	3346733	14408351744	801.2	20	0
640.54	3346733	148666	3346733	14410059776	809.1	20	0
641.54	3346733	148666	3346733	14411636736	800.9	20	0
642.55	3346733	148666	3346733	14412759040	800.9	20	0
643.55	3346733	148666	3346733	14414385152	808.5	20	0
644.55	3346733	148666	3346733	14416207872	801.0	20	0
645.56	3346733	148666	3346733	14418239488	808.8	20	0
646.56	3346733	148666	3346733	14419333120	800.8	20	0
647.56	3346733	148666	3346733	14420709376	800.7	20	0
648.57	3346733	148666	3346733	14423056384	808.7	20	0
649.57	3346733	148666	3346733	14424399872	800.2	20	0
650.58	3346733	148666	3346733	14425919488	807.7	20	0
651.58	3346733	148666	3346733	14427463680	799.8	20	0
652.58	3346733	148666	3346733	14428811264	799.7	20	0
653.59	3346733	148666	3346733	14430248960	807.7	20	0
654.59	3346733	148666	3346733	14431846400	799.8	20	0
655.60	3346733	148666	3346733	14433722368	807.7	20	0
656.60	3346733	148666	3346733	14435450880	799.8	20	0
657.60	3346733	148666	3346733	14436933632	799.8	20	0
658.61	3346733	148666	3346733	14438612992	807.8	20	0
659.61	3346733	148666	3346733	14440374272	799.8	20	0
660.62	3346733	148666	3346733	14442086400	800.6	20	0
661.62	3346733	148666	3346733	14443798528	807.1	20	0
662.62	3346733	148666	3346733	14443012096	799.9	20	0
663.63	3346733	148666	3346733	14444941312	807.7	20	0
664.63	3346733	148666	3346733	14446108672	799.7	20	0
665.64	3346733	148666	3346733	14448357376	799.9	20	0
666.64	3346733	148666	3346733	14449795072	807.8	20	0
667.64	3346733	148666	3346733	14451208192	799.7	20	0
668.65	3346733	148666	3346733	14453313536	807.9	20	0
669.65	3346733	148666	3346733	14454730752	799.8	20	0
670.65	3346733	148666	3346733	14456569856	799.8	20	0
671.66	3346733	148666	3346733	14458261504	807.8	20	0
672.66	3346733	149422	3346733	14460837888	812.0	20	0
673.67	3346733	155361	3346733	14467076096	912.0	20	0
674.67	3346733	161364	3346733	14473199616	902.8	20	0
675.67	3346733	167354	3346733	14479138816	902.9	20	0
676.68	3346733	173347	3346733	14485401600	912.3	20	0
677.68	3346733	179353	3346733	14491738112	903.2	20	0
678.69	3346733	185410	3346733	14497853440	911.7	20	0
679.69	3346733	185937	3346733	14498402304	809.1	20	0
680.69	3346733	185937	3346733	14498205696	799.9	20	0
681.70	3346733	185937	3346733	14498013184	807.7	20	0
682.70	3346733	185937	3346733	14497517568	799.8	20	0
683.71	3346733	185937	3346733	14497579008	807.8	20	0
684.71	3346733	185937	3346733	14497841152	799.6	20	0
685.71	3346733	185937	3346733	14497992704	799.8	20	0
686.72	3346733	185937	3346733	14497849344	807.7	20	0
687.72	3346733	185937	3346733	14497861632	799.6	20	0
688.73	3346733	185937	3346733	14498140160	807.6	20	0
689.73	3346733	185937	3346733	14498131968	799.6	20	0
690.73	3346733	185937	3346733	14498279424	799.8	20	0
691.74	3346733	185937	3346733	14497525760	807.7	20	0
692.74	3346733	185937	3346733	14497775616	799.6	20	0
693.75	3346733	185937	3346733	14498226176	806.7	20	0
694.75	3346733	185937	3346733	14498177024	800.7	20	0
695.75	3346733	185937	3346733	14497693696	799.6	20	0
696.76	3346733	185937	3346733	14497439744	807.8	20	0
697.76	3346733	185937	3346733	14497628160	799.6	20	0
698.77	3346733	185937	3346733	14497910784	799.7	20	0
699.77	3346733	185937	3346733	14498299904	807.6	20	0
700.77	3346733	185937	3346733	14497939456	799.8	20	0
701.78	3346733	185937	3346733	14497710080	807.8	20	0
702.78	3346733	185937	3346733	14498091008	799.9	20	0
703.78	3346733	185937	3346733	14498131968	799.8	20	0
704.79	3346733	185937	3346733	14498357248	807.7	20	0
705.79	3346733	185937	3346733	14498164736	799.6	20	0
706.80	3346733	185937	3346733	14498045952	807.5	20	0
707.80	3346733	185937	3346733	14497792000	800.0	20	0
708.80	3346733	185937	3346733	14497742848	799.8	20	0
709.81	3346733	185937	3346733	14498111488	807.6	20	0
710.81	3346733	185937	3346733	14497918976	799.7	20	0
711.82	3346733	185937	3346733	14497714176	799.7	20	0
712.82	3346733	185937	3346733	14497902592	807.8	20	0
713.82	3346733	185937	3346733	14498009088	799.8	20	0
714.83	3346733	185937	3346733	14498041856	807.7	20	0
715.83	3346733	185937	3346733	14497910784	799.9	20	0
716.84	3346733	185937	3346733	14497914880	800.2	20	0
717.84	3346733	185937	3346733	14497992704	807.7	20	0
718.84	3346733	185937	3346733	14497857536	800.0	20	0
719.85	3346733	185937	3346733	14497988608	807.9	20	0
720.85	3346733	185937	3346733	14497718272	799.8	20	0
721.85	3346733	185937	3346733	14497435648	799.9	20	0
722.86	3346733	185937	3346733	14497779712	807.8	20	0
723.86	3346733	185937	3346733	14498086912	799.8	20	0
724.87	3346733	185937	3346733	14497845248	807.8	20	0
725.87	3346733	185937	3346733	14497636352	799.9	20	0
726.87	3346733	185937	3346733	14497525760	799.9	20	0
727.88	3346733	185937	3346733	14497398784	807.9	20	0
728.88	3346733	185937	3346733	14497841152	799.9	20	0
729.89	3346733	185937	3346733	14497452032	807.8	20	0
730.89	3346733	185937	3346733	14497402880	799.8	20	0
731.89	3346733	185937	3346733	14497509376	800.0	20	0
732.90	3346733	185937	3346733	14497656832	807.9	20	0
733.90	3346733	185937	3346733	14497923072	799.9	20	0
734.91	3346733	185937	3346733	14498004992	799.9	20	0
735.91	3346733	186465	3346733	14499160064	816.4	20	0
736.91	3346733	192440	3346733	14505152512	903.6	20	0
737.92	3346733	198482	3346733	14511464448	912.1	20	0
738.92	3346733	204518	3346733	14517649408	903.3	20	0
739.93	3346733	204666	3346733	14517862400	802.9	20	0
740.93	3346733	204666	3346733	14517592064	807.8	20	0
741.93	3346733	204666	3346733	14517399552	799.8	20	0
742.94	3346733	204666	3346733	14517346304	807.6	20	0
743.94	3346733	204666	3346733	14517145600	799.9	20	0
744.94	3346733	204666	3346733	14517334016	799.7	20	0
745.95	3346733	204666	3346733	14517198848	807.7	20	0
746.95	3346733	204666	3346733	14517084160	799.8	20	0
747.96	3346733	204666	3346733	14517186560	807.8	20	0
748.96	3346733	204666	3346733	14517329920	799.8	20	0
749.96	3346733	204666	3346733	14516985856	800.4	20	0
750.97	3346733	204666	3346733	14517485568	807.1	20	0
751.97	3346733	204666	3346733	14517243904	799.9	20	0
752.98	3346733	204666	3346733	14517383168	807.8	20	0
753.98	3346733	204666	3346733	14517293056	799.7	20	0
754.98	3346733	204666	3346733	14517555200	799.8	20	0
755.99	3346733	204666	3346733	14517641216	807.6	20	0
756.99	3346733	204666	3346733	14517440512	799.5	20	0
758.00	3346733	204666	3346733	14517563392	807.9	20	0
759.00	3346733	204666	3346733	14517870592	799.8	20	0
760.00	3346733	204666	3346733	14517764096	799.6	20	0
761.01	3346733	204666	3346733	14517972992	807.7	20	0
762.01	3346733	204666	3346733	14517821440	799.7	20	0
763.02	3346733	204666	3346733	14517768192	807.6	20	0
764.02	3346733	204666	3346733	14517886976	799.5	20	0
765.02	3346733	204666	3346733	14517821440	799.6	20	0
766.03	3346733	204666	3346733	14517972992	807.5	20	0
767.03	3346733	204666	3346733	14517964800	799.7	20	0
768.04	3346733	204666	3346733	14517911552	799.6	20	0
769.04	3346733	204666	3346733	14517751808	807.7	20	0
770.04	3346733	204666	3346733	14517837824	799.6	20	0
771.05	3346733	204666	3346733	14517972992	807.6	20	0
772.05	3346733	204666	3346733	14517751808	799.9	20	0
773.06	3346733	204666	3346733	14517751808	799.8	20	0
774.06	3346733	204666	3346733	14517837824	807.9	20	0
775.06	3346733	204666	3346733	14517571584	800.2	20	0
776.07	3346733	204666	3346733	14517055488	808.5	20	0
777.07	3346733	204666	3346733	14517047296	800.3	20	0
778.08	3346733	204666	3346733	14517039104	808.6	20	0
779.08	3346733	204666	3346733	14517186560	799.8	20	0
780.08	3346733	204666	3346733	14517207040	799.9	20	0
781.09	3346733	204666	3346733	14516973568	807.6	20	0
782.09	3346733	204666	3346733	14516932608	799.7	20	0
783.10	3346733	204666	3346733	14518697984	808.3	20	0
784.10	3346733	204666	3346733	14521708544	800.5	20	0
785.10	3346733	204666	3346733	14524358656	799.9	20	0
786.11	3346733	204666	3346733	14527086592	807.6	20	0
787.11	3346733	204666	3346733	14530183168	800.2	20	0
788.12	3346733	204666	3346733	14532595712	800.0	20	0
789.12	3346733	204666	3346733	14535675904	807.6	20	0
790.12	3346733	204666	3346733	14538346496	799.7	20	0
791.13	3346733	204666	3346733	14541475840	807.7	20	0
792.13	3346733	204666	3346733	14544113664	799.8	20	0
793.14	3346733	204666	3346733	14546059264	799.6	20	0
794.14	3346733	204666	3346733	14548926464	807.7	20	0
795.14	3346733	204666	3346733	14551969792	799.5	20	0
796.15	3346733	204666	3346733	14554312704	807.4	20	0
797.15	3346733	204666	3346733	14557077504	799.7	20	0
798.16	3346733	204666	3346733	14560296960	807.7	20	0
799.16	3346733	204666	3346733	14563713024	799.8	20	0
800.16	3346733	204666	3346733	14566322176	799.8	20	0
801.17	3346733	204666	3346733	14568919040	807.4	20	0
802.17	3346733	204666	3346733	14572011520	800.8	20	0
803.18	3346733	204666	3346733	14575529984	807.3	20	0
804.18	3346733	204666	3346733	14577848320	799.8	20	0
805.18	3346733	204666	3346733	14580297728	799.8	20	0
806.19	3346733	204666	3346733	14584872960	808.0	20	0
807.19	3346733	204666	3346733	14587961344	800.0	20	0
808.20	3346733	204666	3346733	14590693376	807.7	20	0
809.20	3346733	204666	3346733	14593523712	799.7	20	0
810.20	3346733	204666	3346733	14595981312	799.8	20	0
811.21	3346733	204666	3346733	14599090176	807.8	20	0
812.21	3346733	204666	3346733	14601711616	800.0	20	0
813.22	3346733	204666	3346733	14604161024	807.5	20	0
814.22	3346733	204666	3346733	14607396864	799.7	20	0
815.22	3346733	204666	3346733	14609465344	799.7	20	0
816.23	3346733	204666	3346733	14611697664	807.8	20	0
817.23	3346733	204666	3346733	14614740992	799.7	20	0
818.24	3346733	204666	3346733	14617276416	807.6	20	0
819.24	3346733	204666	3346733	14620463104	799.7	20	0
820.24	3346733	204666	3346733	14622769152	799.7	20	0
821.25	3346733	204666	3346733	14625628160	807.7	20	0
822.25	3346733	204666	3346733	14628282368	799.8	20	0
823.26	3346733	204666	3346733	14630379520	807.8	20	0
824.26	3346733	204666	3346733	14633365504	799.7	20	0
825.26	3346733	204666	3346733	14636191744	799.6	20	0
826.27	3346733	204666	3346733	14638874624	807.7	20	0
827.27	3346733	204666	3346733	14641922048	799.9	20	0
828.28	3346733	204666	3346733	14645477376	807.9	20	0
829.28	3346733	204666	3346733	14648373248	799.8	20	0
830.28	3346733	204666	3346733	14650474496	799.6	20	0
831.29	3346733	204666	3346733	14653079552	807.8	20	0
832.29	3346733	204666	3346733	14655803392	799.8	20	0
833.30	3346733	204666	3346733	14658490368	799.8	20	0
834.30	3346733	204666	3346733	14661591040	807.8	20	0
835.30	3346733	204666	3346733	14663249920	799.7	20	0
836.31	3346733	204666	3346733	14665904128	807.8	20	0
837.31	3346733	204666	3346733	14668619776	799.9	20	0
838.32	3346733	204666	3346733	14671179776	799.8	20	0
839.32	3346733	204666	3346733	14673944576	807.8	20	0
840.32	3346733	204666	3346733	14675939328	799.7	20	0
841.33	3346733	204666	3346733	14678839296	807.8	20	0
842.33	3346733	204666	3346733	14681526272	800.0	20	0
843.34	3346733	204666	3346733	14684250112	799.6	20	0
844.34	3346733	204666	3346733	14687244288	807.8	20	0
845.34	3346733	204666	3346733	14690107392	799.7	20	0
846.35	3346733	204666	3346733	14692683776	807.7	20	0
847.35	3346733	204666	3346733	14695981056	800.0	20	0
848.36	3346733	204666	3346733	14698139648	799.8	20	0
849.36	3346733	204666	3346733	14701006848	807.7	20	0
850.36	3346733	204666	3346733	14703910912	800.1	20	0
851.37	3346733	204666	3346733	14706573312	807.8	20	0
852.37	3346733	204666	3346733	14710063104	800.0	20	0
853.37	3346733	204666	3346733	14712430592	800.1	20	0
854.38	3346733	204666	3346733	14715437056	807.7	20	0
855.38	3346733	204666	3346733	14718525440	800.0	20	0
856.39	3346733	204666	3346733	14721622016	807.9	20	0
857.39	3346733	204666	3346733	14723686400	799.7	20	0
858.39	3346733	204666	3346733	14726066176	799.6	20	0
859.40	3346733	204666	3346733	14728392704	807.6	20	0
860.40	3346733	204666	3346733	14730809344	799.5	20	0
861.41	3346733	204666	3346733	14732914688	807.6	20	0
862.41	3346733	204666	3346733	14735360000	799.5	20	0
863.41	3346733	210080	3346733	14743867392	893.1	20	0
864.42	3346733	216022	3346733	14752530432	912.4	20	0
865.42	3346733	221981	3346733	14761443328	903.5	20	0
866.43	3346733	227925	3346733	14769930240	911.7	20	0
867.43	3346733	233818	3346733	14778089472	903.2	20	0
868.43	3346733	239746	3346733	14786609152	903.3	20	0
869.44	3346733	242016	3346733	14791577600	848.6	20	0
870.44	3346733	242016	3346733	14794162176	799.7	20	0
871.45	3346733	242016	3346733	14796386304	807.6	20	0
872.45	3346733	242016	3346733	14798471168	799.8	20	0
873.45	3346733	242016	3346733	14800863232	799.5	20	0
874.46	3346733	242016	3346733	14803480576	807.8	20	0
875.46	3346733	242016	3346733	14806011904	799.8	20	0
876.47	3346733	242016	3346733	14808576000	807.6	20	0
877.47	3346733	242016	3346733	14811004928	799.7	20	0
878.47	3346733	242016	3346733	14814035968	799.8	20	0
879.48	3346733	242016	3346733	14816595968	807.7	20	0
880.48	3346733	242016	3346733	14819471360	800.0	20	0
881.49	3346733	242016	3346733	14822825984	808.0	20	0
882.49	3346733	242016	3346733	14825263104	799.8	20	0
883.49	3346733	242016	3346733	14827761664	799.9	20	0
884.50	3346733	242016	3346733	14831329280	807.5	20	0
885.50	3346733	242016	3346733	14833913856	799.9	20	0
886.51	3346733	242016	3346733	14836310016	807.8	20	0
887.51	3346733	242016	3346733	14839455744	799.7	20	0
888.51	3346733	242016	3346733	14842662912	799.7	20	0
889.52	3346733	242016	3346733	14845497344	807.9	20	0
890.52	3346733	242016	3346733	14848360448	799.8	20	0
891.53	3346733	242016	3346733	14850768896	807.7	20	0
892.53	3346733	242016	3346733	14853627904	799.9	20	0
893.53	3346733	242016	3346733	14856826880	799.7	20	0
894.54	3346733	242016	3346733	14860091392	807.8	20	0
895.54	3346733	242016	3346733	14862249984	800.3	20	0
896.55	3346733	242016	3346733	14865186816	807.3	20	0
897.55	3346733	242016	3346733	14868398080	799.9	20	0
898.55	3346733	242016	3346733	14870777856	799.7	20	0
899.56	3346733	242016	3346733	14874169344	808.0	20	0
900.56	3346733	242016	3346733	14877339648	799.7	20	0
901.57	3346733	242016	3346733	14880092160	807.9	20	0
902.57	3346733	242016	3346733	14883717120	800.1	20	0
903.57	3346733	242016	3346733	14886932480	799.7	20	0
904.58	3346733	242016	3346733	14889435136	807.8	20	0
905.58	3346733	242016	3346733	14892646400	800.0	20	0
906.59	3346733	242016	3346733	14896091136	807.7	20	0
907.59	3346733	242016	3346733	14899191808	799.8	20	0
908.59	3346733	242016	3346733	14901596160	799.7	20	0
909.60	3346733	242016	3346733	14903828480	807.6	20	0
910.60	3346733	242016	3346733	14907441152	799.8	20	0
911.61	3346733	242016	3346733	14909612032	800.6	20	0
912.61	3346733	242016	3346733	14912307200	806.8	20	0
913.61	3346733	242016	3346733	14915223552	799.8	20	0
914.62	3346733	242016	3346733	14917926912	807.4	20	0
915.62	3346733	242016	3346733	14920617984	799.6	20	0
916.63	3346733	242016	3346733	14923096064	807.7	20	0
917.63	3346733	242016	3346733	14925881344	799.8	20	0
918.63	3346733	242016	3346733	14928130048	800.1	20	0
919.64	3346733	242016	3346733	14931828736	807.5	20	0
920.64	3346733	242016	3346733	14934052864	799.9	20	0
921.65	3346733	242016	3346733	14937378816	799.9	20	0
922.65	3346733	242016	3346733	14941048832	807.8	20	0
923.65	3346733	242016	3346733	14943907840	799.9	20	0
924.66	3346733	243054	3346733	14948106240	825.8	20	0
925.66	3346733	248961	3346733	14956621824	903.6	20	0
926.67	3346733	254858	3346733	14965436416	904.1	20	0
927.67	3346733	260489	3346733	14974021632	908.8	20	0
928.67	3346733	260489	3346733	14976434176	800.0	20	0
929.68	3346733	260489	3346733	15156006912	808.1	20	0
930.68	3346733	260489	3346733	14980624384	798.5	20	0
931.69	3346733	260489	3346733	14983245824	800.4	20	0
932.69	3346733	260489	3346733	14985711616	807.2	20	0
933.69	3346733	260489	3346733	14988136448	799.8	20	0
934.70	3346733	260489	3346733	14991290368	807.8	20	0
935.70	3346733	260489	3346733	14993297408	799.7	20	0
936.71	3346733	260489	3346733	14996180992	800.7	20	0
937.71	3346733	260489	3346733	14998597632	806.9	20	0
938.71	3346733	260489	3346733	15001305088	799.7	20	0
939.72	3346733	260489	3346733	15004151808	807.9	20	0
940.72	3346733	260489	3346733	15006846976	799.6	20	0
941.73	3346733	260489	3346733	15009406976	799.6	20	0
942.73	3346733	260489	3346733	15012466688	807.8	20	0
943.73	3346733	260489	3346733	15015329792	799.9	20	0
944.74	3346733	260489	3346733	15018004480	807.6	20	0
945.74	3346733	260489	3346733	15020478464	799.9	20	0
946.75	3346733	260489	3346733	15023288320	800.1	20	0
947.75	3346733	260489	3346733	15026479104	807.5	20	0
948.75	3346733	260489	3346733	15029080064	799.6	20	0
949.76	3346733	260489	3346733	15031259136	807.7	20	0
950.76	3346733	260489	3346733	15034019840	800.4	20	0
951.77	3346733	260489	3346733	15037267968	799.5	20	0
952.77	3346733	260489	3346733	15040278528	807.9	20	0
953.77	3346733	260489	3346733	15042445312	799.9	20	0
954.78	3346733	260489	3346733	15045619712	807.7	20	0
955.78	3346733	260489	3346733	15048286208	799.7	20	0
956.78	3346733	260489	3346733	15051382784	799.8	20	0
957.79	3346733	260489	3346733	15053492224	807.7	20	0
958.79	3346733	260489	3346733	15057338368	799.9	20	0
959.80	3346733	260489	3346733	15059890176	807.7	20	0
960.80	3346733	260489	3346733	15062429696	799.8	20	0
961.80	3346733	260489	3346733	15065042944	800.0	20	0
962.81	3346733	260489	3346733	15068049408	807.8	20	0
963.81	3346733	260489	3346733	15071100928	799.9	20	0
964.82	3346733	260489	3346733	15073615872	807.7	20	0
965.82	3346733	260489	3346733	15075983360	799.8	20	0
966.82	3346733	260489	3346733	15079067648	799.8	20	0
967.83	3346733	260489	3346733	15081971712	807.8	20	0
968.83	3346733	260489	3346733	15083831296	799.9	20	0
969.84	3346733	260489	3346733	15086673920	807.0	20	0
970.84	3346733	260489	3346733	15088955392	799.6	20	0
971.84	3346733	260489	3346733	15091384320	799.6	20	0
972.85	3346733	260489	3346733	15094804480	807.7	20	0
973.85	3346733	260489	3346733	15097319424	799.8	20	0
974.86	3346733	260489	3346733	15099842560	807.6	20	0
975.86	3346733	260489	3346733	15102640128	799.8	20	0
976.86	3346733	260489	3346733	15105724416	799.9	20	0
977.87	3346733	260489	3346733	15108276224	807.7	20	0
978.87	3346733	260489	3346733	15111020544	799.8	20	0
979.88	3346733	260489	3346733	15113576448	799.7	20	0
980.88	3346733	260489	3346733	15116447744	807.8	20	0
981.88	3346733	260489	3346733	15119589376	799.9	20	0
982.89	3346733	260489	3346733	15121924096	807.7	20	0
983.89	3346733	260489	3346733	15125278720	800.2	20	0
984.90	3346733	260489	3346733	15127347200	799.3	20	0
985.90	3346733	260489	3346733	15130480640	807.9	20	0
986.90	3346733	260489	3346733	15133380608	799.9	20	0
987.91	3346733	260489	3346733	15135911936	807.6	20	0
988.91	3346733	260489	3346733	15139139584	799.9	20	0
989.92	3346733	260489	3346733	15142363136	800.1	20	0
990.92	3346733	260489	3346733	15145021440	808.0	20	0
991.92	3346733	260489	3346733	15147651072	799.7	20	0
992.93	3346733	260489	3346733	15150764032	807.8	20	0
993.93	3346733	260489	3346733	15153451008	800.0	20	0
994.94	3346733	260489	3346733	15156367360	799.8	20	0
995.94	3346733	260489	3346733	15159484416	807.7	20	0
996.94	3346733	260489	3346733	15162089472	799.7	20	0
997.95	3346733	260489	3346733	15164944384	807.9	20	0
998.95	3346733	260489	3346733	15167717376	800.0	20	0
999.96	3346733	260489	3346733	15170764800	799.9	20	0
1000.96	3346733	260489	3346733	15173640192	807.8	20	0
1001.96	3346733	260489	3346733	15176450048	800.4	20	0
1002.97	3346733	260489	3346733	15177596928	808.1	20	0
1003.97	3346733	260489	3346733	15179902976	800.3	20	0
1004.97	3346733	260489	3346733	15182372864	799.8	20	0
1005.98	3346733	260489	3346733	15182884864	807.6	20	0
1006.98	3346733	260489	3346733	15184703488	799.3	20	0
1007.99	3346733	260489	3346733	15186911232	807.2	20	0
1008.99	3346733	260489	3346733	15188377600	799.1	20	0
1009.99	3346733	260489	3346733	15189647360	799.3	20	0
1011.00	3346733	260489	3346733	15191379968	807.5	20	0
1012.00	3346733	260489	3346733	15194169344	799.5	20	0
1013.01	3346733	260489	3346733	15195865088	807.3	20	0
1014.01	3346733	260489	3346733	15198142464	799.7	20	0
1015.01	3346733	260489	3346733	15200505856	800.5	20	0
1016.02	3346733	260489	3346733	15203041280	807.0	20	0
1017.02	3346733	260489	3346733	15205056512	799.7	20	0
1018.03	3346733	260489	3346733	15207841792	807.8	20	0
1019.03	3346733	260489	3346733	15210225664	799.8	20	0
1020.03	3346733	260489	3346733	15212888064	800.1	20	0
1021.04	3346733	260489	3346733	15216279552	807.3	20	0
1022.04	3346733	260489	3346733	15218515968	799.9	20	0
1023.05	3346733	260489	3346733	15220883456	807.7	20	0
1024.05	3346733	260489	3346733	15224496128	799.9	20	0
1025.05	3346733	260489	3346733	15227002880	799.6	20	0
1026.06	3346733	260489	3346733	15229714432	807.8	20	0
1027.06	3346733	260489	3346733	15231348736	799.7	20	0
1028.07	3346733	260489	3346733	15234359296	807.8	20	0
1029.07	3346733	260489	3346733	15237476352	799.9	20	0
1030.07	3346733	260489	3346733	15240245248	799.8	20	0
1031.08	3346733	260489	3346733	15243563008	807.7	20	0
1032.08	3346733	260489	3346733	15246725120	800.1	20	0
1033.09	3346733	260489	3346733	15249596416	800.6	20	0
1034.09	3346733	260489	3346733	15252930560	807.2	20	0
1035.09	3346733	260489	3346733	15255756800	799.9	20	0
1036.10	3346733	260489	3346733	15258636288	807.9	20	0
1037.10	3346733	260489	3346733	15262310400	800.1	20	0
1038.11	3346733	260489	3346733	15265247232	799.9	20	0
1039.11	3346733	260489	3346733	15268139008	807.8	20	0
1040.11	3346733	260489	3346733	15269748736	799.5	20	0
1041.12	3346733	260489	3346733	15272235008	807.6	20	0
1042.12	3346733	260489	3346733	15274184704	799.8	20	0
1043.12	3346733	260489	3346733	15275511808	799.9	20	0
1044.13	3346733	260489	3346733	15278891008	807.7	20	0
1045.13	3346733	260489	3346733	15281737728	800.0	20	0
1046.14	3346733	260489	3346733	15284576256	808.0	20	0
1047.14	3346733	260489	3346733	15287185408	799.7	20	0
1048.14	3346733	260489	3346733	15290023936	799.9	20	0
1049.15	3346733	260489	3346733	15292719104	807.6	20	0
1050.15	3346733	262859	3346733	15297798144	840.1	20	0
1051.16	3346733	268832	3346733	15306883072	912.1	20	0
1052.16	3346733	274856	3346733	15315795968	903.9	20	0
1053.16	3346733	280900	3346733	15324442624	904.6	20	0
1054.17	3346733	286941	3346733	15333371904	913.6	20	0
1055.17	3346733	292995	3346733	15342362624	904.2	20	0
1056.18	3346733	297649	3346733	15349645312	888.8	20	0
1057.18	3346733	297649	3346733	15352070144	799.6	20	0
1058.18	3346733	297649	3346733	15355052032	800.3	20	0
1059.19	3346733	297649	3346733	15358074880	807.9	20	0
1060.19	3346733	297649	3346733	15360225280	799.4	20	0
1061.20	3346733	297649	3346733	15362482176	807.5	20	0
1062.20	3346733	297649	3346733	15365971968	799.9	20	0
1063.20	3346733	297649	3346733	15368220672	800.0	20	0
1064.21	3346733	297649	3346733	15371497472	808.0	20	0
1065.21	3346733	297649	3346733	15374786560	800.0	20	0
1066.22	3346733	297649	3346733	15377006592	800.6	20	0
1067.22	3346733	297649	3346733	15379550208	806.7	20	0
1068.22	3346733	297649	3346733	15382720512	799.8	20	0
1069.23	3346733	297649	3346733	15384956928	807.5	20	0
1070.23	3346733	297649	3346733	15386902528	800.2	20	0
1071.24	3346733	297649	3346733	15389810688	799.8	20	0
1072.24	3346733	297649	3346733	15392305152	807.0	20	0
1073.24	3346733	297649	3346733	15394754560	799.6	20	0
1074.25	3346733	297649	3346733	15397068800	807.8	20	0
1075.25	3346733	297649	3346733	15399682048	800.2	20	0
1076.26	3346733	297649	3346733	15401037824	800.1	20	0
1077.26	3346733	297649	3346733	15403388928	807.8	20	0
1078.26	3346733	297649	3346733	15405879296	799.9	20	0
1079.27	3346733	297649	3346733	15408689152	807.2	20	0
1080.27	3346733	297649	3346733	15411216384	799.7	20	0
1081.28	3346733	297649	3346733	15413850112	807.4	20	0
1082.28	3346733	297649	3346733	15416442880	799.8	20	0
1083.29	3346733	297649	3346733	15418728448	800.1	20	0
1084.29	3346733	297649	3346733	15420784640	808.1	20	0
1085.29	3346733	297649	3346733	15423053824	800.1	20	0
1086.30	3346733	297649	3346733	15425519616	806.9	20	0
1087.30	3346733	297649	3346733	15427600384	799.7	20	0
1088.31	3346733	297649	3346733	15430258688	799.6	20	0
1089.31	3346733	297649	3346733	15432753152	807.6	20	0
1090.31	3346733	297649	3346733	15435116544	799.9	20	0
1091.32	3346733	297649	3346733	15438012416	808.2	20	0
1092.32	3346733	297649	3346733	15440162816	800.4	20	0
1093.33	3346733	297649	3346733	15443197952	808.4	20	0
1094.33	3346733	297649	3346733	15445315584	800.3	20	0
1095.33	3346733	297649	3346733	15448367104	800.4	20	0
1096.34	3346733	297649	3346733	15451009024	808.4	20	0
1097.34	3346733	297649	3346733	15453278208	800.3	20	0
1098.35	3346733	297649	3346733	15456161792	808.4	20	0
1099.35	3346733	297649	3346733	15459135488	800.5	20	0
1100.35	3346733	297649	3346733	15461367808	800.2	20	0
1101.36	3346733	297649	3346733	15463903232	808.5	20	0
1102.36	3346733	297649	3346733	15466995712	800.4	20	0
1103.37	3346733	297649	3346733	15469461504	808.4	20	0
1104.37	3346733	297649	3346733	15472922624	800.5	20	0
1105.37	3346733	297649	3346733	15475924992	801.0	20	0
1106.38	3346733	297649	3346733	15478226944	807.4	20	0
1107.38	3346733	297649	3346733	15480578048	800.2	20	0
1108.39	3346733	297649	3346733	15483215872	808.2	20	0
1109.39	3346733	297649	3346733	15486304256	800.2	20	0
1110.39	3346733	297649	3346733	15489114112	799.7	20	0
1111.40	3346733	297649	3346733	15492063232	807.9	20	0
1112.40	3346733	297649	3346733	15496249344	800.0	20	0
1113.41	3346733	297649	3346733	15501193216	807.9	20	0
1114.41	3346733	297649	3346733	15505358848	799.9	20	0
1115.41	3346733	297649	3346733	15510085632	799.9	20	0
1116.42	3346733	297649	3346733	15514644480	807.8	20	0
1117.42	3346733	297649	3346733	15519088640	799.7	20	0
1118.43	3346733	297649	3346733	15523573760	807.9	20	0
1119.43	3346733	297649	3346733	15527854080	799.9	20	0
1120.43	3346733	297649	3346733	15532195840	799.7	20	0
1121.44	3346733	297649	3346733	15536295936	807.5	20	0
1122.44	3346733	297649	3346733	15540285440	799.9	20	0
1123.45	3346733	297649	3346733	15544987648	807.8	20	0
1124.45	3346733	297649	3346733	15549448192	799.7	20	0
1125.45	3346733	297649	3346733	15553433600	799.8	20	0
1126.46	3346733	297649	3346733	15557398528	807.7	20	0
1127.46	3346733	297649	3346733	15561793536	800.1	20	0
1128.47	3346733	297649	3346733	15566327808	807.4	20	0
1129.47	3346733	297649	3346733	15570489344	799.9	20	0
1130.47	3346733	297649	3346733	15575126016	799.8	20	0
1131.48	3346733	297649	3346733	15579693056	807.5	20	0
1132.48	3346733	297649	3346733	15583711232	800.3	20	0
1133.49	3346733	297649	3346733	15588155392	807.1	20	0
1134.49	3346733	297649	3346733	15592304640	800.0	20	0
1135.49	3346733	297649	3346733	15597228032	799.7	20	0
1136.50	3346733	297649	3346733	15601139712	807.7	20	0
1137.50	3346733	297649	3346733	15605063680	799.9	20	0
1138.51	3346733	297649	3346733	15610114048	808.0	20	0
1139.51	3346733	297649	3346733	15613976576	799.6	20	0
1140.51	3346733	297649	3346733	15618088960	799.8	20	0
1141.52	3346733	297649	3346733	15622193152	807.9	20	0
1142.52	3346733	297649	3346733	15626858496	799.8	20	0
1143.53	3346733	297649	3346733	15630905344	807.6	20	0
1144.53	3346733	297649	3346733	15635599360	799.7	20	0
1145.53	3346733	297649	3346733	15638757376	800.5	20	0
1146.54	3346733	297649	3346733	15643410432	807.0	20	0
1147.54	3346733	297649	3346733	15648079872	799.8	20	0
1148.55	3346733	297649	3346733	15651684352	807.5	20	0
1149.55	3346733	297649	3346733	15656263680	799.4	20	0
1150.56	3346733	297649	3346733	15659933696	799.5	20	0
1151.56	3346733	297649	3346733	15664480256	807.8	20	0
1152.56	3346733	297649	3346733	15669374976	799.9	20	0
1153.57	3346733	297649	3346733	15672606720	807.3	20	0
1154.57	3346733	297649	3346733	15677173760	799.8	20	0
1155.58	3346733	297649	3346733	15681732608	799.8	20	0
1156.58	3346733	297649	3346733	15686123520	807.6	20	0
1157.58	3346733	297649	3346733	15690317824	799.8	20	0
1158.59	3346733	297649	3346733	15694823424	807.6	20	0
1159.59	3346733	297649	3346733	15698243584	799.6	20	0
1160.60	3346733	297649	3346733	15702724608	799.7	20	0
1161.60	3346733	297649	3346733	15706820608	807.8	20	0
1162.60	3346733	297649	3346733	15711170560	799.6	20	0
1163.61	3346733	297649	3346733	15715487744	807.7	20	0
1164.61	3346733	297649	3346733	15719432192	799.7	20	0
1165.61	3346733	297649	3346733	15723974656	799.9	20	0
1166.62	3346733	297649	3346733	15727968256	807.7	20	0
1167.62	3346733	297649	3346733	15732465664	799.8	20	0
1168.63	3346733	297649	3346733	15736508416	807.6	20	0
1169.63	3346733	297649	3346733	15740682240	799.8	20	0
1170.63	3346733	297649	3346733	15745437696	800.4	20	0
1171.64	3346733	297649	3346733	15749910528	808.1	20	0
1172.64	3346733	297649	3346733	15753457664	799.8	20	0
1173.65	3346733	297649	3346733	15757623296	807.5	20	0
1174.65	3346733	297649	3346733	15761739776	799.6	20	0
1175.65	3346733	297649	3346733	15765557248	799.9	20	0
1176.66	3346733	297649	3346733	15769374720	807.5	20	0
1177.66	3346733	297649	3346733	15774203904	799.6	20	0
1178.67	3346733	297649	3346733	15778328576	807.6	20	0
1179.67	3346733	297649	3346733	15781834752	800.4	20	0
1180.67	3346733	297649	3346733	15786082304	800.7	20	0
1181.68	3346733	297649	3346733	15790522368	808.6	20	0
1182.68	3346733	297649	3346733	15794180096	799.7	20	0
1183.69	3346733	297649	3346733	15799218176	807.5	20	0
1184.69	3346733	297649	3346733	15803686912	799.8	20	0
1185.69	3346733	297649	3346733	15808176128	799.7	20	0
1186.70	3346733	297649	3346733	15812395008	807.8	20	0
1187.70	3346733	297649	3346733	15816196096	799.6	20	0
1188.71	3346733	297649	3346733	15820939264	807.7	20	0
1189.71	3346733	297649	3346733	15825465344	799.7	20	0
1190.71	3346733	297649	3346733	15829614592	799.8	20	0
1191.72	3346733	297649	3346733	15833538560	807.8	20	0
1192.72	3346733	297649	3346733	15838490624	799.5	20	0
1193.73	3346733	297649	3346733	15842627584	807.8	20	0
1194.73	3346733	297649	3346733	15847706624	799.7	20	0
1195.73	3346733	297649	3346733	15852163072	799.9	20	0
1196.74	3346733	297649	3346733	15855906816	807.6	20	0
1197.74	3346733	297649	3346733	15860056064	799.7	20	0
1198.75	3346733	297649	3346733	15864401920	807.8	20	0
1199.75	3346733	297649	3346733	15869399040	799.8	20	0
1200.75	3346733	297649	3346733	15873482752	799.8	20	0
1201.76	3346733	297649	3346733	15877705728	807.8	20	0
1202.76	3346733	297649	3346733	15881719808	799.8	20	0
1203.77	3346733	297649	3346733	15886794752	807.8	20	0
1204.77	3346733	297649	3346733	15891165184	799.9	20	0
1205.77	3346733	297649	3346733	15895216128	799.6	20	0
1206.78	3346733	297649	3346733	15899504640	807.6	20	0
1207.78	3346733	297649	3346733	15904231424	799.7	20	0
1208.79	3346733	297649	3346733	15909191680	807.7	20	0
1209.79	3346733	297649	3346733	15912972288	799.7	20	0
1210.79	3346733	297649	3346733	15917174784	799.7	20	0
1211.80	3346733	297649	3346733	15921729536	807.7	20	0
1212.80	3346733	297649	3346733	15925444608	799.6	20	0
1213.81	3346733	297649	3346733	15928852480	807.7	20	0
1214.81	3346733	297649	3346733	15933911040	799.5	20	0
1215.81	3346733	297649	3346733	15937884160	799.6	20	0
1216.82	3346733	297649	3346733	15942524928	807.9	20	0
1217.82	3346733	297649	3346733	15947509760	799.9	20	0
1218.83	3346733	297649	3346733	15951695872	807.7	20	0
1219.83	3346733	297649	3346733	15956017152	799.7	20	0
1220.83	3346733	297649	3346733	15959576576	799.7	20	0
1221.84	3346733	297649	3346733	15963881472	807.6	20	0
1222.84	3346733	297649	3346733	15968776192	799.9	20	0
1223.85	3346733	297649	3346733	15972540416	800.8	20	0
1224.85	3346733	297649	3346733	15976542208	806.6	20	0
1225.85	3346733	297649	3346733	15980691456	799.5	20	0
1226.86	3346733	297649	3346733	15985082368	807.6	20	0
1227.86	3346733	297649	3346733	15989374976	799.8	20	0
1228.87	3346733	297649	3346733	15993835520	799.9	20	0
1229.87	3346733	297649	3346733	15997767680	807.7	20	0
1230.87	3346733	297649	3346733	16001806336	799.6	20	0
1231.88	3346733	297649	3346733	16005890048	807.7	20	0
1232.88	3346733	297649	3346733	16010268672	799.7	20	0
1233.89	3346733	297649	3346733	16015036416	800.4	20	0
1234.89	3346733	297649	3346733	16019738624	807.6	20	0
1235.89	3346733	297649	3346733	16023908352	799.8	20	0
1236.90	3346733	298224	3346733	16026464256	817.6	20	0
1237.90	3346733	298224	3346733	16028155904	800.0	20	0
1238.90	3346733	298224	3346733	16029962240	799.8	20	0
1239.91	3346733	298224	3346733	16032108544	807.7	20	0
1240.91	3346733	298224	3346733	16033845248	799.7	20	0
1241.92	3346733	298224	3346733	16035758080	807.8	20	0
1242.92	3346733	298224	3346733	16037343232	800.2	20	0
1243.92	3346733	298224	3346733	16039280640	799.4	20	0
1244.93	3346733	298224	3346733	16040599552	807.6	20	0
1245.93	3346733	298224	3346733	16042299392	799.7	20	0
1246.94	3346733	298224	3346733	16044036096	807.4	20	0
1247.94	3346733	298224	3346733	16046186496	799.8	20	0
1248.94	3346733	298224	3346733	16047828992	799.8	20	0
1249.95	3346733	298224	3346733	16049098752	807.6	20	0
1250.95	3346733	298224	3346733	16050626560	799.6	20	0
1251.96	3346733	298224	3346733	16052432896	807.6	20	0
1252.96	3346733	298224	3346733	16054198272	799.8	20	0
1253.96	3346733	298224	3346733	16056012800	799.9	20	0
1254.97	3346733	298224	3346733	16058007552	807.8	20	0
1255.97	3346733	298224	3346733	16059080704	799.7	20	0
1256.98	3346733	298224	3346733	16060436480	808.0	20	0
1257.98	3346733	298224	3346733	16061960192	799.8	20	0
1258.98	3346733	298224	3346733	16064348160	799.6	20	0
1259.99	3346733	298224	3346733	16066416640	807.5	20	0
1260.99	3346733	298224	3346733	16067543040	799.6	20	0
1262.00	3346733	298224	3346733	16069025792	807.7	20	0
1263.00	3346733	298224	3346733	16070512640	799.6	20	0
1264.00	3346733	298224	3346733	16072355840	799.8	20	0
1265.01	3346733	298224	3346733	16073826304	807.5	20	0
1266.01	3346733	298224	3346733	16075501568	799.6	20	0
1267.02	3346733	298224	3346733	16077381632	807.5	20	0
1268.02	3346733	298224	3346733	16079003648	799.9	20	0
1269.02	3346733	298224	3346733	16080576512	799.8	20	0
1270.03	3346733	298224	3346733	16081879040	807.8	20	0
1271.03	3346733	298224	3346733	16083263488	799.7	20	0
1272.04	3346733	298224	3346733	16085360640	799.6	20	0
1273.04	3346733	298224	3346733	16086589440	807.7	20	0
1274.04	3346733	298224	3346733	16088178688	799.5	20	0
1275.05	3346733	298224	3346733	16089456640	807.5	20	0
1276.05	3346733	298224	3346733	16091303936	799.7	20	0
1277.06	3346733	298224	3346733	16093208576	799.7	20	0
1278.06	3346733	298224	3346733	16094867456	807.8	20	0
1279.06	3346733	298224	3346733	16095895552	799.7	20	0
1280.07	3346733	298224	3346733	16097751040	807.5	20	0
1281.07	3346733	298224	3346733	16099500032	799.6	20	0
1282.08	3346733	298224	3346733	16100888576	799.9	20	0
1283.08	3346733	298224	3346733	16102580224	807.7	20	0
1284.08	3346733	298224	3346733	16104669184	799.9	20	0
1285.09	3346733	298224	3346733	16106500096	807.6	20	0
1286.09	3346733	298224	3346733	16107823104	799.5	20	0
1287.10	3346733	298224	3346733	16109150208	799.6	20	0
1288.10	3346733	298224	3346733	16111276032	807.7	20	0
1289.10	3346733	298224	3346733	16112664576	799.9	20	0
1290.11	3346733	298224	3346733	16114601984	807.7	20	0
1291.11	3346733	298224	3346733	16116072448	799.8	20	0
1292.11	3346733	298224	3346733	16118116352	799.8	20	0
1293.12	3346733	298224	3346733	16119840768	807.7	20	0
1294.12	3346733	298224	3346733	16121298944	799.9	20	0
1295.13	3346733	298224	3346733	16123379712	807.6	20	0
1296.13	3346733	298224	3346733	16124514304	799.6	20	0
1297.13	3346733	298224	3346733	16126431232	799.8	20	0
1298.14	3346733	298224	3346733	16128036864	807.7	20	0
1299.14	3346733	303865	3346733	16134590464	895.2	20	0
1300.15	3346733	309907	3346733	16140484608	912.0	20	0
1301.15	3346733	315963	3346733	16146989056	903.1	20	0
1302.15	3346733	321988	3346733	16153071616	902.8	20	0
1303.16	3346733	328012	3346733	16159698944	912.2	20	0
1304.16	3346733	334007	3346733	16165654528	904.5	20	0
1305.17	3346733	340012	3346733	16171331584	913.4	20	0
1306.17	3346733	345995	3346733	16177733632	903.6	20	0
1307.18	3346733	352019	3346733	16183721984	904.2	20	0
1308.18	3346733	358043	3346733	16190259200	913.4	20	0
1309.18	3346733	364133	3346733	16196481024	904.2	20	0
1310.19	3346733	370056	3346733	16203378688	913.4	20	0
1311.19	3346733	374734	3346733	16206688256	887.9	20	0
1312.20	3346733	374734	3346733	16206835712	808.2	20	0
1313.20	3346733	374734	3346733	16206770176	800.8	20	0
1314.20	3346733	374734	3346733	16206884864	799.9	20	0
1315.21	3346733	374734	3346733	16206815232	807.7	20	0
1316.21	3346733	374734	3346733	16206598144	799.6	20	0
1317.22	3346733	374734	3346733	16206737408	807.6	20	0
1318.22	3346733	374734	3346733	16206864384	799.7	20	0
1319.23	3346733	374734	3346733	16206651392	799.6	20	0
1320.23	3346733	374734	3346733	16206831616	807.6	20	0
1321.23	3346733	374734	3346733	16206790656	799.5	20	0
1322.24	3346733	374734	3346733	16206622720	807.6	20	0
1323.24	3346733	374734	3346733	16207106048	799.8	20	0
1324.25	3346733	374734	3346733	16206962688	807.7	20	0
1325.25	3346733	374734	3346733	16206782464	799.5	20	0
1326.25	3346733	374734	3346733	16206639104	799.8	20	0
1327.26	3346733	374734	3346733	16206901248	807.5	20	0
1328.26	3346733	374734	3346733	16207028224	799.5	20	0
1329.27	3346733	374734	3346733	16206925824	807.5	20	0
1330.27	3346733	374734	3346733	16206876672	799.5	20	0
1331.27	3346733	374734	3346733	16206872576	799.8	20	0
1332.28	3346733	374734	3346733	16206876672	807.6	20	0
1333.28	3346733	374734	3346733	16206868480	799.7	20	0
1334.29	3346733	374734	3346733	16206864384	807.6	20	0
1335.29	3346733	374734	3346733	16206852096	799.7	20	0
1336.30	3346733	374734	3346733	16207495168	799.9	20	0
1337.30	3346733	374734	3346733	16207503360	807.7	20	0
1338.30	3346733	374734	3346733	16207441920	799.6	20	0
1339.31	3346733	374734	3346733	16207761408	807.8	20	0
1340.31	3346733	374734	3346733	16207212544	799.6	20	0
1341.32	3346733	374734	3346733	16207319040	799.7	20	0
1342.32	3346733	374734	3346733	16207560704	807.9	20	0
1343.32	3346733	374734	3346733	16207564800	799.9	20	0
1344.33	3346733	374734	3346733	16207773696	807.8	20	0
1345.33	3346733	374734	3346733	16207339520	799.7	20	0
1346.33	3346733	374734	3346733	16207400960	800.0	20	0
1347.34	3346733	374734	3346733	16207392768	807.6	20	0
1348.34	3346733	374734	3346733	16207536128	799.8	20	0
1349.35	3346733	374734	3346733	16207400960	807.8	20	0
1350.35	3346733	374734	3346733	16207400960	799.8	20	0
1351.35	3346733	374734	3346733	16207470592	799.9	20	0
1352.36	3346733	374734	3346733	16207233024	807.8	20	0
1353.36	3346733	374734	3346733	16207634432	799.9	20	0
1354.37	3346733	374734	3346733	16207618048	807.8	20	0
1355.37	3346733	374734	3346733	16207638528	799.8	20	0
1356.37	3346733	374734	3346733	16207540224	799.9	20	0
1357.38	3346733	374734	3346733	16207572992	807.7	20	0
1358.38	3346733	374734	3346733	16207679488	800.6	20	0
1359.39	3346733	374734	3346733	16207671296	806.9	20	0
1360.39	3346733	374734	3346733	16207867904	800.0	20	0
1361.39	3346733	374734	3346733	16207740928	799.5	20	0
1362.40	3346733	374734	3346733	16207953920	807.8	20	0
1363.40	3346733	374734	3346733	16207937536	799.7	20	0
1364.41	3346733	374734	3346733	16207798272	807.5	20	0
1365.41	3346733	374734	3346733	16207888384	799.7	20	0
1366.41	3346733	374734	3346733	16207491072	800.4	20	0
1367.42	3346733	374734	3346733	16207577088	807.3	20	0
1368.42	3346733	374734	3346733	16207351808	799.8	20	0
1369.43	3346733	374734	3346733	16207671296	799.8	20	0
1370.43	3346733	374734	3346733	16207646720	807.6	20	0
1371.43	3346733	374734	3346733	16207503360	799.8	20	0
1372.44	3346733	374734	3346733	16207478784	807.7	20	0
1373.44	3346733	374734	3346733	16207474688	799.9	20	0
1374.45	3346733	374734	3346733	16207482880	801.0	20	0
1375.45	3346733	374734	3346733	16206659584	807.1	20	0
1376.45	3346733	374734	3346733	16206192640	799.6	20	0
1377.46	3346733	374734	3346733	16206176256	807.7	20	0
1378.46	3346733	374734	3346733	16206495744	799.9	20	0
1379.47	3346733	374734	3346733	16206217216	807.1	20	0
1380.47	3346733	374734	3346733	16206934016	799.5	20	0
1381.48	3346733	374734	3346733	16206786560	807.4	20	0
1382.48	3346733	374734	3346733	16206835712	799.7	20	0
1383.48	3346733	374734	3346733	16206934016	800.6	20	0
1384.49	3346733	374734	3346733	16207060992	808.5	20	0
1385.49	3346733	374734	3346733	16206794752	800.8	20	0
1386.50	3346733	374734	3346733	16206794752	807.8	20	0
1387.50	3346733	374734	3346733	16206970880	800.2	20	0
1388.50	3346733	374734	3346733	16206909440	800.4	20	0
1389.51	3346733	374734	3346733	16207339520	808.2	20	0
1390.51	3346733	374734	3346733	16206938112	799.8	20	0
1391.52	3346733	374734	3346733	16206856192	808.0	20	0
1392.52	3346733	374734	3346733	16206819328	800.0	20	0
1393.53	3346733	374734	3346733	16207306752	807.9	20	0
1394.53	3346733	374734	3346733	16207564800	800.2	20	0
1395.53	3346733	374734	3346733	16207798272	800.0	20	0
1396.54	3346733	374734	3346733	16207781888	808.0	20	0
1397.54	3346733	374734	3346733	16207585280	800.1	20	0
1398.55	3346733	374734	3346733	16207896576	808.1	20	0
1399.55	3346733	374734	3346733	16207851520	800.1	20	0
1400.56	3346733	374734	3346733	16208216064	808.0	20	0
1401.56	3346733	374734	3346733	16207552512	800.2	20	0
1402.57	3346733	374734	3346733	16207118336	800.1	20	0
1403.57	3346733	374734	3346733	16207261696	808.0	20	0
1404.57	3346733	374734	3346733	16207392768	799.9	20	0
1405.58	3346733	374734	3346733	16207511552	807.5	20	0
1406.58	3346733	374734	3346733	16207015936	799.7	20	0
1407.59	3346733	374734	3346733	16207040512	799.7	20	0
1408.59	3346733	374734	3346733	16207228928	807.4	20	0
1409.59	3346733	374734	3346733	16207220736	799.6	20	0
1410.60	3346733	374734	3346733	16207200256	807.5	20	0
1411.60	3346733	374734	3346733	16206974976	799.6	20	0
1412.61	3346733	374734	3346733	16207314944	807.8	20	0
1413.61	3346733	374734	3346733	16207458304	799.7	20	0
1414.61	3346733	374734	3346733	16207327232	799.7	20	0
1415.62	3346733	374734	3346733	16207241216	807.6	20	0
1416.62	3346733	374734	3346733	16207241216	799.3	20	0
1417.63	3346733	374734	3346733	16207302656	807.6	20	0
1418.63	3346733	374734	3346733	16207540224	799.7	20	0
1419.64	3346733	374734	3346733	16207560704	800.0	20	0
1420.64	3346733	376414	3346733	16208998400	840.4	20	0
1421.64	3346733	382500	3346733	16215822336	902.6	20	0
1422.65	3346733	388597	3346733	16222359552	911.8	20	0
1423.65	3346733	394684	3346733	16228474880	902.8	20	0
1424.66	3346733	400771	3346733	16235175936	911.6	20	0
1425.66	3346733	406843	3346733	16240701440	903.0	20	0
1426.67	3346733	412906	3346733	16247095296	903.1	20	0
1427.67	3346733	413235	3346733	16247619584	814.3	20	0
1428.67	3346733	413235	3346733	16247328768	799.8	20	0
1429.68	3346733	413235	3346733	16246988800	807.3	20	0
1430.68	3346733	413235	3346733	16247005184	799.6	20	0
1431.69	3346733	413235	3346733	16247209984	802.8	20	0
1432.69	3346733	413235	3346733	16247017472	804.6	20	0
1433.69	3346733	413235	3346733	16246849536	799.7	20	0
1434.70	3346733	413235	3346733	16246755328	807.6	20	0
1435.70	3346733	413235	3346733	16246738944	799.5	20	0
1436.71	3346733	413235	3346733	16246657024	807.5	20	0
1437.71	3346733	413235	3346733	16246706176	799.7	20	0
1438.71	3346733	413235	3346733	16247042048	799.8	20	0
1439.72	3346733	413235	3346733	16247132160	807.6	20	0
1440.72	3346733	413235	3346733	16246743040	799.6	20	0
1441.73	3346733	413235	3346733	16246624256	807.6	20	0
1442.73	3346733	413235	3346733	16246808576	799.6	20	0
1443.74	3346733	413235	3346733	16246595584	799.7	20	0
1444.74	3346733	413235	3346733	16246816768	808.2	20	0
1445.74	3346733	413235	3346733	16246767616	799.4	20	0
1446.75	3346733	413235	3346733	16246755328	807.6	20	0
1447.75	3346733	413235	3346733	16247042048	799.7	20	0
1448.76	3346733	413235	3346733	16246980608	807.7	20	0
1449.76	3346733	413235	3346733	16246951936	799.6	20	0
1450.76	3346733	413235	3346733	16246870016	799.5	20	0
1451.77	3346733	413235	3346733	16246702080	807.5	20	0
1452.77	3346733	413235	3346733	16246702080	799.6	20	0
1453.78	3346733	413235	3346733	16246788096	807.4	20	0
1454.78	3346733	413235	3346733	16247050240	799.4	20	0
1455.79	3346733	413235	3346733	16246743040	799.7	20	0
1456.79	3346733	413235	3346733	16246697984	807.6	20	0
1457.79	3346733	413235	3346733	16246657024	799.7	20	0
1458.80	3346733	413235	3346733	16246890496	807.6	20	0
1459.80	3346733	413235	3346733	16246927360	799.9	20	0
1460.81	3346733	413235	3346733	16246665216	807.4	20	0
1461.81	3346733	413235	3346733	16246923264	799.9	20	0
1462.81	3346733	413235	3346733	16246902784	799.7	20	0
1463.82	3346733	413235	3346733	16246730752	807.4	20	0
1464.82	3346733	413235	3346733	16247238656	799.3	20	0
1465.83	3346733	413235	3346733	16247578624	807.5	20	0
1466.83	3346733	413235	3346733	16247275520	799.6	20	0
1467.84	3346733	413235	3346733	16247345152	799.5	20	0
1468.84	3346733	413235	3346733	16247394304	807.6	20	0
1469.84	3346733	413235	3346733	16247697408	799.4	20	0
1470.85	3346733	413235	3346733	16247517184	807.4	20	0
1471.85	3346733	413235	3346733	16247115776	799.8	20	0
1472.86	3346733	413235	3346733	16247234560	807.4	20	0
1473.86	3346733	413235	3346733	16247320576	799.4	20	0
1474.86	3346733	413235	3346733	16247787520	799.3	20	0
1475.87	3346733	413235	3346733	16247750656	807.3	20	0
1476.87	3346733	413235	3346733	16247701504	799.7	20	0
1477.88	3346733	413235	3346733	16247685120	807.6	20	0
1478.88	3346733	413235	3346733	16247808000	799.8	20	0
1479.89	3346733	413235	3346733	16247971840	799.4	20	0
1480.89	3346733	413235	3346733	16247853056	807.4	20	0
1481.89	3346733	413235	3346733	16247619584	799.7	20	0
1482.90	3346733	413235	3346733	16247742464	807.4	20	0
1483.90	3346733	413235	3346733	16247496704	799.6	20	0
1484.91	3346733	413235	3346733	16247545856	807.4	20	0
1485.91	3346733	413235	3346733	16247943168	799.6	20	0
1486.91	3346733	413235	3346733	16248176640	799.5	20	0
1487.92	3346733	413235	3346733	16247930880	807.5	20	0
1488.92	3346733	413235	3346733	16248197120	799.7	20	0
1489.93	3346733	413235	3346733	16247836672	807.3	20	0
1490.93	3346733	413235	3346733	16248217600	799.9	20	0
1491.93	3346733	413235	3346733	16247820288	800.4	20	0
1492.94	3346733	413235	3346733	16248098816	807.3	20	0
1493.94	3346733	413235	3346733	16247971840	799.5	20	0
1494.95	3346733	413235	3346733	16248070144	807.6	20	0
1495.95	3346733	413235	3346733	16248012800	799.6	20	0
1496.96	3346733	413235	3346733	16247652352	799.5	20	0
1497.96	3346733	413235	3346733	16247857152	807.7	20	0
1498.96	3346733	413235	3346733	16247820288	799.5	20	0
1499.97	3346733	413235	3346733	16247840768	807.7	20	0
1500.97	3346733	413235	3346733	16248004608	799.4	20	0
1501.98	3346733	413235	3346733	16248201216	807.6	20	0
1502.98	3346733	413235	3346733	16247799808	799.8	20	0
1503.98	3346733	413235	3346733	16247820288	799.6	20	0
1504.99	3346733	413235	3346733	16247975936	807.6	20	0
1505.99	3346733	413235	3346733	16247762944	799.5	20	0
1507.00	3346733	413235	3346733	16247861248	807.6	20	0
1508.00	3346733	413235	3346733	16247926784	799.5	20	0
1509.01	3346733	413235	3346733	16247808000	799.7	20	0
1510.01	3346733	413235	3346733	16248147968	807.7	20	0
1511.01	3346733	413235	3346733	16248078336	799.6	20	0
1512.02	3346733	413235	3346733	16248225792	807.7	20	0
1513.02	3346733	413235	3346733	16248315904	799.6	20	0
1514.03	3346733	413235	3346733	16248209408	807.6	20	0
1515.03	3346733	413235	3346733	16248270848	799.6	20	0
1516.03	3346733	413235	3346733	16248115200	800.3	20	0
1517.04	3346733	413235	3346733	16248045568	806.9	20	0
1518.04	3346733	413235	3346733	16248049664	799.6	20	0
1519.05	3346733	413235	3346733	16248049664	807.7	20	0
1520.05	3346733	413235	3346733	16248168448	799.5	20	0
1521.06	3346733	413235	3346733	16247963648	799.5	20	0
1522.06	3346733	413235	3346733	16248139776	807.6	20	0
1523.06	3346733	413235	3346733	16247934976	799.5	20	0
1524.07	3346733	413235	3346733	16247947264	807.5	20	0
1525.07	3346733	413235	3346733	16248074240	799.4	20	0
1526.08	3346733	413235	3346733	16247885824	807.7	20	0
1527.08	3346733	413235	3346733	16247853056	799.9	20	0
1528.08	3346733	413235	3346733	16247787520	799.6	20	0
1529.09	3346733	413235	3346733	16247992320	807.3	20	0
1530.09	3346733	413235	3346733	16248033280	799.7	20	0
1531.10	3346733	413235	3346733	16247799808	807.6	20	0
1532.10	3346733	413235	3346733	16247873536	799.8	20	0
1533.11	3346733	413235	3346733	16247947264	799.8	20	0
1534.11	3346733	413235	3346733	16248107008	807.9	20	0
1535.11	3346733	413235	3346733	16247996416	799.8	20	0
1536.12	3346733	413235	3346733	16247693312	807.7	20	0
1537.12	3346733	413235	3346733	16247844864	799.8	20	0
1538.13	3346733	413235	3346733	16247791616	807.5	20	0
1539.13	3346733	413235	3346733	16248565760	799.6	20	0
1540.13	3346733	413235	3346733	16251002880	799.1	20	0
1541.14	3346733	413235	3346733	16253771776	807.7	20	0
1542.14	3346733	413235	3346733	16255737856	799.8	20	0
1543.15	3346733	413235	3346733	16258826240	808.0	20	0
1544.15	3346733	413235	3346733	16261025792	799.8	20	0
1545.15	3346733	413235	3346733	16263610368	799.7	20	0
1546.16	3346733	413235	3346733	16265883648	807.4	20	0
1547.16	3346733	413235	3346733	16268390400	799.6	20	0
1548.17	3346733	413235	3346733	16270970880	807.7	20	0
1549.17	3346733	413235	3346733	16273690624	799.5	20	0
1550.18	3346733	413235	3346733	16276287488	799.7	20	0
1551.18	3346733	413235	3346733	16278933504	807.5	20	0
1552.18	3346733	413235	3346733	16281808896	799.6	20	0
1553.19	3346733	413235	3346733	16285089792	807.6	20	0
1554.19	3346733	413235	3346733	16287674368	799.8	20	0
1555.20	3346733	413235	3346733	16289890304	807.9	20	0
1556.20	3346733	413235	3346733	16292143104	799.7	20	0
1557.20	3346733	413235	3346733	16295391232	801.2	20	0
1558.21	3346733	413235	3346733	16297926656	808.6	20	0
1559.21	3346733	413235	3346733	16300773376	800.5	20	0
1560.22	3346733	413235	3346733	16303517696	808.6	20	0
1561.22	3346733	413235	3346733	16306405376	799.5	20	0
1562.22	3346733	413235	3346733	16308887552	799.5	20	0
1563.23	3346733	413235	3346733	16311173120	807.6	20	0
1564.23	3346733	413235	3346733	16313942016	800.1	20	0
1565.24	3346733	413235	3346733	16316346368	807.1	20	0
1566.24	3346733	413235	3346733	16318930944	799.5	20	0
1567.25	3346733	413235	3346733	16321785856	807.5	20	0
1568.25	3346733	413235	3346733	16324251648	799.8	20	0
1569.25	3346733	413235	3346733	16326995968	799.5	20	0
1570.26	3346733	413235	3346733	16328847360	807.3	20	0
1571.26	3346733	413235	3346733	16332025856	800.3	20	0
1572.27	3346733	413235	3346733	16334360576	806.7	20	0
1573.27	3346733	413235	3346733	16336191488	799.6	20	0
1574.28	3346733	413235	3346733	16339132416	799.5	20	0
1575.28	3346733	413235	3346733	16342265856	807.7	20	0
1576.28	3346733	413235	3346733	16343867392	799.7	20	0
1577.29	3346733	413235	3346733	16346779648	807.5	20	0
1578.29	3346733	413235	3346733	16349679616	799.5	20	0
1579.30	3346733	413235	3346733	16352690176	807.3	20	0
1580.30	3346733	413235	3346733	16354594816	799.7	20	0
1581.30	3346733	413235	3346733	16357130240	799.6	20	0
1582.31	3346733	413235	3346733	16359219200	807.5	20	0
1583.31	3346733	413235	3346733	16361193472	799.3	20	0
1584.32	3346733	413235	3346733	16363954176	807.6	20	0
1585.32	3346733	413235	3346733	16366686208	799.6	20	0
1586.33	3346733	413235	3346733	16368959488	799.6	20	0
1587.33	3346733	413235	3346733	16371806208	807.7	20	0
1588.33	3346733	413235	3346733	16374738944	799.6	20	0
1589.34	3346733	413235	3346733	16378056704	807.5	20	0
1590.34	3346733	413235	3346733	16380207104	799.8	20	0
1591.35	3346733	413235	3346733	16382922752	807.7	20	0
1592.35	3346733	413235	3346733	16385339392	799.8	20	0
1593.35	3346733	413235	3346733	16388341760	799.6	20	0
1594.36	3346733	413235	3346733	16391225344	807.4	20	0
1595.36	3346733	413235	3346733	16393547776	799.6	20	0
1596.37	3346733	413235	3346733	16396124160	807.5	20	0
1597.37	3346733	413235	3346733	16398774272	799.7	20	0
1598.38	3346733	413235	3346733	16402145280	807.6	20	0
1599.38	3346733	413235	3346733	16404594688	799.6	20	0
1600.38	3346733	413235	3346733	16407875584	799.8	20	0
1601.39	3346733	413235	3346733	16410472448	807.6	20	0
1602.39	3346733	413235	3346733	16413478912	799.7	20	0
1603.40	3346733	413235	3346733	16416751616	807.6	20	0
1604.40	3346733	413235	3346733	16419282944	799.5	20	0
1605.41	3346733	413235	3346733	16421789696	799.7	20	0
1606.41	3346733	413235	3346733	16425238528	807.8	20	0
1607.41	3346733	413235	3346733	16427565056	800.1	20	0
1608.42	3346733	413235	3346733	16430821376	807.0	20	0
1609.42	3346733	413235	3346733	16433803264	799.7	20	0
1610.43	3346733	413235	3346733	16436559872	807.1	20	0
1611.43	3346733	413235	3346733	16439525376	799.4	20	0
1612.44	3346733	413235	3346733	16441970688	807.4	20	0
1613.44	3346733	413235	3346733	16444084224	799.4	20	0
1614.44	3346733	413235	3346733	16447188992	799.6	20	0
1615.45	3346733	413235	3346733	16449847296	807.4	20	0
1616.45	3346733	413235	3346733	16452272128	799.5	20	0
1617.46	3346733	413235	3346733	16454889472	807.6	20	0
1618.46	3346733	413235	3346733	16457871360	799.5	20	0
1619.47	3346733	413235	3346733	16460926976	799.7	20	0
1620.47	3346733	413235	3346733	16464248832	807.5	20	0
1621.47	3346733	413235	3346733	16466026496	799.4	20	0
1622.48	3346733	413235	3346733	16468570112	807.6	20	0
1623.48	3346733	413235	3346733	16471416832	799.4	20	0
1624.49	3346733	413235	3346733	16474066944	807.3	20	0
1625.49	3346733	413235	3346733	16476430336	799.5	20	0
1626.50	3346733	413235	3346733	16479600640	807.3	20	0
1627.50	3346733	413235	3346733	16481550336	799.5	20	0
1628.50	3346733	413235	3346733	16483971072	799.6	20	0
1629.51	3346733	413235	3346733	16487096320	807.8	20	0
1630.51	3346733	413235	3346733	16490061824	799.5	20	0
1631.52	3346733	413235	3346733	16492199936	807.6	20	0
1632.52	3346733	413235	3346733	16495738880	799.7	20	0
1633.52	3346733	413235	3346733	16498532352	799.9	20	0
1634.53	3346733	413235	3346733	16500899840	807.5	20	0
1635.53	3346733	413235	3346733	16503287808	800.3	20	0
1636.54	3346733	413235	3346733	16505950208	806.9	20	0
1637.54	3346733	413235	3346733	16509947904	800.0	20	0
1638.55	3346733	413235	3346733	16511918080	799.9	20	0
1639.55	3346733	413235	3346733	16514625536	807.7	20	0
1640.55	3346733	413235	3346733	16517128192	799.8	20	0
1641.56	3346733	413235	3346733	16519593984	807.4	20	0
1642.56	3346733	413235	3346733	16522289152	799.8	20	0
1643.57	3346733	413235	3346733	16525189120	799.9	20	0
1644.57	3346733	413235	3346733	16528687104	807.8	20	0
1645.57	3346733	413235	3346733	16531132416	799.8	20	0
1646.58	3346733	413235	3346733	16533413888	807.7	20	0
1647.58	3346733	413235	3346733	16536092672	799.5	20	0
1648.59	3346733	413235	3346733	16538873856	807.6	20	0
1649.59	3346733	413235	3346733	16541552640	799.7	20	0
1650.59	3346733	413235	3346733	16544051200	799.7	20	0
1651.60	3346733	413235	3346733	16546009088	807.5	20	0
1652.60	3346733	413235	3346733	16548831232	799.7	20	0
1653.61	3346733	413235	3346733	16550957056	807.5	20	0
1654.61	3346733	413235	3346733	16553926656	799.4	20	0
1655.62	3346733	413235	3346733	16556986368	799.8	20	0
1656.62	3346733	413235	3346733	16559792128	807.7	20	0
1657.62	3346733	413235	3346733	16562601984	799.7	20	0
1658.63	3346733	413235	3346733	16565231616	807.6	20	0
1659.63	3346733	413235	3346733	16568160256	799.5	20	0
1660.64	3346733	413235	3346733	16570568704	799.7	20	0
1661.64	3346733	413235	3346733	16573485056	808.0	20	0
1662.64	3346733	413235	3346733	16576045056	800.1	20	0
1663.65	3346733	413235	3346733	16578564096	806.8	20	0
1664.65	3346733	413235	3346733	16581603328	799.6	20	0
1665.66	3346733	413235	3346733	16583258112	807.1	20	0
1666.66	3346733	413235	3346733	16586227712	799.6	20	0
1667.66	3346733	413235	3346733	16588980224	799.6	20	0
1668.67	3346733	413235	3346733	16591372288	807.3	20	0
1669.67	3346733	413235	3346733	16593461248	799.0	20	0
1670.68	3346733	413235	3346733	16596942848	807.3	20	0
1671.68	3346733	415918	3346733	16602218496	846.3	20	0
1672.69	3346733	421631	3346733	16610816000	904.6	20	0
1673.69	3346733	427608	3346733	16619134976	913.4	20	0
1674.69	3346733	433578	3346733	16628506624	904.6	20	0
1675.70	3346733	438521	3346733	16635838464	912.5	20	0
1676.70	3346733	444150	3346733	16643928064	904.2	20	0
1677.71	3346733	449559	3346733	16651915264	912.5	20	0
1678.71	3346733	455255	3346733	16660172800	902.9	20	0
1679.71	3346733	461183	3346733	16668897280	903.5	20	0
1680.72	3346733	466928	3346733	16676909056	912.2	20	0
1681.72	3346733	472868	3346733	16685559808	903.6	20	0
1682.73	3346733	478776	3346733	16694751232	912.1	20	0
1683.73	3346733	484735	3346733	16703594496	903.9	20	0
1684.74	3346733	488012	3346733	16709353472	859.0	20	0
1685.74	3346733	488012	3346733	16712179712	807.4	20	0
1686.74	3346733	488012	3346733	16713764864	799.8	20	0
1687.75	3346733	488012	3346733	16717164544	807.8	20	0
1688.75	3346733	488012	3346733	16719888384	799.5	20	0
1689.76	3346733	488012	3346733	16722849792	799.5	20	0
1690.76	3346733	488012	3346733	16725327872	807.7	20	0
1691.76	3346733	488012	3346733	16728010752	800.3	20	0
1692.77	3346733	488012	3346733	16731394048	807.2	20	0
1693.77	3346733	488012	3346733	16733835264	799.7	20	0
1694.77	3346733	488012	3346733	16736583680	799.7	20	0
1695.78	3346733	488012	3346733	16739119104	807.6	20	0
1696.78	3346733	488012	3346733	16742035456	800.0	20	0
1697.79	3346733	488012	3346733	16745459712	807.7	20	0
1698.79	3346733	488012	3346733	16747839488	799.7	20	0
1699.79	3346733	488012	3346733	16751099904	799.8	20	0
1700.80	3346733	488012	3346733	16752951296	807.6	20	0
1701.80	3346733	488012	3346733	16755994624	799.6	20	0
1702.81	3346733	488012	3346733	16759062528	807.9	20	0
1703.81	3346733	488012	3346733	16761819136	799.8	20	0
1704.81	3346733	488012	3346733	16764891136	799.5	20	0
1705.82	3346733	488012	3346733	16767455232	807.8	20	0
1706.82	3346733	488012	3346733	16770244608	800.4	20	0
1707.83	3346733	488012	3346733	16772812800	807.4	20	0
1708.83	3346733	488012	3346733	16776466432	800.2	20	0
1709.83	3346733	488012	3346733	16778735616	799.3	20	0
1710.84	3346733	488012	3346733	16781717504	807.5	20	0
1711.84	3346733	488012	3346733	16784015360	799.5	20	0
1712.85	3346733	488012	3346733	16785997824	807.6	20	0
1713.85	3346733	488012	3346733	16788770816	799.8	20	0
1714.85	3346733	488012	3346733	16791695360	799.6	20	0
1715.86	3346733	488012	3346733	16794165248	807.6	20	0
1716.86	3346733	488012	3346733	16796536832	799.8	20	0
1717.87	3346733	488012	3346733	16799272960	807.6	20	0
1718.87	3346733	488012	3346733	16802295808	799.6	20	0
1719.87	3346733	488012	3346733	16804335616	799.4	20	0
1720.88	3346733	488012	3346733	16807157760	807.7	20	0
1721.88	3346733	488012	3346733	16809160704	799.5	20	0
1722.89	3346733	488012	3346733	16812392448	807.6	20	0
1723.89	3346733	488012	3346733	16814940160	799.8	20	0
1724.89	3346733	488012	3346733	16817496064	800.4	20	0
1725.90	3346733	488012	3346733	16820338688	807.0	20	0
1726.90	3346733	488012	3346733	16823152640	799.8	20	0
1727.91	3346733	488012	3346733	16825470976	807.7	20	0
1728.91	3346733	488012	3346733	16828170240	800.0	20	0
1729.91	3346733	488012	3346733	16831180800	799.7	20	0
1730.92	3346733	488012	3346733	16834105344	807.6	20	0
1731.92	3346733	488012	3346733	16836837376	799.9	20	0
1732.93	3346733	488012	3346733	16839368704	807.7	20	0
1733.93	3346733	488012	3346733	16841867264	799.7	20	0
1734.93	3346733	488012	3346733	16844533760	799.8	20	0
1735.94	3346733	488012	3346733	16846503936	807.6	20	0
1736.94	3346733	488012	3346733	16849334272	799.9	20	0
1737.95	3346733	488012	3346733	16851660800	799.7	20	0
1738.95	3346733	488012	3346733	16854515712	807.6	20	0
1739.95	3346733	488012	3346733	16857444352	799.6	20	0
1740.96	3346733	488012	3346733	16860094464	807.9	20	0
1741.96	3346733	488012	3346733	16862404608	799.9	20	0
1742.97	3346733	488012	3346733	16864952320	800.0	20	0
1743.97	3346733	488012	3346733	16867856384	807.8	20	0
1744.97	3346733	488012	3346733	16870387712	799.9	20	0
1745.98	3346733	488012	3346733	16873082880	807.8	20	0
1746.98	3346733	488012	3346733	16875806720	799.9	20	0
1747.99	3346733	488012	3346733	16878288896	799.8	20	0
1748.99	3346733	488012	3346733	16881553408	808.3	20	0
1749.99	3346733	488012	3346733	16884629504	799.9	20	0
1751.00	3346733	488012	3346733	16887586816	808.1	20	0
1752.00	3346733	488012	3346733	16889860096	799.9	20	0
1753.01	3346733	488012	3346733	16892657664	799.9	20	0
1754.01	3346733	488012	3346733	16896126976	807.9	20	0
1755.01	3346733	488012	3346733	16898936832	799.7	20	0
1756.02	3346733	488012	3346733	16902074368	808.0	20	0
1757.02	3346733	488012	3346733	16905052160	799.9	20	0
1758.02	3346733	488012	3346733	16907812864	799.7	20	0
1759.03	3346733	488012	3346733	16910905344	807.6	20	0
1760.03	3346733	488012	3346733	16913989632	799.8	20	0
1761.04	3346733	488012	3346733	13715705856	710.3	15	0
1762.04	3346733	488012	3346733	13714817024	399.8	15	0
1763.04	3346733	488012	3346733	13715316736	399.9	15	0
1764.05	3346733	488012	3346733	13715341312	403.8	15	0
1765.05	3346733	488012	3346733	13715464192	399.8	15	0
1766.06	3346733	488012	3346733	13715390464	403.8	15	0
1767.06	3346733	488012	3346733	13714964480	399.8	15	0
1768.06	3346733	488012	3346733	13715091456	400.0	15	0
1769.07	3346733	488012	3346733	13715226624	403.9	15	0
1770.07	3346733	488012	3346733	13715079168	399.9	15	0
1771.08	3346733	488012	3346733	13715050496	403.9	15	0
1772.08	3346733	488012	3346733	13715230720	399.8	15	0
1773.08	3346733	488012	3346733	13715030016	399.8	15	0
1774.09	3346733	488012	3346733	13715017728	403.9	15	0
1775.09	3346733	488012	3346733	13715079168	399.9	15	0
1776.10	3346733	488012	3346733	13715365888	399.8	15	0
1777.10	3346733	488012	3346733	13715005440	403.8	15	0
1778.10	3346733	488012	3346733	13715148800	399.9	15	0
1779.11	3346733	488012	3346733	13715599360	403.8	15	0
1780.11	3346733	488012	3346733	13715263488	399.8	15	0
1781.12	3346733	488012	3346733	13715283968	399.8	15	0
1782.12	3346733	488012	3346733	13715480576	403.7	15	0
1783.12	3346733	488012	3346733	13715361792	399.9	15	0
1784.13	3346733	488012	3346733	13715451904	403.8	15	0
1785.13	3346733	488012	3346733	13715226624	399.7	15	0
1786.13	3346733	488012	3346733	13714960384	399.8	15	0
1787.14	3346733	488012	3346733	13714726912	403.8	15	0
1788.14	3346733	488012	3346733	13714710528	399.9	15	0
1789.15	3346733	488012	3346733	13714763776	403.7	15	0
1790.15	3346733	488012	3346733	13714972672	399.7	15	0
1791.15	3346733	488012	3346733	13714612224	399.8	15	0
1792.16	3346733	488012	3346733	13714518016	403.8	15	0
1793.16	3346733	488012	3346733	13714829312	399.8	15	0
1794.17	3346733	488012	3346733	13714923520	399.8	15	0
1795.17	3346733	488012	3346733	13714935808	403.8	15	0
1796.17	3346733	488012	3346733	13714771968	399.9	15	0
1797.18	3346733	488012	3346733	13714792448	403.8	15	0
1798.18	3346733	488012	3346733	13714849792	400.1	15	0
1799.18	3346733	488012	3346733	13714857984	399.4	15	0
1800.19	3346733	488012	3346733	13714567168	403.8	15	0
1801.19	3346733	488012	3346733	13714468864	399.8	15	0
1802.20	3346733	491224	3346733	13718433792	461.5	15	0
1803.20	3346733	497162	3346733	13724237824	503.3	15	0
1804.20	3346733	503078	3346733	13731024896	503.6	15	0
1805.21	3346733	508701	3346733	13736198144	508.7	15	0
1806.21	3346733	514479	3346733	13742161920	503.4	15	0
1807.22	3346733	520292	3346733	13748531200	508.5	15	0
1808.22	3346733	522664	3346733	13750550528	442.8	15	0
1809.22	3346733	522664	3346733	13750833152	399.7	15	0
1810.23	3346733	522664	3346733	13750288384	403.7	15	0
1811.23	3346733	522664	3346733	13750554624	399.7	15	0
1812.24	3346733	522664	3346733	13750345728	403.8	15	0
1813.24	3346733	522664	3346733	13750194176	399.8	15	0
1814.24	3346733	522664	3346733	13750456320	399.9	15	0
1815.25	3346733	522664	3346733	13750149120	403.8	15	0
1816.25	3346733	522664	3346733	13750308864	399.8	15	0
1817.25	3346733	522664	3346733	13750435840	399.8	15	0
1818.26	3346733	522664	3346733	13750358016	403.9	15	0
1819.26	3346733	522664	3346733	13750743040	399.9	15	0
1820.27	3346733	522664	3346733	13750345728	403.8	15	0
1821.27	3346733	522664	3346733	13750894592	399.8	15	0
1822.27	3346733	522664	3346733	13750661120	400.0	15	0
1823.28	3346733	522664	3346733	13750239232	403.7	15	0
1824.28	3346733	522664	3346733	13750509568	399.9	15	0
1825.29	3346733	522664	3346733	13750439936	403.8	15	0
1826.29	3346733	522664	3346733	13750624256	399.9	15	0
1827.29	3346733	522664	3346733	13750616064	399.6	15	0
1828.30	3346733	522664	3346733	13750468608	403.8	15	0
1829.30	3346733	522664	3346733	13750423552	399.9	15	0
1830.31	3346733	522664	3346733	13750620160	399.9	15	0
1831.31	3346733	522664	3346733	13750083584	403.9	15	0
1832.31	3346733	522664	3346733	13750497280	399.7	15	0
1833.32	3346733	522664	3346733	13750325248	403.8	15	0
1834.32	3346733	522664	3346733	13750509568	400.4	15	0
1835.32	3346733	522664	3346733	13750358016	399.5	15	0
1836.33	3346733	522664	3346733	13750005760	403.8	15	0
1837.33	3346733	522664	3346733	13750030336	399.9	15	0
1838.34	3346733	522664	3346733	13750169600	404.0	15	0
1839.34	3346733	522664	3346733	13750128640	400.0	15	0
1840.34	3346733	522664	3346733	13750210560	400.5	15	0
1841.35	3346733	522664	3346733	13750415360	403.4	15	0
1842.35	3346733	522664	3346733	13750079488	400.0	15	0
1843.36	3346733	522664	3346733	13750026240	399.9	15	0
1844.36	3346733	522664	3346733	13750161408	403.9	15	0
1845.36	3346733	522664	3346733	13750280192	400.0	15	0
1846.37	3346733	522664	3346733	13750206464	403.9	15	0
1847.37	3346733	522664	3346733	13750312960	400.0	15	0
1848.37	3346733	522664	3346733	13750210560	399.9	15	0
1849.38	3346733	522664	3346733	13750403072	403.9	15	0
1850.38	3346733	522664	3346733	13750669312	400.0	15	0
1851.39	3346733	522664	3346733	13750497280	403.9	15	0
1852.39	3346733	522664	3346733	13750358016	400.0	15	0
1853.39	3346733	522664	3346733	13750239232	399.9	15	0
1854.40	3346733	522664	3346733	13750456320	403.8	15	0
1855.40	3346733	522664	3346733	13750366208	400.0	15	0
1856.41	3346733	522664	3346733	13750415360	399.9	15	0
1857.41	3346733	522664	3346733	13750087680	403.9	15	0
1858.41	3346733	522664	3346733	13750026240	399.9	15	0
1859.42	3346733	522664	3346733	13750149120	403.9	15	0
1860.42	3346733	522664	3346733	13750292480	399.8	15	0
1861.42	3346733	522664	3346733	13750304768	399.7	15	0
1862.43	3346733	522664	3346733	13750341632	403.9	15	0
1863.43	3346733	522664	3346733	13750202368	399.7	15	0
1864.44	3346733	522664	3346733	13750583296	403.7	15	0
1865.44	3346733	522664	3346733	13750530048	399.9	15	0
1866.44	3346733	522664	3346733	13750296576	399.9	15	0
1867.45	3346733	522664	3346733	13749895168	403.9	15	0
1868.45	3346733	522664	3346733	13750358016	399.8	15	0
1869.46	3346733	522664	3346733	13750235136	399.8	15	0
1870.46	3346733	522664	3346733	13750419456	403.8	15	0
1871.46	3346733	522664	3346733	13750386688	399.9	15	0
1872.47	3346733	522664	3346733	13750272000	403.9	15	0
1873.47	3346733	522664	3346733	13750091776	400.4	15	0
1874.48	3346733	522664	3346733	13750112256	399.5	15	0
1875.48	3346733	522664	3346733	13750566912	403.8	15	0
1876.48	3346733	522664	3346733	13749964800	399.8	15	0
1877.49	3346733	522664	3346733	13750063104	403.8	15	0
1878.49	3346733	522664	3346733	13750198272	399.9	15	0
1879.49	3346733	522664	3346733	13750210560	399.8	15	0
1880.50	3346733	522664	3346733	13750022144	403.8	15	0
1881.50	3346733	522664	3346733	13750239232	399.9	15	0
1882.51	3346733	522664	3346733	13750063104	403.9	15	0
1883.51	3346733	522664	3346733	13750214656	399.8	15	0
1884.51	3346733	522664	3346733	13750444032	399.8	15	0
1885.52	3346733	522664	3346733	13750575104	403.7	15	0
1886.52	3346733	522664	3346733	13750136832	399.8	15	0
1887.53	3346733	522664	3346733	13750116352	399.8	15	0
1888.53	3346733	522664	3346733	13750194176	403.8	15	0
1889.53	3346733	522664	3346733	13750165504	399.8	15	0
1890.54	3346733	522664	3346733	13750337536	403.7	15	0
1891.54	3346733	522664	3346733	13749895168	399.9	15	0
1892.54	3346733	522664	3346733	13750222848	399.9	15	0
1893.55	3346733	522664	3346733	13750177792	403.8	15	0
1894.55	3346733	522664	3346733	13750304768	399.8	15	0
1895.56	3346733	522664	3346733	13750435840	403.9	15	0
1896.56	3346733	522664	3346733	13749985280	399.8	15	0
1897.56	3346733	522664	3346733	13749800960	399.8	15	0
1898.57	3346733	522664	3346733	13750083584	403.8	15	0
1899.57	3346733	522664	3346733	13750218752	399.8	15	0
1900.58	3346733	522664	3346733	13750616064	403.9	15	0
1901.58	3346733	522664	3346733	13750243328	399.8	15	0
1902.58	3346733	522664	3346733	13750591488	399.9	15	0
1903.59	3346733	522664	3346733	13750689792	403.8	15	0
1904.59	3346733	522664	3346733	13750681600	399.7	15	0
1905.60	3346733	522664	3346733	13750829056	403.9	15	0
1906.60	3346733	522664	3346733	13750280192	399.7	15	0
1907.60	3346733	522664	3346733	13750267904	399.9	15	0
1908.61	3346733	522664	3346733	13750206464	403.8	15	0
1909.61	3346733	522664	3346733	13750468608	399.9	15	0
1910.62	3346733	522664	3346733	13750808576	399.9	15	0
1911.62	3346733	522664	3346733	13750624256	403.8	15	0
1912.62	3346733	522664	3346733	13750616064	399.9	15	0
1913.63	3346733	522664	3346733	13750263808	403.9	15	0
1914.63	3346733	522664	3346733	13750538240	400.0	15	0
1915.63	3346733	522664	3346733	13750493184	399.9	15	0
1916.64	3346733	522664	3346733	13750611968	403.8	15	0
1917.64	3346733	522664	3346733	13750521856	399.9	15	0
1918.65	3346733	522664	3346733	13750771712	403.9	15	0
1919.65	3346733	522664	3346733	13750833152	399.8	15	0
1920.65	3346733	522664	3346733	13750804480	399.9	15	0
1921.66	3346733	522664	3346733	13750284288	403.9	15	0
1922.66	3346733	522664	3346733	13750403072	399.9	15	0
1923.67	3346733	522664	3346733	13750644736	403.9	15	0
1924.67	3346733	522664	3346733	13750439936	399.8	15	0
1925.67	3346733	522664	3346733	13750452224	399.8	15	0
1926.68	3346733	522664	3346733	13750550528	403.8	15	0
1927.68	3346733	522664	3346733	13750452224	399.9	15	0
1928.69	3346733	522664	3346733	13750661120	399.8	15	0
1929.69	3346733	522664	3346733	13751005184	403.8	15	0
1930.69	3346733	522664	3346733	13750407168	399.8	15	0
1931.70	3346733	522664	3346733	13750423552	403.8	15	0
1932.70	3346733	522664	3346733	13750558720	399.8	15	0
1933.70	3346733	522664	3346733	13750640640	399.9	15	0
1934.71	3346733	522664	3346733	13750657024	403.7	15	0
1935.71	3346733	522664	3346733	13750845440	399.9	15	0
1936.72	3346733	522664	3346733	13750538240	403.9	15	0
1937.72	3346733	522664	3346733	13750525952	399.8	15	0
1938.72	3346733	522664	3346733	13750808576	400.2	15	0
1939.73	3346733	522664	3346733	13750554624	403.5	15	0
1940.73	3346733	522664	3346733	13750325248	399.8	15	0
1941.74	3346733	522664	3346733	13750005760	399.9	15	0
1942.74	3346733	522664	3346733	13750206464	404.0	15	0
1943.74	3346733	522664	3346733	13750284288	399.9	15	0
1944.75	3346733	522664	3346733	13750181888	403.8	15	0
1945.75	3346733	522664	3346733	13750005760	400.0	15	0
1946.76	3346733	522664	3346733	13750099968	399.8	15	0
1947.76	3346733	522664	3346733	13749907456	403.8	15	0
1948.76	3346733	522664	3346733	13750063104	399.8	15	0
1949.77	3346733	522664	3346733	13750456320	403.7	15	0
1950.77	3346733	522664	3346733	13750136832	399.8	15	0
1951.77	3346733	522664	3346733	13750050816	399.9	15	0
1952.78	3346733	522664	3346733	13750083584	403.8	15	0
1953.78	3346733	522664	3346733	13750128640	399.9	15	0
1954.79	3346733	522664	3346733	13750259712	403.8	15	0
1955.79	3346733	522664	3346733	13750763520	399.8	15	0
1956.79	3346733	522664	3346733	13749977088	399.8	15	0
1957.80	3346733	522664	3346733	13750280192	403.8	15	0
1958.80	3346733	522664	3346733	13750280192	399.8	15	0
1959.81	3346733	522664	3346733	13749968896	399.7	15	0
1960.81	3346733	522664	3346733	13750005760	403.7	15	0
1961.81	3346733	522664	3346733	13750149120	399.7	15	0
1962.82	3346733	522664	3346733	13750304768	403.8	15	0
1963.82	3346733	522664	3346733	13750251520	399.8	15	0
1964.83	3346733	522664	3346733	13750304768	399.8	15	0
1965.83	3346733	522664	3346733	13750358016	403.8	15	0
1966.83	3346733	522664	3346733	13750300672	399.8	15	0
1967.84	3346733	522664	3346733	13749936128	403.7	15	0
1968.84	3346733	522664	3346733	13750317056	399.8	15	0
1969.84	3346733	522664	3346733	13750210560	399.7	15	0
1970.85	3346733	522664	3346733	13750140928	403.7	15	0
1971.85	3346733	522664	3346733	13749829632	399.8	15	0
1972.86	3346733	522664	3346733	13750218752	403.9	15	0
1973.86	3346733	522664	3346733	13750009856	399.9	15	0
1974.86	3346733	522664	3346733	13749854208	400.1	15	0
1975.87	3346733	522664	3346733	13749579776	404.2	15	0
1976.87	3346733	522664	3346733	13749579776	399.7	15	0
1977.88	3346733	522664	3346733	13749833728	403.9	15	0
1978.88	3346733	522664	3346733	13749776384	399.8	15	0
1979.89	3346733	522664	3346733	13749940224	399.8	15	0
1980.89	3346733	522664	3346733	13749657600	403.7	15	0
1981.89	3346733	522664	3346733	13749903360	399.8	15	0
1982.90	3346733	522664	3346733	13749919744	403.8	15	0
1983.90	3346733	522664	3346733	13749956608	399.9	15	0
1984.90	3346733	522664	3346733	13750181888	399.8	15	0
1985.91	3346733	522664	3346733	13750140928	403.7	15	0
1986.91	3346733	522664	3346733	13750435840	399.8	15	0
1987.92	3346733	522664	3346733	13750239232	403.7	15	0
1988.92	3346733	522664	3346733	13750312960	399.9	15	0
1989.92	3346733	522664	3346733	13750095872	399.7	15	0
1990.93	3346733	522664	3346733	13750145024	403.7	15	0
1991.93	3346733	522664	3346733	13749944320	399.7	15	0
1992.94	3346733	522664	3346733	13750095872	403.8	15	0
1993.94	3346733	522664	3346733	13749874688	399.9	15	0
1994.94	3346733	522664	3346733	13750091776	399.8	15	0
1995.95	3346733	522664	3346733	13750034432	403.8	15	0
1996.95	3346733	522664	3346733	13749964800	399.8	15	0
1997.96	3346733	522664	3346733	13750222848	403.8	15	0
1998.96	3346733	522664	3346733	13749878784	399.8	15	0
1999.96	3346733	522664	3346733	13750124544	399.7	15	0
2000.97	3346733	522664	3346733	13750165504	403.7	15	0
2001.97	3346733	522664	3346733	13749972992	399.7	15	0
2002.98	3346733	522664	3346733	13750112256	403.8	15	0
2003.98	3346733	522664	3346733	13750030336	399.7	15	0
2004.98	3346733	522664	3346733	13750001664	399.8	15	0
2005.99	3346733	522664	3346733	13750243328	403.7	15	0
2006.99	3346733	522664	3346733	13749841920	399.7	15	0
2008.00	3346733	522664	3346733	13749944320	399.7	15	0
2009.00	3346733	522664	3346733	13750071296	403.8	15	0
2010.00	3346733	522664	3346733	13750116352	399.7	15	0
2011.01	3346733	522664	3346733	13750149120	403.7	15	0
2012.01	3346733	522664	3346733	13749698560	399.8	15	0
2013.01	3346733	522664	3346733	13749747712	399.7	15	0
2014.02	3346733	522664	3346733	13749866496	403.8	15	0
2015.02	3346733	522664	3346733	13750169600	399.8	15	0
2016.03	3346733	522664	3346733	13749940224	403.7	15	0
2017.03	3346733	522664	3346733	13749899264	399.8	15	0
2018.03	3346733	522664	3346733	13750042624	399.8	15	0
2019.04	3346733	522664	3346733	13750108160	403.8	15	0
2020.04	3346733	522664	3346733	13750173696	399.8	15	0
2021.05	3346733	522664	3346733	13750235136	403.7	15	0
2022.05	3346733	522664	3346733	13750247424	399.8	15	0
2023.05	3346733	522664	3346733	13749968896	399.9	15	0
2024.06	3346733	522664	3346733	13749817344	403.9	15	0
2025.06	3346733	522664	3346733	13750067200	399.8	15	0
2026.07	3346733	522664	3346733	13750059008	399.7	15	0
2027.07	3346733	522664	3346733	13750067200	403.8	15	0
2028.07	3346733	522664	3346733	13750005760	399.8	15	0
2029.08	3346733	522664	3346733	13749985280	403.8	15	0
2030.08	3346733	522664	3346733	13750329344	399.6	15	0
2031.08	3346733	522664	3346733	13750177792	399.9	15	0
2032.09	3346733	522664	3346733	13749792768	403.9	15	0
2033.09	3346733	522664	3346733	13750214656	399.8	15	0
2034.10	3346733	522664	3346733	13749833728	403.8	15	0
2035.10	3346733	522664	3346733	13750185984	399.8	15	0
2036.10	3346733	522664	3346733	13750173696	399.8	15	0
2037.11	3346733	522664	3346733	13749817344	403.7	15	0
2038.11	3346733	522664	3346733	13749776384	399.8	15	0
2039.12	3346733	522664	3346733	13749981184	403.7	15	0
2040.12	3346733	522664	3346733	13749927936	399.7	15	0
2041.12	3346733	522664	3346733	13749735424	399.8	15	0
2042.13	3346733	522664	3346733	13750054912	403.7	15	0
2043.13	3346733	522664	3346733	13750157312	399.8	15	0
2044.14	3346733	522664	3346733	13749792768	403.8	15	0
2045.14	3346733	522664	3346733	13749952512	399.6	15	0
2046.14	3346733	522664	3346733	13749968896	399.8	15	0
2047.15	3346733	522664	3346733	13749882880	403.7	15	0
2048.15	3346733	522664	3346733	13750059008	399.8	15	0
2049.16	3346733	522664	3346733	13749956608	399.7	15	0
2050.16	3346733	522664	3346733	13749968896	403.6	15	0
2051.16	3346733	522664	3346733	13750140928	399.8	15	0
2052.17	3346733	522664	3346733	13749989376	403.7	15	0
2053.17	3346733	522664	3346733	13749866496	399.7	15	0
2054.17	3346733	522664	3346733	13749960704	399.8	15	0
2055.18	3346733	522664	3346733	13750087680	403.7	15	0
2056.18	3346733	522664	3346733	13750013952	399.7	15	0
2057.19	3346733	522664	3346733	13750079488	403.7	15	0
2058.19	3346733	522664	3346733	13750165504	399.7	15	0
2059.19	3346733	524196	3346733	13752107008	426.7	15	0
2060.20	3346733	530072	3346733	13757923328	509.2	15	0
2061.20	3346733	535960	3346733	13764214784	503.7	15	0
2062.21	3346733	541758	3346733	13770362880	509.9	15	0
2063.21	3346733	547524	3346733	13776728064	504.9	15	0
2064.21	3346733	553385	3346733	13782298624	504.7	15	0
2065.22	3346733	559244	3346733	13788479488	509.7	15	0
2066.22	3346733	565147	3346733	13794844672	504.4	15	0
2067.23	3346733	571025	3346733	13800468480	504.5	15	0
2068.23	3346733	576953	3346733	13806231552	509.5	15	0
2069.23	3346733	582908	3346733	13811961856	504.5	15	0
2070.24	3346733	588817	3346733	13818228736	509.5	15	0
2071.24	3346733	594397	3346733	13823606784	497.8	15	0
2072.24	3346733	594397	3346733	13823254528	399.8	15	0
2073.25	3346733	594397	3346733	13823643648	403.8	15	0
2074.25	3346733	594397	3346733	13823516672	399.8	15	0
2075.26	3346733	594397	3346733	13823340544	403.7	15	0
2076.26	3346733	594397	3346733	13823414272	399.7	15	0
2077.26	3346733	594397	3346733	13823328256	399.8	15	0
2078.27	3346733	594397	3346733	13823225856	403.8	15	0
2079.27	3346733	594397	3346733	13823856640	399.8	15	0
2080.28	3346733	594397	3346733	13823770624	403.8	15	0
2081.28	3346733	594397	3346733	13823762432	399.8	15	0
2082.28	3346733	594397	3346733	13823705088	399.8	15	0
2083.29	3346733	594397	3346733	13823705088	403.7	15	0
2084.29	3346733	594397	3346733	13823668224	399.8	15	0
2085.30	3346733	594397	3346733	13823238144	399.9	15	0
2086.30	3346733	594397	3346733	13823672320	403.8	15	0
2087.30	3346733	594397	3346733	13823492096	399.8	15	0
2088.31	3346733	594397	3346733	13823438848	403.8	15	0
2089.31	3346733	594397	3346733	13823815680	399.7	15	0
2090.31	3346733	594397	3346733	13823688704	399.8	15	0
2091.32	3346733	594397	3346733	13823664128	403.7	15	0
2092.32	3346733	594397	3346733	13823467520	399.8	15	0
2093.33	3346733	594397	3346733	13823340544	403.8	15	0
2094.33	3346733	594397	3346733	13823569920	399.8	15	0
2095.33	3346733	594397	3346733	13823811584	399.7	15	0
2096.34	3346733	594397	3346733	13824106496	403.7	15	0
2097.34	3346733	594397	3346733	13823823872	399.8	15	0
2098.35	3346733	594397	3346733	13823471616	399.7	15	0
2099.35	3346733	594397	3346733	13823774720	403.8	15	0
2100.35	3346733	594397	3346733	13823811584	400.3	15	0
2101.36	3346733	594397	3346733	13823815680	403.3	15	0
2102.36	3346733	594397	3346733	13823565824	399.8	15	0
2103.36	3346733	594397	3346733	13823795200	399.8	15	0
2104.37	3346733	594397	3346733	13823959040	403.6	15	0
2105.37	3346733	594397	3346733	13823897600	399.7	15	0
2106.38	3346733	594397	3346733	13824446464	403.8	15	0
2107.38	3346733	594397	3346733	13824282624	399.8	15	0
2108.38	3346733	594397	3346733	13824131072	399.7	15	0
2109.39	3346733	594397	3346733	13824360448	403.7	15	0
2110.39	3346733	594397	3346733	13824389120	399.7	15	0
2111.40	3346733	594397	3346733	13824307200	399.8	15	0
2112.40	3346733	594397	3346733	13824069632	403.8	15	0
2113.40	3346733	594397	3346733	13824049152	399.8	15	0
2114.41	3346733	594397	3346733	13824139264	403.9	15	0
2115.41	3346733	594397	3346733	13824286720	399.9	15	0
2116.41	3346733	594397	3346733	13824286720	399.8	15	0
2117.42	3346733	594397	3346733	13824282624	403.7	15	0
2118.42	3346733	594397	3346733	13824540672	399.7	15	0
2119.43	3346733	594397	3346733	13824475136	403.8	15	0
2120.43	3346733	594397	3346733	13824364544	399.7	15	0
2121.43	3346733	594397	3346733	13824319488	399.8	15	0
2122.44	3346733	594397	3346733	13823922176	403.8	15	0
2123.44	3346733	594397	3346733	13823856640	399.8	15	0
2124.45	3346733	594397	3346733	13824069632	399.8	15	0
2125.45	3346733	594397	3346733	13823877120	403.8	15	0
2126.45	3346733	594397	3346733	13824036864	399.8	15	0
2127.46	3346733	594397	3346733	13824143360	403.7	15	0
2128.46	3346733	594397	3346733	13824098304	399.9	15	0
2129.46	3346733	594397	3346733	13824335872	399.7	15	0
2130.47	3346733	594397	3346733	13824274432	403.8	15	0
2131.47	3346733	594397	3346733	13823623168	399.8	15	0
2132.48	3346733	594397	3346733	13823700992	403.6	15	0
2133.48	3346733	594397	3346733	13823553536	399.8	15	0
2134.48	3346733	594397	3346733	13823868928	399.8	15	0
2135.49	3346733	594397	3346733	13824049152	403.7	15	0
2136.49	3346733	594397	3346733	13823647744	399.7	15	0
2137.50	3346733	594397	3346733	13823574016	399.9	15	0
2138.50	3346733	594397	3346733	13823774720	403.7	15	0
2139.50	3346733	594397	3346733	13823565824	399.6	15	0
2140.51	3346733	594397	3346733	13823631360	403.6	15	0
2141.51	3346733	594397	3346733	13824004096	399.7	15	0
2142.51	3346733	594397	3346733	13824217088	399.8	15	0
2143.52	3346733	594397	3346733	13823680512	403.8	15	0
2144.52	3346733	594397	3346733	13823864832	399.8	15	0
2145.53	3346733	594397	3346733	13823676416	403.8	15	0
2146.53	3346733	594397	3346733	13823676416	399.8	15	0
2147.53	3346733	594397	3346733	13824036864	399.8	15	0
2148.54	3346733	594397	3346733	13823975424	403.9	15	0
2149.54	3346733	594397	3346733	13824192512	399.8	15	0
2150.55	3346733	594397	3346733	13823934464	403.8	15	0
2151.55	3346733	594397	3346733	13824196608	399.7	15	0
2152.55	3346733	594397	3346733	13824184320	399.9	15	0
2153.56	3346733	594397	3346733	13824126976	403.8	15	0
2154.56	3346733	594397	3346733	13824286720	399.8	15	0
2155.57	3346733	594397	3346733	13824229376	399.8	15	0
2156.57	3346733	594397	3346733	13824065536	403.8	15	0
2157.57	3346733	594397	3346733	13823889408	399.7	15	0
2158.58	3346733	594397	3346733	13823823872	403.7	15	0
2159.58	3346733	594397	3346733	13823946752	399.7	15	0
2160.58	3346733	594397	3346733	13823766528	399.8	15	0
2161.59	3346733	594397	3346733	13823877120	403.7	15	0
2162.59	3346733	594397	3346733	13824032768	399.8	15	0
2163.60	3346733	594397	3346733	13824040960	403.7	15	0
2164.60	3346733	594397	3346733	13824053248	399.7	15	0
2165.60	3346733	594397	3346733	13824036864	399.8	15	0
2166.61	3346733	594397	3346733	13824188416	403.7	15	0
2167.61	3346733	594397	3346733	13824053248	399.8	15	0
2168.62	3346733	594397	3346733	13824020480	403.7	15	0
2169.62	3346733	594397	3346733	13824110592	399.8	15	0
2170.62	3346733	594397	3346733	13823959040	399.9	15	0
2171.63	3346733	594397	3346733	13824110592	403.8	15	0
2172.63	3346733	594397	3346733	13824016384	400.1	15	0
2173.64	3346733	594397	3346733	13823946752	399.4	15	0
2174.64	3346733	594397	3346733	13824483328	403.8	15	0
2175.64	3346733	594397	3346733	13823889408	399.6	15	0
2176.65	3346733	594397	3346733	13824094208	403.7	15	0
2177.65	3346733	594397	3346733	13823983616	399.8	15	0
2178.66	3346733	594397	3346733	13823795200	399.7	15	0
2179.66	3346733	594397	3346733	13824196608	403.7	15	0
2180.66	3346733	594397	3346733	13824020480	399.8	15	0
2181.67	3346733	594397	3346733	13824196608	403.7	15	0
2182.67	3346733	594397	3346733	13824217088	399.8	15	0
2183.68	3346733	594397	3346733	13824249856	399.7	15	0
2184.68	3346733	594397	3346733	13824405504	403.8	15	0
2185.68	3346733	594397	3346733	13824024576	399.8	15	0
2186.69	3346733	594397	3346733	13824118784	403.8	15	0
2187.69	3346733	594397	3346733	13824172032	399.8	15	0
2188.69	3346733	594397	3346733	13824479232	399.8	15	0
2189.70	3346733	594397	3346733	13824737280	403.7	15	0
2190.70	3346733	594397	3346733	13824204800	399.8	15	0
2191.71	3346733	599131	3346733	13829390336	486.2	15	0
2192.71	3346733	605086	3346733	13835358208	503.2	15	0
2193.71	3346733	611027	3346733	13841465344	503.0	15	0
2194.72	3346733	616952	3346733	13847666688	507.8	15	0
2195.72	3346733	622872	3346733	13853442048	503.0	15	0
2196.73	3346733	628810	3346733	13860016128	503.3	15	0
2197.73	3346733	631626	3346733	13862936576	453.6	15	0
2198.73	3346733	631626	3346733	13862670336	399.8	15	0
2199.74	3346733	631626	3346733	13862768640	403.8	15	0
2200.74	3346733	631626	3346733	13862522880	399.9	15	0
2201.75	3346733	631626	3346733	13862633472	399.8	15	0
2202.75	3346733	631626	3346733	13862965248	403.6	15	0
2203.75	3346733	631626	3346733	13862838272	399.7	15	0
2204.76	3346733	631626	3346733	13862703104	403.8	15	0
2205.76	3346733	631626	3346733	13862895616	399.9	15	0
2206.76	3346733	631626	3346733	13862653952	399.7	15	0
2207.77	3346733	631626	3346733	13862297600	403.8	15	0
2208.77	3346733	631626	3346733	13862621184	399.8	15	0
2209.78	3346733	631626	3346733	13862662144	403.8	15	0
2210.78	3346733	631626	3346733	13862297600	399.7	15	0
2211.78	3346733	631626	3346733	13862379520	399.9	15	0
2212.79	3346733	631626	3346733	13862080512	403.7	15	0
2213.79	3346733	631626	3346733	13862096896	399.8	15	0
2214.80	3346733	631626	3346733	13862285312	399.8	15	0
2215.80	3346733	631626	3346733	13862359040	403.8	15	0
2216.80	3346733	631626	3346733	13862264832	399.8	15	0
2217.81	3346733	631626	3346733	13862232064	403.8	15	0
2218.81	3346733	631626	3346733	13862313984	399.8	15	0
2219.81	3346733	631626	3346733	13862326272	399.8	15	0
2220.82	3346733	631626	3346733	13862555648	403.7	15	0
2221.82	3346733	631626	3346733	13862629376	399.9	15	0
2222.83	3346733	631626	3346733	13862682624	403.8	15	0
2223.83	3346733	631626	3346733	13862215680	399.7	15	0
2224.83	3346733	631626	3346733	13862363136	399.8	15	0
2225.84	3346733	631626	3346733	13862141952	403.7	15	0
2226.84	3346733	631626	3346733	13862371328	399.8	15	0
2227.85	3346733	631626	3346733	13862350848	403.8	15	0
2228.85	3346733	631626	3346733	13862363136	399.8	15	0
2229.85	3346733	631626	3346733	13862608896	399.7	15	0
2230.86	3346733	631626	3346733	13861986304	403.8	15	0
2231.86	3346733	631626	3346733	13862256640	399.8	15	0
2232.87	3346733	631626	3346733	13862166528	399.7	15	0
2233.87	3346733	631626	3346733	13862035456	403.8	15	0
2234.87	3346733	631626	3346733	13862133760	399.8	15	0
2235.88	3346733	631626	3346733	13862170624	403.7	15	0
2236.88	3346733	631626	3346733	13862166528	399.7	15	0
2237.88	3346733	631626	3346733	13862248448	399.8	15	0
2238.89	3346733	631626	3346733	13862248448	403.7	15	0
2239.89	3346733	631626	3346733	13862346752	400.5	15	0
2240.90	3346733	631626	3346733	13861937152	403.0	15	0
2241.90	3346733	631626	3346733	13862109184	399.7	15	0
2242.90	3346733	631626	3346733	13862133760	399.8	15	0
2243.91	3346733	631626	3346733	13861928960	403.8	15	0
2244.91	3346733	631626	3346733	13862211584	399.8	15	0
2245.92	3346733	631626	3346733	13862309888	403.8	15	0
2246.92	3346733	631626	3346733	13862064128	399.7	15	0
2247.92	3346733	631626	3346733	13862215680	399.8	15	0
2248.93	3346733	631626	3346733	13862100992	403.7	15	0
2249.93	3346733	631626	3346733	13862268928	399.9	15	0
2250.94	3346733	631626	3346733	13862281216	403.8	15	0
2251.94	3346733	631626	3346733	13862121472	399.7	15	0
2252.94	3346733	631626	3346733	13862137856	399.8	15	0
2253.95	3346733	631626	3346733	13862240256	403.9	15	0
2254.95	3346733	631626	3346733	13862146048	399.8	15	0
2255.96	3346733	631626	3346733	13862088704	403.8	15	0
2256.96	3346733	631626	3346733	13862092800	399.9	15	0
2257.96	3346733	631626	3346733	13862076416	399.7	15	0
2258.97	3346733	631626	3346733	13862133760	403.7	15	0
2259.97	3346733	631626	3346733	13862170624	399.8	15	0
2260.98	3346733	631626	3346733	13862215680	403.8	15	0
2261.98	3346733	631626	3346733	13862072320	399.8	15	0
2262.98	3346733	631626	3346733	13862133760	399.8	15	0
2263.99	3346733	631626	3346733	13862219776	403.9	15	0
2264.99	3346733	631626	3346733	13862121472	399.7	15	0
2266.00	3346733	631626	3346733	13862244352	403.7	15	0
2267.00	3346733	631626	3346733	13862346752	399.7	15	0
2268.00	3346733	631626	3346733	13862477824	400.0	15	0
2269.01	3346733	631626	3346733	13862551552	403.6	15	0
2270.01	3346733	631626	3346733	13862338560	399.8	15	0
2271.02	3346733	631626	3346733	13862387712	399.9	15	0
2272.02	3346733	631626	3346733	13862539264	403.7	15	0
2273.02	3346733	631626	3346733	13862588416	399.8	15	0
2274.03	3346733	631626	3346733	13862367232	403.8	15	0
2275.03	3346733	631626	3346733	13862297600	399.8	15	0
2276.04	3346733	631626	3346733	13861822464	399.8	15	0
2277.04	3346733	631626	3346733	13861826560	403.8	15	0
2278.04	3346733	631626	3346733	13861826560	399.8	15	0
2279.05	3346733	631626	3346733	13861609472	403.7	15	0
2280.05	3346733	631626	3346733	13862006784	399.8	15	0
2281.06	3346733	631626	3346733	13861904384	403.8	15	0
2282.06	3346733	631626	3346733	13861949440	399.8	15	0
2283.06	3346733	631626	3346733	13862117376	399.9	15	0
2284.07	3346733	631626	3346733	13862084608	403.7	15	0
2285.07	3346733	631626	3346733	13862006784	399.8	15	0
2286.08	3346733	631626	3346733	13861728256	403.8	15	0
2287.08	3346733	631626	3346733	13862014976	399.8	15	0
2288.08	3346733	631626	3346733	13861900288	399.7	15	0
2289.09	3346733	631626	3346733	13862146048	403.8	15	0
2290.09	3346733	631626	3346733	13861928960	399.7	15	0
2291.10	3346733	631626	3346733	13862092800	403.8	15	0
2292.10	3346733	631626	3346733	13861777408	399.7	15	0
2293.10	3346733	631626	3346733	13862182912	399.8	15	0
2294.11	3346733	631626	3346733	13862252544	403.7	15	0
2295.11	3346733	631626	3346733	13862367232	399.7	15	0
2296.12	3346733	631626	3346733	13861965824	399.8	15	0
2297.12	3346733	631626	3346733	13861732352	403.7	15	0
2298.12	3346733	631626	3346733	13862002688	399.8	15	0
2299.13	3346733	631626	3346733	13862150144	403.8	15	0
2300.13	3346733	631626	3346733	13861703680	399.8	15	0
2301.13	3346733	631626	3346733	13861994496	399.8	15	0
2302.14	3346733	631626	3346733	13861875712	403.7	15	0
2303.14	3346733	631626	3346733	13861658624	399.7	15	0
2304.15	3346733	631626	3346733	13861883904	403.8	15	0
2305.15	3346733	631626	3346733	13861842944	399.7	15	0
2306.15	3346733	631626	3346733	13862055936	399.8	15	0
2307.16	3346733	631626	3346733	13861838848	403.7	15	0
2308.16	3346733	631626	3346733	13861679104	399.8	15	0
2309.17	3346733	631626	3346733	13861916672	399.8	15	0
2310.17	3346733	631626	3346733	13862584320	403.7	15	0
2311.17	3346733	631626	3346733	13862289408	399.8	15	0
2312.18	3346733	631626	3346733	13862363136	403.8	15	0
2313.18	3346733	631626	3346733	13862027264	399.7	15	0
2314.18	3346733	631626	3346733	13862252544	399.9	15	0
2315.19	3346733	631626	3346733	13862047744	403.7	15	0
2316.19	3346733	631626	3346733	13862014976	399.7	15	0
2317.20	3346733	631626	3346733	13861810176	403.9	15	0
2318.20	3346733	631626	3346733	13861724160	399.8	15	0
2319.20	3346733	631626	3346733	13862133760	399.7	15	0
2320.21	3346733	631626	3346733	13862117376	403.8	15	0
2321.21	3346733	631626	3346733	13861879808	399.8	15	0
2322.22	3346733	631626	3346733	13861834752	403.8	15	0
2323.22	3346733	631626	3346733	13862133760	399.7	15	0
2324.22	3346733	631626	3346733	13862141952	399.8	15	0
2325.23	3346733	631626	3346733	13862006784	403.8	15	0
2326.23	3346733	631626	3346733	13862039552	399.8	15	0
2327.24	3346733	631626	3346733	13862035456	399.8	15	0
2328.24	3346733	631626	3346733	13862088704	403.8	15	0
2329.24	3346733	631626	3346733	13862014976	399.8	15	0
2330.25	3346733	631626	3346733	13862117376	403.8	15	0
2331.25	3346733	631626	3346733	13862313984	399.7	15	0
2332.25	3346733	631626	3346733	13861834752	399.8	15	0
2333.26	3346733	631626	3346733	13862031360	403.8	15	0
2334.26	3346733	631626	3346733	13862866944	399.8	15	0
2335.27	3346733	631626	3346733	13862723584	403.8	15	0
2336.27	3346733	631626	3346733	13862985728	399.7	15	0
2337.27	3346733	631626	3346733	13862604800	399.7	15	0
2338.28	3346733	631626	3346733	13862727680	403.8	15	0
2339.28	3346733	631626	3346733	13863002112	399.7	15	0
2340.29	3346733	631626	3346733	13862633472	403.7	15	0
2341.29	3346733	631626	3346733	13862465536	399.8	15	0
2342.29	3346733	631626	3346733	13862486016	399.7	15	0
2343.30	3346733	631626	3346733	13862756352	403.8	15	0
2344.30	3346733	631626	3346733	13862912000	399.8	15	0
2345.31	3346733	631626	3346733	13862506496	399.6	15	0
2346.31	3346733	631626	3346733	13862420480	403.7	15	0
2347.31	3346733	631626	3346733	13862285312	399.8	15	0
2348.32	3346733	631626	3346733	13862293504	403.8	15	0
2349.32	3346733	631626	3346733	13862641664	399.8	15	0
2350.32	3346733	631626	3346733	13862293504	399.8	15	0
2351.33	3346733	631626	3346733	13862572032	403.8	15	0
2352.33	3346733	631626	3346733	13862359040	399.8	15	0
2353.34	3346733	631626	3346733	13862539264	403.7	15	0
2354.34	3346733	631626	3346733	13862342656	399.8	15	0
2355.34	3346733	631626	3346733	13862338560	399.9	15	0
2356.35	3346733	631626	3346733	13862567936	403.6	15	0
2357.35	3346733	631626	3346733	13862588416	399.8	15	0
2358.36	3346733	631626	3346733	13862776832	399.8	15	0
2359.36	3346733	631626	3346733	13862686720	403.8	15	0
2360.36	3346733	631626	3346733	13862449152	399.8	15	0
2361.37	3346733	631626	3346733	13862699008	403.7	15	0
2362.37	3346733	631626	3346733	13862432768	399.8	15	0
2363.37	3346733	631626	3346733	13862543360	399.7	15	0
2364.38	3346733	631626	3346733	13862551552	403.8	15	0
2365.38	3346733	631626	3346733	13862473728	399.8	15	0
2366.39	3346733	631626	3346733	13862322176	403.8	15	0
2367.39	3346733	631626	3346733	13862363136	399.7	15	0
2368.39	3346733	631626	3346733	13862256640	399.7	15	0
2369.40	3346733	631626	3346733	13862629376	403.8	15	0
2370.40	3346733	631626	3346733	13862563840	399.8	15	0
2371.41	3346733	631626	3346733	13862465536	403.7	15	0
2372.41	3346733	631626	3346733	13862313984	399.8	15	0
2373.41	3346733	631626	3346733	13862203392	399.8	15	0
2374.42	3346733	631626	3346733	13862334464	403.8	15	0
2375.42	3346733	631626	3346733	13862100992	399.8	15	0
2376.43	3346733	631626	3346733	13862133760	399.8	15	0
2377.43	3346733	631626	3346733	13862133760	403.8	15	0
2378.43	3346733	631626	3346733	13862342656	399.8	15	0
2379.44	3346733	631626	3346733	13862346752	403.8	15	0
2380.44	3346733	631626	3346733	13862293504	399.8	15	0
2381.44	3346733	631626	3346733	13862219776	399.8	15	0
2382.45	3346733	631626	3346733	13862182912	403.7	15	0
2383.45	3346733	631626	3346733	13862150144	399.8	15	0
2384.46	3346733	631626	3346733	13862367232	403.7	15	0
2385.46	3346733	631626	3346733	13862248448	399.8	15	0
2386.46	3346733	631626	3346733	13862281216	399.8	15	0
2387.47	3346733	631626	3346733	13862211584	403.7	15	0
2388.47	3346733	631626	3346733	13862264832	399.8	15	0
2389.48	3346733	631626	3346733	13862141952	403.8	15	0
2390.48	3346733	631626	3346733	13862223872	399.8	15	0
2391.48	3346733	631626	3346733	13862223872	400.4	15	0
2392.49	3346733	631626	3346733	13862170624	403.2	15	0
2393.49	3346733	631626	3346733	13862289408	399.8	15	0
2394.50	3346733	631626	3346733	13862301696	399.8	15	0
2395.50	3346733	631626	3346733	13862248448	403.8	15	0
2396.50	3346733	631626	3346733	13862522880	399.8	15	0
2397.51	3346733	631626	3346733	13862531072	403.7	15	0
2398.51	3346733	631626	3346733	13862457344	399.9	15	0
2399.51	3346733	631626	3346733	13862772736	399.8	15	0
2400.52	3346733	631626	3346733	13862678528	403.7	15	0
2401.52	3346733	631626	3346733	13862481920	399.7	15	0
2402.53	3346733	631626	3346733	13862486016	403.7	15	0
2403.53	3346733	631626	3346733	13862584320	399.8	15	0
2404.53	3346733	631626	3346733	13862604800	399.8	15	0
2405.54	3346733	631626	3346733	13862129664	403.7	15	0
2406.54	3346733	631626	3346733	13862363136	399.7	15	0
2407.55	3346733	631626	3346733	13862268928	403.8	15	0
2408.55	3346733	631626	3346733	13862289408	399.8	15	0
2409.55	3346733	631626	3346733	13862203392	399.7	15	0
2410.56	3346733	631626	3346733	13862174720	403.7	15	0
2411.56	3346733	631626	3346733	13862354944	399.8	15	0
2412.57	3346733	631626	3346733	13862109184	399.8	15	0
2413.57	3346733	631626	3346733	13862264832	403.8	15	0
2414.57	3346733	631626	3346733	13862412288	399.8	15	0
2415.58	3346733	631626	3346733	13862105088	403.7	15	0
2416.58	3346733	631626	3346733	13862105088	399.7	15	0
2417.58	3346733	631626	3346733	13862187008	399.7	15	0
2418.59	3346733	631626	3346733	13862391808	403.8	15	0
2419.59	3346733	631626	3346733	13862629376	399.8	15	0
2420.60	3346733	631626	3346733	13862215680	403.8	15	0
2421.60	3346733	631626	3346733	13862264832	399.8	15	0
2422.60	3346733	631626	3346733	13862273024	399.8	15	0
2423.61	3346733	631626	3346733	13862330368	403.8	15	0
2424.61	3346733	631626	3346733	13862379520	399.7	15	0
2425.62	3346733	631626	3346733	13862268928	399.7	15	0
2426.62	3346733	631626	3346733	13862244352	403.8	15	0
2427.62	3346733	631626	3346733	13862354944	399.7	15	0
2428.63	3346733	631626	3346733	13862240256	403.8	15	0
2429.63	3346733	631626	3346733	13862289408	399.9	15	0
2430.63	3346733	631626	3346733	13862359040	399.7	15	0
2431.64	3346733	631626	3346733	13862264832	403.7	15	0
2432.64	3346733	631626	3346733	13862125568	399.7	15	0
2433.65	3346733	631626	3346733	13862498304	403.7	15	0
2434.65	3346733	631626	3346733	13863034880	399.7	15	0
2435.65	3346733	631626	3346733	13862907904	399.6	15	0
2436.66	3346733	631626	3346733	13862363136	403.8	15	0
2437.66	3346733	631626	3346733	13862293504	399.8	15	0
2438.67	3346733	631626	3346733	13862846464	399.8	15	0
2439.67	3346733	631626	3346733	13862936576	403.7	15	0
2440.67	3346733	631626	3346733	13862690816	399.8	15	0
2441.68	3346733	631626	3346733	13862776832	403.8	15	0
2442.68	3346733	631626	3346733	13863018496	399.8	15	0
2443.68	3346733	631626	3346733	13862694912	399.8	15	0
2444.69	3346733	631626	3346733	13862367232	403.8	15	0
2445.69	3346733	631626	3346733	13862322176	399.8	15	0
2446.70	3346733	631626	3346733	13862424576	403.7	15	0
2447.70	3346733	631626	3346733	13862481920	399.8	15	0
2448.70	3346733	631626	3346733	13862895616	399.8	15	0
2449.71	3346733	631626	3346733	13862703104	403.7	15	0
2450.71	3346733	631626	3346733	13862363136	399.8	15	0
2451.72	3346733	635984	3346733	13867454464	473.7	15	0
2452.72	3346733	642009	3346733	13873467392	508.3	15	0
2453.72	3346733	648047	3346733	13879975936	503.2	15	0
2454.73	3346733	654103	3346733	13886394368	508.1	15	0
2455.73	3346733	660173	3346733	13892734976	502.8	15	0
2456.73	3346733	666227	3346733	13898792960	503.1	15	0
2457.74	3346733	672263	3346733	13904609280	508.2	15	0
2458.74	3346733	678315	3346733	13910675456	503.2	15	0
2459.75	3346733	684354	3346733	13917224960	508.0	15	0
2460.75	3346733	690414	3346733	13923377152	503.1	15	0
2461.75	3346733	696467	3346733	13930168320	503.3	15	0
2462.76	3346733	702521	3346733	13936046080	508.2	15	0
2463.76	3346733	706943	3346733	13940494336	475.8	15	0
2464.77	3346733	706943	3346733	13940412416	399.9	15	0
2465.77	3346733	706943	3346733	13940330496	403.7	15	0
2466.77	3346733	706943	3346733	13940031488	399.8	15	0
2467.78	3346733	706943	3346733	13939826688	403.7	15	0
2468.78	3346733	706943	3346733	13940129792	399.8	15	0
2469.78	3346733	706943	3346733	13940011008	399.8	15	0
2470.79	3346733	706943	3346733	13939953664	403.8	15	0
2471.79	3346733	706943	3346733	13939961856	399.8	15	0
2472.80	3346733	706943	3346733	13939970048	403.8	15	0
2473.80	3346733	706943	3346733	13939851264	399.9	15	0
2474.80	3346733	706943	3346733	13940195328	399.8	15	0
2475.81	3346733	706943	3346733	13940039680	403.7	15	0
2476.81	3346733	706943	3346733	13939908608	399.7	15	0
2477.82	3346733	706943	3346733	13940187136	403.8	15	0
2478.82	3346733	706943	3346733	13939994624	399.8	15	0
2479.82	3346733	706943	3346733	13940191232	399.8	15	0
2480.83	3346733	706943	3346733	13939834880	403.7	15	0
2481.83	3346733	706943	3346733	13939720192	399.8	15	0
2482.83	3346733	706943	3346733	13939712000	399.8	15	0
2483.84	3346733	706943	3346733	13939552256	403.8	15	0
2484.84	3346733	706943	3346733	13939826688	399.8	15	0
2485.85	3346733	706943	3346733	13939490816	403.8	15	0
2486.85	3346733	706943	3346733	13939490816	399.6	15	0
2487.85	3346733	706943	3346733	13939548160	399.8	15	0
2488.86	3346733	706943	3346733	13939957760	403.8	15	0
2489.86	3346733	706943	3346733	13940023296	399.7	15	0
2490.87	3346733	706943	3346733	13939867648	403.9	15	0
2491.87	3346733	706943	3346733	13939814400	399.7	15	0
2492.87	3346733	706943	3346733	13939683328	399.8	15	0
2493.88	3346733	706943	3346733	13940002816	403.8	15	0
2494.88	3346733	706943	3346733	13940092928	399.9	15	0
2495.89	3346733	706943	3346733	13939974144	399.7	15	0
2496.89	3346733	706943	3346733	13939761152	403.7	15	0
2497.89	3346733	706943	3346733	13939789824	399.7	15	0
2498.90	3346733	706943	3346733	13939564544	403.7	15	0
2499.90	3346733	706943	3346733	13939834880	399.8	15	0
2500.90	3346733	706943	3346733	13939879936	399.8	15	0
2501.91	3346733	706943	3346733	13940011008	403.8	15	0
2502.91	3346733	706943	3346733	13940060160	399.9	15	0
2503.92	3346733	706943	3346733	13939769344	399.7	15	0
2504.92	3346733	706943	3346733	13939879936	403.7	15	0
2505.92	3346733	706943	3346733	13939470336	399.8	15	0
2506.93	3346733	706943	3346733	13939445760	403.8	15	0
2507.93	3346733	706943	3346733	13939404800	399.8	15	0
2508.93	3346733	706943	3346733	13939412992	399.8	15	0
2509.94	3346733	706943	3346733	13939703808	403.8	15	0
2510.94	3346733	706943	3346733	13939572736	399.8	15	0
2511.95	3346733	706943	3346733	13939703808	403.7	15	0
2512.95	3346733	706943	3346733	13939437568	399.8	15	0
2513.95	3346733	706943	3346733	13939470336	399.8	15	0
2514.96	3346733	706943	3346733	13939654656	403.9	15	0
2515.96	3346733	706943	3346733	13939818496	399.8	15	0
2516.97	3346733	706943	3346733	13939679232	399.9	15	0
2517.97	3346733	706943	3346733	13939470336	403.8	15	0
2518.97	3346733	706943	3346733	13939523584	399.9	15	0
2519.98	3346733	706943	3346733	13939638272	403.7	15	0
2520.98	3346733	706943	3346733	13939568640	399.8	15	0
2521.98	3346733	706943	3346733	13939769344	399.8	15	0
2522.99	3346733	706943	3346733	13939945472	403.9	15	0
2523.99	3346733	706943	3346733	13939822592	399.7	15	0
2525.00	3346733	706943	3346733	13939597312	399.8	15	0
2526.00	3346733	706943	3346733	13939437568	403.8	15	0
2527.00	3346733	706943	3346733	13939961856	399.8	15	0
2528.01	3346733	706943	3346733	13939638272	403.9	15	0
2529.01	3346733	706943	3346733	13939802112	399.7	15	0
2530.01	3346733	706943	3346733	13939802112	399.8	15	0
2531.02	3346733	706943	3346733	13939572736	403.7	15	0
2532.02	3346733	706943	3346733	13939482624	399.8	15	0
2533.03	3346733	706943	3346733	13939499008	403.7	15	0
2534.03	3346733	706943	3346733	13939408896	399.9	15	0
2535.03	3346733	706943	3346733	13939814400	399.8	15	0
2536.04	3346733	706943	3346733	13939429376	403.7	15	0
2537.04	3346733	706943	3346733	13939568640	399.7	15	0
2538.04	3346733	706943	3346733	13939458048	399.8	15	0
2539.05	3346733	706943	3346733	13939990528	403.8	15	0
2540.05	3346733	706943	3346733	13940109312	399.7	15	0
2541.06	3346733	706943	3346733	13940191232	403.8	15	0
2542.06	3346733	706943	3346733	13939986432	399.9	15	0
2543.06	3346733	706943	3346733	13940076544	399.8	15	0
2544.07	3346733	706943	3346733	13939970048	403.8	15	0
2545.07	3346733	706943	3346733	13940322304	399.8	15	0
2546.08	3346733	706943	3346733	13940449280	399.7	15	0
2547.08	3346733	706943	3346733	13939879936	403.8	15	0
2548.08	3346733	706943	3346733	13940285440	399.8	15	0
2549.09	3346733	706943	3346733	13940768768	403.8	15	0
2550.09	3346733	706943	3346733	13940023296	399.7	15	0
2551.09	3346733	706943	3346733	13940031488	399.7	15	0
2552.10	3346733	706943	3346733	13939879936	403.7	15	0
2553.10	3346733	706943	3346733	13940015104	399.8	15	0
2554.11	3346733	706943	3346733	13939904512	403.8	15	0
2555.11	3346733	706943	3346733	13939892224	399.9	15	0
2556.11	3346733	706943	3346733	13940264960	399.8	15	0
2557.12	3346733	706943	3346733	13940047872	403.8	15	0
2558.12	3346733	706943	3346733	13940232192	399.8	15	0
2559.13	3346733	706943	3346733	13940482048	399.8	15	0
2560.13	3346733	706943	3346733	13940367360	403.8	15	0
2561.13	3346733	706943	3346733	13940068352	399.9	15	0
2562.14	3346733	706943	3346733	13940101120	404.0	15	0
2563.14	3346733	706943	3346733	13940047872	399.9	15	0
2564.14	3346733	706943	3346733	13939867648	399.8	15	0
2565.15	3346733	706943	3346733	13940080640	403.8	15	0
2566.15	3346733	706943	3346733	13939814400	399.9	15	0
2567.16	3346733	706943	3346733	13940019200	399.9	15	0
2568.16	3346733	706943	3346733	13939843072	403.8	15	0
2569.16	3346733	706943	3346733	13940117504	399.8	15	0
2570.17	3346733	706943	3346733	13939658752	403.9	15	0
2571.17	3346733	706943	3346733	13939879936	399.8	15	0
2572.17	3346733	706943	3346733	13939773440	399.7	15	0
2573.18	3346733	706943	3346733	13940195328	403.8	15	0
2574.18	3346733	706943	3346733	13939953664	399.9	15	0
2575.19	3346733	706943	3346733	13939236864	403.8	15	0
2576.19	3346733	706943	3346733	13939228672	399.9	15	0
2577.19	3346733	706943	3346733	13939232768	399.8	15	0
2578.20	3346733	709563	3346733	13942530048	452.6	15	0
2579.20	3346733	715302	3346733	13948473344	503.8	15	0
2580.21	3346733	721205	3346733	13954396160	509.5	15	0
2581.21	3346733	727272	3346733	13960040448	504.5	15	0
2582.21	3346733	733354	3346733	13966512128	504.7	15	0
2583.22	3346733	739391	3346733	13973307392	509.3	15	0
2584.22	3346733	744935	3346733	13978783744	496.1	15	0
2585.23	3346733	744935	3346733	13978705920	403.7	15	0
2586.23	3346733	744935	3346733	13978746880	399.7	15	0
2587.23	3346733	744935	3346733	13978828800	399.7	15	0
2588.24	3346733	744935	3346733	13978832896	403.7	15	0
2589.24	3346733	744935	3346733	13978767360	399.8	15	0
2590.25	3346733	744935	3346733	13978890240	403.8	15	0
2591.25	3346733	744935	3346733	13978935296	399.7	15	0
2592.25	3346733	744935	3346733	13978836992	399.8	15	0
2593.26	3346733	744935	3346733	13978943488	403.7	15	0
2594.26	3346733	744935	3346733	13979004928	399.9	15	0
2595.26	3346733	744935	3346733	13978976256	399.9	15	0
2596.27	3346733	744935	3346733	13979234304	403.8	15	0
2597.27	3346733	744935	3346733	13979504640	399.8	15	0
2598.28	3346733	744935	3346733	13978943488	403.8	15	0
2599.28	3346733	744935	3346733	13979475968	399.9	15	0
2600.28	3346733	744935	3346733	13978841088	399.7	15	0
2601.29	3346733	744935	3346733	13978845184	403.8	15	0
2602.29	3346733	744935	3346733	13978685440	399.8	15	0
2603.30	3346733	744935	3346733	13979152384	399.8	15	0
2604.30	3346733	744935	3346733	13978832896	403.9	15	0
2605.30	3346733	744935	3346733	13978906624	399.8	15	0
2606.31	3346733	744935	3346733	13978832896	403.8	15	0
2607.31	3346733	744935	3346733	13978648576	399.8	15	0
2608.31	3346733	744935	3346733	13978505216	399.8	15	0
2609.32	3346733	744935	3346733	13978734592	403.8	15	0
2610.32	3346733	744935	3346733	13978587136	399.8	15	0
2611.33	3346733	744935	3346733	13978796032	403.8	15	0
2612.33	3346733	744935	3346733	13978701824	399.8	15	0
2613.33	3346733	744935	3346733	13978947584	399.8	15	0
2614.34	3346733	744935	3346733	13978697728	403.8	15	0
2615.34	3346733	744935	3346733	13978480640	400.2	15	0
2616.35	3346733	744935	3346733	13978447872	399.4	15	0
2617.35	3346733	744935	3346733	13978673152	403.7	15	0
2618.35	3346733	744935	3346733	13978791936	399.8	15	0
2619.36	3346733	744935	3346733	13979074560	403.7	15	0
2620.36	3346733	744935	3346733	13978812416	399.8	15	0
2621.36	3346733	744935	3346733	13979144192	399.9	15	0
2622.37	3346733	744935	3346733	13979181056	403.7	15	0
2623.37	3346733	744935	3346733	13978656768	399.9	15	0
2624.38	3346733	744935	3346733	13978718208	403.8	15	0
2625.38	3346733	744935	3346733	13978402816	399.9	15	0
2626.38	3346733	744935	3346733	13978517504	399.8	15	0
2627.39	3346733	744935	3346733	13978329088	403.9	15	0
2628.39	3346733	744935	3346733	13978566656	399.7	15	0
2629.40	3346733	744935	3346733	13978304512	399.8	15	0
2630.40	3346733	744935	3346733	13978574848	403.8	15	0
2631.40	3346733	744935	3346733	13978542080	399.9	15	0
2632.41	3346733	744935	3346733	13978533888	403.8	15	0
2633.41	3346733	744935	3346733	13978476544	399.8	15	0
2634.41	3346733	744935	3346733	13978116096	399.8	15	0
2635.42	3346733	744935	3346733	13978251264	403.7	15	0
2636.42	3346733	744935	3346733	13978374144	399.8	15	0
2637.43	3346733	744935	3346733	13978284032	403.8	15	0
2638.43	3346733	744935	3346733	13978537984	399.9	15	0
2639.43	3346733	744935	3346733	13978628096	399.8	15	0
2640.44	3346733	744935	3346733	13978284032	403.8	15	0
2641.44	3346733	744935	3346733	13978345472	399.8	15	0
2642.45	3346733	744935	3346733	13978574848	403.8	15	0
2643.45	3346733	744935	3346733	13978394624	399.8	15	0
2644.45	3346733	744935	3346733	13978423296	399.7	15	0
2645.46	3346733	744935	3346733	13978394624	403.8	15	0
2646.46	3346733	744935	3346733	13978345472	399.8	15	0
2647.47	3346733	744935	3346733	13978316800	399.7	15	0
2648.47	3346733	744935	3346733	13978607616	403.7	15	0
2649.47	3346733	744935	3346733	13978337280	399.8	15	0
2650.48	3346733	744935	3346733	13978144768	403.7	15	0
2651.48	3346733	744935	3346733	13977907200	399.9	15	0
2652.48	3346733	744935	3346733	13978075136	399.8	15	0
2653.49	3346733	744935	3346733	13978570752	403.8	15	0
2654.49	3346733	744935	3346733	13978398720	399.8	15	0
2655.50	3346733	744935	3346733	13978140672	403.8	15	0
2656.50	3346733	744935	3346733	13978279936	399.8	15	0
2657.50	3346733	744935	3346733	13978337280	399.8	15	0
2658.51	3346733	744935	3346733	13978820608	403.8	15	0
2659.51	3346733	744935	3346733	13978562560	399.9	15	0
2660.52	3346733	744935	3346733	13978247168	399.9	15	0
2661.52	3346733	744935	3346733	13978324992	403.7	15	0
2662.52	3346733	744935	3346733	13977968640	399.9	15	0
2663.53	3346733	744935	3346733	13978173440	403.9	15	0
2664.53	3346733	744935	3346733	13978435584	399.8	15	0
2665.53	3346733	744935	3346733	13978095616	399.9	15	0
2666.54	3346733	744935	3346733	13978017792	403.8	15	0
2667.54	3346733	744935	3346733	13978112000	399.9	15	0
2668.55	3346733	744935	3346733	13977919488	403.8	15	0
2669.55	3346733	744935	3346733	13978406912	399.9	15	0
2670.55	3346733	744935	3346733	13978271744	399.8	15	0
2671.56	3346733	744935	3346733	13978378240	403.7	15	0
2672.56	3346733	744935	3346733	13978193920	399.8	15	0
2673.57	3346733	744935	3346733	13978091520	399.9	15	0
2674.57	3346733	744935	3346733	13978210304	403.8	15	0
2675.57	3346733	744935	3346733	13978083328	399.8	15	0
2676.58	3346733	744935	3346733	13978112000	403.8	15	0
2677.58	3346733	744935	3346733	13978382336	399.8	15	0
2678.58	3346733	744935	3346733	13978439680	399.9	15	0
2679.59	3346733	744935	3346733	13978488832	403.8	15	0
2680.59	3346733	744935	3346733	13978292224	399.8	15	0
2681.60	3346733	744935	3346733	13978337280	403.8	15	0
2682.60	3346733	744935	3346733	13978226688	399.9	15	0
2683.60	3346733	744935	3346733	13978329088	399.7	15	0
2684.61	3346733	744935	3346733	13978136576	403.8	15	0
2685.61	3346733	744935	3346733	13978243072	399.7	15	0
2686.62	3346733	744935	3346733	13978083328	403.9	15	0
2687.62	3346733	744935	3346733	13978288128	399.9	15	0
2688.62	3346733	744935	3346733	13978316800	399.8	15	0
2689.63	3346733	744935	3346733	13978324992	403.8	15	0
2690.63	3346733	744935	3346733	13978263552	399.9	15	0
2691.64	3346733	744935	3346733	13978357760	399.8	15	0
2692.64	3346733	744935	3346733	13978370048	403.8	15	0
2693.64	3346733	744935	3346733	13978398720	399.8	15	0
2694.65	3346733	744935	3346733	13978034176	403.7	15	0
2695.65	3346733	744935	3346733	13978116096	399.8	15	0
2696.65	3346733	744935	3346733	13978034176	400.0	15	0
2697.66	3346733	744935	3346733	13978214400	403.8	15	0
2698.66	3346733	744935	3346733	13977968640	399.7	15	0
2699.67	3346733	744935	3346733	13978025984	403.7	15	0
2700.67	3346733	744935	3346733	13978062848	399.7	15	0
2701.67	3346733	744935	3346733	13978087424	399.7	15	0
2702.68	3346733	744935	3346733	13978349568	403.8	15	0
2703.68	3346733	744935	3346733	13978284032	399.8	15	0
2704.69	3346733	744935	3346733	13978353664	403.7	15	0
2705.69	3346733	744935	3346733	13978419200	399.8	15	0
2706.69	3346733	744935	3346733	13978189824	399.8	15	0
2707.70	3346733	744935	3346733	13978189824	403.8	15	0
2708.70	3346733	744935	3346733	13978091520	399.8	15	0
2709.71	3346733	744935	3346733	13978558464	399.8	15	0
2710.71	3346733	744935	3346733	13978091520	403.7	15	0
2711.71	3346733	744935	3346733	13978198016	399.7	15	0
2712.72	3346733	744935	3346733	13978476544	403.8	15	0
2713.72	3346733	744935	3346733	13978288128	399.8	15	0
2714.72	3346733	744935	3346733	13978361856	399.8	15	0
2715.73	3346733	744935	3346733	13977808896	403.8	15	0
2716.73	3346733	744935	3346733	13978046464	399.8	15	0
2717.74	3346733	744935	3346733	13978099712	403.7	15	0
2718.74	3346733	744935	3346733	13978370048	399.9	15	0
2719.74	3346733	744935	3346733	13978378240	399.8	15	0
2720.75	3346733	744935	3346733	13978103808	403.7	15	0
2721.75	3346733	744935	3346733	13977972736	399.8	15	0
2722.75	3346733	744935	3346733	13978484736	399.8	15	0
2723.76	3346733	744935	3346733	13977956352	403.8	15	0
2724.76	3346733	744935	3346733	13978148864	399.8	15	0
2725.77	3346733	744935	3346733	13978075136	403.7	15	0
2726.77	3346733	744935	3346733	13977964544	399.8	15	0
2727.77	3346733	744935	3346733	13978046464	399.7	15	0
2728.78	3346733	744935	3346733	13978075136	403.7	15	0
2729.78	3346733	744935	3346733	13978468352	399.8	15	0
2730.79	3346733	744935	3346733	13978251264	399.8	15	0
2731.79	3346733	744935	3346733	13978165248	403.7	15	0
2732.79	3346733	744935	3346733	13978091520	399.9	15	0
2733.80	3346733	744935	3346733	13978009600	403.8	15	0
2734.80	3346733	744935	3346733	13978132480	399.9	15	0
2735.81	3346733	744935	3346733	13978255360	399.7	15	0
2736.81	3346733	744935	3346733	13977935872	403.7	15	0
2737.81	3346733	744935	3346733	13977927680	399.7	15	0
2738.82	3346733	744935	3346733	13977976832	403.7	15	0
2739.82	3346733	744935	3346733	13978263552	399.8	15	0
2740.82	3346733	744935	3346733	13978046464	399.8	15	0
2741.83	3346733	744935	3346733	13978447872	403.7	15	0
2742.83	3346733	744935	3346733	13978324992	399.8	15	0
2743.84	3346733	744935	3346733	13978390528	403.7	15	0
2744.84	3346733	744935	3346733	13978243072	399.8	15	0
2745.84	3346733	744935	3346733	13978312704	399.9	15	0
2746.85	3346733	744935	3346733	13977788416	403.7	15	0
2747.85	3346733	744935	3346733	13977939968	399.8	15	0
2748.86	3346733	744935	3346733	13977829376	399.8	15	0
2749.86	3346733	744935	3346733	13978009600	403.8	15	0
2750.86	3346733	744935	3346733	13977800704	399.7	15	0
2751.87	3346733	744935	3346733	13977931776	403.8	15	0
2752.87	3346733	744935	3346733	13977972736	399.7	15	0
2753.87	3346733	744935	3346733	13977821184	399.8	15	0
2754.88	3346733	744935	3346733	13977964544	403.8	15	0
2755.88	3346733	744935	3346733	13977899008	399.7	15	0
2756.89	3346733	744935	3346733	13977952256	403.8	15	0
2757.89	3346733	744935	3346733	13977792512	399.8	15	0
2758.89	3346733	744935	3346733	13977817088	399.8	15	0
2759.90	3346733	744935	3346733	13978058752	403.8	15	0
2760.90	3346733	744935	3346733	13977874432	399.8	15	0
2761.91	3346733	744935	3346733	13977792512	399.8	15	0
2762.91	3346733	744935	3346733	13977849856	403.7	15	0
2763.91	3346733	744935	3346733	13977960448	399.8	15	0
2764.92	3346733	744935	3346733	13978202112	403.6	15	0
2765.92	3346733	744935	3346733	13977968640	399.8	15	0
2766.93	3346733	744935	3346733	13978071040	399.8	15	0
2767.93	3346733	744935	3346733	13978025984	403.7	15	0
2768.93	3346733	744935	3346733	13978120192	399.9	15	0
2769.94	3346733	744935	3346733	13978095616	403.8	15	0
2770.94	3346733	744935	3346733	13978357760	399.8	15	0
2771.94	3346733	744935	3346733	13978214400	399.8	15	0
2772.95	3346733	744935	3346733	13978398720	403.7	15	0
2773.95	3346733	744935	3346733	13977858048	399.8	15	0
2774.96	3346733	744935	3346733	13978271744	403.8	15	0
2775.96	3346733	744935	3346733	13978017792	399.8	15	0
2776.96	3346733	744935	3346733	13977821184	399.8	15	0
2777.97	3346733	744935	3346733	13978099712	403.8	15	0
2778.97	3346733	744935	3346733	13978095616	399.7	15	0
2779.98	3346733	744935	3346733	13977841664	399.8	15	0
2780.98	3346733	744935	3346733	13978087424	403.9	15	0
2781.98	3346733	744935	3346733	13978152960	399.8	15	0
2782.99	3346733	744935	3346733	13978349568	403.7	15	0
2783.99	3346733	744935	3346733	13978435584	399.7	15	0
2784.99	3346733	744935	3346733	13978705920	399.8	15	0
2786.00	3346733	744935	3346733	13978353664	403.8	15	0
2787.00	3346733	744935	3346733	13977874432	399.8	15	0
2788.01	3346733	744935	3346733	13977972736	403.7	15	0
2789.01	3346733	744935	3346733	13978120192	399.8	15	0
2790.01	3346733	744935	3346733	13977972736	399.9	15	0
2791.02	3346733	744935	3346733	13977956352	403.7	15	0
2792.02	3346733	744935	3346733	13977907200	399.9	15	0
2793.03	3346733	744935	3346733	13978046464	399.8	15	0
2794.03	3346733	744935	3346733	13978198016	403.7	15	0
2795.03	3346733	744935	3346733	13977997312	399.7	15	0
2796.04	3346733	744935	3346733	13977870336	403.8	15	0
2797.04	3346733	744935	3346733	13977935872	399.7	15	0
2798.04	3346733	744935	3346733	13977849856	399.8	15	0
2799.05	3346733	744935	3346733	13978025984	403.9	15	0
2800.05	3346733	744935	3346733	13978132480	399.8	15	0
2801.06	3346733	744935	3346733	13978333184	403.8	15	0
2802.06	3346733	744935	3346733	13977952256	399.9	15	0
2803.06	3346733	744935	3346733	13978169344	399.8	15	0
2804.07	3346733	744935	3346733	13978161152	403.7	15	0
2805.07	3346733	744935	3346733	13977890816	399.8	15	0
2806.08	3346733	744935	3346733	13978275840	399.8	15	0
2807.08	3346733	744935	3346733	13978112000	403.8	15	0
2808.08	3346733	744935	3346733	13978894336	399.8	15	0
2809.09	3346733	744935	3346733	13978267648	403.7	15	0
2810.09	3346733	744935	3346733	13978087424	399.7	15	0
2811.09	3346733	744935	3346733	13977927680	399.7	15	0
2812.10	3346733	744935	3346733	13978312704	403.8	15	0
2813.10	3346733	744935	3346733	13978234880	399.8	15	0
2814.11	3346733	744935	3346733	13978370048	403.7	15	0
2815.11	3346733	744935	3346733	13978148864	399.7	15	0
2816.11	3346733	744935	3346733	13977960448	399.8	15	0
2817.12	3346733	744935	3346733	13977931776	403.8	15	0
2818.12	3346733	744935	3346733	13978152960	399.7	15	0
2819.13	3346733	744935	3346733	13978132480	399.8	15	0
2820.13	3346733	744935	3346733	13978083328	403.7	15	0
2821.13	3346733	744935	3346733	13977788416	399.8	15	0
2822.14	3346733	744935	3346733	13977874432	403.8	15	0
2823.14	3346733	744935	3346733	13977911296	399.8	15	0
2824.15	3346733	744935	3346733	13978079232	399.8	15	0
2825.15	3346733	744935	3346733	13978120192	403.8	15	0
2826.15	3346733	744935	3346733	13978021888	399.8	15	0
2827.16	3346733	744935	3346733	13978021888	403.8	15	0
2828.16	3346733	744935	3346733	13978406912	399.7	15	0
2829.16	3346733	744935	3346733	13978030080	399.8	15	0
2830.17	3346733	744935	3346733	13978034176	403.7	15	0
2831.17	3346733	744935	3346733	13977931776	399.7	15	0
2832.18	3346733	744935	3346733	13977931776	403.8	15	0
2833.18	3346733	744935	3346733	13978169344	399.7	15	0
2834.18	3346733	746991	3346733	13980790784	434.7	15	0
2835.19	3346733	752965	3346733	13986832384	507.8	15	0
2836.19	3346733	758908	3346733	13992804352	504.2	15	0
2837.20	3346733	764833	3346733	13998968832	509.7	15	0
2838.20	3346733	770806	3346733	14004908032	504.6	15	0
2839.20	3346733	776792	3346733	14011486208	503.7	15	0
2840.21	3346733	782780	3346733	14017785856	507.9	15	0
2841.21	3346733	788768	3346733	14023749632	503.8	15	0
2842.22	3346733	794758	3346733	14029529088	509.3	15	0
2843.22	3346733	800747	3346733	14035775488	503.1	15	0
2844.22	3346733	806752	3346733	14042255360	503.4	15	0
2845.23	3346733	812757	3346733	14048423936	508.9	15	0
2846.23	3346733	818746	3346733	14054313984	504.5	15	0
2847.24	3346733	821059	3346733	14056820736	440.9	15	0
2848.24	3346733	821059	3346733	14056247296	403.7	15	0
2849.24	3346733	821059	3346733	14056677376	399.9	15	0
2850.25	3346733	821059	3346733	14056267776	403.8	15	0
2851.25	3346733	821059	3346733	14056280064	399.8	15	0
2852.26	3346733	821059	3346733	14056087552	399.8	15	0
2853.26	3346733	821059	3346733	14056198144	403.8	15	0
2854.26	3346733	821059	3346733	14056116224	399.7	15	0
2855.27	3346733	821059	3346733	14056312832	403.9	15	0
2856.27	3346733	821059	3346733	14056050688	399.7	15	0
2857.28	3346733	821059	3346733	14055964672	399.8	15	0
2858.28	3346733	821059	3346733	14056071168	403.9	15	0
2859.28	3346733	821059	3346733	14056177664	399.7	15	0
2860.29	3346733	821059	3346733	14055833600	403.8	15	0
2861.29	3346733	821059	3346733	14056124416	399.8	15	0
2862.29	3346733	821059	3346733	14056189952	399.8	15	0
2863.30	3346733	821059	3346733	14056284160	403.8	15	0
2864.30	3346733	821059	3346733	14055841792	399.8	15	0
2865.31	3346733	821059	3346733	14055829504	403.7	15	0
2866.31	3346733	821059	3346733	14056173568	399.8	15	0
2867.31	3346733	821059	3346733	14056026112	399.8	15	0
2868.32	3346733	821059	3346733	14056357888	403.8	15	0
2869.32	3346733	821059	3346733	14056329216	399.8	15	0
2870.33	3346733	821059	3346733	14056132608	399.8	15	0
2871.33	3346733	821059	3346733	14056296448	403.8	15	0
2872.33	3346733	821059	3346733	14056214528	399.7	15	0
2873.34	3346733	821059	3346733	14056411136	403.7	15	0
2874.34	3346733	821059	3346733	14056075264	399.8	15	0
2875.34	3346733	821059	3346733	14056185856	399.7	15	0
2876.35	3346733	821059	3346733	14056185856	403.6	15	0
2877.35	3346733	821059	3346733	14056194048	399.9	15	0
2878.36	3346733	821059	3346733	14056071168	403.9	15	0
2879.36	3346733	821059	3346733	14056185856	399.8	15	0
2880.37	3346733	821059	3346733	14056206336	403.8	15	0
2881.37	3346733	821059	3346733	14056189952	400.4	15	0
2882.37	3346733	821059	3346733	14055874560	400.1	15	0
2883.38	3346733	821059	3346733	14056087552	403.8	15	0
2884.38	3346733	821059	3346733	14056017920	399.7	15	0
2885.39	3346733	821059	3346733	14055800832	399.8	15	0
2886.39	3346733	821059	3346733	14056206336	403.8	15	0
2887.39	3346733	821059	3346733	14056198144	399.9	15	0
2888.40	3346733	821059	3346733	14056742912	403.7	15	0
2889.40	3346733	821059	3346733	14056652800	399.9	15	0
2890.40	3346733	821059	3346733	14056402944	399.8	15	0
2891.41	3346733	821059	3346733	14056615936	403.7	15	0
2892.41	3346733	821059	3346733	14056697856	399.8	15	0
2893.42	3346733	821059	3346733	14056677376	403.9	15	0
2894.42	3346733	821059	3346733	14056730624	399.9	15	0
2895.42	3346733	821059	3346733	14056722432	399.7	15	0
2896.43	3346733	821059	3346733	14057054208	403.7	15	0
2897.43	3346733	821059	3346733	14057037824	399.8	15	0
2898.44	3346733	821059	3346733	14057041920	399.8	15	0
2899.44	3346733	821059	3346733	14057107456	403.8	15	0
2900.44	3346733	821059	3346733	14056927232	399.8	15	0
2901.45	3346733	821059	3346733	14056882176	403.7	15	0
2902.45	3346733	821059	3346733	14056468480	399.8	15	0
2903.45	3346733	821059	3346733	14056583168	399.8	15	0
2904.46	3346733	821059	3346733	14056329216	403.8	15	0
2905.46	3346733	821059	3346733	14056525824	399.8	15	0
2906.47	3346733	821059	3346733	14056280064	403.9	15	0
2907.47	3346733	821059	3346733	14056493056	399.9	15	0
2908.47	3346733	821059	3346733	14056448000	399.9	15	0
2909.48	3346733	821059	3346733	14056169472	403.7	15	0
2910.48	3346733	821059	3346733	14056271872	399.9	15	0
2911.49	3346733	821059	3346733	14056423424	399.8	15	0
2912.49	3346733	821059	3346733	14056570880	403.8	15	0
2913.49	3346733	821059	3346733	14056738816	399.8	15	0
2914.50	3346733	821059	3346733	14056628224	403.7	15	0
2915.50	3346733	821059	3346733	14056828928	399.8	15	0
2916.50	3346733	821059	3346733	14056493056	399.8	15	0
2917.51	3346733	821059	3346733	14056263680	403.7	15	0
2918.51	3346733	821059	3346733	14056615936	399.8	15	0
2919.52	3346733	821059	3346733	14056951808	403.7	15	0
2920.52	3346733	821059	3346733	14056206336	399.8	15	0
2921.52	3346733	821059	3346733	14056230912	399.9	15	0
2922.53	3346733	821059	3346733	14056251392	403.7	15	0
2923.53	3346733	821059	3346733	14056075264	399.8	15	0
2924.54	3346733	821059	3346733	14056210432	403.8	15	0
2925.54	3346733	821059	3346733	14056275968	399.8	15	0
2926.54	3346733	821059	3346733	14056374272	399.8	15	0
2927.55	3346733	821059	3346733	14056366080	403.8	15	0
2928.55	3346733	821059	3346733	14055944192	399.8	15	0
2929.56	3346733	821059	3346733	14056161280	403.8	15	0
2930.56	3346733	821059	3346733	14056402944	399.8	15	0
2931.56	3346733	821059	3346733	14056210432	399.8	15	0
2932.57	3346733	821059	3346733	14056476672	403.9	15	0
2933.57	3346733	821059	3346733	14056603648	399.9	15	0
2934.58	3346733	821059	3346733	14056341504	399.8	15	0
2935.58	3346733	821059	3346733	14056501248	403.8	15	0
2936.58	3346733	821059	3346733	14056742912	399.8	15	0
2937.59	3346733	821059	3346733	14056767488	403.8	15	0
2938.59	3346733	821059	3346733	14056325120	399.9	15	0
2939.59	3346733	821059	3346733	14056665088	399.8	15	0
2940.60	3346733	821059	3346733	14056677376	403.9	15	0
2941.60	3346733	821059	3346733	14056103936	399.9	15	0
2942.61	3346733	821059	3346733	14056394752	403.9	15	0
2943.61	3346733	821059	3346733	14056513536	399.9	15	0
2944.61	3346733	821059	3346733	14056415232	399.9	15	0
2945.62	3346733	821059	3346733	14056501248	403.8	15	0
2946.62	3346733	821059	3346733	14056214528	399.9	15	0
2947.63	3346733	821059	3346733	14056300544	399.7	15	0
2948.63	3346733	821059	3346733	11424292864	360.8	10	0
2949.63	3346733	826961	3346733	10864300032	103.6	10	0
2950.64	3346733	832942	3346733	10869919744	105.0	10	0
2951.64	3346733	838915	3346733	10875936768	103.6	10	0
2952.65	3346733	844904	3346733	10881863680	104.9	10	0
2953.65	3346733	850887	3346733	10887987200	103.6	10	0
2954.65	1673366	855963	1673366	7025131520	106.7	2	0
