t_s	temp_kb	out_kb	converted_kb	mem_bytes	anon_bytes	cpu_pct	pids	fifos
0.00	0	0	0	6135808	299008	41.1	2	0
1.00	0	0	0	380030976	355307520	98.7	2	0
2.01	0	0	0	755748864	725438464	100.0	2	0
3.01	0	0	0	1341276160	1309261824	101.0	2	0
4.01	0	1	0	1731579904	1690058752	100.0	2	0
5.02	0	1	0	2110300160	2063835136	101.0	2	0
6.02	0	1	0	2534354944	2490572800	100.0	2	0
7.03	0	1	0	2754199552	2709696512	100.0	2	0
8.03	68245	2	68245	2903044096	2784505856	101.0	2	0
9.03	337266	2	337266	3179339776	2782375936	100.0	2	0
10.04	607313	2	607313	3458310144	2785243136	101.0	2	0
11.04	877667	2	877667	3735126016	2785243136	100.0	2	0
12.04	1147575	2	1147575	4012433408	2785243136	100.0	2	0
13.05	1417191	2	1417191	4288909312	2785243136	101.0	2	0
14.05	1687017	2	1687017	4565983232	2785243136	100.0	2	0
15.06	1957179	2	1957179	4843347968	2785243136	100.0	2	0
16.06	2227687	2	2227687	5120843776	2785243136	101.0	2	0
17.06	2499360	2	2499360	5399552000	2785243136	100.0	2	0
18.07	2770751	2	2770751	5678538752	2785243136	101.0	2	0
19.07	3041633	2	3041633	5956468736	2785243136	100.0	2	0
20.08	3312650	2	3312650	6234615808	2785243136	100.0	2	0
21.08	3346733	2	3346733	7826915328	4340084736	100.8	6	0
22.08	3346733	2	3346733	9632763904	6140317696	145.1	15	0
23.09	3346733	2	3346733	11483099136	7986995200	504.3	15	0
24.09	3346733	2	3346733	12772556800	9274318848	601.8	20	0
25.10	3346733	385	3346733	12782411776	9282715648	806.3	20	0
26.10	3346733	584	3346733	12789301248	9290158080	810.9	20	0
27.10	3346733	1181	3346733	12795068416	9295142912	809.7	20	0
28.11	3346733	1181	3346733	12797751296	9297711104	807.6	20	0
29.11	3346733	1744	3346733	12800864256	9300250624	809.8	20	0
30.12	3346733	1744	3346733	12801200128	9300754432	799.7	20	0
31.12	3346733	2323	3346733	12806160384	9306755072	817.7	20	0
32.12	3346733	2323	3346733	12808830976	9309409280	799.4	20	0
33.13	3346733	2406	3346733	12811767808	9312215040	808.8	20	0
34.13	3346733	2886	3346733	12813086720	9313681408	808.3	20	0
35.14	3346733	3465	3346733	12814159872	9313845248	817.8	20	0
36.14	3346733	3465	3346733	12814893056	9314201600	799.4	20	0
37.14	3346733	4044	3346733	12817309696	9316581376	809.6	20	0
38.15	3346733	4044	3346733	12819845120	9319374848	807.3	20	0
39.15	3346733	4608	3346733	12823957504	9322192896	809.6	20	0
40.16	3346733	4608	3346733	12826730496	9324761088	807.4	20	0
41.16	3346733	4707	3346733	12828549120	9327529984	801.7	20	0
42.17	3346733	4707	3346733	12831109120	9329971200	799.4	20	0
43.17	3346733	4707	3346733	12835397632	9333972992	807.1	20	0
44.17	3346733	5204	3346733	12838121472	9336623104	808.5	20	0
45.18	3346733	6365	3346733	12840865792	9337561088	828.0	20	0
46.18	3346733	6365	3346733	12840701952	9337597952	799.7	20	0
47.19	3346733	6945	3346733	12841353216	9337593856	817.7	20	0
48.19	3346733	6945	3346733	12842012672	9337815040	799.4	20	0
49.19	3346733	6945	3346733	12844228608	9340416000	800.2	20	0
50.20	3346733	6945	3346733	12847108096	9343127552	806.9	20	0
51.20	3346733	8104	3346733	12851167232	9346048000	819.9	20	0
52.21	3346733	8104	3346733	12852375552	9348530176	807.5	20	0
53.21	3346733	8682	3346733	12856111104	9351086080	809.6	20	0
54.22	3346733	8682	3346733	12859461632	9353871360	799.7	20	0
55.22	3346733	8682	3346733	12863324160	9356869632	807.7	20	0
56.22	3346733	8682	3346733	12865306624	9359261696	799.5	20	0
57.23	3346733	9325	3346733	12868112384	9362038784	818.9	20	0
58.23	3346733	9325	3346733	12870926336	9364615168	799.6	20	0
59.24	3346733	9325	3346733	12874678272	9368645632	799.6	20	0
60.24	3346733	9325	3346733	12878888960	9372725248	807.4	20	0
61.24	3346733	9325	3346733	12882186240	9376546816	800.0	20	0
62.25	3346733	9325	3346733	12886429696	9380241408	806.6	20	0
63.25	3346733	9836	3346733	12890910720	9383747584	808.3	20	0
64.26	3346733	9836	3346733	12892086272	9385230336	807.4	20	0
65.26	3346733	12132	3346733	12895313920	9385943040	840.2	20	0
66.26	3346733	12132	3346733	12895617024	9385971712	799.7	20	0
67.27	3346733	12132	3346733	12896034816	9386016768	807.6	20	0
68.27	3346733	12132	3346733	12896198656	9386037248	799.7	20	0
69.28	3346733	13303	3346733	12897120256	9386070016	827.9	20	0
70.28	3346733	13303	3346733	12897300480	9386151936	800.0	20	0
71.29	3346733	13303	3346733	12897415168	9386209280	798.9	20	0
72.29	3346733	13303	3346733	12897296384	9386356736	807.4	20	0
73.29	3346733	13303	3346733	12898406400	9387966464	799.6	20	0
74.30	3346733	13303	3346733	12901040128	9390604288	807.6	20	0
75.30	3346733	13303	3346733	12903473152	9393405952	799.9	20	0
76.31	3346733	13303	3346733	12905480192	9395875840	807.1	20	0
77.31	3346733	15613	3346733	12911267840	9398730752	840.3	20	0
78.31	3346733	15613	3346733	12913627136	9401262080	799.4	20	0
79.32	3346733	15613	3346733	12916604928	9404321792	807.5	20	0
80.32	3346733	15613	3346733	12919533568	9407082496	799.5	20	0
81.33	3346733	16770	3346733	12923949056	9409835008	827.8	20	0
82.33	3346733	16770	3346733	12926386176	9412395008	799.6	20	0
83.34	3346733	16770	3346733	12929245184	9415438336	799.7	20	0
84.34	3346733	16770	3346733	12931620864	9418149888	807.6	20	0
85.34	3346733	16770	3346733	12934537216	9420615680	799.3	20	0
86.35	3346733	16770	3346733	12937617408	9423527936	807.6	20	0
87.35	3346733	16770	3346733	12939771904	9426182144	799.5	20	0
88.36	3346733	16770	3346733	12942372864	9428996096	807.5	20	0
89.36	3346733	18536	3346733	12946984960	9431687168	831.0	20	0
90.36	3346733	18536	3346733	12949323776	9433985024	799.4	20	0
91.37	3346733	18536	3346733	12952248320	9436569600	807.4	20	0
92.37	3346733	18536	3346733	12954640384	9439141888	799.4	20	0
93.38	3346733	18536	3346733	12958031872	9442316288	807.5	20	0
94.38	3346733	18536	3346733	12961853440	9446092800	799.5	20	0
95.39	3346733	18536	3346733	12966342656	9450590208	799.6	20	0
96.39	3346733	18536	3346733	12970631168	9454878720	807.5	20	0
97.39	3346733	18536	3346733	12975411200	9459064832	799.6	20	0
98.40	3346733	18536	3346733	12979195904	9463021568	807.2	20	0
99.40	3346733	18536	3346733	12984311808	9467400192	800.2	20	0
100.41	3346733	18536	3346733	12987363328	9471344640	806.9	20	0
101.41	3346733	18536	3346733	12991574016	9475616768	799.5	20	0
102.42	3346733	19031	3346733	12994375680	9477255168	808.4	20	0
103.42	3346733	19031	3346733	12995194880	9478950912	807.6	20	0
104.42	3346733	19031	3346733	12996689920	9480531968	799.7	20	0
105.43	3346733	20318	3346733	12999290880	9481768960	829.9	20	0
106.43	3346733	23570	3346733	13003022336	9481826304	858.0	20	0
107.44	3346733	23570	3346733	13003366400	9481867264	800.5	20	0
108.44	3346733	23570	3346733	13003694080	9481879552	808.2	20	0
109.44	3346733	23570	3346733	13003509760	9481900032	800.2	20	0
110.45	3346733	23570	3346733	13003182080	9481916416	807.8	20	0
111.45	3346733	23570	3346733	13003116544	9481957376	800.1	20	0
112.46	3346733	23570	3346733	13003239424	9481973760	808.1	20	0
113.46	3346733	24509	3346733	13005185024	9482027008	816.1	20	0
114.47	3346733	25896	3346733	13007282176	9482039296	825.2	20	0
115.47	3346733	25896	3346733	13007081472	9482059776	808.3	20	0
116.47	3346733	25896	3346733	13006729216	9482088448	800.1	20	0
117.48	3346733	25896	3346733	13005623296	9482113024	808.1	20	0
118.48	3346733	25896	3346733	13005426688	9482121216	800.4	20	0
119.49	3346733	25896	3346733	13005897728	9482153984	807.8	20	0
120.49	3346733	25896	3346733	13005873152	9482170368	799.9	20	0
121.49	3346733	25896	3346733	13007859712	9484173312	800.1	20	0
122.50	3346733	25896	3346733	13010231296	9486630912	807.9	20	0
123.50	3346733	25896	3346733	13012541440	9488805888	799.9	20	0
124.51	3346733	25896	3346733	13014114304	9491095552	807.7	20	0
125.51	3346733	25896	3346733	13017247744	9493364736	799.8	20	0
126.52	3346733	25896	3346733	13018841088	9495638016	800.0	20	0
127.52	3346733	25896	3346733	13022121984	9498415104	808.3	20	0
128.52	3346733	25896	3346733	13025255424	9501040640	800.4	20	0
129.53	3346733	25896	3346733	13027631104	9503805440	808.0	20	0
130.53	3346733	30486	3346733	13034688512	9506230272	881.1	20	0
131.54	3346733	30486	3346733	13037465600	9508896768	800.2	20	0
132.54	3346733	30486	3346733	13040336896	9511501824	808.0	20	0
133.54	3346733	30486	3346733	13041737728	9513750528	800.2	20	0
134.55	3346733	30486	3346733	13044854784	9516326912	807.8	20	0
135.55	3346733	30486	3346733	13047418880	9518788608	799.9	20	0
136.56	3346733	30486	3346733	13049614336	9521471488	808.3	20	0
137.56	3346733	30486	3346733	13051969536	9524047872	800.1	20	0
138.56	3346733	32782	3346733	13057400832	9526800384	840.9	20	0
139.57	3346733	32782	3346733	13060128768	9529352192	807.3	20	0
140.57	3346733	32782	3346733	13062668288	9531977728	799.5	20	0
141.58	3346733	32782	3346733	13065760768	9534554112	807.4	20	0
142.58	3346733	32782	3346733	13068464128	9537265664	800.0	20	0
143.59	3346733	32782	3346733	13070618624	9540022272	800.1	20	0
144.59	3346733	32782	3346733	13072949248	9542402048	808.0	20	0
145.59	3346733	32782	3346733	13076074496	9545035776	799.8	20	0
146.60	3346733	32782	3346733	13077848064	9547702272	808.0	20	0
147.60	3346733	32782	3346733	13081030656	9550442496	800.0	20	0
148.61	3346733	32782	3346733	13083791360	9553453056	808.2	20	0
149.61	3346733	32782	3346733	13085839360	9555636224	799.8	20	0
150.61	3346733	32782	3346733	13088403456	9558061056	799.8	20	0
151.62	3346733	32782	3346733	13090988032	9560649728	807.4	20	0
152.62	3346733	32782	3346733	13093814272	9563435008	799.7	20	0
153.63	3346733	32782	3346733	13096468480	9568018432	807.4	20	0
154.63	3346733	32782	3346733	13098905600	9570324480	799.5	20	0
155.64	3346733	36892	3346733	13105709056	9572732928	872.5	20	0
156.64	3346733	36892	3346733	13107691520	9575104512	806.7	20	0
157.64	3346733	36892	3346733	13110894592	9577299968	799.5	20	0
158.65	3346733	36892	3346733	13112582144	9579786240	808.1	20	0
159.65	3346733	36892	3346733	13115289600	9582419968	800.2	20	0
160.66	3346733	36892	3346733	13117743104	9585053696	808.1	20	0
161.66	3346733	36892	3346733	13120212992	9587462144	799.9	20	0
162.66	3346733	36892	3346733	13123149824	9590132736	800.3	20	0
163.67	3346733	36892	3346733	13127340032	9593618432	807.8	20	0
164.67	3346733	36892	3346733	13130891264	9597784064	800.0	20	0
165.68	3346733	36892	3346733	13135757312	9602588672	808.2	20	0
166.68	3346733	36892	3346733	13139628032	9606742016	800.0	20	0
167.69	3346733	36892	3346733	13144535040	9611165696	801.4	20	0
168.69	3346733	36892	3346733	13147766784	9615040512	806.7	20	0
169.69	3346733	36892	3346733	13151719424	9618931712	799.9	20	0
170.70	3346733	36892	3346733	13156216832	9622990848	807.9	20	0
171.70	3346733	36892	3346733	13160665088	9627238400	800.1	20	0
172.71	3346733	36892	3346733	13164281856	9631293440	808.2	20	0
173.71	3346733	36892	3346733	13169029120	9635676160	800.2	20	0
174.72	3346733	36892	3346733	13173272576	9639612416	800.2	20	0
175.72	3346733	36892	3346733	13176799232	9643802624	807.9	20	0
176.72	3346733	36892	3346733	13181194240	9648193536	800.2	20	0
177.73	3346733	36892	3346733	13185425408	9652285440	808.0	20	0
178.73	3346733	36892	3346733	13189234688	9656537088	799.9	20	0
179.74	3346733	36892	3346733	13193609216	9660747776	799.6	20	0
180.74	3346733	37387	3346733	13198422016	9664389120	816.5	20	0
181.74	3346733	37387	3346733	13199147008	9665781760	799.5	20	0
182.75	3346733	37387	3346733	13201260544	9667432448	807.7	20	0
183.75	3346733	37387	3346733	13202001920	9668767744	799.5	20	0
184.76	3346733	37387	3346733	13203607552	9670266880	807.5	20	0
185.76	3346733	37387	3346733	13205487616	9671798784	799.5	20	0
186.77	3346733	37387	3346733	13207433216	9673338880	799.7	20	0
187.77	3346733	37768	3346733	13209935872	9674829824	814.4	20	0
188.77	3346733	43697	3346733	13215272960	9674850304	903.4	20	0
189.78	3346733	46782	3346733	13218734080	9674858496	863.0	20	0
190.78	3346733	46782	3346733	13219008512	9674862592	800.9	20	0
191.79	3346733	46782	3346733	13218623488	9674883072	800.5	20	0
192.79	3346733	46782	3346733	13219164160	9674883072	808.2	20	0
193.79	3346733	46782	3346733	13217779712	9674911744	800.8	20	0
194.80	3346733	46782	3346733	13218050048	9674915840	807.9	20	0
195.80	3346733	46782	3346733	13218127872	9674940416	799.4	20	0
196.81	3346733	46782	3346733	13217980416	9674948608	807.6	20	0
197.81	3346733	46782	3346733	13218054144	9674956800	799.5	20	0
198.82	3346733	46782	3346733	13217947648	9674981376	799.3	20	0
199.82	3346733	46782	3346733	13218590720	9674989568	807.1	20	0
200.82	3346733	46782	3346733	13218283520	9675005952	799.5	20	0
201.83	3346733	46782	3346733	13218643968	9675022336	807.3	20	0
202.83	3346733	46782	3346733	13217742848	9675112448	799.6	20	0
203.84	3346733	46782	3346733	13217583104	9675116544	799.5	20	0
204.84	3346733	48812	3346733	13220474880	9675124736	842.4	20	0
205.84	3346733	51421	3346733	13223546880	9675132928	845.8	20	0
206.85	3346733	51421	3346733	13223395328	9675161600	807.5	20	0
207.85	3346733	51421	3346733	13223976960	9675186176	799.3	20	0
208.86	3346733	51421	3346733	13223505920	9675202560	807.3	20	0
209.86	3346733	51421	3346733	13223100416	9675223040	799.8	20	0
210.86	3346733	51421	3346733	13223186432	9675247616	799.5	20	0
211.87	3346733	51421	3346733	13223526400	9675247616	807.2	20	0
212.87	3346733	51421	3346733	13223321600	9675259904	799.5	20	0
213.88	3346733	51421	3346733	13223141376	9675264000	807.5	20	0
214.88	3346733	51421	3346733	13223608320	9675284480	799.7	20	0
215.89	3346733	51421	3346733	13223182336	9675304960	799.5	20	0
216.89	3346733	51421	3346733	13223460864	9675304960	807.4	20	0
217.89	3346733	51421	3346733	13223460864	9675313152	799.7	20	0
218.90	3346733	51421	3346733	13223288832	9675325440	807.6	20	0
219.90	3346733	51421	3346733	13223628800	9675329536	799.5	20	0
220.91	3346733	51421	3346733	13224931328	9676943360	799.5	20	0
221.91	3346733	51421	3346733	13227425792	9679659008	807.5	20	0
222.91	3346733	51421	3346733	13230112768	9682391040	799.6	20	0
223.92	3346733	51421	3346733	13232590848	9685147648	807.6	20	0
224.92	3346733	51421	3346733	13235785728	9687789568	800.1	20	0
225.93	3346733	51421	3346733	13238411264	9690370048	807.0	20	0
226.93	3346733	51421	3346733	13240647680	9692942336	799.4	20	0
227.94	3346733	51421	3346733	13243588608	9695621120	799.5	20	0
228.94	3346733	51421	3346733	13245423616	9698177024	807.5	20	0
229.94	3346733	51421	3346733	13248323584	9700950016	799.7	20	0
230.95	3346733	51421	3346733	13250932736	9703596032	807.6	20	0
231.95	3346733	51421	3346733	13253906432	9706258432	800.6	20	0
232.96	3346733	51421	3346733	13256536064	9708593152	798.5	20	0
233.96	3346733	51421	3346733	13258768384	9710907392	807.3	20	0
234.96	3346733	51421	3346733	13261778944	9713467392	799.6	20	0
235.97	3346733	51421	3346733	13264691200	9717964800	807.5	20	0
236.97	3346733	51421	3346733	13266653184	9720528896	799.3	20	0
237.98	3346733	54460	3346733	13272784896	9722888192	860.8	20	0
238.98	3346733	60355	3346733	13281341440	9725550592	902.7	20	0
239.98	3346733	60686	3346733	13283704832	9727942656	805.9	20	0
240.99	3346733	60686	3346733	13285937152	9730404352	807.3	20	0
241.99	3346733	60686	3346733	13288738816	9732657152	799.4	20	0
243.00	3346733	60686	3346733	13291110400	9735151616	807.4	20	0
244.00	3346733	60686	3346733	13293068288	9737584640	799.6	20	0
245.01	3346733	60686	3346733	13295706112	9740361728	799.6	20	0
246.01	3346733	60686	3346733	13298708480	9743253504	807.6	20	0
247.01	3346733	60686	3346733	13301129216	9745629184	800.5	20	0
248.02	3346733	60686	3346733	13303111680	9747951616	807.6	20	0
249.02	3346733	60686	3346733	13304987648	9750114304	800.2	20	0
250.03	3346733	60686	3346733	13307842560	9752809472	809.1	20	0
251.03	3346733	60686	3346733	13310173184	9755406336	801.2	20	0
252.04	3346733	60686	3346733	13312954368	9757917184	801.0	20	0
253.04	3346733	60686	3346733	13315858432	9760481280	808.4	20	0
254.04	3346733	60686	3346733	13318815744	9763045376	800.5	20	0
255.05	3346733	63344	3346733	13324988416	9765625856	856.2	20	0
256.05	3346733	65258	3346733	13328797696	9768292352	835.2	20	0
257.06	3346733	65258	3346733	13331243008	9770901504	808.1	20	0
258.06	3346733	65258	3346733	13333991424	9773580288	799.6	20	0
259.07	3346733	65258	3346733	13337317376	9776156672	799.4	20	0
260.07	3346733	65258	3346733	13477568512	9916268544	808.3	20	0
261.07	3346733	65258	3346733	13341999104	9781071872	798.6	20	0
262.08	3346733	65258	3346733	13344919552	9783590912	807.5	20	0
263.08	3346733	65258	3346733	13347209216	9786249216	799.5	20	0
264.09	3346733	65258	3346733	13349601280	9788792832	799.9	20	0
265.09	3346733	65258	3346733	13352370176	9791569920	807.3	20	0
266.09	3346733	65258	3346733	13354598400	9794039808	799.5	20	0
267.10	3346733	65258	3346733	13357776896	9796722688	807.5	20	0
268.10	3346733	65258	3346733	13360869376	9799389184	800.1	20	0
269.11	3346733	65258	3346733	13364113408	9802067968	807.1	20	0
270.11	3346733	65258	3346733	13365133312	9804328960	799.4	20	0
271.12	3346733	65258	3346733	13366960128	9806659584	799.3	20	0
272.12	3346733	65258	3346733	13370572800	9809522688	807.7	20	0
273.12	3346733	65258	3346733	13373071360	9812082688	799.7	20	0
274.13	3346733	65258	3346733	13375459328	9814614016	807.6	20	0
275.13	3346733	65258	3346733	13378060288	9817178112	799.5	20	0
276.14	3346733	65258	3346733	13380898816	9820033024	799.7	20	0
277.14	3346733	65258	3346733	13383180288	9822515200	807.5	20	0
278.14	3346733	65258	3346733	13386530816	9825562624	799.7	20	0
279.15	3346733	65258	3346733	13389664256	9828282368	807.6	20	0
280.15	3346733	65258	3346733	13391847424	9830760448	799.8	20	0
281.16	3346733	65258	3346733	13394747392	9833680896	799.5	20	0
282.16	3346733	65258	3346733	13397753856	9836654592	807.8	20	0
283.16	3346733	65258	3346733	13400305664	9839431680	799.7	20	0
284.17	3346733	65258	3346733	13402894336	9842012160	807.5	20	0
285.17	3346733	65258	3346733	13405765632	9844879360	799.8	20	0
286.18	3346733	65258	3346733	13408063488	9847611392	807.6	20	0
287.18	3346733	65258	3346733	13410971648	9850089472	799.6	20	0
288.18	3346733	66052	3346733	13414473728	9852747776	812.6	20	0
289.19	3346733	71979	3346733	13423697920	9855602688	911.8	20	0
290.19	3346733	74142	3346733	13428211712	9858191360	837.5	20	0
291.20	3346733	74142	3346733	13431070720	9860947968	807.5	20	0
292.20	3346733	74142	3346733	13433524224	9863598080	799.6	20	0
293.21	3346733	74142	3346733	13435887616	9866248192	799.6	20	0
294.21	3346733	74142	3346733	13439090688	9868910592	807.6	20	0
295.21	3346733	74142	3346733	13441396736	9871577088	799.6	20	0
296.22	3346733	74142	3346733	13444300800	9874313216	807.5	20	0
297.22	3346733	74142	3346733	13446799360	9877123072	799.5	20	0
298.23	3346733	74142	3346733	13449228288	9880055808	807.6	20	0
299.23	3346733	74142	3346733	13452025856	9882849280	799.6	20	0
300.23	3346733	74142	3346733	13455159296	9885519872	799.6	20	0
301.24	3346733	74142	3346733	13457555456	9887911936	807.3	20	0
302.24	3346733	74142	3346733	13460963328	9890463744	799.5	20	0
303.25	3346733	74142	3346733	13463097344	9893175296	807.5	20	0
304.25	3346733	74142	3346733	13464752128	9895464960	799.5	20	0
305.26	3346733	74142	3346733	13468729344	9898999808	799.7	20	0
306.26	3346733	74142	3346733	13473091584	9903112192	807.5	20	0
307.26	3346733	74142	3346733	13476655104	9907290112	799.7	20	0
308.27	3346733	74142	3346733	13481250816	9911693312	807.5	20	0
309.27	3346733	74142	3346733	13486194688	9916133376	799.5	20	0
310.28	3346733	74142	3346733	13490114560	9920376832	801.2	20	0
311.28	3346733	74142	3346733	13495009280	9924726784	806.0	20	0
312.28	3346733	74142	3346733	13499158528	9928675328	799.5	20	0
313.29	3346733	74142	3346733	13502803968	9932984320	807.6	20	0
314.29	3346733	74142	3346733	13507031040	9936728064	799.3	20	0
315.30	3346733	74142	3346733	13509763072	9940729856	807.5	20	0
316.30	3346733	74142	3346733	13514727424	9944797184	799.5	20	0
317.30	3346733	74142	3346733	13518434304	9948782592	799.4	20	0
318.31	3346733	74142	3346733	13522546688	9953001472	807.4	20	0
319.31	3346733	74142	3346733	13526102016	9956872192	799.4	20	0
320.32	3346733	74142	3346733	13530816512	9960726528	807.2	20	0
321.32	3346733	74142	3346733	13566480384	9997099008	801.2	20	0
322.33	3346733	74142	3346733	13538848768	9968709632	798.7	20	0
323.33	3346733	74142	3346733	13541994496	9972555776	806.5	20	0
324.33	3346733	74142	3346733	13547106304	9976602624	799.5	20	0
325.34	3346733	74142	3346733	13551472640	9980665856	807.5	20	0
326.34	3346733	74142	3346733	13555273728	9985015808	799.5	20	0
327.35	3346733	74142	3346733	13558358016	9988624384	807.3	20	0
328.35	3346733	74142	3346733	13562142720	9992392704	799.3	20	0
329.35	3346733	74142	3346733	13566353408	9996406784	799.9	20	0
330.36	3346733	74142	3346733	13570306048	10000506880	807.0	20	0
331.36	3346733	74142	3346733	13574000640	10004344832	799.4	20	0
332.37	3346733	74142	3346733	13578153984	10008289280	807.4	20	0
333.37	3346733	74142	3346733	13582561280	10012282880	799.4	20	0
334.38	3346733	74142	3346733	13586784256	10016686080	799.7	20	0
335.38	3346733	74142	3346733	13591203840	10020970496	807.6	20	0
336.38	3346733	74142	3346733	13594984448	10024726528	799.4	20	0
337.39	3346733	74142	3346733	13599174656	10028859392	807.6	20	0
338.39	3346733	74637	3346733	13602562048	10033426432	808.3	20	0
339.40	3346733	74637	3346733	13603889152	10034823168	799.5	20	0
340.40	3346733	74637	3346733	13606055936	10036355072	807.7	20	0
341.40	3346733	74637	3346733	13606801408	10037796864	799.6	20	0
342.41	3346733	74637	3346733	13608558592	10039476224	807.8	20	0
343.41	3346733	74637	3346733	13610053632	10040946688	799.6	20	0
344.42	3346733	74637	3346733	13611155456	10042327040	807.4	20	0
345.42	3346733	74637	3346733	13613277184	10043998208	799.7	20	0
346.42	3346733	74637	3346733	13614350336	10045587456	799.6	20	0
347.43	3346733	74637	3346733	13615767552	10046889984	807.6	20	0
348.43	3346733	74637	3346733	13617459200	10048323584	799.4	20	0
349.44	3346733	74637	3346733	13618868224	10049789952	807.6	20	0
350.44	3346733	74637	3346733	13621014528	10051510272	799.8	20	0
351.45	3346733	74637	3346733	13622743040	10053152768	799.7	20	0
352.45	3346733	74637	3346733	13623558144	10054709248	807.6	20	0
353.45	3346733	74637	3346733	13624975360	10056282112	799.6	20	0
354.46	3346733	74637	3346733	13626572800	10057793536	807.5	20	0
355.46	3346733	78684	3346733	13631504384	10058387456	870.4	20	0
356.47	3346733	84595	3346733	13637525504	10058395648	902.9	20	0
357.47	3346733	90517	3346733	13644013568	10058403840	911.9	20	0
358.47	3346733	93297	3346733	13645406208	10058420224	848.7	20	0
359.48	3346733	93297	3346733	13645836288	10058428416	807.6	20	0
360.48	3346733	93297	3346733	13645746176	10058440704	799.5	20	0
361.49	3346733	93297	3346733	13645901824	10058444800	807.6	20	0
362.49	3346733	93297	3346733	13646221312	10058457088	799.9	20	0
363.49	3346733	93297	3346733	13645975552	10058457088	799.5	20	0
364.50	3346733	93297	3346733	13645918208	10058465280	807.4	20	0
365.50	3346733	93297	3346733	13645754368	10058473472	799.4	20	0
366.51	3346733	93297	3346733	13645492224	10058473472	807.4	20	0
367.51	3346733	93297	3346733	13645975552	10058485760	799.4	20	0
368.52	3346733	93297	3346733	13645873152	10058485760	799.6	20	0
369.52	3346733	93297	3346733	13646323712	10058526720	807.6	20	0
370.52	3346733	93297	3346733	13645844480	10058530816	799.7	20	0
371.53	3346733	93297	3346733	13645762560	10058534912	807.3	20	0
372.53	3346733	93297	3346733	13645942784	10058539008	799.6	20	0
373.54	3346733	93297	3346733	13645930496	10058543104	799.8	20	0
374.54	3346733	93297	3346733	13646065664	10058543104	807.3	20	0
375.54	3346733	93297	3346733	13645766656	10058555392	799.8	20	0
376.55	3346733	93297	3346733	13645680640	10058555392	807.3	20	0
377.55	3346733	93297	3346733	13646163968	10058559488	799.6	20	0
378.56	3346733	93297	3346733	13645664256	10058571776	807.7	20	0
379.56	3346733	93297	3346733	13646147584	10058715136	799.4	20	0
380.57	3346733	93297	3346733	13646553088	10058727424	799.5	20	0
381.57	3346733	93297	3346733	13646557184	10058727424	807.5	20	0
382.57	3346733	93297	3346733	13646520320	10058727424	799.6	20	0
383.58	3346733	93297	3346733	13646032896	10058735616	807.5	20	0
384.58	3346733	93297	3346733	13646356480	10058739712	799.4	20	0
385.59	3346733	93297	3346733	13646823424	10058747904	800.2	20	0
386.59	3346733	93297	3346733	13646655488	10058756096	806.8	20	0
387.59	3346733	94665	3346733	13648793600	10058760192	822.4	20	0
388.60	3346733	100574	3346733	13654384640	10058764288	912.2	20	0
389.60	3346733	102529	3346733	13656903680	10058764288	834.8	20	0
390.61	3346733	102529	3346733	13656428544	10058768384	807.7	20	0
391.61	3346733	102529	3346733	13655744512	10058772480	799.5	20	0
392.62	3346733	102529	3346733	13656408064	10058780672	799.7	20	0
393.62	3346733	102529	3346733	13655801856	10058784768	807.8	20	0
394.62	3346733	102529	3346733	13655736320	10058788864	799.7	20	0
395.63	3346733	102529	3346733	13656104960	10058797056	807.5	20	0
396.63	3346733	102529	3346733	13655793664	10058805248	799.7	20	0
397.64	3346733	102529	3346733	13656035328	10058817536	799.6	20	0
398.64	3346733	102529	3346733	13655900160	10058817536	807.4	20	0
399.64	3346733	102529	3346733	13655838720	10058821632	799.7	20	0
400.65	3346733	102529	3346733	13656002560	10058825728	807.6	20	0
401.65	3346733	102529	3346733	13655805952	10058825728	799.4	20	0
402.66	3346733	102529	3346733	13656010752	10058825728	807.6	20	0
403.66	3346733	102529	3346733	13655875584	10058833920	799.7	20	0
404.66	3346733	102529	3346733	13656129536	10058842112	799.5	20	0
405.67	3346733	102529	3346733	13655883776	10058842112	807.5	20	0
406.67	3346733	102529	3346733	13655531520	10058842112	799.3	20	0
407.68	3346733	102529	3346733	13655363584	10058850304	807.5	20	0
408.68	3346733	102529	3346733	13655605248	10058854400	799.5	20	0
409.69	3346733	102529	3346733	13655859200	10060898304	799.6	20	0
410.69	3346733	102529	3346733	13655646208	10060898304	807.3	20	0
411.69	3346733	102529	3346733	13655633920	10060902400	799.7	20	0
412.70	3346733	102529	3346733	13655912448	10060902400	807.4	20	0
413.70	3346733	102529	3346733	13656666112	10061078528	799.3	20	0
414.71	3346733	102529	3346733	13659213824	10063609856	799.6	20	0
415.71	3346733	102529	3346733	13661454336	10066149376	807.5	20	0
416.71	3346733	102529	3346733	13663109120	10068758528	799.5	20	0
417.72	3346733	102529	3346733	13665763328	10071162880	807.3	20	0
418.72	3346733	102529	3346733	13668798464	10073968640	799.5	20	0
419.73	3346733	102529	3346733	13671235584	10076487680	807.2	20	0
420.73	3346733	102529	3346733	13673357312	10078945280	799.5	20	0
421.74	3346733	102529	3346733	13676208128	10081456128	799.5	20	0
422.74	3346733	102529	3346733	13679312896	10084270080	807.7	20	0
423.74	3346733	102529	3346733	13681872896	10086891520	799.5	20	0
424.75	3346733	102529	3346733	13685383168	10089783296	807.5	20	0
425.75	3346733	102529	3346733	13687951360	10092273664	799.5	20	0
426.76	3346733	102529	3346733	13690253312	10094874624	800.4	20	0
427.76	3346733	102529	3346733	13692850176	10097381376	806.5	20	0
428.76	3346733	102529	3346733	13695406080	10099834880	799.6	20	0
429.77	3346733	102529	3346733	13696958464	10102284288	807.5	20	0
430.77	3346733	102529	3346733	13700378624	10104934400	799.5	20	0
431.78	3346733	102529	3346733	13703274496	10107588608	807.8	20	0
432.78	3346733	102529	3346733	13706006528	10110271488	799.6	20	0
433.78	3346733	102529	3346733	13707857920	10112659456	799.3	20	0
434.79	3346733	102529	3346733	13710397440	10115280896	807.4	20	0
435.79	3346733	102529	3346733	13713367040	10117824512	799.6	20	0
436.80	3346733	102529	3346733	13716094976	10120593408	807.6	20	0
437.80	3346733	102529	3346733	13718937600	10123448320	799.5	20	0
438.81	3346733	102529	3346733	13721456640	10126049280	799.6	20	0
439.81	3346733	102529	3346733	13724819456	10128805888	807.6	20	0
440.81	3346733	102529	3346733	13727514624	10131628032	799.5	20	0
441.82	3346733	102529	3346733	13730988032	10134708224	807.7	20	0
442.82	3346733	102529	3346733	13733367808	10137489408	800.2	20	0
443.83	3346733	102529	3346733	13735190528	10140008448	798.9	20	0
444.83	3346733	102529	3346733	13738659840	10142806016	807.5	20	0
445.83	3346733	102529	3346733	13741203456	10145566720	799.8	20	0
446.84	3346733	102529	3346733	13743431680	10147917824	807.3	20	0
447.84	3346733	102529	3346733	13746286592	10150686720	799.4	20	0
448.85	3346733	102529	3346733	13749465088	10153783296	807.8	20	0
449.85	3346733	102529	3346733	13752090624	10156445696	799.6	20	0
450.85	3346733	102529	3346733	13754458112	10158997504	799.5	20	0
451.86	3346733	102529	3346733	13758033920	10162073600	807.7	20	0
452.86	3346733	102529	3346733	13760671744	10164613120	799.6	20	0
453.87	3346733	102529	3346733	13762301952	10166898688	807.2	20	0
454.87	3346733	102529	3346733	13765664768	10169581568	799.5	20	0
455.88	3346733	102529	3346733	13768417280	10172162048	800.3	20	0
456.88	3346733	108023	3346733	13776818176	10174824448	904.6	20	0
457.88	3346733	113917	3346733	13785272320	10177343488	903.0	20	0
458.89	3346733	119842	3346733	13794873344	10180149248	912.2	20	0
459.89	3346733	120899	3346733	13797953536	10182676480	818.6	20	0
460.90	3346733	120899	3346733	13800628224	10185138176	807.4	20	0
461.90	3346733	120899	3346733	13803302912	10187661312	799.5	20	0
462.90	3346733	120899	3346733	13805027328	10190069760	799.6	20	0
463.91	3346733	120899	3346733	13807230976	10192699392	807.5	20	0
464.91	3346733	120899	3346733	13810376704	10195398656	799.4	20	0
465.92	3346733	120899	3346733	13812813824	10198106112	807.7	20	0
466.92	3346733	120899	3346733	13815382016	10200596480	799.4	20	0
467.93	3346733	120899	3346733	13818241024	10203144192	799.5	20	0
468.93	3346733	120899	3346733	13821018112	10205843456	807.4	20	0
469.93	3346733	120899	3346733	13823221760	10208157696	799.5	20	0
470.94	3346733	120899	3346733	13825851392	10210910208	807.7	20	0
471.94	3346733	120899	3346733	13828882432	10213621760	799.7	20	0
472.95	3346733	120899	3346733	13831409664	10216103936	807.6	20	0
473.95	3346733	120899	3346733	13834874880	10218819584	799.5	20	0
474.95	3346733	120899	3346733	13837266944	10221547520	799.6	20	0
475.96	3346733	120899	3346733	13839134720	10224304128	807.6	20	0
476.96	3346733	120899	3346733	13842202624	10227388416	799.6	20	0
477.97	3346733	120899	3346733	13845106688	10229596160	807.2	20	0
478.97	3346733	120899	3346733	13847154688	10232176640	799.3	20	0
479.98	3346733	120899	3346733	13849853952	10235113472	799.8	20	0
480.98	3346733	120899	3346733	13853282304	10238046208	808.7	20	0
481.98	3346733	120899	3346733	13857202176	10241073152	799.9	20	0
482.99	3346733	120899	3346733	13859545088	10243547136	807.4	20	0
483.99	3346733	120899	3346733	13860831232	10245959680	799.5	20	0
485.00	3346733	120899	3346733	13863493632	10248605696	799.7	20	0
486.00	3346733	120899	3346733	13866045440	10251321344	807.5	20	0
487.00	3346733	120899	3346733	13869109248	10253819904	799.6	20	0
488.01	3346733	120899	3346733	13871534080	10256441344	807.5	20	0
489.01	3346733	125012	3346733	13879164928	10258993152	871.5	20	0
490.02	3346733	130179	3346733	13887655936	10262061056	899.0	20	0
491.02	3346733	130179	3346733	13889122304	10263822336	799.1	20	0
492.02	3346733	130179	3346733	13891047424	10268426240	799.7	20	0
493.03	3346733	130179	3346733	13892677632	10270810112	807.4	20	0
494.03	3346733	130179	3346733	13896081408	10273255424	799.4	20	0
495.04	3346733	130179	3346733	13899608064	10276343808	807.6	20	0
496.04	3346733	130179	3346733	13901578240	10278932480	799.6	20	0
497.05	3346733	130179	3346733	13904470016	10281656320	799.6	20	0
498.05	3346733	130179	3346733	13907152896	10284224512	807.5	20	0
499.05	3346733	130179	3346733	13909544960	10286784512	799.7	20	0
500.06	3346733	130179	3346733	13911797760	10289070080	807.6	20	0
501.06	3346733	130179	3346733	13914128384	10291404800	799.4	20	0
502.07	3346733	130179	3346733	13916409856	10293911552	799.6	20	0
503.07	3346733	130179	3346733	13919440896	10296442880	807.7	20	0
504.07	3346733	130179	3346733	13921468416	10298908672	800.1	20	0
505.08	3346733	130179	3346733	13924282368	10301210624	807.1	20	0
506.08	3346733	130179	3346733	13927051264	10304024576	799.7	20	0
507.09	3346733	130179	3346733	13929988096	10306510848	807.6	20	0
508.09	3346733	130179	3346733	13931933696	10308927488	799.5	20	0
509.09	3346733	130179	3346733	13933989888	10311307264	799.6	20	0
510.10	3346733	130179	3346733	13936107520	10313822208	807.4	20	0
511.10	3346733	130179	3346733	13938176000	10316439552	799.6	20	0
512.11	3346733	130179	3346733	13940609024	10319126528	807.7	20	0
513.11	3346733	130179	3346733	13943689216	10321928192	799.8	20	0
514.11	3346733	130179	3346733	13946249216	10324324352	799.5	20	0
515.12	3346733	130179	3346733	13948915712	10327040000	807.6	20	0
516.12	3346733	130179	3346733	13951328256	10329604096	799.5	20	0
517.13	3346733	130179	3346733	13954506752	10332151808	807.7	20	0
518.13	3346733	130179	3346733	13957300224	10335064064	799.8	20	0
519.14	3346733	130179	3346733	13960187904	10337943552	800.0	20	0
520.14	3346733	130179	3346733	13963292672	10341076992	807.7	20	0
521.14	3346733	130179	3346733	13966036992	10343964672	800.5	20	0
522.15	3346733	130179	3346733	13969186816	10346704896	806.8	20	0
523.15	3346733	130179	3346733	13971005440	10349350912	800.0	20	0
524.16	3346733	130179	3346733	13974188032	10352148480	799.3	20	0
525.16	3346733	130179	3346733	13976944640	10354688000	807.4	20	0
526.16	3346733	130179	3346733	13979131904	10357018624	799.5	20	0
527.17	3346733	130179	3346733	13982179328	10359820288	807.6	20	0
528.17	3346733	130179	3346733	13984509952	10362707968	799.6	20	0
529.18	3346733	130179	3346733	13987901440	10365431808	799.6	20	0
530.18	3346733	130179	3346733	13990522880	10368163840	807.5	20	0
531.18	3346733	130179	3346733	13993046016	10371428352	799.9	20	0
532.19	3346733	130179	3346733	13995937792	10373902336	807.5	20	0
533.19	3346733	130179	3346733	13998944256	10376806400	799.6	20	0
534.20	3346733	130179	3346733	14001897472	10379563008	807.5	20	0
535.20	3346733	130179	3346733	14004973568	10382372864	799.5	20	0
536.21	3346733	130179	3346733	14007840768	10385281024	799.6	20	0
537.21	3346733	130179	3346733	14010658816	10388107264	807.6	20	0
538.21	3346733	130179	3346733	14013136896	10390900736	799.8	20	0
539.22	3346733	130179	3346733	14015750144	10393903104	807.5	20	0
540.22	3346733	130179	3346733	14019055616	10396549120	799.4	20	0
541.23	3346733	130179	3346733	14021644288	10399633408	800.4	20	0
542.23	3346733	130179	3346733	14024409088	10402406400	807.0	20	0
543.23	3346733	130179	3346733	14027534336	10405257216	799.7	20	0
544.24	3346733	130179	3346733	14029254656	10407534592	807.3	20	0
545.24	3346733	130179	3346733	14031949824	10410016768	799.4	20	0
546.25	3346733	130179	3346733	14034223104	10412732416	807.5	20	0
547.25	3346733	130179	3346733	14035714048	10414817280	800.3	20	0
548.26	3346733	130179	3346733	14038335488	10417270784	806.6	20	0
549.26	3346733	130179	3346733	14040653824	10419576832	800.1	20	0
550.27	3346733	130179	3346733	14043955200	10422075392	799.4	20	0
551.27	3346733	130179	3346733	14046715904	10424979456	807.3	20	0
552.28	3346733	130179	3346733	14049378304	10427363328	799.1	20	0
553.28	3346733	130179	3346733	14051946496	10430226432	807.3	20	0
554.28	3346733	133439	3346733	14058385408	10432835584	856.5	20	0
555.29	3346733	139364	3346733	14067240960	10435559424	912.2	20	0
556.29	3346733	145273	3346733	14076055552	10437816320	902.3	20	0
557.30	3346733	148139	3346733	14081146880	10440544256	858.5	20	0
558.30	3346733	148139	3346733	14083584000	10442944512	799.3	20	0
559.31	3346733	148139	3346733	14086021120	10445516800	807.4	20	0
560.31	3346733	148139	3346733	14088392704	10447998976	799.6	20	0
561.32	3346733	148139	3346733	14090919936	10450472960	800.4	20	0
562.32	3346733	148139	3346733	14093582336	10453295104	808.9	20	0
563.32	3346733	148139	3346733	14096154624	10455711744	800.2	20	0
564.33	3346733	148139	3346733	14098595840	10458189824	808.3	20	0
565.33	3346733	148139	3346733	14100688896	10460450816	799.7	20	0
566.34	3346733	148139	3346733	14103773184	10463059968	799.7	20	0
567.34	3346733	148139	3346733	14106488832	10465710080	807.9	20	0
568.34	3346733	148139	3346733	14109315072	10468564992	799.4	20	0
569.35	3346733	148139	3346733	14112604160	10471190528	807.6	20	0
570.35	3346733	148139	3346733	14115065856	10474139648	799.7	20	0
571.36	3346733	148139	3346733	14118096896	10477248512	808.0	20	0
572.36	3346733	148139	3346733	14120955904	10480099328	799.8	20	0
573.36	3346733	148139	3346733	14123646976	10482851840	799.7	20	0
574.37	3346733	148139	3346733	14125965312	10485694464	807.6	20	0
575.37	3346733	148139	3346733	14128988160	10488578048	799.9	20	0
576.38	3346733	148139	3346733	14132203520	10491445248	807.1	20	0
577.38	3346733	148139	3346733	14134980608	10494095360	800.1	20	0
578.39	3346733	148139	3346733	14137675776	10497110016	807.1	20	0
579.39	3346733	148139	3346733	14140514304	10499555328	799.3	20	0
580.40	3346733	148139	3346733	14143119360	10502066176	799.4	20	0
581.40	3346733	148139	3346733	14145884160	10504966144	807.6	20	0
582.40	3346733	148139	3346733	14148595712	10507534336	799.6	20	0
583.41	3346733	148139	3346733	14151143424	10511953920	807.4	20	0
584.41	3346733	148139	3346733	14154080256	10514796544	799.6	20	0
585.42	3346733	148139	3346733	14156890112	10517680128	807.3	20	0
586.42	3346733	148139	3346733	14160752640	10522251264	799.5	20	0
587.43	3346733	148139	3346733	14165053440	10526498816	799.6	20	0
588.43	3346733	148139	3346733	14169911296	10530672640	807.3	20	0
589.43	3346733	148139	3346733	14173724672	10534793216	799.4	20	0
590.44	3346733	148139	3346733	14178406400	10539180032	807.4	20	0
591.44	3346733	148139	3346733	14182723584	10543603712	799.5	20	0
592.45	3346733	148139	3346733	14187634688	10548613120	807.7	20	0
593.45	3346733	148139	3346733	14191738880	10553044992	799.5	20	0
594.46	3346733	148139	3346733	14195867648	10557173760	799.7	20	0
595.46	3346733	148139	3346733	14200987648	10561249280	807.0	20	0
596.46	3346733	148139	3346733	14204411904	10565365760	799.4	20	0
597.47	3346733	148139	3346733	14208339968	10569498624	807.4	20	0
598.47	3346733	148139	3346733	14212689920	10573692928	799.3	20	0
599.48	3346733	148139	3346733	14216744960	10577518592	807.2	20	0
600.48	3346733	148139	3346733	14221213696	10581868544	799.4	20	0
601.49	3346733	148139	3346733	14224986112	10586263552	807.4	20	0
602.49	3346733	148139	3346733	14230228992	10590732288	799.5	20	0
603.50	3346733	148139	3346733	14234664960	10595254272	799.6	20	0
604.50	3346733	148139	3346733	14238007296	10599460864	807.4	20	0
605.50	3346733	148139	3346733	14242934784	10603606016	799.5	20	0
606.51	3346733	148139	3346733	14247473152	10608263168	807.5	20	0
607.51	3346733	148139	3346733	14251655168	10612391936	799.4	20	0
608.52	3346733	148139	3346733	14254678016	10616172544	807.2	20	0
609.52	3346733	148139	3346733	14259568640	10620563456	799.5	20	0
610.53	3346733	148139	3346733	14263668736	10625032192	799.5	20	0
611.53	3346733	148139	3346733	14268518400	10629197824	807.4	20	0
612.53	3346733	148139	3346733	14272593920	10633359360	799.5	20	0
613.54	3346733	148139	3346733	14276784128	10637639680	807.4	20	0
614.54	3346733	148139	3346733	14281490432	10642075648	799.5	20	0
615.55	3346733	148139	3346733	14285082624	10646040576	807.2	20	0
616.55	3346733	148139	3346733	14310055936	10650083328	801.2	20	0
617.56	3346733	148139	3346733	14293155840	10654216192	805.3	20	0
618.56	3346733	148139	3346733	14297194496	10658238464	799.5	20	0
619.57	3346733	148139	3346733	14300897280	10662305792	799.7	20	0
620.57	3346733	148139	3346733	14305079296	10666332160	806.7	20	0
621.57	3346733	148139	3346733	14309335040	10670108672	799.3	20	0
622.58	3346733	148139	3346733	14313619456	10674581504	807.5	20	0
623.58	3346733	148139	3346733	14317371392	10678308864	799.2	20	0
624.59	3346733	148139	3346733	14321975296	10682609664	807.2	20	0
625.59	3346733	148139	3346733	14325411840	10686734336	799.4	20	0
626.60	3346733	148139	3346733	14329712640	10690883584	807.2	20	0
627.60	3346733	148139	3346733	14334271488	10694946816	799.3	20	0
628.61	3346733	148139	3346733	14337400832	10698973184	799.4	20	0
629.61	3346733	148139	3346733	14342471680	10703400960	807.4	20	0
630.61	3346733	148139	3346733	14347022336	10707636224	800.0	20	0
631.62	3346733	148139	3346733	14351544320	10712043520	806.9	20	0
632.62	3346733	148139	3346733	14355865600	10716188672	800.0	20	0
633.63	3346733	148139	3346733	14359511040	10720415744	806.7	20	0
634.63	3346733	148139	3346733	14363529216	10724683776	799.3	20	0
635.64	3346733	148139	3346733	14368129024	10728771584	807.2	20	0
636.64	3346733	148139	3346733	14372106240	10732945408	799.3	20	0
637.65	3346733	148139	3346733	14376550400	10737340416	799.6	20	0
638.65	3346733	148139	3346733	14380756992	10741739520	807.5	20	0
639.65	3346733	148139	3346733	14386024448	10746699776	799.8	20	0
640.66	3346733	148139	3346733	14391521280	10751537152	807.7	20	0
641.66	3346733	148139	3346733	14395969536	10756321280	799.9	20	0
642.67	3346733	148139	3346733	14400376832	10760802304	807.4	20	0
643.67	3346733	148666	3346733	14404177920	10763685888	808.8	20	0
644.68	3346733	148666	3346733	14405607424	10765336576	799.6	20	0
645.68	3346733	148666	3346733	14407467008	10769088512	807.7	20	0
646.68	3346733	148666	3346733	14409408512	10770907136	799.9	20	0
647.69	3346733	148666	3346733	14410584064	10772418560	807.5	20	0
648.69	3346733	148666	3346733	14412959744	10774106112	799.7	20	0
649.70	3346733	148666	3346733	14414331904	10775814144	807.3	20	0
650.70	3346733	148666	3346733	14416023552	10777530368	799.8	20	0
651.71	3346733	148666	3346733	14417174528	10779099136	807.0	20	0
652.71	3346733	148666	3346733	14418649088	10780606464	799.3	20	0
653.72	3346733	148666	3346733	14420459520	10782298112	799.6	20	0
654.72	3346733	148666	3346733	14422466560	10784174080	807.6	20	0
655.72	3346733	148666	3346733	14424293376	10785607680	799.4	20	0
656.73	3346733	148666	3346733	14425485312	10787176448	807.3	20	0
657.73	3346733	148666	3346733	14426517504	10788769792	799.5	20	0
658.74	3346733	148666	3346733	14427705344	10790313984	807.3	20	0
659.74	3346733	148666	3346733	14429741056	10791890944	799.3	20	0
660.75	3346733	148666	3346733	14430924800	10793545728	799.5	20	0
661.75	3346733	148666	3346733	14433329152	10795286528	807.4	20	0
662.75	3346733	148666	3346733	14435127296	10796826624	799.3	20	0
663.76	3346733	148666	3346733	14436274176	10798235648	807.3	20	0
664.76	3346733	148666	3346733	14438404096	10799980544	799.4	20	0
665.77	3346733	148666	3346733	14437576704	10801442816	807.3	20	0
666.77	3346733	148666	3346733	14439452672	10803093504	799.8	20	0
667.78	3346733	148666	3346733	14440632320	10804805632	807.9	20	0
668.78	3346733	148666	3346733	14442496000	10806513664	799.7	20	0
669.78	3346733	148666	3346733	14444097536	10808115200	799.7	20	0
670.79	3346733	148666	3346733	14445924352	10809659392	807.7	20	0
671.79	3346733	148666	3346733	14446804992	10811428864	799.8	20	0
672.80	3346733	148666	3346733	14448349184	10813059072	807.6	20	0
673.80	3346733	148666	3346733	14449897472	10814857216	799.8	20	0
674.81	3346733	148666	3346733	14452383744	10816524288	799.6	20	0
675.81	3346733	148666	3346733	14453411840	10820857856	806.9	20	0
676.81	3346733	148666	3346733	14454579200	10822766592	800.1	20	0
677.82	3346733	148666	3346733	14456610816	10824384512	807.0	20	0
678.82	3346733	148666	3346733	14457622528	10825965568	799.3	20	0
679.83	3346733	152399	3346733	14462894080	10826600448	872.3	20	0
680.83	3346733	158334	3346733	14469058560	10826600448	902.5	20	0
681.84	3346733	164275	3346733	14475649024	10826604544	904.1	20	0
682.84	3346733	170187	3346733	14481002496	10826604544	912.9	20	0
683.84	3346733	176113	3346733	14487166976	10826604544	904.3	20	0
684.85	3346733	182055	3346733	14493200384	10826604544	912.7	20	0
685.85	3346733	185937	3346733	14497054720	10826604544	867.5	20	0
686.86	3346733	185937	3346733	14497112064	10826604544	807.3	20	0
687.86	3346733	185937	3346733	14497087488	10826604544	800.1	20	0
688.87	3346733	185937	3346733	14497120256	10826604544	799.3	20	0
689.87	3346733	185937	3346733	14496845824	10826604544	807.7	20	0
690.87	3346733	185937	3346733	14496940032	10826604544	799.8	20	0
691.88	3346733	185937	3346733	14497042432	10826608640	807.6	20	0
692.88	3346733	185937	3346733	14497177600	10826616832	799.5	20	0
693.89	3346733	185937	3346733	14497329152	10826620928	799.7	20	0
694.89	3346733	185937	3346733	14497345536	10826620928	807.8	20	0
695.89	3346733	185937	3346733	14497779712	10826625024	799.4	20	0
696.90	3346733	185937	3346733	14498295808	10826629120	807.5	20	0
697.90	3346733	185937	3346733	14497759232	10826629120	799.7	20	0
698.91	3346733	185937	3346733	14497312768	10826629120	799.7	20	0
699.91	3346733	185937	3346733	14497251328	10826637312	807.5	20	0
700.91	3346733	185937	3346733	14497345536	10826649600	799.5	20	0
701.92	3346733	185937	3346733	14497374208	10826649600	807.4	20	0
702.92	3346733	185937	3346733	14497464320	10826653696	799.4	20	0
703.93	3346733	185937	3346733	14497366016	10826653696	807.4	20	0
704.93	3346733	185937	3346733	14497611776	10826661888	799.5	20	0
705.93	3346733	185937	3346733	14497726464	10826661888	799.9	20	0
706.94	3346733	185937	3346733	14497423360	10826674176	807.1	20	0
707.94	3346733	185937	3346733	14497705984	10826727424	799.4	20	0
708.95	3346733	185937	3346733	14497443840	10826727424	807.5	20	0
709.95	3346733	185937	3346733	14497955840	10826727424	799.7	20	0
710.96	3346733	185937	3346733	14497366016	10826727424	799.7	20	0
711.96	3346733	185937	3346733	14498074624	10826739712	807.5	20	0
712.96	3346733	185937	3346733	14498160640	10826743808	799.6	20	0
713.97	3346733	185937	3346733	14498545664	10826743808	807.5	20	0
714.97	3346733	185937	3346733	14498226176	10826764288	799.4	20	0
715.98	3346733	185937	3346733	14498410496	10826764288	807.6	20	0
716.98	3346733	185937	3346733	14498226176	10826764288	799.6	20	0
717.98	3346733	185937	3346733	14498009088	10826768384	799.4	20	0
718.99	3346733	185937	3346733	14497734656	10826768384	807.7	20	0
719.99	3346733	185937	3346733	14498320384	10826776576	800.2	20	0
721.00	3346733	185937	3346733	14497697792	10826776576	807.0	20	0
722.00	3346733	185937	3346733	14498033664	10826776576	799.7	20	0
723.00	3346733	185937	3346733	14498004992	10826776576	799.7	20	0
724.01	3346733	185937	3346733	14497583104	10826776576	807.7	20	0
725.01	3346733	185937	3346733	14498041856	10826776576	799.8	20	0
726.02	3346733	185937	3346733	14497812480	10826784768	807.8	20	0
727.02	3346733	185937	3346733	14497820672	10826784768	799.8	20	0
728.03	3346733	185937	3346733	14497722368	10826788864	800.2	20	0
729.03	3346733	185937	3346733	14497755136	10826788864	807.0	20	0
730.03	3346733	185937	3346733	14497755136	10826788864	799.8	20	0
731.04	3346733	185937	3346733	14497632256	10826788864	807.8	20	0
732.04	3346733	185937	3346733	14497927168	10826788864	799.6	20	0
733.05	3346733	185937	3346733	14497906688	10826788864	799.8	20	0
734.05	3346733	185937	3346733	14497607680	10826788864	807.6	20	0
735.05	3346733	185937	3346733	14497734656	10826788864	799.6	20	0
736.06	3346733	185937	3346733	14497730560	10826866688	807.7	20	0
737.06	3346733	185937	3346733	14497619968	10826866688	799.8	20	0
738.07	3346733	185937	3346733	14498197504	10826866688	807.7	20	0
739.07	3346733	185937	3346733	14497800192	10826866688	799.7	20	0
740.07	3346733	185937	3346733	14498091008	10826866688	799.7	20	0
741.08	3346733	185937	3346733	14498013184	10826866688	807.8	20	0
742.08	3346733	185937	3346733	14497992704	10826866688	799.6	20	0
743.09	3346733	185937	3346733	14498095104	10826870784	807.8	20	0
744.09	3346733	190645	3346733	14503002112	10826870784	882.4	20	0
745.10	3346733	196588	3346733	14509473792	10826870784	903.5	20	0
746.10	3346733	202540	3346733	14515310592	10826870784	913.2	20	0
747.10	3346733	204666	3346733	14517329920	10826870784	837.9	20	0
748.11	3346733	204666	3346733	14517186560	10828910592	807.5	20	0
749.11	3346733	204666	3346733	14517256192	10828910592	799.6	20	0
750.12	3346733	204666	3346733	14517768192	10828910592	807.8	20	0
751.12	3346733	204666	3346733	14517006336	10828910592	799.4	20	0
752.12	3346733	204666	3346733	14517207040	10828910592	799.5	20	0
753.13	3346733	204666	3346733	14517202944	10828910592	807.7	20	0
754.13	3346733	204666	3346733	14516858880	10828910592	799.7	20	0
755.14	3346733	204666	3346733	14516846592	10828910592	807.6	20	0
756.14	3346733	204666	3346733	14517223424	10829017088	799.7	20	0
757.15	3346733	204666	3346733	14517239808	10829021184	799.9	20	0
758.15	3346733	204666	3346733	14517035008	10829021184	807.5	20	0
759.15	3346733	204666	3346733	14517088256	10829021184	799.7	20	0
760.16	3346733	204666	3346733	14517190656	10829029376	807.7	20	0
761.16	3346733	204666	3346733	14517239808	10829033472	799.5	20	0
762.17	3346733	204666	3346733	14517198848	10829033472	799.8	20	0
763.17	3346733	204666	3346733	14516625408	10829037568	807.4	20	0
764.17	3346733	204666	3346733	14516719616	10829045760	799.6	20	0
765.18	3346733	204666	3346733	14516973568	10829045760	807.5	20	0
766.18	3346733	204666	3346733	14516977664	10829053952	799.3	20	0
767.19	3346733	204666	3346733	14517346304	10829156352	800.0	20	0
768.19	3346733	204666	3346733	14517329920	10829156352	807.7	20	0
769.19	3346733	204666	3346733	14517194752	10829156352	799.6	20	0
770.20	3346733	204666	3346733	14517469184	10829156352	807.7	20	0
771.20	3346733	204666	3346733	14517485568	10829156352	799.5	20	0
772.21	3346733	204666	3346733	14517727232	10829160448	807.5	20	0
773.21	3346733	204666	3346733	14517678080	10829160448	799.3	20	0
774.21	3346733	204666	3346733	14517346304	10829176832	799.6	20	0
775.22	3346733	204666	3346733	14517547008	10829180928	807.4	20	0
776.22	3346733	204666	3346733	14517432320	10829180928	799.4	20	0
777.23	3346733	204666	3346733	14517645312	10829180928	807.6	20	0
778.23	3346733	204666	3346733	14516883456	10829180928	799.6	20	0
779.23	3346733	204666	3346733	14516871168	10829180928	800.4	20	0
780.24	3346733	204666	3346733	14516961280	10829266944	806.9	20	0
781.24	3346733	204666	3346733	14517432320	10829271040	799.8	20	0
782.25	3346733	204666	3346733	14517927936	10829279232	807.6	20	0
783.25	3346733	204666	3346733	14517420032	10829279232	799.8	20	0
784.26	3346733	204666	3346733	14517346304	10829279232	799.8	20	0
785.26	3346733	204666	3346733	14517547008	10829279232	807.6	20	0
786.26	3346733	204666	3346733	14517424128	10829299712	799.6	20	0
787.27	3346733	204666	3346733	14517731328	10829299712	807.6	20	0
788.27	3346733	204666	3346733	14517592064	10829299712	799.8	20	0
789.28	3346733	204666	3346733	14517846016	10829299712	799.8	20	0
790.28	3346733	204666	3346733	14517743616	10829299712	807.6	20	0
791.28	3346733	204666	3346733	14518001664	10829299712	799.7	20	0
792.29	3346733	204666	3346733	14519398400	10830417920	807.1	20	0
793.29	3346733	204666	3346733	14521978880	10833375232	799.6	20	0
794.30	3346733	204666	3346733	14523727872	10836008960	807.7	20	0
795.30	3346733	204666	3346733	14527442944	10838790144	799.4	20	0
796.30	3346733	204666	3346733	14529900544	10841415680	799.6	20	0
797.31	3346733	204666	3346733	14532583424	10844184576	807.6	20	0
798.31	3346733	204666	3346733	14534766592	10846806016	799.6	20	0
799.32	3346733	204666	3346733	14537367552	10849562624	807.5	20	0
800.32	3346733	204666	3346733	14540374016	10852323328	799.5	20	0
801.33	3346733	204666	3346733	14542942208	10854797312	799.6	20	0
802.33	3346733	204666	3346733	14545846272	10857553920	807.7	20	0
803.33	3346733	204666	3346733	14548242432	10860175360	799.6	20	0
804.34	3346733	204666	3346733	14550224896	10862637056	807.5	20	0
805.34	3346733	204666	3346733	14552899584	10865225728	799.6	20	0
806.35	3346733	204666	3346733	14555869184	10867863552	799.5	20	0
807.35	3346733	204666	3346733	14558138368	10870624256	807.5	20	0
808.35	3346733	204666	3346733	14561476608	10873790464	799.6	20	0
809.36	3346733	204666	3346733	14564999168	10879008768	807.9	20	0
810.36	3346733	204666	3346733	14567292928	10882011136	799.7	20	0
811.37	3346733	204666	3346733	14570274816	10884657152	807.5	20	0
812.37	3346733	204666	3346733	14573346816	10887933952	799.9	20	0
813.38	3346733	204666	3346733	14576746496	10890833920	799.8	20	0
814.38	3346733	204666	3346733	14579695616	10893656064	807.7	20	0
815.38	3346733	204666	3346733	14582689792	10896388096	799.7	20	0
816.39	3346733	204666	3346733	14585671680	10899488768	807.8	20	0
817.39	3346733	204666	3346733	14588559360	10902511616	799.8	20	0
818.40	3346733	204666	3346733	14590623744	10905026560	799.6	20	0
819.40	3346733	204666	3346733	14593748992	10907656192	807.6	20	0
820.40	3346733	204666	3346733	14597140480	10910666752	800.6	20	0
821.41	3346733	204666	3346733	14600339456	10913521664	806.9	20	0
822.41	3346733	204666	3346733	14603231232	10916315136	799.5	20	0
823.42	3346733	204666	3346733	14604894208	10918617088	799.5	20	0
824.42	3346733	204666	3346733	14607253504	10921111552	807.3	20	0
825.42	3346733	204666	3346733	14609547264	10923745280	799.6	20	0
826.43	3346733	204666	3346733	14613061632	10926772224	807.7	20	0
827.43	3346733	204666	3346733	14615732224	10929364992	799.5	20	0
828.44	3346733	204666	3346733	14618222592	10931875840	807.5	20	0
829.44	3346733	204666	3346733	14620864512	10934308864	799.6	20	0
830.44	3346733	204666	3346733	14624014336	10936967168	799.7	20	0
831.45	3346733	204666	3346733	14626099200	10939744256	807.6	20	0
832.45	3346733	204666	3346733	14628298752	10942582784	799.7	20	0
833.46	3346733	204666	3346733	14631436288	10945404928	807.5	20	0
834.46	3346733	204666	3346733	14633926656	10948120576	799.5	20	0
835.47	3346733	204666	3346733	14637064192	10950758400	799.7	20	0
836.47	3346733	204666	3346733	14639935488	10953768960	807.7	20	0
837.47	3346733	204666	3346733	14642475008	10956374016	799.6	20	0
838.48	3346733	204666	3346733	14645829632	10959581184	807.7	20	0
839.48	3346733	204666	3346733	14648561664	10962206720	799.5	20	0
840.49	3346733	204666	3346733	14650667008	10964824064	799.7	20	0
841.49	3346733	204666	3346733	14654087168	10967711744	807.7	20	0
842.49	3346733	204666	3346733	14656704512	10970198016	799.6	20	0
843.50	3346733	204666	3346733	14658985984	10972880896	807.5	20	0
844.50	3346733	204666	3346733	14661619712	10975608832	799.8	20	0
845.51	3346733	204666	3346733	14664622080	10978136064	807.5	20	0
846.51	3346733	204666	3346733	14666801152	10980741120	799.8	20	0
847.52	3346733	204666	3346733	14668877824	10983268352	800.1	20	0
848.52	3346733	204666	3346733	14670983168	10985287680	807.9	20	0
849.52	3346733	204666	3346733	14673334272	10987819008	800.0	20	0
850.53	3346733	204666	3346733	14676025344	10990010368	807.6	20	0
851.53	3346733	204666	3346733	14678798336	10992775168	800.7	20	0
852.54	3346733	204666	3346733	14681776128	10995294208	807.8	20	0
853.54	3346733	204666	3346733	14684418048	10998059008	799.9	20	0
854.55	3346733	204666	3346733	14687272960	11000745984	799.8	20	0
855.55	3346733	204666	3346733	14690136064	11003428864	807.6	20	0
856.55	3346733	204666	3346733	14692089856	11005837312	799.7	20	0
857.56	3346733	204666	3346733	14695243776	11008851968	807.8	20	0
858.56	3346733	204666	3346733	14697836544	11011416064	799.7	20	0
859.57	3346733	204666	3346733	14700494848	11014041600	807.7	20	0
860.57	3346733	204666	3346733	14703464448	11017011200	799.8	20	0
861.57	3346733	204666	3346733	14706286592	11019894784	799.8	20	0
862.58	3346733	204666	3346733	14709161984	11022995456	807.8	20	0
863.58	3346733	204666	3346733	14712250368	11025870848	799.9	20	0
864.59	3346733	204666	3346733	14715494400	11028770816	807.7	20	0
865.59	3346733	204666	3346733	14718533632	11031769088	799.8	20	0
866.60	3346733	204666	3346733	14721589248	11034734592	801.3	20	0
867.60	3346733	204666	3346733	14723629056	11037130752	806.0	20	0
868.60	3346733	204666	3346733	14725926912	11039367168	799.5	20	0
869.61	3346733	204666	3346733	14728962048	11041615872	807.4	20	0
870.61	3346733	206114	3346733	14732808192	11044036608	824.7	20	0
871.62	3346733	212072	3346733	14741143552	11046658048	905.4	20	0
872.62	3346733	218013	3346733	14750400512	11048701952	911.7	20	0
873.62	3346733	223972	3346733	14758322176	11050897408	902.6	20	0
874.63	3346733	229865	3346733	14765715456	11053355008	911.6	20	0
875.63	3346733	235776	3346733	14774276096	11055685632	903.7	20	0
876.64	3346733	241704	3346733	14783021056	11058319360	902.7	20	0
877.64	3346733	242016	3346733	14786080768	11060649984	814.1	20	0
878.64	3346733	242016	3346733	14787956736	11062902784	799.5	20	0
879.65	3346733	242016	3346733	14791270400	11065724928	807.6	20	0
880.65	3346733	242016	3346733	14793592832	11068243968	799.6	20	0
881.66	3346733	242016	3346733	14796115968	11070767104	807.6	20	0
882.66	3346733	242016	3346733	14798336000	11073290240	799.7	20	0
883.66	3346733	242016	3346733	14800343040	11075342336	799.5	20	0
884.67	3346733	242016	3346733	14802808832	11077910528	807.6	20	0
885.67	3346733	242016	3346733	14805319680	11080282112	799.6	20	0
886.68	3346733	242016	3346733	14808252416	11083071488	807.9	20	0
887.68	3346733	242016	3346733	14810877952	11085660160	799.8	20	0
888.69	3346733	242016	3346733	14813122560	11088166912	799.5	20	0
889.69	3346733	242016	3346733	14816092160	11091025920	807.7	20	0
890.69	3346733	242016	3346733	14818693120	11093860352	799.6	20	0
891.70	3346733	242016	3346733	14821699584	11096715264	807.6	20	0
892.70	3346733	242016	3346733	14824230912	11099578368	799.7	20	0
893.71	3346733	242016	3346733	14827237376	11102609408	799.8	20	0
894.71	3346733	242016	3346733	14830186496	11105513472	807.7	20	0
895.71	3346733	242016	3346733	14833426432	11108392960	799.8	20	0
896.72	3346733	242016	3346733	14836428800	11111518208	807.9	20	0
897.72	3346733	242016	3346733	14839590912	11114262528	800.2	20	0
898.73	3346733	242016	3346733	14841585664	11116789760	799.3	20	0
899.73	3346733	242016	3346733	14844272640	11119800320	807.7	20	0
900.73	3346733	242016	3346733	14847356928	11122479104	799.6	20	0
901.74	3346733	242016	3346733	14850519040	11125379072	807.6	20	0
902.74	3346733	242016	3346733	14853218304	11128098816	799.7	20	0
903.75	3346733	242016	3346733	14856241152	11131260928	799.9	20	0
904.75	3346733	242016	3346733	14858731520	11134001152	807.8	20	0
905.75	3346733	242016	3346733	14861778944	11136995328	799.6	20	0
906.76	3346733	242016	3346733	14865014784	11139768320	807.5	20	0
907.76	3346733	242016	3346733	14867800064	11142553600	799.7	20	0
908.77	3346733	242016	3346733	14870482944	11145265152	807.7	20	0
909.77	3346733	242016	3346733	14873776128	11148451840	799.8	20	0
910.77	3346733	242016	3346733	14877282304	11151392768	799.7	20	0
911.78	3346733	242016	3346733	14879797248	11154436096	807.6	20	0
912.78	3346733	242016	3346733	14883082240	11157434368	799.8	20	0
913.79	3346733	242016	3346733	14885498880	11160367104	807.8	20	0
914.79	3346733	242016	3346733	14888206336	11163144192	799.7	20	0
915.79	3346733	242016	3346733	14891106304	11166154752	799.6	20	0
916.80	3346733	242016	3346733	14894354432	11169366016	807.7	20	0
917.80	3346733	242016	3346733	14897315840	11172339712	800.2	20	0
918.81	3346733	242016	3346733	14899707904	11174871040	807.1	20	0
919.81	3346733	242016	3346733	14902898688	11177545728	799.6	20	0
920.82	3346733	242016	3346733	14905540608	11180105728	799.5	20	0
921.82	3346733	242016	3346733	14908272640	11182886912	807.6	20	0
922.82	3346733	242016	3346733	14911643648	11185692672	800.3	20	0
923.83	3346733	242016	3346733	14914080768	11188420608	806.7	20	0
924.83	3346733	242016	3346733	14916628480	11191021568	799.5	20	0
925.84	3346733	242016	3346733	14919630848	11193835520	807.6	20	0
926.84	3346733	242016	3346733	14921969664	11196432384	799.5	20	0
927.84	3346733	242016	3346733	14924513280	11199057920	799.5	20	0
928.85	3346733	242016	3346733	14927499264	11201835008	807.4	20	0
929.85	3346733	242016	3346733	14930046976	11204722688	799.7	20	0
930.86	3346733	242016	3346733	14932754432	11207421952	807.6	20	0
931.86	3346733	242016	3346733	14936371200	11210801152	799.9	20	0
932.87	3346733	245279	3346733	14942130176	11213357056	856.8	20	0
933.87	3346733	251170	3346733	14951215104	11216326656	911.8	20	0
934.87	3346733	257082	3346733	14960058368	11219218432	902.7	20	0
935.88	3346733	260489	3346733	14966370304	11222192128	867.7	20	0
936.88	3346733	260489	3346733	14969073664	11224899584	799.6	20	0
937.89	3346733	260489	3346733	14972047360	11227709440	799.7	20	0
938.89	3346733	260489	3346733	14975393792	11230531584	807.6	20	0
939.89	3346733	260489	3346733	14978260992	11233632256	799.8	20	0
940.90	3346733	260489	3346733	15706836992	11960668160	807.5	20	0
941.90	3346733	260489	3346733	14982369280	11237568512	798.8	20	0
942.91	3346733	260489	3346733	14984962048	11240345600	807.6	20	0
943.91	3346733	260489	3346733	14987325440	11242946560	799.7	20	0
944.91	3346733	260489	3346733	14990356480	11245617152	799.8	20	0
945.92	3346733	260489	3346733	14992977920	11248246784	807.4	20	0
946.92	3346733	260489	3346733	14995488768	11250638848	800.2	20	0
947.93	3346733	260489	3346733	14998323200	11253399552	806.9	20	0
948.93	3346733	260489	3346733	15000444928	11256008704	799.6	20	0
949.94	3346733	260489	3346733	15003422720	11258445824	799.5	20	0
950.94	3346733	260489	3346733	15006048256	11261227008	807.5	20	0
951.94	3346733	260489	3346733	15009005568	11263930368	800.2	20	0
952.95	3346733	260489	3346733	15011287040	11266543616	807.1	20	0
953.95	3346733	260489	3346733	15014449152	11269496832	799.8	20	0
954.96	3346733	260489	3346733	15016886272	11272237056	799.6	20	0
955.96	3346733	260489	3346733	15019479040	11274661888	807.4	20	0
956.96	3346733	260489	3346733	15022534656	11277811712	799.9	20	0
957.97	3346733	260489	3346733	15024930816	11280457728	807.5	20	0
958.97	3346733	260489	3346733	15027621888	11283374080	799.8	20	0
959.98	3346733	260489	3346733	15030259712	11285794816	807.5	20	0
960.98	3346733	260489	3346733	15032791040	11288350720	799.6	20	0
961.98	3346733	260489	3346733	15035994112	11291242496	799.7	20	0
962.99	3346733	260489	3346733	15038447616	11293900800	807.5	20	0
963.99	3346733	260489	3346733	15041290240	11297087488	799.7	20	0
965.00	3346733	260489	3346733	15044722688	11299958784	807.5	20	0
966.00	3346733	260489	3346733	15047143424	11302658048	799.9	20	0
967.01	3346733	260489	3346733	15049625600	11305197568	799.3	20	0
968.01	3346733	260489	3346733	15051964416	11307896832	807.5	20	0
969.01	3346733	260489	3346733	15055417344	11310886912	799.7	20	0
970.02	3346733	260489	3346733	15058169856	11313434624	807.5	20	0
971.02	3346733	260489	3346733	15060566016	11316228096	799.6	20	0
972.03	3346733	260489	3346733	15063654400	11319046144	799.7	20	0
973.03	3346733	260489	3346733	15065964544	11321880576	807.6	20	0
974.03	3346733	260489	3346733	15069020160	11324583936	799.6	20	0
975.04	3346733	260489	3346733	15072432128	11327479808	807.6	20	0
976.04	3346733	260489	3346733	15074463744	11330064384	799.5	20	0
977.05	3346733	260489	3346733	15076999168	11332739072	807.6	20	0
978.05	3346733	260489	3346733	15079854080	11335438336	799.5	20	0
979.06	3346733	260489	3346733	15082602496	11337969664	799.5	20	0
980.06	3346733	260489	3346733	15085031424	11340468224	807.5	20	0
981.06	3346733	260489	3346733	15087816704	11342962688	799.3	20	0
982.07	3346733	260489	3346733	15089811456	11345432576	807.5	20	0
983.07	3346733	260489	3346733	15092486144	11348041728	799.4	20	0
984.08	3346733	260489	3346733	15095230464	11350827008	799.7	20	0
985.08	3346733	260489	3346733	15098458112	11353817088	807.6	20	0
986.08	3346733	260489	3346733	15100837888	11356233728	799.5	20	0
987.09	3346733	260489	3346733	15103889408	11359076352	807.6	20	0
988.09	3346733	260489	3346733	15107084288	11362459648	799.8	20	0
989.10	3346733	260489	3346733	15109410816	11364855808	807.6	20	0
990.10	3346733	260489	3346733	15112077312	11367415808	799.5	20	0
991.10	3346733	260489	3346733	15114686464	11370205184	799.7	20	0
992.11	3346733	260489	3346733	15117332480	11373068288	807.6	20	0
993.11	3346733	260489	3346733	15120310272	11375857664	799.5	20	0
994.12	3346733	260489	3346733	15122169856	11378147328	807.5	20	0
995.12	3346733	260489	3346733	15125196800	11380957184	799.7	20	0
996.13	3346733	260489	3346733	15127752704	11383754752	799.8	20	0
997.13	3346733	260489	3346733	15131303936	11386658816	807.6	20	0
998.13	3346733	260489	3346733	15133786112	11389378560	799.8	20	0
999.14	3346733	260489	3346733	15135952896	11392094208	807.7	20	0
1000.14	3346733	260489	3346733	15139303424	11395072000	799.8	20	0
1001.15	3346733	260489	3346733	15142768640	11398336512	800.0	20	0
1002.15	3346733	260489	3346733	15145578496	11401211904	807.8	20	0
1003.15	3346733	260489	3346733	15147814912	11403726848	799.5	20	0
1004.16	3346733	260489	3346733	15151095808	11406733312	807.5	20	0
1005.16	3346733	260489	3346733	15154176000	11409674240	799.6	20	0
1006.17	3346733	260489	3346733	15157305344	11412668416	807.6	20	0
1007.17	3346733	260489	3346733	15159816192	11415498752	799.7	20	0
1008.17	3346733	260489	3346733	15162314752	11417890816	799.4	20	0
1009.18	3346733	260489	3346733	15165210624	11420848128	807.6	20	0
1010.18	3346733	260489	3346733	15168077824	11423383552	799.5	20	0
1011.19	3346733	260489	3346733	15170781184	11426217984	807.6	20	0
1012.19	3346733	260489	3346733	15173595136	11429126144	799.8	20	0
1013.20	3346733	260489	3346733	15176335360	11431768064	799.5	20	0
1014.20	3346733	260489	3346733	15178383360	11433779200	807.2	20	0
1015.20	3346733	260489	3346733	15179968512	11435528192	799.2	20	0
1016.21	3346733	260489	3346733	15182340096	11437735936	807.3	20	0
1017.21	3346733	260489	3346733	15183753216	11438956544	798.9	20	0
1018.22	3346733	260489	3346733	15184887808	11440226304	798.9	20	0
1019.22	3346733	260489	3346733	15186743296	11441639424	807.0	20	0
1020.22	3346733	260489	3346733	15187861504	11443277824	799.0	20	0
1021.23	3346733	260489	3346733	15189635072	11445006336	807.1	20	0
1022.23	3346733	260489	3346733	15191699456	11447201792	799.4	20	0
1023.24	3346733	260489	3346733	15194271744	11449237504	807.2	20	0
1024.24	3346733	260489	3346733	15195205632	11450753024	799.0	20	0
1025.24	3346733	260489	3346733	15197380608	11453116416	799.5	20	0
1026.25	3346733	260489	3346733	15200157696	11455492096	807.4	20	0
1027.25	3346733	260489	3346733	15202869248	11457777664	799.5	20	0
1028.26	3346733	260489	3346733	15205019648	11460472832	807.5	20	0
1029.26	3346733	260489	3346733	15207653376	11463155712	799.7	20	0
1030.27	3346733	260489	3346733	15210250240	11465641984	799.4	20	0
1031.27	3346733	260489	3346733	15212740608	11467964416	807.5	20	0
1032.27	3346733	260489	3346733	15215968256	11470966784	799.6	20	0
1033.28	3346733	260489	3346733	15218401280	11473657856	807.7	20	0
1034.28	3346733	260489	3346733	15220756480	11476307968	799.4	20	0
1035.29	3346733	260489	3346733	15223635968	11479003136	799.7	20	0
1036.29	3346733	260489	3346733	15226376192	11481546752	807.5	20	0
1037.29	3346733	260489	3346733	15228694528	11484160000	799.7	20	0
1038.30	3346733	260489	3346733	15231483904	11486928896	807.6	20	0
1039.30	3346733	260489	3346733	15234084864	11489542144	799.6	20	0
1040.31	3346733	260489	3346733	15236890624	11492208640	807.5	20	0
1041.31	3346733	260489	3346733	15239880704	11494981632	799.7	20	0
1042.31	3346733	260489	3346733	15242977280	11497713664	799.6	20	0
1043.32	3346733	260489	3346733	15246053376	11500929024	807.9	20	0
1044.32	3346733	260489	3346733	15248867328	11503796224	799.6	20	0
1045.33	3346733	260489	3346733	15251447808	11506524160	807.6	20	0
1046.33	3346733	260489	3346733	15254245376	11509592064	799.9	20	0
1047.34	3346733	260489	3346733	15256993792	11512303616	799.6	20	0
1048.34	3346733	260489	3346733	15259963392	11515572224	807.8	20	0
1049.34	3346733	260489	3346733	15263117312	11518406656	799.9	20	0
1050.35	3346733	260489	3346733	15265673216	11521150976	807.7	20	0
1051.35	3346733	260489	3346733	15267196928	11522875392	799.2	20	0
1052.36	3346733	260489	3346733	15270072320	11525357568	799.7	20	0
1053.36	3346733	260489	3346733	15272304640	11527593984	807.4	20	0
1054.36	3346733	260489	3346733	15274926080	11530244096	799.7	20	0
1055.37	3346733	260489	3346733	15278051328	11532820480	807.4	20	0
1056.37	3346733	260489	3346733	15280377856	11535564800	799.6	20	0
1057.38	3346733	260885	3346733	15284428800	11538513920	814.6	20	0
1058.38	3346733	266858	3346733	15293374464	11541250048	903.2	20	0
1059.38	3346733	272816	3346733	15302144000	11543621632	902.9	20	0
1060.39	3346733	278776	3346733	15310704640	11546075136	912.1	20	0
1061.39	3346733	284737	3346733	15318974464	11548729344	903.2	20	0
1062.40	3346733	290677	3346733	15327793152	11551358976	912.1	20	0
1063.40	3346733	296647	3346733	15335702528	11553705984	902.4	20	0
1064.41	3346733	297682	3346733	15340032000	11556450304	818.1	20	0
1065.41	3346733	297682	3346733	15343075328	11559215104	807.7	20	0
1066.41	3346733	297682	3346733	15345295360	11561758720	799.7	20	0
1067.42	3346733	297682	3346733	15347249152	11564380160	807.4	20	0
1068.42	3346733	297682	3346733	15350009856	11567022080	799.8	20	0
1069.43	3346733	297682	3346733	15352926208	11569868800	799.7	20	0
1070.43	3346733	297682	3346733	15355899904	11573063680	808.5	20	0
1071.43	3346733	297682	3346733	15358722048	11575836672	799.2	20	0
1072.44	3346733	297682	3346733	15361171456	11578048512	807.4	20	0
1073.44	3346733	297682	3346733	15362928640	11580248064	799.4	20	0
1074.45	3346733	297682	3346733	15366008832	11583123456	807.8	20	0
1075.45	3346733	297682	3346733	15369265152	11586125824	799.8	20	0
1076.45	3346733	297682	3346733	15372652544	11589160960	800.1	20	0
1077.46	3346733	297682	3346733	15375429632	11591979008	807.3	20	0
1078.46	3346733	297682	3346733	15378038784	11594600448	799.6	20	0
1079.47	3346733	297682	3346733	15380103168	11596910592	807.4	20	0
1080.47	3346733	297682	3346733	15382585344	11599568896	799.7	20	0
1081.48	3346733	297682	3346733	15384870912	11601997824	799.5	20	0
1082.48	3346733	297682	3346733	15387934720	11604480000	807.6	20	0
1083.48	3346733	297682	3346733	15390277632	11606908928	799.5	20	0
1084.49	3346733	297682	3346733	15392133120	11609272320	807.4	20	0
1085.49	3346733	297682	3346733	15395418112	11611508736	799.3	20	0
1086.50	3346733	297682	3346733	15397576704	11614208000	799.5	20	0
1087.50	3346733	297682	3346733	15400697856	11616813056	807.6	20	0
1088.50	3346733	297682	3346733	15402549248	11619221504	799.4	20	0
1089.51	3346733	297682	3346733	15405412352	11621777408	807.8	20	0
1090.51	3346733	297682	3346733	15408316416	11624472576	799.3	20	0
1091.52	3346733	297682	3346733	15410098176	11626958848	807.6	20	0
1092.52	3346733	297682	3346733	15413088256	11629617152	799.7	20	0
1093.53	3346733	297682	3346733	15415857152	11632332800	800.2	20	0
1094.53	3346733	297682	3346733	15418535936	11634823168	807.0	20	0
1095.53	3346733	297682	3346733	15420846080	11636772864	799.3	20	0
1096.54	3346733	297682	3346733	15422926848	11638915072	807.3	20	0
1097.54	3346733	297682	3346733	15424634880	11641221120	799.6	20	0
1098.55	3346733	297682	3346733	15426371584	11643559936	799.3	20	0
1099.55	3346733	297682	3346733	15428890624	11645693952	807.4	20	0
1100.55	3346733	297682	3346733	15431622656	11648049152	799.5	20	0
1101.56	3346733	297682	3346733	15434014720	11650551808	807.3	20	0
1102.56	3346733	297682	3346733	15436935168	11653066752	799.6	20	0
1103.57	3346733	297682	3346733	15438995456	11655757824	807.7	20	0
1104.57	3346733	297682	3346733	15441883136	11658125312	799.5	20	0
1105.57	3346733	297682	3346733	15444234240	11660890112	799.8	20	0
1106.58	3346733	297682	3346733	15447179264	11663343616	807.4	20	0
1107.58	3346733	297682	3346733	15449518080	11666055168	799.5	20	0
1108.59	3346733	297682	3346733	15451820032	11668463616	807.4	20	0
1109.59	3346733	297682	3346733	15454711808	11671257088	799.8	20	0
1110.60	3346733	297682	3346733	15457927168	11673710592	799.5	20	0
1111.60	3346733	297682	3346733	15459901440	11676258304	807.5	20	0
1112.60	3346733	297682	3346733	15462961152	11679145984	800.0	20	0
1113.61	3346733	297682	3346733	15465611264	11681964032	807.3	20	0
1114.61	3346733	297682	3346733	15468630016	11684671488	800.0	20	0
1115.62	3346733	297682	3346733	15471263744	11687702528	807.4	20	0
1116.62	3346733	297682	3346733	15474700288	11690774528	799.7	20	0
1117.62	3346733	297682	3346733	15477055488	11693232128	799.6	20	0
1118.63	3346733	297682	3346733	15479791616	11696054272	807.7	20	0
1119.63	3346733	297682	3346733	15483576320	11699924992	799.5	20	0
1120.64	3346733	297682	3346733	15488102400	11704213504	807.6	20	0
1121.64	3346733	297682	3346733	15491760128	11708514304	799.7	20	0
1122.65	3346733	297682	3346733	15496601600	11713253376	799.9	20	0
1123.65	3346733	297682	3346733	15501549568	11717922816	807.7	20	0
1124.65	3346733	297682	3346733	15505944576	11722350592	800.8	20	0
1125.66	3346733	297682	3346733	15510560768	11727020032	806.6	20	0
1126.66	3346733	297682	3346733	15514689536	11731558400	799.7	20	0
1127.67	3346733	297682	3346733	15519477760	11736039424	799.7	20	0
1128.67	3346733	297682	3346733	15523815424	11740160000	807.5	20	0
1129.67	3346733	297682	3346733	15528390656	11744788480	799.8	20	0
1130.68	3346733	297682	3346733	15532937216	11749150720	807.7	20	0
1131.68	3346733	297682	3346733	15536779264	11753156608	799.5	20	0
1132.69	3346733	297682	3346733	15540772864	11757592576	807.7	20	0
1133.69	3346733	297682	3346733	15544655872	11761582080	799.4	20	0
1134.69	3346733	297682	3346733	15549566976	11765932032	800.3	20	0
1135.70	3346733	297682	3346733	15554039808	11770703872	807.1	20	0
1136.70	3346733	297682	3346733	15558975488	11775049728	799.7	20	0
1137.71	3346733	297682	3346733	15562936320	11779215360	807.5	20	0
1138.71	3346733	297682	3346733	15566602240	11783471104	799.6	20	0
1139.72	3346733	297682	3346733	15570841600	11787653120	799.6	20	0
1140.72	3346733	297682	3346733	15575232512	11791880192	807.6	20	0
1141.72	3346733	297682	3346733	15579394048	11796234240	799.7	20	0
1142.73	3346733	297682	3346733	15584579584	11800584192	807.6	20	0
1143.73	3346733	297682	3346733	15588003840	11804864512	799.6	20	0
1144.74	3346733	297682	3346733	15593095168	11809460224	800.4	20	0
1145.74	3346733	297682	3346733	15597096960	11813363712	806.8	20	0
1146.74	3346733	297682	3346733	15600934912	11817725952	799.9	20	0
1147.75	3346733	297682	3346733	15604588544	11821789184	807.9	20	0
1148.75	3346733	297682	3346733	15607730176	11825459200	799.9	20	0
1149.76	3346733	297682	3346733	15612448768	11829641216	807.8	20	0
1150.76	3346733	297682	3346733	15617171456	11833802752	799.5	20	0
1151.77	3346733	297682	3346733	15620526080	11837992960	806.8	20	0
1152.77	3346733	297682	3346733	15625117696	11842011136	798.9	20	0
1153.78	3346733	297682	3346733	15629791232	11846492160	807.6	20	0
1154.78	3346733	297682	3346733	15634542592	11850878976	799.9	20	0
1155.79	3346733	297682	3346733	15638806528	11855155200	807.4	20	0
1156.79	3346733	297682	3346733	15643242496	11859099648	799.6	20	0
1157.80	3346733	297682	3346733	15646515200	11863244800	799.2	20	0
1158.80	3346733	297682	3346733	15650807808	11867660288	808.3	20	0
1159.80	3346733	297682	3346733	15655395328	11872288768	799.7	20	0
1160.81	3346733	297682	3346733	15660118016	11876372480	807.4	20	0
1161.81	3346733	297682	3346733	15663988736	11880771584	799.6	20	0
1162.82	3346733	297682	3346733	15668461568	11884670976	807.3	20	0
1163.82	3346733	297682	3346733	15672967168	11888857088	799.5	20	0
1164.83	3346733	297682	3346733	15677165568	11893014528	799.5	20	0
1165.83	3346733	297682	3346733	15681712128	11896983552	807.3	20	0
1166.83	3346733	297682	3346733	15685480448	11901603840	799.7	20	0
1167.84	3346733	297682	3346733	15689760768	11905961984	807.5	20	0
1168.84	3346733	297682	3346733	15693570048	11909910528	799.4	20	0
1169.85	3346733	297682	3346733	15698579456	11914407936	807.5	20	0
1170.85	3346733	297682	3346733	15702478848	11918336000	799.5	20	0
1171.86	3346733	297682	3346733	15706062848	11922554880	800.0	20	0
1172.86	3346733	297682	3346733	15710560256	11926659072	808.3	20	0
1173.86	3346733	297682	3346733	15714729984	11931336704	798.9	20	0
1174.87	3346733	297682	3346733	15719321600	11935506432	807.4	20	0
1175.87	3346733	297682	3346733	15723503616	11939586048	799.4	20	0
1176.88	3346733	297682	3346733	15727443968	11943985152	807.5	20	0
1177.88	3346733	297682	3346733	15732752384	11948847104	799.8	20	0
1178.89	3346733	297682	3346733	15736729600	11952902144	799.7	20	0
1179.89	3346733	297682	3346733	15741358080	11957166080	807.0	20	0
1180.89	3346733	297682	3346733	15744503808	11961069568	799.3	20	0
1181.90	3346733	297682	3346733	15748796416	11965288448	807.3	20	0
1182.90	3346733	297682	3346733	15753109504	11969122304	799.3	20	0
1183.91	3346733	297682	3346733	15757991936	11973443584	807.4	20	0
1184.91	3346733	297682	3346733	15762386944	11977547776	799.3	20	0
1185.92	3346733	297682	3346733	15766089728	11981455360	807.3	20	0
1186.92	3346733	297682	3346733	15770386432	11985866752	799.6	20	0
1187.93	3346733	297682	3346733	15774244864	11990028288	800.0	20	0
1188.93	3346733	297682	3346733	15777894400	11994038272	808.1	20	0
1189.93	3346733	297682	3346733	15781961728	11998269440	800.2	20	0
1190.94	3346733	297682	3346733	15786414080	12002508800	808.0	20	0
1191.94	3346733	297682	3346733	15791038464	12006744064	800.4	20	0
1192.95	3346733	297682	3346733	15795933184	12011237376	800.6	20	0
1193.95	3346733	297682	3346733	15800725504	12016041984	808.4	20	0
1194.95	3346733	297682	3346733	15805198336	12020293632	799.7	20	0
1195.96	3346733	297682	3346733	15808950272	12024213504	807.4	20	0
1196.96	3346733	297682	3346733	15812558848	12028383232	799.7	20	0
1197.97	3346733	297682	3346733	15817060352	12032790528	807.7	20	0
1198.97	3346733	297682	3346733	15820865536	12036931584	799.5	20	0
1199.97	3346733	297682	3346733	15824900096	12040916992	799.5	20	0
1200.98	3346733	297682	3346733	15829831680	12045139968	807.5	20	0
1201.98	3346733	297682	3346733	15834009600	12049879040	799.7	20	0
1202.99	3346733	297682	3346733	15838085120	12054130688	807.4	20	0
1203.99	3346733	297682	3346733	15842381824	12058591232	799.5	20	0
1205.00	3346733	297682	3346733	15846641664	12062425088	799.3	20	0
1206.00	3346733	297682	3346733	15851155456	12067160064	807.6	20	0
1207.00	3346733	297682	3346733	15855370240	12071395328	799.5	20	0
1208.01	3346733	297682	3346733	15860211712	12076240896	807.6	20	0
1209.01	3346733	297682	3346733	15864864768	12080250880	799.3	20	0
1210.02	3346733	297682	3346733	15868854272	12084502528	807.1	20	0
1211.02	3346733	297682	3346733	15873286144	12088803328	799.3	20	0
1212.03	3346733	297682	3346733	15877480448	12093411328	807.4	20	0
1213.03	3346733	297682	3346733	15881179136	12097548288	799.1	20	0
1214.04	3346733	297682	3346733	15885664256	12101816320	799.3	20	0
1215.04	3346733	297682	3346733	15890628608	12106264576	807.6	20	0
1216.04	3346733	297682	3346733	15894708224	12110905344	799.6	20	0
1217.05	3346733	297682	3346733	15899152384	12115111936	807.4	20	0
1218.05	3346733	297682	3346733	15903653888	12119650304	799.6	20	0
1219.06	3346733	297682	3346733	15907393536	12125839360	807.5	20	0
1220.06	3346733	297682	3346733	15911866368	12130410496	799.5	20	0
1221.07	3346733	297682	3346733	15916306432	12134604800	800.3	20	0
1222.07	3346733	297682	3346733	15921012736	12138905600	806.3	20	0
1223.08	3346733	297682	3346733	15925223424	12143054848	799.2	20	0
1224.08	3346733	297682	3346733	15929982976	12147494912	807.2	20	0
1225.08	3346733	297682	3346733	15934423040	12151537664	799.1	20	0
1226.09	3346733	297682	3346733	15938551808	12155568128	807.2	20	0
1227.09	3346733	297682	3346733	15942279168	12159926272	799.5	20	0
1228.10	3346733	297682	3346733	15946407936	12163956736	807.3	20	0
1229.10	3346733	297682	3346733	15950860288	12168421376	799.5	20	0
1230.11	3346733	297682	3346733	15955394560	12172881920	799.6	20	0
1231.11	3346733	297682	3346733	15959109632	12177137664	807.4	20	0
1232.11	3346733	297682	3346733	15963586560	12181237760	799.3	20	0
1233.12	3346733	297682	3346733	15968301056	12185403392	807.3	20	0
1234.12	3346733	297682	3346733	15971139584	12189417472	799.4	20	0
1235.13	3346733	297682	3346733	15976116224	12193710080	807.5	20	0
1236.13	3346733	297682	3346733	15980273664	12198133760	799.6	20	0
1237.14	3346733	297682	3346733	15983915008	12201943040	799.3	20	0
1238.14	3346733	297682	3346733	15987785728	12205993984	807.3	20	0
1239.14	3346733	297682	3346733	15992041472	12210171904	799.5	20	0
1240.15	3346733	297682	3346733	15997014016	12214419456	807.5	20	0
1241.15	3346733	297682	3346733	16001642496	12219019264	799.6	20	0
1242.16	3346733	297682	3346733	16006606848	12223733760	807.6	20	0
1243.16	3346733	297682	3346733	16009908224	12227653632	799.3	20	0
1244.17	3346733	297682	3346733	16014602240	12231925760	799.6	20	0
1245.17	3346733	297682	3346733	16018767872	12236234752	807.3	20	0
1246.17	3346733	297682	3346733	16023203840	12240670720	800.0	20	0
1247.18	3346733	297682	3346733	16027353088	12245299200	807.3	20	0
1248.18	3346733	297682	3346733	16032501760	12250054656	799.6	20	0
1249.19	3346733	298224	3346733	16037097472	12253818880	817.4	20	0
1250.19	3346733	298224	3346733	16038371328	12255395840	799.6	20	0
1251.20	3346733	298224	3346733	16039927808	12257214464	799.6	20	0
1252.20	3346733	298224	3346733	16041365504	12258963456	807.5	20	0
1253.20	3346733	298224	3346733	16043159552	12260548608	799.4	20	0
1254.21	3346733	298224	3346733	16045219840	12262383616	807.4	20	0
1255.21	3346733	298224	3346733	16047296512	12264108032	799.6	20	0
1256.22	3346733	298224	3346733	16048443392	12265578496	807.3	20	0
1257.22	3346733	298224	3346733	16050216960	12267188224	799.2	20	0
1258.23	3346733	298224	3346733	16051998720	12269031424	807.5	20	0
1259.23	3346733	298224	3346733	16053690368	12270624768	799.3	20	0
1260.23	3346733	298224	3346733	16055353344	12272386048	799.3	20	0
1261.24	3346733	298224	3346733	16057163776	12274061312	807.4	20	0
1262.24	3346733	298224	3346733	16059019264	12275789824	799.5	20	0
1263.25	3346733	298224	3346733	16060309504	12277411840	807.3	20	0
1264.25	3346733	298224	3346733	16062009344	12278996992	799.4	20	0
1265.26	3346733	298224	3346733	16064028672	12280500224	807.4	20	0
1266.26	3346733	298224	3346733	16065736704	12282376192	799.5	20	0
1267.27	3346733	298224	3346733	16067317760	12284010496	799.6	20	0
1268.27	3346733	298224	3346733	16068980736	12285661184	807.4	20	0
1269.27	3346733	298224	3346733	16070660096	12287205376	799.8	20	0
1270.28	3346733	298224	3346733	16072056832	12288983040	807.3	20	0
1271.28	3346733	298224	3346733	16073621504	12290637824	799.5	20	0
1272.29	3346733	298224	3346733	16075702272	12292292608	807.2	20	0
1273.29	3346733	298224	3346733	16076234752	12293812224	799.3	20	0
1274.30	3346733	298224	3346733	16078606336	12295348224	799.4	20	0
1275.30	3346733	298224	3346733	16080261120	12296880128	807.4	20	0
1276.30	3346733	298224	3346733	16081440768	12298465280	799.5	20	0
1277.31	3346733	298224	3346733	16083210240	12300140544	807.2	20	0
1278.31	3346733	298224	3346733	16084963328	12301795328	799.5	20	0
1279.32	3346733	298224	3346733	16085704704	12303298560	807.3	20	0
1280.32	3346733	298224	3346733	16087777280	12304855040	799.1	20	0
1281.33	3346733	298224	3346733	16088907776	12306178048	799.4	20	0
1282.33	3346733	298224	3346733	16090841088	12307759104	807.5	20	0
1283.33	3346733	298224	3346733	16092676096	12309479424	800.1	20	0
1284.34	3346733	298224	3346733	16094367744	12311044096	806.8	20	0
1285.34	3346733	298224	3346733	16096129024	12312641536	799.2	20	0
1286.35	3346733	298224	3346733	16097435648	12314157056	807.3	20	0
1287.35	3346733	298224	3346733	16099155968	12315832320	799.4	20	0
1288.36	3346733	298224	3346733	16100044800	12317343744	799.5	20	0
1289.36	3346733	298224	3346733	16102166528	12319182848	807.6	20	0
1290.36	3346733	298224	3346733	16103981056	12320985088	799.5	20	0
1291.37	3346733	298224	3346733	16105140224	12322590720	807.5	20	0
1292.37	3346733	298224	3346733	16107241472	12324278272	799.4	20	0
1293.38	3346733	298224	3346733	16108269568	12325855232	807.4	20	0
1294.38	3346733	298224	3346733	16110772224	12327563264	799.4	20	0
1295.39	3346733	298224	3346733	16112078848	12329267200	799.9	20	0
1296.39	3346733	298224	3346733	16114286592	12331024384	807.2	20	0
1297.39	3346733	298224	3346733	16115658752	12332617728	799.4	20	0
1298.40	3346733	298224	3346733	16117538816	12334448640	807.5	20	0
1299.40	3346733	298224	3346733	16119566336	12336185344	799.5	20	0
1300.41	3346733	298224	3346733	16120958976	12337803264	807.4	20	0
1301.41	3346733	298224	3346733	16122339328	12339470336	799.5	20	0
1302.42	3346733	298224	3346733	16124751872	12341170176	799.5	20	0
1303.42	3346733	298224	3346733	16126107648	12343070720	807.4	20	0
1304.42	3346733	298224	3346733	16127430656	12344696832	799.5	20	0
1305.43	3346733	300999	3346733	16132472832	12345663488	856.2	20	0
1306.43	3346733	306941	3346733	16138752000	12345663488	903.5	20	0
1307.44	3346733	312849	3346733	16144343040	12345663488	912.7	20	0
1308.44	3346733	318759	3346733	16150065152	12345663488	903.5	20	0
1309.45	3346733	324653	3346733	16155815936	12345663488	912.6	20	0
1310.45	3346733	330613	3346733	16162779136	12345663488	903.1	20	0
1311.45	3346733	336605	3346733	16168321024	12345663488	902.8	20	0
1312.46	3346733	342590	3346733	16175341568	12345663488	912.0	20	0
1313.46	3346733	348609	3346733	16181301248	12345663488	903.1	20	0
1314.47	3346733	354617	3346733	16187809792	12345663488	911.9	20	0
1315.47	3346733	360610	3346733	16193249280	12345667584	903.0	20	0
1316.48	3346733	366617	3346733	16199438336	12345671680	902.2	20	0
1317.48	3346733	372601	3346733	16206249984	12345753600	912.0	20	0
1318.48	3346733	374734	3346733	16207241216	12345753600	837.0	20	0
1319.49	3346733	374734	3346733	16207155200	12345761792	807.5	20	0
1320.49	3346733	374734	3346733	16207360000	12345790464	799.4	20	0
1321.50	3346733	374734	3346733	16207613952	12345790464	807.3	20	0
1322.50	3346733	374734	3346733	16207482880	12345790464	799.5	20	0
1323.51	3346733	374734	3346733	16207577088	12345798656	807.5	20	0
1324.51	3346733	374734	3346733	16207532032	12345802752	799.5	20	0
1325.52	3346733	374734	3346733	16207785984	12345806848	799.5	20	0
1326.52	3346733	374734	3346733	16207179776	12345806848	807.5	20	0
1327.52	3346733	374734	3346733	16207474688	12345806848	799.5	20	0
1328.53	3346733	374734	3346733	16207282176	12345806848	807.4	20	0
1329.53	3346733	374734	3346733	16207118336	12345806848	799.8	20	0
1330.54	3346733	374734	3346733	16207437824	12345806848	807.4	20	0
1331.54	3346733	374734	3346733	16207175680	12345806848	799.4	20	0
1332.55	3346733	374734	3346733	16207409152	12345806848	799.6	20	0
1333.55	3346733	374734	3346733	16206811136	12345815040	807.4	20	0
1334.55	3346733	374734	3346733	16207278080	12345815040	799.3	20	0
1335.56	3346733	374734	3346733	16207400960	12345823232	807.4	20	0
1336.56	3346733	374734	3346733	16207204352	12345827328	799.5	20	0
1337.57	3346733	374734	3346733	16207101952	12345909248	807.5	20	0
1338.57	3346733	374734	3346733	16207589376	12345917440	799.7	20	0
1339.58	3346733	374734	3346733	16207802368	12345921536	799.7	20	0
1340.58	3346733	374734	3346733	16207818752	12345933824	807.5	20	0
1341.58	3346733	374734	3346733	16207425536	12345933824	799.4	20	0
1342.59	3346733	374734	3346733	16207667200	12345933824	807.8	20	0
1343.59	3346733	374734	3346733	16207233024	12345942016	799.6	20	0
1344.60	3346733	374734	3346733	16207618048	12345946112	799.9	20	0
1345.60	3346733	374734	3346733	16207888384	12345946112	807.6	20	0
1346.60	3346733	374734	3346733	16207327232	12345950208	799.6	20	0
1347.61	3346733	374734	3346733	16207740928	12345954304	807.4	20	0
1348.61	3346733	374734	3346733	16207978496	12345999360	799.5	20	0
1349.62	3346733	374734	3346733	16207859712	12346007552	807.8	20	0
1350.62	3346733	374734	3346733	16207912960	12346007552	799.5	20	0
1351.63	3346733	374734	3346733	16207581184	12346007552	799.4	20	0
1352.63	3346733	374734	3346733	16207851520	12346007552	807.5	20	0
1353.63	3346733	374734	3346733	16207536128	12346007552	799.4	20	0
1354.64	3346733	374734	3346733	16207544320	12346007552	807.3	20	0
1355.64	3346733	374734	3346733	16207826944	12346007552	799.5	20	0
1356.65	3346733	374734	3346733	16207794176	12346007552	807.4	20	0
1357.65	3346733	374734	3346733	16208019456	12346015744	799.4	20	0
1358.66	3346733	374734	3346733	16207990784	12346015744	799.5	20	0
1359.66	3346733	374734	3346733	16208056320	12346015744	807.7	20	0
1360.66	3346733	374734	3346733	16208048128	12346015744	799.4	20	0
1361.67	3346733	374734	3346733	16208011264	12346015744	807.4	20	0
1362.67	3346733	374734	3346733	16208015360	12346015744	799.7	20	0
1363.68	3346733	374734	3346733	16207544320	12346015744	807.5	20	0
1364.68	3346733	374734	3346733	16207650816	12346015744	799.8	20	0
1365.69	3346733	374734	3346733	16208027648	12346019840	800.3	20	0
1366.69	3346733	374734	3346733	16207671296	12346019840	806.5	20	0
1367.69	3346733	374734	3346733	16207740928	12346019840	800.2	20	0
1368.70	3346733	374734	3346733	16207695872	12346019840	806.9	20	0
1369.70	3346733	374734	3346733	16208252928	12346019840	799.3	20	0
1370.71	3346733	374734	3346733	16208207872	12346118144	807.5	20	0
1371.71	3346733	374734	3346733	16208052224	12346118144	799.9	20	0
1372.72	3346733	374734	3346733	16208326656	12346118144	807.1	20	0
1373.72	3346733	374734	3346733	16207626240	12346122240	799.3	20	0
1374.73	3346733	374734	3346733	16208064512	12346138624	799.6	20	0
1375.73	3346733	374734	3346733	16208039936	12346138624	807.5	20	0
1376.73	3346733	374734	3346733	16207880192	12346138624	799.6	20	0
1377.74	3346733	374734	3346733	16207921152	12346138624	807.4	20	0
1378.74	3346733	374734	3346733	16207618048	12346138624	799.6	20	0
1379.75	3346733	374734	3346733	16207896576	12346138624	807.6	20	0
1380.75	3346733	374734	3346733	16207650816	12346138624	799.5	20	0
1381.76	3346733	374734	3346733	16207564800	12346146816	799.4	20	0
1382.76	3346733	374734	3346733	16207810560	12346146816	807.6	20	0
1383.76	3346733	374734	3346733	16207716352	12346146816	799.4	20	0
1384.77	3346733	374734	3346733	16207421440	12346150912	807.3	20	0
1385.77	3346733	374734	3346733	16207618048	12346150912	799.5	20	0
1386.78	3346733	374734	3346733	16207740928	12346150912	807.2	20	0
1387.78	3346733	374734	3346733	16207732736	12346159104	799.5	20	0
1388.79	3346733	374734	3346733	16207589376	12346159104	799.6	20	0
1389.79	3346733	374734	3346733	16207638528	12346159104	807.6	20	0
1390.79	3346733	374734	3346733	16207835136	12346167296	799.7	20	0
1391.80	3346733	374734	3346733	16207798272	12346167296	807.4	20	0
1392.80	3346733	374734	3346733	16207581184	12346171392	799.5	20	0
1393.81	3346733	374734	3346733	16207654912	12346171392	807.4	20	0
1394.81	3346733	374734	3346733	16207589376	12346171392	799.3	20	0
1395.82	3346733	374734	3346733	16207966208	12346183680	799.3	20	0
1396.82	3346733	374734	3346733	16207990784	12346183680	807.4	20	0
1397.82	3346733	374734	3346733	16207826944	12346183680	799.5	20	0
1398.83	3346733	374734	3346733	16207982592	12346183680	807.5	20	0
1399.83	3346733	374734	3346733	16207912960	12346183680	799.5	20	0
1400.84	3346733	374734	3346733	16207785984	12346183680	807.4	20	0
1401.84	3346733	374734	3346733	16207409152	12346183680	799.4	20	0
1402.85	3346733	374734	3346733	16207368192	12346183680	799.4	20	0
1403.85	3346733	374734	3346733	16207368192	12346183680	807.3	20	0
1404.85	3346733	374734	3346733	16207548416	12346183680	799.5	20	0
1405.86	3346733	374734	3346733	16207953920	12346195968	807.4	20	0
1406.86	3346733	374734	3346733	16207568896	12346195968	799.9	20	0
1407.87	3346733	374734	3346733	16207331328	12346200064	807.1	20	0
1408.87	3346733	374734	3346733	16207294464	12346200064	799.5	20	0
1409.88	3346733	374734	3346733	16207634432	12346200064	799.6	20	0
1410.88	3346733	374734	3346733	16207699968	12346204160	807.3	20	0
1411.88	3346733	374734	3346733	16208007168	12346204160	799.5	20	0
1412.89	3346733	374734	3346733	16207859712	12346208256	807.5	20	0
1413.89	3346733	374734	3346733	16207507456	12346208256	799.3	20	0
1414.90	3346733	374734	3346733	16207728640	12346208256	807.5	20	0
1415.90	3346733	374734	3346733	16207638528	12346212352	799.3	20	0
1416.91	3346733	374734	3346733	16207667200	12346224640	799.5	20	0
1417.91	3346733	374734	3346733	16207953920	12346228736	807.6	20	0
1418.91	3346733	374734	3346733	16207568896	12346228736	800.7	20	0
1419.92	3346733	374734	3346733	16207749120	12346265600	806.0	20	0
1420.92	3346733	374734	3346733	16207781888	12346265600	799.6	20	0
1421.93	3346733	374734	3346733	16207765504	12346265600	807.3	20	0
1422.93	3346733	374734	3346733	16207499264	12346265600	799.4	20	0
1423.94	3346733	374734	3346733	16207433728	12346265600	799.4	20	0
1424.94	3346733	374734	3346733	16207671296	12346265600	807.4	20	0
1425.94	3346733	374734	3346733	16207904768	12346265600	800.4	20	0
1426.95	3346733	374734	3346733	16208183296	12346265600	806.8	20	0
1427.95	3346733	375376	3346733	16208781312	12346265600	809.8	20	0
1428.96	3346733	381380	3346733	16215179264	12346265600	911.8	20	0
1429.96	3346733	387397	3346733	16221069312	12346265600	902.9	20	0
1430.97	3346733	393401	3346733	16227340288	12346265600	903.3	20	0
1431.97	3346733	399406	3346733	16233562112	12346265600	911.6	20	0
1432.97	3346733	405396	3346733	16239648768	12346265600	903.6	20	0
1433.98	3346733	411396	3346733	16245760000	12346265600	911.4	20	0
1434.98	3346733	413235	3346733	16247644160	12346269696	831.9	20	0
1435.99	3346733	413235	3346733	16247590912	12346269696	807.4	20	0
1436.99	3346733	413235	3346733	16247586816	12346273792	799.3	20	0
1438.00	3346733	413235	3346733	16247508992	12346273792	807.5	20	0
1439.00	3346733	413235	3346733	16247189504	12346273792	799.4	20	0
1440.00	3346733	413235	3346733	16247185408	12346273792	799.5	20	0
1441.01	3346733	413235	3346733	16247111680	12346281984	807.5	20	0
1442.01	3346733	413235	3346733	16246976512	12346286080	799.6	20	0
1443.02	3346733	413235	3346733	16247087104	12346286080	807.6	20	0
1444.02	3346733	413235	3346733	16247054336	12346286080	799.2	20	0
1445.03	3346733	413235	3346733	16247312384	12346286080	807.4	20	0
1446.03	3346733	413235	3346733	16246861824	12346286080	799.5	20	0
1447.04	3346733	413235	3346733	16246669312	12346286080	800.3	20	0
1448.04	3346733	413235	3346733	16246145024	12346286080	808.5	20	0
1449.04	3346733	413235	3346733	16246140928	12346286080	800.9	20	0
1450.05	3346733	413235	3346733	16246108160	12346286080	807.5	20	0
1451.05	3346733	413235	3346733	16246325248	12346286080	800.6	20	0
1452.06	3346733	413235	3346733	16246521856	12346286080	807.9	20	0
1453.06	3346733	413235	3346733	16246812672	12346290176	800.1	20	0
1454.07	3346733	413235	3346733	16246599680	12346294272	799.8	20	0
1455.07	3346733	413235	3346733	16246865920	12346298368	807.5	20	0
1456.07	3346733	413235	3346733	16246685696	12346298368	799.5	20	0
1457.08	3346733	413235	3346733	16246923264	12346298368	807.6	20	0
1458.08	3346733	413235	3346733	16246878208	12346302464	799.4	20	0
1459.09	3346733	413235	3346733	16246734848	12346302464	807.5	20	0
1460.09	3346733	413235	3346733	16246972416	12346314752	799.6	20	0
1461.10	3346733	413235	3346733	16246824960	12346314752	799.5	20	0
1462.10	3346733	413235	3346733	16247087104	12346314752	807.7	20	0
1463.10	3346733	413235	3346733	16246816768	12346314752	799.7	20	0
1464.11	3346733	413235	3346733	16246546432	12346314752	807.8	20	0
1465.11	3346733	413235	3346733	16247316480	12346314752	799.6	20	0
1466.12	3346733	413235	3346733	16246980608	12346314752	799.7	20	0
1467.12	3346733	413235	3346733	16247111680	12346314752	807.5	20	0
1468.12	3346733	413235	3346733	16247246848	12346314752	799.5	20	0
1469.13	3346733	413235	3346733	16247054336	12346314752	807.4	20	0
1470.13	3346733	413235	3346733	16247021568	12346314752	799.6	20	0
1471.14	3346733	413235	3346733	16247046144	12346314752	807.5	20	0
1472.14	3346733	413235	3346733	16247296000	12346314752	799.6	20	0
1473.14	3346733	413235	3346733	16247386112	12346314752	799.5	20	0
1474.15	3346733	413235	3346733	16247033856	12346314752	807.8	20	0
1475.15	3346733	413235	3346733	16247042048	12346314752	799.6	20	0
1476.16	3346733	413235	3346733	16247533568	12346318848	807.5	20	0
1477.16	3346733	413235	3346733	16247361536	12346318848	799.6	20	0
1478.17	3346733	413235	3346733	16247033856	12346318848	800.2	20	0
1479.17	3346733	413235	3346733	16247545856	12346347520	806.8	20	0
1480.17	3346733	413235	3346733	16247541760	12346347520	799.5	20	0
1481.18	3346733	413235	3346733	16247427072	12346347520	807.5	20	0
1482.18	3346733	413235	3346733	16247595008	12346540032	799.5	20	0
1483.19	3346733	413235	3346733	16247414784	12346540032	799.3	20	0
1484.19	3346733	413235	3346733	16247537664	12346540032	807.5	20	0
1485.19	3346733	413235	3346733	16247795712	12346544128	799.4	20	0
1486.20	3346733	413235	3346733	16247746560	12346544128	807.4	20	0
1487.20	3346733	413235	3346733	16248029184	12346548224	799.7	20	0
1488.21	3346733	413235	3346733	16247357440	12346548224	807.4	20	0
1489.21	3346733	413235	3346733	16246702080	12346548224	799.5	20	0
1490.22	3346733	413235	3346733	16246943744	12346560512	799.5	20	0
1491.22	3346733	413235	3346733	16247181312	12346560512	807.3	20	0
1492.22	3346733	413235	3346733	16247414784	12346560512	799.7	20	0
1493.23	3346733	413235	3346733	16247091200	12346560512	807.5	20	0
1494.23	3346733	413235	3346733	16247234560	12346560512	799.6	20	0
1495.24	3346733	413235	3346733	16247480320	12346560512	799.6	20	0
1496.24	3346733	413235	3346733	16247627776	12346564608	807.3	20	0
1497.24	3346733	413235	3346733	16248156160	12346568704	799.8	20	0
1498.25	3346733	413235	3346733	16248020992	12346568704	807.4	20	0
1499.25	3346733	413235	3346733	16247955456	12346572800	799.5	20	0
1500.26	3346733	413235	3346733	16247582720	12346572800	807.5	20	0
1501.26	3346733	413235	3346733	16247865344	12346572800	799.5	20	0
1502.27	3346733	413235	3346733	16247939072	12346572800	799.7	20	0
1503.27	3346733	413235	3346733	16248238080	12346572800	807.5	20	0
1504.27	3346733	413235	3346733	16248119296	12346576896	799.8	20	0
1505.28	3346733	413235	3346733	16247939072	12346576896	807.5	20	0
1506.28	3346733	413235	3346733	16248172544	12346576896	799.8	20	0
1507.29	3346733	413235	3346733	16248201216	12346576896	799.7	20	0
1508.29	3346733	413235	3346733	16248279040	12346576896	807.8	20	0
1509.29	3346733	413235	3346733	16248537088	12346576896	799.6	20	0
1510.30	3346733	413235	3346733	16248627200	12346576896	807.5	20	0
1511.30	3346733	413235	3346733	16248008704	12346576896	799.6	20	0
1512.31	3346733	413235	3346733	16248295424	12346576896	807.5	20	0
1513.31	3346733	413235	3346733	16247869440	12346580992	799.5	20	0
1514.31	3346733	413235	3346733	16248004608	12346597376	799.6	20	0
1515.32	3346733	413235	3346733	16248365056	12346597376	807.8	20	0
1516.32	3346733	413235	3346733	16248188928	12346597376	799.7	20	0
1517.33	3346733	413235	3346733	16248344576	12346597376	807.7	20	0
1518.33	3346733	413235	3346733	16247595008	12346597376	799.7	20	0
1519.34	3346733	413235	3346733	16247832576	12346597376	799.5	20	0
1520.34	3346733	413235	3346733	16248086528	12346597376	807.7	20	0
1521.34	3346733	413235	3346733	16247615488	12346597376	799.7	20	0
1522.35	3346733	413235	3346733	16247721984	12346601472	807.7	20	0
1523.35	3346733	413235	3346733	16247644160	12346601472	799.7	20	0
1524.36	3346733	413235	3346733	16247746560	12346601472	799.6	20	0
1525.36	3346733	413235	3346733	16247484416	12346601472	807.5	20	0
1526.36	3346733	413235	3346733	16247529472	12346601472	799.8	20	0
1527.37	3346733	413235	3346733	16247582720	12346601472	807.6	20	0
1528.37	3346733	413235	3346733	16247459840	12346601472	799.7	20	0
1529.38	3346733	413235	3346733	16247889920	12346609664	799.7	20	0
1530.38	3346733	413235	3346733	16247562240	12346609664	807.5	20	0
1531.38	3346733	413235	3346733	16247595008	12346617856	799.6	20	0
1532.39	3346733	413235	3346733	16247496704	12346617856	807.6	20	0
1533.39	3346733	413235	3346733	16247689216	12346617856	799.9	20	0
1534.40	3346733	413235	3346733	16247906304	12346617856	807.3	20	0
1535.40	3346733	413235	3346733	16248041472	12346617856	799.6	20	0
1536.41	3346733	413235	3346733	16247918592	12346617856	799.7	20	0
1537.41	3346733	413235	3346733	16248000512	12346617856	807.7	20	0
1538.41	3346733	413235	3346733	16247873536	12346617856	799.6	20	0
1539.42	3346733	413235	3346733	16247963648	12346617856	807.5	20	0
1540.42	3346733	413235	3346733	16247844864	12346617856	799.4	20	0
1541.43	3346733	413235	3346733	16248172544	12346621952	799.7	20	0
1542.43	3346733	413235	3346733	16248156160	12346621952	807.6	20	0
1543.43	3346733	413235	3346733	16247836672	12346621952	799.7	20	0
1544.44	3346733	413235	3346733	16247635968	12346621952	807.4	20	0
1545.44	3346733	413235	3346733	16247869440	12346621952	799.6	20	0
1546.45	3346733	413235	3346733	16248012800	12346621952	807.7	20	0
1547.45	3346733	413235	3346733	16248094720	12346621952	799.9	20	0
1548.45	3346733	413235	3346733	16247808000	12346621952	799.8	20	0
1549.46	3346733	413235	3346733	16247427072	12346621952	807.7	20	0
1550.46	3346733	413235	3346733	16247529472	12346621952	799.8	20	0
1551.47	3346733	413235	3346733	16247349248	12346634240	807.9	20	0
1552.47	3346733	413235	3346733	16247750656	12346638336	799.7	20	0
1553.48	3346733	413235	3346733	16247545856	12346638336	799.7	20	0
1554.48	3346733	413235	3346733	16247791616	12346638336	807.3	20	0
1555.48	3346733	413235	3346733	16248033280	12346826752	798.6	20	0
1556.49	3346733	413235	3346733	16250548224	12349382656	807.5	20	0
1557.49	3346733	413235	3346733	16253419520	12352102400	799.7	20	0
1558.50	3346733	413235	3346733	16255574016	12354637824	807.6	20	0
1559.50	3346733	413235	3346733	16258752512	12357423104	799.6	20	0
1560.50	3346733	413235	3346733	16261541888	12359991296	799.5	20	0
1561.51	3346733	413235	3346733	16264105984	12362690560	807.6	20	0
1562.51	3346733	413235	3346733	16266805248	12365074432	799.4	20	0
1563.52	3346733	413235	3346733	16268533760	12367446016	807.5	20	0
1564.52	3346733	413235	3346733	16271368192	12370116608	799.7	20	0
1565.53	3346733	413235	3346733	16273555456	12372652032	799.5	20	0
1566.53	3346733	413235	3346733	16276967424	12375334912	807.7	20	0
1567.53	3346733	413235	3346733	16279638016	12378230784	799.8	20	0
1568.54	3346733	413235	3346733	16282648576	12380942336	807.7	20	0
1569.54	3346733	413235	3346733	16284905472	12383637504	799.6	20	0
1570.55	3346733	413235	3346733	16287227904	12386107392	799.6	20	0
1571.55	3346733	413235	3346733	16289746944	12388909056	807.7	20	0
1572.55	3346733	413235	3346733	16292982784	12391723008	799.7	20	0
1573.56	3346733	413235	3346733	16295407616	12394381312	807.6	20	0
1574.56	3346733	413235	3346733	16298532864	12397481984	799.6	20	0
1575.57	3346733	413235	3346733	16301002752	12399865856	807.5	20	0
1576.57	3346733	413235	3346733	16303861760	12402728960	800.3	20	0
1577.57	3346733	413235	3346733	16306225152	12405198848	799.3	20	0
1578.58	3346733	413235	3346733	16308883456	12407463936	807.4	20	0
1579.58	3346733	413235	3346733	16312328192	12410204160	799.5	20	0
1580.59	3346733	413235	3346733	16314675200	12412788736	807.7	20	0
1581.59	3346733	413235	3346733	16316985344	12415332352	799.6	20	0
1582.60	3346733	413235	3346733	16319008768	12417925120	799.7	20	0
1583.60	3346733	413235	3346733	16321474560	12420317184	807.5	20	0
1584.60	3346733	413235	3346733	16324673536	12423012352	799.7	20	0
1585.61	3346733	413235	3346733	16327307264	12425863168	807.6	20	0
1586.61	3346733	413235	3346733	16329240576	12428288000	799.5	20	0
1587.62	3346733	413235	3346733	16332365824	12430843904	800.0	20	0
1588.62	3346733	413235	3346733	16333987840	12433207296	806.9	20	0
1589.62	3346733	413235	3346733	16337190912	12435976192	799.8	20	0
1590.63	3346733	413235	3346733	16339394560	12438355968	807.4	20	0
1591.63	3346733	413235	3346733	16341884928	12441178112	799.8	20	0
1592.64	3346733	413235	3346733	16345042944	12443774976	807.6	20	0
1593.64	3346733	413235	3346733	16348114944	12446531584	799.6	20	0
1594.65	3346733	413235	3346733	16349945856	12448731136	799.4	20	0
1595.65	3346733	413235	3346733	16352927744	12451225600	807.3	20	0
1596.65	3346733	413235	3346733	16355581952	12453949440	799.6	20	0
1597.66	3346733	413235	3346733	16357634048	12456345600	807.5	20	0
1598.66	3346733	413235	3346733	16360263680	12458553344	799.5	20	0
1599.67	3346733	413235	3346733	16362381312	12460769280	799.5	20	0
1600.67	3346733	413235	3346733	16365383680	12463349760	807.5	20	0
1601.67	3346733	413235	3346733	16367542272	12466249728	800.6	20	0
1602.68	3346733	413235	3346733	16370139136	12468985856	807.1	20	0
1603.68	3346733	413235	3346733	16372355072	12471705600	799.7	20	0
1604.69	3346733	413235	3346733	16375750656	12474380288	799.7	20	0
1605.69	3346733	413235	3346733	16378126336	12476993536	807.6	20	0
1606.69	3346733	413235	3346733	16380928000	12479754240	799.6	20	0
1607.70	3346733	413235	3346733	16383205376	12482375680	807.5	20	0
1608.70	3346733	413235	3346733	16385896448	12485087232	799.7	20	0
1609.71	3346733	413235	3346733	16388513792	12487581696	807.4	20	0
1610.71	3346733	413235	3346733	16391274496	12490133504	800.0	20	0
1611.72	3346733	413235	3346733	16394027008	12492881920	799.2	20	0
1612.72	3346733	413235	3346733	16397107200	12495474688	807.6	20	0
1613.72	3346733	413235	3346733	16399618048	12498239488	799.7	20	0
1614.73	3346733	413235	3346733	16403226624	12501184512	807.7	20	0
1615.73	3346733	413235	3346733	16405544960	12504141824	799.8	20	0
1616.74	3346733	413235	3346733	16408289280	12507037696	799.5	20	0
1617.74	3346733	413235	3346733	16411344896	12509900800	807.6	20	0
1618.74	3346733	413235	3346733	16413847552	12513112064	799.9	20	0
1619.75	3346733	413235	3346733	16416563200	12515606528	807.5	20	0
1620.75	3346733	413235	3346733	16419241984	12518395904	800.0	20	0
1621.76	3346733	413235	3346733	16423018496	12521664512	807.3	20	0
1622.76	3346733	413235	3346733	16426053632	12524601344	799.8	20	0
1623.76	3346733	413235	3346733	16428597248	12527452160	799.7	20	0
1624.77	3346733	413235	3346733	16432132096	12530483200	807.6	20	0
1625.77	3346733	413235	3346733	16435077120	12533182464	799.6	20	0
1626.78	3346733	413235	3346733	16437624832	12535816192	807.6	20	0
1627.78	3346733	413235	3346733	16439873536	12538445824	799.7	20	0
1628.79	3346733	413235	3346733	16442175488	12541054976	799.6	20	0
1629.79	3346733	413235	3346733	16444932096	12543692800	807.6	20	0
1630.79	3346733	413235	3346733	16447692800	12546531328	799.6	20	0
1631.80	3346733	413235	3346733	16450424832	12549038080	807.5	20	0
1632.80	3346733	413235	3346733	16453283840	12551606272	799.6	20	0
1633.81	3346733	413235	3346733	16455434240	12554432512	807.6	20	0
1634.81	3346733	413235	3346733	16458342400	12557037568	799.5	20	0
1635.81	3346733	413235	3346733	16461000704	12559917056	799.7	20	0
1636.82	3346733	413235	3346733	16463601664	12562636800	807.4	20	0
1637.82	3346733	413235	3346733	16466178048	12565024768	799.6	20	0
1638.83	3346733	413235	3346733	16468688896	12567678976	807.6	20	0
1639.83	3346733	413235	3346733	16471822336	12570333184	799.6	20	0
1640.84	3346733	413235	3346733	16474144768	12573065216	799.5	20	0
1641.84	3346733	413235	3346733	16477106176	12575494144	807.3	20	0
1642.84	3346733	413235	3346733	16479465472	12577890304	799.6	20	0
1643.85	3346733	413235	3346733	16481583104	12580470784	807.5	20	0
1644.85	3346733	413235	3346733	16484331520	12583149568	799.7	20	0
1645.86	3346733	413235	3346733	16488140800	12585783296	807.5	20	0
1646.86	3346733	413235	3346733	16489619456	12588478464	799.7	20	0
1647.87	3346733	413235	3346733	16492457984	12591378432	799.6	20	0
1648.87	3346733	413235	3346733	16495398912	12594290688	807.7	20	0
1649.87	3346733	413235	3346733	16498446336	12596985856	799.5	20	0
1650.88	3346733	413235	3346733	16501563392	12599775232	807.7	20	0
1651.88	3346733	413235	3346733	16503443456	12602134528	799.7	20	0
1652.89	3346733	413235	3346733	16506224640	12604768256	799.3	20	0
1653.89	3346733	413235	3346733	16509198336	12607897600	807.9	20	0
1654.89	3346733	413235	3346733	16511950848	12610506752	799.7	20	0
1655.90	3346733	413235	3346733	16514789376	12613644288	807.7	20	0
1656.90	3346733	413235	3346733	16517836800	12616318976	799.4	20	0
1657.91	3346733	413235	3346733	16520167424	12618964992	807.6	20	0
1658.91	3346733	413235	3346733	16522788864	12621463552	799.5	20	0
1659.91	3346733	413235	3346733	16525905920	12624379904	799.8	20	0
1660.92	3346733	413235	3346733	16528232448	12626755584	807.5	20	0
1661.92	3346733	413235	3346733	16531873792	12629782528	799.9	20	0
1662.93	3346733	413235	3346733	16534310912	12632301568	807.6	20	0
1663.93	3346733	413235	3346733	16536739840	12634898432	799.5	20	0
1664.94	3346733	413235	3346733	16539566080	12637495296	799.6	20	0
1665.94	3346733	413235	3346733	16541843456	12640239616	807.5	20	0
1666.94	3346733	413235	3346733	16544251904	12642713600	799.5	20	0
1667.95	3346733	413235	3346733	16546598912	12645138432	807.6	20	0
1668.95	3346733	413235	3346733	16548941824	12647788544	799.6	20	0
1669.96	3346733	413235	3346733	16551559168	12649947136	799.4	20	0
1670.96	3346733	413235	3346733	16554151936	12652785664	807.6	20	0
1671.96	3346733	413235	3346733	16556847104	12655431680	799.7	20	0
1672.97	3346733	413235	3346733	16559714304	12658233344	807.9	20	0
1673.97	3346733	413235	3346733	16562593792	12661215232	799.5	20	0
1674.98	3346733	413235	3346733	16566206464	12663926784	807.5	20	0
1675.98	3346733	413235	3346733	16568733696	12666376192	799.3	20	0
1676.98	3346733	413235	3346733	16570703872	12668833792	799.6	20	0
1677.99	3346733	413235	3346733	16573734912	12671807488	807.5	20	0
1678.99	3346733	413235	3346733	16576557056	12674482176	799.4	20	0
1680.00	3346733	413235	3346733	16579088384	12676943872	807.2	20	0
1681.00	3346733	418469	3346733	16587661312	12679667712	894.5	20	0
1682.01	3346733	424264	3346733	16595881984	12681748480	902.7	20	0
1683.01	3346733	430271	3346733	16604721152	12684730368	911.9	20	0
1684.01	3346733	436270	3346733	16613453824	12687536128	902.9	20	0
1685.02	3346733	442242	3346733	16622096384	12689711104	911.5	20	0
1686.02	3346733	448229	3346733	16631001088	12692246528	902.8	20	0
1687.03	3346733	454235	3346733	16639909888	12695007232	902.8	20	0
1688.03	3346733	460244	3346733	16648585216	12697722880	911.4	20	0
1689.03	3346733	466220	3346733	16657424384	12700176384	902.4	20	0
1690.04	3346733	472177	3346733	16665804800	12702654464	911.7	20	0
1691.04	3346733	478118	3346733	16674770944	12705468416	903.0	20	0
1692.05	3346733	484093	3346733	16683814912	12708106240	903.2	20	0
1693.05	3346733	488012	3346733	16690286592	12711014400	878.6	20	0
1694.05	3346733	488012	3346733	16692707328	12713676800	799.6	20	0
1695.06	3346733	488012	3346733	16695099392	12715986944	807.5	20	0
1696.06	3346733	488012	3346733	16697896960	12718637056	799.6	20	0
1697.07	3346733	488012	3346733	16700530688	12721209344	807.4	20	0
1698.07	3346733	488012	3346733	16702894080	12723937280	799.6	20	0
1699.07	3346733	488012	3346733	16705249280	12726681600	799.7	20	0
1700.08	3346733	488012	3346733	16708411392	12729364480	807.5	20	0
1701.08	3346733	488012	3346733	16711409664	12732129280	799.7	20	0
1702.09	3346733	488012	3346733	16714821632	12734832640	807.7	20	0
1703.09	3346733	488012	3346733	16717303808	12737384448	799.7	20	0
1704.10	3346733	488012	3346733	16719282176	12740202496	799.8	20	0
1705.10	3346733	488012	3346733	16721825792	12742647808	807.5	20	0
1706.10	3346733	488012	3346733	16725123072	12745637888	799.9	20	0
1707.11	3346733	488012	3346733	16727785472	12748279808	807.6	20	0
1708.11	3346733	488012	3346733	16730525696	12751048704	799.7	20	0
1709.12	3346733	488012	3346733	16732659712	12753829888	799.8	20	0
1710.12	3346733	488012	3346733	16735952896	12756443136	807.5	20	0
1711.12	3346733	488012	3346733	16737775616	12758970368	799.6	20	0
1712.13	3346733	488012	3346733	16740855808	12761788416	807.6	20	0
1713.13	3346733	488012	3346733	16744058880	12764778496	799.7	20	0
1714.14	3346733	488012	3346733	16746262528	12767547392	807.6	20	0
1715.14	3346733	488012	3346733	16749363200	12770623488	799.8	20	0
1716.14	3346733	488012	3346733	16751857664	12773273600	799.7	20	0
1717.15	3346733	488012	3346733	16754782208	12775841792	807.5	20	0
1718.15	3346733	488012	3346733	16757116928	12778622976	799.6	20	0
1719.16	3346733	488012	3346733	16760094720	12781342720	807.6	20	0
1720.16	3346733	488012	3346733	16763432960	12784218112	799.6	20	0
1721.17	3346733	488012	3346733	16765808640	12787036160	800.1	20	0
1722.17	3346733	488012	3346733	16768745472	12789989376	807.5	20	0
1723.17	3346733	488012	3346733	16772096000	12792860672	799.7	20	0
1724.18	3346733	488012	3346733	16774995968	12795883520	807.7	20	0
1725.18	3346733	488012	3346733	16777367552	12798353408	800.1	20	0
1726.19	3346733	488012	3346733	16780001280	12801245184	799.4	20	0
1727.19	3346733	488012	3346733	16782422016	12803424256	807.2	20	0
1728.19	3346733	488012	3346733	16784674816	12805939200	799.5	20	0
1729.20	3346733	488012	3346733	16787283968	12808458240	807.8	20	0
1730.20	3346733	488012	3346733	16789913600	12811038720	799.5	20	0
1731.21	3346733	488012	3346733	16792375296	12813815808	799.7	20	0
1732.21	3346733	488012	3346733	16795279360	12816334848	807.5	20	0
1733.21	3346733	488012	3346733	16797913088	12818763776	799.4	20	0
1734.22	3346733	488012	3346733	16800124928	12821131264	807.4	20	0
1735.22	3346733	488012	3346733	16802881536	12823969792	799.6	20	0
1736.23	3346733	488012	3346733	16805085184	12826382336	807.4	20	0
1737.23	3346733	488012	3346733	16808386560	12829347840	799.8	20	0
1738.24	3346733	488012	3346733	16810307584	12831764480	799.5	20	0
1739.24	3346733	488012	3346733	16812347392	12834009088	807.3	20	0
1740.24	3346733	488012	3346733	16815247360	12836593664	799.6	20	0
1741.25	3346733	488012	3346733	16818380800	12839112704	807.5	20	0
1742.25	3346733	488012	3346733	16821452800	12841992192	799.9	20	0
1743.26	3346733	488012	3346733	16823771136	12844744704	799.7	20	0
1744.26	3346733	488012	3346733	16826814464	12847472640	807.6	20	0
1745.26	3346733	488012	3346733	16829186048	12850401280	799.9	20	0
1746.27	3346733	488012	3346733	16831524864	12852867072	807.5	20	0
1747.27	3346733	488012	3346733	16832839680	12855181312	799.9	20	0
1748.28	3346733	488012	3346733	16835002368	12857602048	807.6	20	0
1749.28	3346733	488012	3346733	16838062080	12860096512	800.4	20	0
1750.29	3346733	488012	3346733	16840458240	12862504960	807.7	20	0
1751.29	3346733	488012	3346733	16842944512	12865110016	799.8	20	0
1752.29	3346733	488012	3346733	16845357056	12867342336	799.4	20	0
1753.30	3346733	488012	3346733	16848429056	12870119424	807.7	20	0
1754.30	3346733	488012	3346733	16851259392	12872671232	799.5	20	0
1755.31	3346733	488012	3346733	16853848064	12875288576	807.5	20	0
1756.31	3346733	488012	3346733	16855654400	12877651968	799.4	20	0
1757.32	3346733	488012	3346733	16858546176	12880429056	800.0	20	0
1758.32	3346733	488012	3346733	16861069312	12883021824	807.7	20	0
1759.32	3346733	488012	3346733	16863707136	12885643264	799.6	20	0
1760.33	3346733	488012	3346733	16867196928	12888412160	807.6	20	0
1761.33	3346733	488012	3346733	16869588992	12891058176	799.6	20	0
1762.34	3346733	488012	3346733	16872054784	12893650944	807.4	20	0
1763.34	3346733	488012	3346733	16874024960	12896407552	799.5	20	0
1764.35	3346733	488012	3346733	16876871680	12898996224	799.5	20	0
1765.35	3346733	488012	3346733	16880197632	12902150144	807.8	20	0
1766.35	3346733	488012	3346733	16883400704	12905226240	800.1	20	0
1767.36	3346733	488012	3346733	16887353344	12908531712	808.0	20	0
1768.36	3346733	488012	3346733	16889847808	12911403008	799.8	20	0
1769.37	3346733	488012	3346733	16893108224	12914147328	799.8	20	0
1770.37	3346733	488012	3346733	16895983616	12917231616	807.9	20	0
1771.37	3346733	488012	3346733	16899129344	12920102912	799.8	20	0
1772.38	3346733	488012	3346733	16902615040	12923310080	808.0	20	0
1773.38	3346733	488012	3346733	16905289728	12926009344	799.8	20	0
1774.39	3346733	488012	3346733	16908124160	12928753664	799.9	20	0
1775.39	3346733	488012	3346733	16911273984	12931534848	807.6	20	0
1776.39	3346733	488012	3346733	16913465344	12934344704	799.9	20	0
1777.40	3346733	488012	3346733	13715087360	9742249984	694.1	15	0
1778.40	3346733	488012	3346733	13714948096	9742249984	399.7	15	0
1779.41	3346733	488012	3346733	13714968576	9742249984	399.8	15	0
1780.41	3346733	488012	3346733	13715222528	9742249984	403.8	15	0
1781.41	3346733	488012	3346733	13714997248	9742249984	399.7	15	0
1782.42	3346733	488012	3346733	13715316736	9742249984	403.8	15	0
1783.42	3346733	488012	3346733	13714911232	9742249984	399.8	15	0
1784.43	3346733	488012	3346733	13714825216	9742249984	399.8	15	0
1785.43	3346733	488012	3346733	13714829312	9742249984	403.7	15	0
1786.43	3346733	488012	3346733	13714776064	9742249984	399.8	15	0
1787.44	3346733	488012	3346733	13715214336	9742249984	403.8	15	0
1788.44	3346733	488012	3346733	13715169280	9742249984	399.7	15	0
1789.45	3346733	488012	3346733	13715009536	9742249984	399.7	15	0
1790.45	3346733	488012	3346733	13715279872	9742249984	403.6	15	0
1791.45	3346733	488012	3346733	13714980864	9742249984	399.8	15	0
1792.46	3346733	488012	3346733	13715263488	9742249984	403.8	15	0
1793.46	3346733	488012	3346733	13714731008	9742249984	399.7	15	0
1794.47	3346733	488012	3346733	13714489344	9742249984	399.6	15	0
1795.47	3346733	488012	3346733	13714673664	9742249984	403.7	15	0
1796.47	3346733	488012	3346733	13714456576	9742249984	399.8	15	0
1797.48	3346733	488012	3346733	13714681856	9742249984	403.8	15	0
1798.48	3346733	488012	3346733	13714534400	9742249984	399.7	15	0
1799.49	3346733	488012	3346733	13714378752	9742249984	399.7	15	0
1800.49	3346733	488012	3346733	13714513920	9742249984	403.7	15	0
1801.49	3346733	488012	3346733	13714415616	9742249984	399.7	15	0
1802.50	3346733	488012	3346733	13714419712	9742249984	403.7	15	0
1803.50	3346733	488012	3346733	13714329600	9742249984	399.7	15	0
1804.51	3346733	488012	3346733	13714669568	9742249984	399.8	15	0
1805.51	3346733	488012	3346733	13714599936	9742249984	403.7	15	0
1806.51	3346733	488012	3346733	13714518016	9742249984	399.7	15	0
1807.52	3346733	488012	3346733	13714550784	9742249984	403.7	15	0
1808.52	3346733	488012	3346733	13714608128	9742249984	399.8	15	0
1809.53	3346733	488012	3346733	13714751488	9742249984	399.8	15	0
1810.53	3346733	490697	3346733	13717684224	9742249984	451.9	15	0
1811.53	3346733	496636	3346733	13724000256	9742249984	502.9	15	0
1812.54	3346733	502599	3346733	13729783808	9742249984	508.1	15	0
1813.54	3346733	508207	3346733	13735514112	9742249984	503.1	15	0
1814.55	3346733	513986	3346733	13741527040	9742249984	503.3	15	0
1815.55	3346733	519798	3346733	13747642368	9742249984	508.3	15	0
1816.55	3346733	522664	3346733	13750140928	9742249984	451.8	15	0
1817.56	3346733	522664	3346733	13750640640	9742249984	403.7	15	0
1818.56	3346733	522664	3346733	13750366208	9742249984	399.7	15	0
1819.57	3346733	522664	3346733	13750185984	9742249984	399.7	15	0
1820.57	3346733	522664	3346733	13750366208	9742249984	403.7	15	0
1821.57	3346733	522664	3346733	13750259712	9742249984	399.8	15	0
1822.58	3346733	522664	3346733	13750083584	9742249984	403.8	15	0
1823.58	3346733	522664	3346733	13750231040	9742249984	399.8	15	0
1824.59	3346733	522664	3346733	13750378496	9742249984	399.8	15	0
1825.59	3346733	522664	3346733	13750202368	9742249984	403.7	15	0
1826.59	3346733	522664	3346733	13749985280	9742249984	399.9	15	0
1827.60	3346733	522664	3346733	13750509568	9742249984	403.8	15	0
1828.60	3346733	522664	3346733	13749559296	9742254080	399.8	15	0
1829.61	3346733	522664	3346733	13749862400	9742254080	399.8	15	0
1830.61	3346733	522664	3346733	13749821440	9742254080	403.9	15	0
1831.61	3346733	522664	3346733	13749194752	9742254080	399.7	15	0
1832.62	3346733	522664	3346733	13749420032	9742254080	403.8	15	0
1833.62	3346733	522664	3346733	13749473280	9742254080	399.7	15	0
1834.63	3346733	522664	3346733	13749972992	9742254080	399.7	15	0
1835.63	3346733	522664	3346733	13749870592	9742254080	403.7	15	0
1836.63	3346733	522664	3346733	13749706752	9742254080	399.8	15	0
1837.64	3346733	522664	3346733	13749723136	9742254080	403.8	15	0
1838.64	3346733	522664	3346733	13749747712	9742258176	399.8	15	0
1839.65	3346733	522664	3346733	13750009856	9742258176	399.9	15	0
1840.65	3346733	522664	3346733	13749534720	9742258176	403.6	15	0
1841.65	3346733	522664	3346733	13749784576	9742258176	399.7	15	0
1842.66	3346733	522664	3346733	13749514240	9742258176	403.7	15	0
1843.66	3346733	522664	3346733	13749092352	9742258176	399.8	15	0
1844.67	3346733	522664	3346733	13749547008	9742258176	399.7	15	0
1845.67	3346733	522664	3346733	13749665792	9742258176	403.7	15	0
1846.67	3346733	522664	3346733	13749436416	9742262272	399.8	15	0
1847.68	3346733	522664	3346733	13749678080	9742262272	403.8	15	0
1848.68	3346733	522664	3346733	13749444608	9742270464	399.9	15	0
1849.69	3346733	522664	3346733	13749477376	9742270464	399.8	15	0
1850.69	3346733	522664	3346733	13750005760	9742270464	403.8	15	0
1851.69	3346733	522664	3346733	13749833728	9742270464	399.7	15	0
1852.70	3346733	522664	3346733	13749932032	9742270464	403.8	15	0
1853.70	3346733	522664	3346733	13749616640	9742270464	399.9	15	0
1854.71	3346733	522664	3346733	13749587968	9742270464	399.8	15	0
1855.71	3346733	522664	3346733	13749526528	9742270464	403.8	15	0
1856.71	3346733	522664	3346733	13749444608	9742270464	399.7	15	0
1857.72	3346733	522664	3346733	13749436416	9742270464	403.9	15	0
1858.72	3346733	522664	3346733	13749260288	9742274560	399.8	15	0
1859.73	3346733	522664	3346733	13749698560	9742274560	399.9	15	0
1860.73	3346733	522664	3346733	13749645312	9742274560	403.8	15	0
1861.73	3346733	522664	3346733	13749555200	9742274560	399.8	15	0
1862.74	3346733	522664	3346733	13749530624	9742274560	403.7	15	0
1863.74	3346733	522664	3346733	13749501952	9742282752	399.9	15	0
1864.75	3346733	522664	3346733	13749993472	9742282752	399.9	15	0
1865.75	3346733	522664	3346733	13749755904	9742282752	403.7	15	0
1866.75	3346733	522664	3346733	13749686272	9742286848	399.7	15	0
1867.76	3346733	522664	3346733	13749760000	9742286848	403.8	15	0
1868.76	3346733	522664	3346733	13749735424	9742286848	399.8	15	0
1869.76	3346733	522664	3346733	13749968896	9742286848	399.7	15	0
1870.77	3346733	522664	3346733	13749714944	9742290944	403.7	15	0
1871.77	3346733	522664	3346733	13749665792	9742295040	399.6	15	0
1872.78	3346733	522664	3346733	13749927936	9742295040	403.6	15	0
1873.78	3346733	522664	3346733	13749346304	9742295040	399.8	15	0
1874.79	3346733	522664	3346733	13748928512	9742295040	399.8	15	0
1875.79	3346733	522664	3346733	13749035008	9742295040	403.6	15	0
1876.79	3346733	522664	3346733	13749329920	9742295040	399.7	15	0
1877.80	3346733	522664	3346733	13749260288	9742295040	403.8	15	0
1878.80	3346733	522664	3346733	13748903936	9742295040	399.7	15	0
1879.81	3346733	522664	3346733	13749231616	9742295040	399.8	15	0
1880.81	3346733	522664	3346733	13749477376	9742295040	403.8	15	0
1881.81	3346733	522664	3346733	13749436416	9742295040	399.9	15	0
1882.82	3346733	522664	3346733	13749465088	9742295040	403.8	15	0
1883.82	3346733	522664	3346733	13749358592	9742303232	399.8	15	0
1884.83	3346733	522664	3346733	13749424128	9742303232	399.8	15	0
1885.83	3346733	522664	3346733	13749698560	9742303232	403.7	15	0
1886.83	3346733	522664	3346733	13749706752	9742307328	399.7	15	0
1887.84	3346733	522664	3346733	13749329920	9742311424	403.8	15	0
1888.84	3346733	522664	3346733	13749284864	9742311424	399.7	15	0
1889.85	3346733	522664	3346733	13748727808	9742311424	399.8	15	0
1890.85	3346733	522664	3346733	13749161984	9742311424	403.6	15	0
1891.85	3346733	522664	3346733	13749227520	9742311424	399.8	15	0
1892.86	3346733	522664	3346733	13749145600	9742311424	403.7	15	0
1893.86	3346733	522664	3346733	13749219328	9742311424	399.7	15	0
1894.87	3346733	522664	3346733	13749334016	9742311424	399.7	15	0
1895.87	3346733	522664	3346733	13749387264	9742311424	403.7	15	0
1896.87	3346733	522664	3346733	13748752384	9742311424	399.8	15	0
1897.88	3346733	522664	3346733	13749235712	9742311424	403.7	15	0
1898.88	3346733	522664	3346733	13749133312	9742319616	399.6	15	0
1899.89	3346733	522664	3346733	13749407744	9742319616	399.8	15	0
1900.89	3346733	522664	3346733	13749645312	9742327808	403.8	15	0
1901.89	3346733	522664	3346733	13749219328	9742327808	399.7	15	0
1902.90	3346733	522664	3346733	13749567488	9742327808	403.8	15	0
1903.90	3346733	522664	3346733	13749342208	9742327808	399.7	15	0
1904.91	3346733	522664	3346733	13749334016	9742327808	399.7	15	0
1905.91	3346733	522664	3346733	13749305344	9742327808	403.8	15	0
1906.91	3346733	522664	3346733	13749456896	9742331904	399.8	15	0
1907.92	3346733	522664	3346733	13749260288	9742331904	403.8	15	0
1908.92	3346733	522664	3346733	13749190656	9742331904	399.7	15	0
1909.93	3346733	522664	3346733	13749616640	9742331904	399.7	15	0
1910.93	3346733	522664	3346733	13749661696	9742331904	403.7	15	0
1911.93	3346733	522664	3346733	13749612544	9742331904	399.7	15	0
1912.94	3346733	522664	3346733	13749358592	9742331904	403.7	15	0
1913.94	3346733	522664	3346733	13749321728	9742331904	399.8	15	0
1914.94	3346733	522664	3346733	13749596160	9742331904	399.8	15	0
1915.95	3346733	522664	3346733	13749526528	9742331904	403.6	15	0
1916.95	3346733	522664	3346733	13749444608	9742331904	399.7	15	0
1917.96	3346733	522664	3346733	13749764096	9742331904	403.8	15	0
1918.96	3346733	522664	3346733	13749481472	9742331904	399.7	15	0
1919.96	3346733	522664	3346733	13749993472	9742331904	399.8	15	0
1920.97	3346733	522664	3346733	13749551104	9742331904	403.8	15	0
1921.97	3346733	522664	3346733	13749219328	9742331904	399.9	15	0
1922.98	3346733	522664	3346733	13749415936	9742331904	403.9	15	0
1923.98	3346733	522664	3346733	13749293056	9742331904	399.8	15	0
1924.98	3346733	522664	3346733	13749014528	9742331904	399.7	15	0
1925.99	3346733	522664	3346733	13749567488	9742331904	403.8	15	0
1926.99	3346733	522664	3346733	13749854208	9742331904	399.8	15	0
1928.00	3346733	522664	3346733	13749678080	9742331904	403.7	15	0
1929.00	3346733	522664	3346733	13749698560	9742331904	399.9	15	0
1930.00	3346733	522664	3346733	13749706752	9742331904	399.8	15	0
1931.01	3346733	522664	3346733	13750145024	9742331904	403.7	15	0
1932.01	3346733	522664	3346733	13749690368	9742331904	399.7	15	0
1933.02	3346733	522664	3346733	13749260288	9742331904	403.5	15	0
1934.02	3346733	522664	3346733	13748928512	9742331904	399.6	15	0
1935.03	3346733	522664	3346733	13749219328	9742331904	399.7	15	0
1936.03	3346733	522664	3346733	13749604352	9742331904	403.5	15	0
1937.03	3346733	522664	3346733	13749862400	9742331904	399.7	15	0
1938.04	3346733	522664	3346733	13749850112	9742331904	403.6	15	0
1939.04	3346733	522664	3346733	13748895744	9742331904	399.7	15	0
1940.05	3346733	522664	3346733	13749391360	9742331904	403.6	15	0
1941.05	3346733	522664	3346733	13749436416	9742340096	399.7	15	0
1942.06	3346733	522664	3346733	13749465088	9742348288	403.8	15	0
1943.06	3346733	522664	3346733	13749567488	9742348288	399.6	15	0
1944.06	3346733	522664	3346733	13749297152	9742348288	399.7	15	0
1945.07	3346733	522664	3346733	13749698560	9742348288	403.7	15	0
1946.07	3346733	522664	3346733	13749813248	9742348288	399.7	15	0
1947.08	3346733	522664	3346733	13750177792	9742348288	403.7	15	0
1948.08	3346733	522664	3346733	13749743616	9742348288	399.7	15	0
1949.08	3346733	522664	3346733	13750005760	9742348288	399.8	15	0
1950.09	3346733	522664	3346733	13750083584	9742352384	403.8	15	0
1951.09	3346733	522664	3346733	13750018048	9742352384	399.8	15	0
1952.10	3346733	522664	3346733	13749833728	9742352384	403.8	15	0
1953.10	3346733	522664	3346733	13750005760	9742352384	399.8	15	0
1954.10	3346733	522664	3346733	13749108736	9742352384	399.8	15	0
1955.11	3346733	522664	3346733	13749350400	9742352384	403.7	15	0
1956.11	3346733	522664	3346733	13749411840	9742352384	399.7	15	0
1957.12	3346733	522664	3346733	13749698560	9742352384	403.7	15	0
1958.12	3346733	522664	3346733	13749645312	9742352384	399.8	15	0
1959.12	3346733	522664	3346733	13749764096	9742352384	399.8	15	0
1960.13	3346733	522664	3346733	13749669888	9742352384	403.8	15	0
1961.13	3346733	522664	3346733	13749706752	9742352384	399.8	15	0
1962.14	3346733	522664	3346733	13750005760	9742352384	403.8	15	0
1963.14	3346733	522664	3346733	13750165504	9742352384	399.7	15	0
1964.14	3346733	522664	3346733	13749706752	9742356480	399.9	15	0
1965.15	3346733	522664	3346733	13749723136	9742360576	403.8	15	0
1966.15	3346733	522664	3346733	13749768192	9742360576	399.7	15	0
1967.16	3346733	522664	3346733	13749837824	9742360576	403.7	15	0
1968.16	3346733	522664	3346733	13750095872	9742360576	399.6	15	0
1969.16	3346733	522664	3346733	13749919744	9742360576	399.7	15	0
1970.17	3346733	522664	3346733	13749940224	9742360576	403.7	15	0
1971.17	3346733	522664	3346733	13750202368	9742360576	399.8	15	0
1972.18	3346733	522664	3346733	13750480896	9742360576	399.7	15	0
1973.18	3346733	522664	3346733	13749891072	9742360576	403.8	15	0
1974.18	3346733	522664	3346733	13749620736	9742360576	399.7	15	0
1975.19	3346733	522664	3346733	13749792768	9742360576	403.7	15	0
1976.19	3346733	522664	3346733	13749739520	9742360576	399.7	15	0
1977.20	3346733	522664	3346733	13749473280	9742360576	399.8	15	0
1978.20	3346733	522664	3346733	13749387264	9742360576	403.7	15	0
1979.20	3346733	522664	3346733	13749452800	9742360576	399.8	15	0
1980.21	3346733	522664	3346733	13749575680	9742360576	403.7	15	0
1981.21	3346733	522664	3346733	13749661696	9742360576	399.7	15	0
1982.22	3346733	522664	3346733	13749788672	9742360576	399.8	15	0
1983.22	3346733	522664	3346733	13749260288	9742360576	403.9	15	0
1984.22	3346733	522664	3346733	13749579776	9742360576	399.7	15	0
1985.23	3346733	522664	3346733	13750128640	9742364672	403.8	15	0
1986.23	3346733	522664	3346733	13749624832	9742364672	399.8	15	0
1987.24	3346733	522664	3346733	13749997568	9742364672	399.8	15	0
1988.24	3346733	522664	3346733	13749317632	9742364672	403.6	15	0
1989.24	3346733	522664	3346733	13749964800	9742364672	399.8	15	0
1990.25	3346733	522664	3346733	13749846016	9742364672	403.8	15	0
1991.25	3346733	522664	3346733	13749616640	9742364672	399.8	15	0
1992.26	3346733	522664	3346733	13749899264	9742364672	399.7	15	0
1993.26	3346733	522664	3346733	13749436416	9742364672	403.7	15	0
1994.26	3346733	522664	3346733	13749067776	9742364672	399.9	15	0
1995.27	3346733	522664	3346733	13748891648	9742364672	403.7	15	0
1996.27	3346733	522664	3346733	13748953088	9742364672	399.8	15	0
1997.28	3346733	522664	3346733	13749473280	9742364672	399.7	15	0
1998.28	3346733	522664	3346733	13749198848	9742364672	403.7	15	0
1999.28	3346733	522664	3346733	13748912128	9742364672	399.8	15	0
2000.29	3346733	522664	3346733	13749456896	9742364672	403.8	15	0
2001.29	3346733	522664	3346733	13749362688	9742364672	399.8	15	0
2002.30	3346733	522664	3346733	13749301248	9742376960	399.7	15	0
2003.30	3346733	522664	3346733	13749227520	9742376960	403.7	15	0
2004.30	3346733	522664	3346733	13749501952	9742376960	399.8	15	0
2005.31	3346733	522664	3346733	13749719040	9742376960	403.7	15	0
2006.31	3346733	522664	3346733	13748985856	9742376960	399.7	15	0
2007.32	3346733	522664	3346733	13749501952	9742376960	399.7	15	0
2008.32	3346733	522664	3346733	13749202944	9742376960	403.6	15	0
2009.32	3346733	522664	3346733	13749604352	9742376960	399.7	15	0
2010.33	3346733	522664	3346733	13749882880	9742376960	403.7	15	0
2011.33	3346733	522664	3346733	13749755904	9742376960	400.1	15	0
2012.34	3346733	522664	3346733	13750071296	9742381056	399.3	15	0
2013.34	3346733	522664	3346733	13750120448	9742381056	403.7	15	0
2014.34	3346733	522664	3346733	13749030912	9742381056	399.8	15	0
2015.35	3346733	522664	3346733	13749833728	9742381056	403.7	15	0
2016.35	3346733	522664	3346733	13749370880	9742381056	399.7	15	0
2017.36	3346733	522664	3346733	13749911552	9742381056	399.7	15	0
2018.36	3346733	522664	3346733	13749456896	9742381056	403.7	15	0
2019.36	3346733	522664	3346733	13749678080	9742381056	399.8	15	0
2020.37	3346733	522664	3346733	13749673984	9742381056	403.6	15	0
2021.37	3346733	522664	3346733	13749473280	9742381056	400.1	15	0
2022.38	3346733	522664	3346733	13749587968	9742381056	399.4	15	0
2023.38	3346733	522664	3346733	13749510144	9742381056	403.6	15	0
2024.38	3346733	522664	3346733	13749657600	9742381056	399.8	15	0
2025.39	3346733	522664	3346733	13749948416	9742381056	403.7	15	0
2026.39	3346733	522664	3346733	13749870592	9742381056	399.7	15	0
2027.40	3346733	522664	3346733	13750542336	9742381056	399.7	15	0
2028.40	3346733	522664	3346733	13750042624	9742381056	403.7	15	0
2029.40	3346733	522664	3346733	13749542912	9742381056	399.8	15	0
2030.41	3346733	522664	3346733	13749415936	9742381056	403.8	15	0
2031.41	3346733	522664	3346733	13750009856	9742381056	399.7	15	0
2032.42	3346733	522664	3346733	13750280192	9742381056	399.7	15	0
2033.42	3346733	522664	3346733	13749764096	9742381056	403.6	15	0
2034.42	3346733	522664	3346733	13749395456	9742381056	399.6	15	0
2035.43	3346733	522664	3346733	13749624832	9742381056	403.7	15	0
2036.43	3346733	522664	3346733	13749678080	9742381056	399.7	15	0
2037.44	3346733	522664	3346733	13749764096	9742381056	403.5	15	0
2038.44	3346733	522664	3346733	13749698560	9742381056	399.8	15	0
2039.45	3346733	522664	3346733	13749755904	9742381056	399.8	15	0
2040.45	3346733	522664	3346733	13749751808	9742381056	403.7	15	0
2041.45	3346733	522664	3346733	13749792768	9742381056	399.7	15	0
2042.46	3346733	522664	3346733	13749817344	9742381056	403.8	15	0
2043.46	3346733	522664	3346733	13749489664	9742381056	399.7	15	0
2044.47	3346733	522664	3346733	13749579776	9742381056	403.6	15	0
2045.47	3346733	522664	3346733	13749841920	9742381056	399.7	15	0
2046.48	3346733	522664	3346733	13749714944	9742381056	399.7	15	0
2047.48	3346733	522664	3346733	13749182464	9742381056	403.9	15	0
2048.48	3346733	522664	3346733	13749157888	9742381056	399.8	15	0
2049.49	3346733	522664	3346733	13749022720	9742381056	403.7	15	0
2050.49	3346733	522664	3346733	13748920320	9742381056	399.8	15	0
2051.50	3346733	522664	3346733	13749157888	9742385152	403.7	15	0
2052.50	3346733	522664	3346733	13749100544	9742385152	399.6	15	0
2053.50	3346733	522664	3346733	13749477376	9742385152	399.7	15	0
2054.51	3346733	522664	3346733	13749698560	9742385152	403.7	15	0
2055.51	3346733	522664	3346733	13749481472	9742385152	399.9	15	0
2056.52	3346733	522664	3346733	13749338112	9742385152	403.4	15	0
2057.52	3346733	522664	3346733	13749264384	9742393344	399.7	15	0
2058.53	3346733	522664	3346733	13749379072	9742393344	399.6	15	0
2059.53	3346733	522664	3346733	13749071872	9742393344	403.7	15	0
2060.53	3346733	522664	3346733	13749444608	9742393344	399.7	15	0
2061.54	3346733	522664	3346733	13749510144	9742393344	403.6	15	0
2062.54	3346733	522664	3346733	13749784576	9742393344	399.7	15	0
2063.55	3346733	522664	3346733	13749522432	9742397440	399.8	15	0
2064.55	3346733	522664	3346733	13749727232	9742397440	403.6	15	0
2065.55	3346733	522664	3346733	13749956608	9742397440	399.7	15	0
2066.56	3346733	522664	3346733	13750255616	9742401536	403.7	15	0
2067.56	3346733	528132	3346733	13755449344	9742401536	496.4	15	0
2068.57	3346733	534037	3346733	13761380352	9742401536	502.8	15	0
2069.57	3346733	539849	3346733	13767585792	9742401536	508.3	15	0
2070.57	3346733	545599	3346733	13774184448	9742401536	503.4	15	0
2071.58	3346733	551460	3346733	13780131840	9742401536	508.3	15	0
2072.58	3346733	557319	3346733	13786058752	9742401536	503.0	15	0
2073.58	3346733	563210	3346733	13792067584	9742401536	502.9	15	0
2074.59	3346733	569132	3346733	13798277120	9742401536	508.0	15	0
2075.59	3346733	575026	3346733	13804466176	9742405632	503.2	15	0
2076.60	3346733	580983	3346733	13810585600	9742405632	508.1	15	0
2077.60	3346733	586922	3346733	13816975360	9742405632	503.6	15	0
2078.60	3346733	592832	3346733	13823025152	9742405632	503.2	15	0
2079.61	3346733	594397	3346733	13824536576	9742405632	431.9	15	0
2080.61	3346733	594397	3346733	13824348160	9742409728	399.8	15	0
2081.62	3346733	594397	3346733	13824299008	9742409728	403.7	15	0
2082.62	3346733	594397	3346733	13824032768	9742409728	399.8	15	0
2083.62	3346733	594397	3346733	13823926272	9742409728	399.7	15	0
2084.63	3346733	594397	3346733	13824225280	9742409728	403.8	15	0
2085.63	3346733	594397	3346733	13823840256	9742409728	399.8	15	0
2086.64	3346733	594397	3346733	13823803392	9742409728	403.9	15	0
2087.64	3346733	594397	3346733	13823942656	9742409728	399.8	15	0
2088.64	3346733	594397	3346733	13823385600	9742409728	399.8	15	0
2089.65	3346733	594397	3346733	13823459328	9742413824	403.6	15	0
2090.65	3346733	594397	3346733	13823737856	9742413824	399.8	15	0
2091.66	3346733	594397	3346733	13823766528	9742413824	403.7	15	0
2092.66	3346733	594397	3346733	13823827968	9742413824	399.7	15	0
2093.66	3346733	594397	3346733	13823860736	9742413824	399.8	15	0
2094.67	3346733	594397	3346733	13823926272	9742413824	403.8	15	0
2095.67	3346733	594397	3346733	13824204800	9742417920	399.7	15	0
2096.68	3346733	594397	3346733	13823705088	9742417920	403.7	15	0
2097.68	3346733	594397	3346733	13823737856	9742417920	399.7	15	0
2098.68	3346733	594397	3346733	13823311872	9742417920	399.7	15	0
2099.69	3346733	594397	3346733	13823705088	9742417920	403.7	15	0
2100.69	3346733	594397	3346733	13823598592	9742417920	400.2	15	0
2101.70	3346733	594397	3346733	13823627264	9742417920	399.2	15	0
2102.70	3346733	594397	3346733	13823602688	9742417920	403.7	15	0
2103.70	3346733	594397	3346733	13823504384	9742417920	399.7	15	0
2104.71	3346733	594397	3346733	13823647744	9742417920	403.7	15	0
2105.71	3346733	594397	3346733	13823913984	9742417920	399.6	15	0
2106.72	3346733	594397	3346733	13823967232	9742426112	399.9	15	0
2107.72	3346733	594397	3346733	13824016384	9742426112	403.7	15	0
2108.72	3346733	594397	3346733	13824020480	9742426112	399.7	15	0
2109.73	3346733	594397	3346733	13824253952	9742426112	403.7	15	0
2110.73	3346733	594397	3346733	13824192512	9742426112	399.7	15	0
2111.74	3346733	594397	3346733	13823651840	9742426112	403.6	15	0
2112.74	3346733	594397	3346733	13823635456	9742426112	399.6	15	0
2113.74	3346733	594397	3346733	13823188992	9742426112	399.8	15	0
2114.75	3346733	594397	3346733	13823606784	9742426112	403.8	15	0
2115.75	3346733	594397	3346733	13823311872	9742426112	399.6	15	0
2116.76	3346733	594397	3346733	13823578112	9742426112	403.6	15	0
2117.76	3346733	594397	3346733	13823320064	9742426112	399.7	15	0
2118.76	3346733	594397	3346733	13823188992	9742426112	399.6	15	0
2119.77	3346733	594397	3346733	13823356928	9742426112	403.7	15	0
2120.77	3346733	594397	3346733	13823037440	9742426112	399.8	15	0
2121.78	3346733	594397	3346733	13823496192	9742426112	403.7	15	0
2122.78	3346733	594397	3346733	13823229952	9742426112	399.8	15	0
2123.78	3346733	594397	3346733	13823258624	9742426112	399.7	15	0
2124.79	3346733	594397	3346733	13823787008	9742426112	403.7	15	0
2125.79	3346733	594397	3346733	13824036864	9742426112	399.6	15	0
2126.80	3346733	594397	3346733	13824208896	9742426112	403.7	15	0
2127.80	3346733	594397	3346733	13823348736	9742426112	399.7	15	0
2128.81	3346733	594397	3346733	13823307776	9742426112	399.6	15	0
2129.81	3346733	594397	3346733	13823381504	9742426112	403.7	15	0
2130.81	3346733	594397	3346733	13823520768	9742426112	399.7	15	0
2131.82	3346733	594397	3346733	13823893504	9742426112	403.6	15	0
2132.82	3346733	594397	3346733	13823516672	9742426112	399.7	15	0
2133.83	3346733	594397	3346733	13823643648	9742426112	399.8	15	0
2134.83	3346733	594397	3346733	13823815680	9742426112	403.7	15	0
2135.83	3346733	594397	3346733	13823639552	9742426112	399.8	15	0
2136.84	3346733	594397	3346733	13823959040	9742426112	403.6	15	0
2137.84	3346733	594397	3346733	13823811584	9742426112	399.8	15	0
2138.85	3346733	594397	3346733	13823848448	9742426112	399.8	15	0
2139.85	3346733	594397	3346733	13823946752	9742426112	403.5	15	0
2140.85	3346733	594397	3346733	13824032768	9742434304	399.8	15	0
2141.86	3346733	594397	3346733	13824024576	9742434304	403.7	15	0
2142.86	3346733	594397	3346733	13824221184	9742434304	399.7	15	0
2143.87	3346733	594397	3346733	13823258624	9742434304	399.7	15	0
2144.87	3346733	594397	3346733	13823635456	9742434304	403.7	15	0
2145.87	3346733	594397	3346733	13823905792	9742434304	399.6	15	0
2146.88	3346733	594397	3346733	13823815680	9742434304	403.6	15	0
2147.88	3346733	594397	3346733	13824049152	9742434304	399.7	15	0
2148.89	3346733	594397	3346733	13823332352	9742434304	399.6	15	0
2149.89	3346733	594397	3346733	13823336448	9742434304	403.7	15	0
2150.89	3346733	594397	3346733	13823160320	9742434304	399.8	15	0
2151.90	3346733	594397	3346733	13823848448	9742434304	403.7	15	0
2152.90	3346733	594397	3346733	13823873024	9742434304	399.7	15	0
2153.91	3346733	594397	3346733	13823639552	9742442496	399.7	15	0
2154.91	3346733	594397	3346733	13823823872	9742442496	403.6	15	0
2155.91	3346733	594397	3346733	13824126976	9742442496	399.8	15	0
2156.92	3346733	594397	3346733	13823758336	9742442496	403.7	15	0
2157.92	3346733	594397	3346733	13823451136	9742442496	399.7	15	0
2158.93	3346733	594397	3346733	13823651840	9742442496	399.7	15	0
2159.93	3346733	594397	3346733	13823983616	9742442496	403.7	15	0
2160.93	3346733	594397	3346733	13823651840	9742442496	399.7	15	0
2161.94	3346733	594397	3346733	13823938560	9742442496	403.8	15	0
2162.94	3346733	594397	3346733	13823987712	9742442496	399.8	15	0
2163.95	3346733	594397	3346733	13823561728	9742442496	399.7	15	0
2164.95	3346733	594397	3346733	13823873024	9742442496	403.7	15	0
2165.95	3346733	594397	3346733	13823578112	9742442496	399.6	15	0
2166.96	3346733	594397	3346733	13823709184	9742442496	403.7	15	0
2167.96	3346733	594397	3346733	13824065536	9742442496	399.7	15	0
2168.97	3346733	594397	3346733	13823836160	9742446592	399.7	15	0
2169.97	3346733	594397	3346733	13823774720	9742446592	403.7	15	0
2170.97	3346733	594397	3346733	13824040960	9742446592	399.8	15	0
2171.98	3346733	594397	3346733	13823868928	9742446592	403.6	15	0
2172.98	3346733	594397	3346733	13823369216	9742446592	399.7	15	0
2173.99	3346733	594397	3346733	13823864832	9742446592	399.6	15	0
2174.99	3346733	594397	3346733	13824081920	9742446592	403.7	15	0
2175.99	3346733	594397	3346733	13823692800	9742446592	399.7	15	0
2177.00	3346733	594397	3346733	13823684608	9742446592	403.8	15	0
2178.00	3346733	594397	3346733	13824032768	9742446592	399.8	15	0
2179.01	3346733	594397	3346733	13823598592	9742446592	399.7	15	0
2180.01	3346733	594397	3346733	13823483904	9742446592	403.7	15	0
2181.01	3346733	594397	3346733	13823778816	9742446592	399.7	15	0
2182.02	3346733	594397	3346733	13824032768	9742446592	403.8	15	0
2183.02	3346733	594397	3346733	13824065536	9742446592	399.7	15	0
2184.03	3346733	594397	3346733	13823381504	9742446592	399.8	15	0
2185.03	3346733	594397	3346733	13823995904	9742446592	403.7	15	0
2186.03	3346733	594397	3346733	13823860736	9742446592	399.7	15	0
2187.04	3346733	594397	3346733	13824430080	9742446592	403.7	15	0
2188.04	3346733	594397	3346733	13823844352	9742446592	399.7	15	0
2189.05	3346733	594397	3346733	13823811584	9742446592	399.7	15	0
2190.05	3346733	594397	3346733	13823959040	9742446592	403.7	15	0
2191.05	3346733	594397	3346733	13823426560	9742446592	399.7	15	0
2192.06	3346733	594397	3346733	13823238144	9742446592	403.7	15	0
2193.06	3346733	594397	3346733	13823217664	9742446592	399.8	15	0
2194.07	3346733	594397	3346733	13823336448	9742446592	399.8	15	0
2195.07	3346733	594397	3346733	13823602688	9742446592	403.7	15	0
2196.07	3346733	594397	3346733	13823873024	9742450688	399.8	15	0
2197.08	3346733	594397	3346733	13824147456	9742467072	403.8	15	0
2198.08	3346733	594397	3346733	13824159744	9742467072	399.7	15	0
2199.08	3346733	599841	3346733	13829427200	9742467072	493.9	15	0
2200.09	3346733	605795	3346733	13836148736	9742467072	507.7	15	0
2201.09	3346733	611752	3346733	13842141184	9742467072	503.1	15	0
2202.10	3346733	617677	3346733	13848317952	9742467072	508.0	15	0
2203.10	3346733	623615	3346733	13854486528	9742467072	503.1	15	0
2204.10	3346733	629552	3346733	13860638720	9742467072	503.1	15	0
2205.11	3346733	631626	3346733	13862420480	9742467072	440.6	15	0
2206.11	3346733	631626	3346733	13862604800	9742467072	399.8	15	0
2207.12	3346733	631626	3346733	13862166528	9742467072	403.8	15	0
2208.12	3346733	631626	3346733	13862481920	9742467072	399.8	15	0
2209.12	3346733	631626	3346733	13861593088	9742467072	399.8	15	0
2210.13	3346733	631626	3346733	13861646336	9742467072	403.6	15	0
2211.13	3346733	631626	3346733	13861679104	9742467072	399.6	15	0
2212.14	3346733	631626	3346733	13861900288	9742467072	403.7	15	0
2213.14	3346733	631626	3346733	13862055936	9742467072	399.7	15	0
2214.14	3346733	631626	3346733	13862162432	9742467072	399.8	15	0
2215.15	3346733	631626	3346733	13862027264	9742467072	403.7	15	0
2216.15	3346733	631626	3346733	13862080512	9742467072	399.7	15	0
2217.16	3346733	631626	3346733	13861691392	9742467072	403.8	15	0
2218.16	3346733	631626	3346733	13861289984	9742467072	399.7	15	0
2219.16	3346733	631626	3346733	13861548032	9742467072	399.8	15	0
2220.17	3346733	631626	3346733	13861650432	9742467072	403.7	15	0
2221.17	3346733	631626	3346733	13861773312	9742467072	399.7	15	0
2222.18	3346733	631626	3346733	13861928960	9742467072	403.7	15	0
2223.18	3346733	631626	3346733	13861986304	9742471168	399.7	15	0
2224.18	3346733	631626	3346733	13861732352	9742471168	399.8	15	0
2225.19	3346733	631626	3346733	13862019072	9742471168	403.6	15	0
2226.19	3346733	631626	3346733	13862113280	9742471168	399.7	15	0
2227.20	3346733	631626	3346733	13861982208	9742471168	403.7	15	0
2228.20	3346733	631626	3346733	13862387712	9742471168	399.7	15	0
2229.20	3346733	631626	3346733	13862170624	9742471168	399.8	15	0
2230.21	3346733	631626	3346733	13862346752	9742471168	403.6	15	0
2231.21	3346733	631626	3346733	13862334464	9742471168	399.8	15	0
2232.22	3346733	631626	3346733	13862776832	9742471168	403.6	15	0
2233.22	3346733	631626	3346733	13861605376	9742508032	399.7	15	0
2234.23	3346733	631626	3346733	13862051840	9742508032	399.8	15	0
2235.23	3346733	631626	3346733	13862064128	9742508032	403.7	15	0
2236.23	3346733	631626	3346733	13862244352	9742508032	399.7	15	0
2237.24	3346733	631626	3346733	13862326272	9742508032	403.7	15	0
2238.24	3346733	631626	3346733	13862060032	9742508032	399.8	15	0
2239.25	3346733	631626	3346733	13861781504	9742508032	399.7	15	0
2240.25	3346733	631626	3346733	13861552128	9742508032	403.7	15	0
2241.25	3346733	631626	3346733	13861900288	9742508032	399.8	15	0
2242.26	3346733	631626	3346733	13861912576	9742508032	403.7	15	0
2243.26	3346733	631626	3346733	13862064128	9742508032	399.7	15	0
2244.27	3346733	631626	3346733	13861928960	9742508032	399.7	15	0
2245.27	3346733	631626	3346733	13861515264	9742508032	403.6	15	0
2246.27	3346733	631626	3346733	13862014976	9742508032	399.8	15	0
2247.28	3346733	631626	3346733	13861474304	9742508032	403.8	15	0
2248.28	3346733	631626	3346733	13861990400	9742508032	399.6	15	0
2249.29	3346733	631626	3346733	13861494784	9742508032	399.7	15	0
2250.29	3346733	631626	3346733	13861765120	9742508032	403.7	15	0
2251.29	3346733	631626	3346733	13861376000	9742508032	399.8	15	0
2252.30	3346733	631626	3346733	13861314560	9742508032	403.7	15	0
2253.30	3346733	631626	3346733	13861720064	9742508032	399.7	15	0
2254.31	3346733	631626	3346733	13861822464	9742508032	399.7	15	0
2255.31	3346733	631626	3346733	13861916672	9742508032	403.7	15	0
2256.31	3346733	631626	3346733	13861937152	9742508032	399.8	15	0
2257.32	3346733	631626	3346733	13861367808	9742508032	403.8	15	0
2258.32	3346733	631626	3346733	13861896192	9742508032	399.6	15	0
2259.33	3346733	631626	3346733	13861752832	9742508032	399.8	15	0
2260.33	3346733	631626	3346733	13862031360	9742508032	403.7	15	0
2261.33	3346733	631626	3346733	13861400576	9742508032	399.8	15	0
2262.34	3346733	631626	3346733	13861404672	9742508032	403.7	15	0
2263.34	3346733	631626	3346733	13861281792	9742508032	399.8	15	0
2264.35	3346733	631626	3346733	13861367808	9742508032	399.6	15	0
2265.35	3346733	631626	3346733	13861658624	9742508032	403.6	15	0
2266.35	3346733	631626	3346733	13861761024	9742508032	399.8	15	0
2267.36	3346733	631626	3346733	13861863424	9742508032	403.7	15	0
2268.36	3346733	631626	3346733	13861187584	9742508032	399.8	15	0
2269.37	3346733	631626	3346733	13861191680	9742508032	399.8	15	0
2270.37	3346733	631626	3346733	13861462016	9742508032	403.7	15	0
2271.37	3346733	631626	3346733	13861515264	9742508032	399.7	15	0
2272.38	3346733	631626	3346733	13862072320	9742508032	403.7	15	0
2273.38	3346733	631626	3346733	13861814272	9742508032	399.8	15	0
2274.39	3346733	631626	3346733	13861851136	9742508032	399.8	15	0
2275.39	3346733	631626	3346733	13861392384	9742508032	403.7	15	0
2276.39	3346733	631626	3346733	13861867520	9742508032	399.7	15	0
2277.40	3346733	631626	3346733	13862105088	9742508032	403.8	15	0
2278.40	3346733	631626	3346733	13861306368	9742508032	399.7	15	0
2279.41	3346733	631626	3346733	13861359616	9742508032	399.8	15	0
2280.41	3346733	631626	3346733	13861236736	9742508032	403.7	15	0
2281.41	3346733	631626	3346733	13861343232	9742508032	399.7	15	0
2282.42	3346733	631626	3346733	13861502976	9742508032	403.6	15	0
2283.42	3346733	631626	3346733	13861269504	9742508032	399.8	15	0
2284.43	3346733	631626	3346733	13861281792	9742508032	399.6	15	0
2285.43	3346733	631626	3346733	13861629952	9742508032	403.8	15	0
2286.43	3346733	631626	3346733	13861650432	9742508032	399.8	15	0
2287.44	3346733	631626	3346733	13861666816	9742508032	403.8	15	0
2288.44	3346733	631626	3346733	13861736448	9742508032	399.8	15	0
2289.45	3346733	631626	3346733	13861486592	9742508032	399.7	15	0
2290.45	3346733	631626	3346733	13861908480	9742528512	403.8	15	0
2291.45	3346733	631626	3346733	13861670912	9742528512	399.8	15	0
2292.46	3346733	631626	3346733	13862219776	9742528512	403.7	15	0
2293.46	3346733	631626	3346733	13861478400	9742528512	399.7	15	0
2294.47	3346733	631626	3346733	13861965824	9742528512	399.7	15	0
2295.47	3346733	631626	3346733	13862105088	9742528512	403.7	15	0
2296.47	3346733	631626	3346733	13861892096	9742528512	399.7	15	0
2297.48	3346733	631626	3346733	13862215680	9742528512	403.7	15	0
2298.48	3346733	631626	3346733	13861969920	9742528512	399.7	15	0
2299.49	3346733	631626	3346733	13861646336	9742528512	399.7	15	0
2300.49	3346733	631626	3346733	13861912576	9742528512	403.7	15	0
2301.49	3346733	631626	3346733	13861675008	9742528512	399.8	15	0
2302.50	3346733	631626	3346733	13862031360	9742528512	403.7	15	0
2303.50	3346733	631626	3346733	13861666816	9742528512	399.7	15	0
2304.51	3346733	631626	3346733	13861847040	9742528512	399.8	15	0
2305.51	3346733	631626	3346733	13861588992	9742528512	403.7	15	0
2306.51	3346733	631626	3346733	13861769216	9742528512	399.8	15	0
2307.52	3346733	631626	3346733	13862248448	9742528512	403.8	15	0
2308.52	3346733	631626	3346733	13861367808	9742528512	399.7	15	0
2309.53	3346733	631626	3346733	13861519360	9742528512	399.8	15	0
2310.53	3346733	631626	3346733	13861502976	9742528512	403.6	15	0
2311.53	3346733	631626	3346733	13861507072	9742528512	399.7	15	0
2312.54	3346733	631626	3346733	13862117376	9742528512	403.8	15	0
2313.54	3346733	631626	3346733	13861703680	9742528512	399.7	15	0
2314.55	3346733	631626	3346733	13861756928	9742528512	399.8	15	0
2315.55	3346733	631626	3346733	13862453248	9742528512	403.6	15	0
2316.55	3346733	631626	3346733	13862318080	9742536704	399.7	15	0
2317.56	3346733	631626	3346733	13862334464	9742536704	403.7	15	0
2318.56	3346733	631626	3346733	13861859328	9742536704	399.8	15	0
2319.57	3346733	631626	3346733	13862080512	9742536704	399.9	15	0
2320.57	3346733	631626	3346733	13861961728	9742540800	403.7	15	0
2321.57	3346733	631626	3346733	13861523456	9742540800	399.8	15	0
2322.58	3346733	631626	3346733	13861027840	9742540800	403.8	15	0
2323.58	3346733	631626	3346733	13861588992	9742540800	399.7	15	0
2324.59	3346733	631626	3346733	13861625856	9742544896	399.8	15	0
2325.59	3346733	631626	3346733	13861474304	9742544896	404.1	15	0
2326.59	3346733	631626	3346733	13861568512	9742544896	399.5	15	0
2327.60	3346733	631626	3346733	13861576704	9742544896	403.7	15	0
2328.60	3346733	631626	3346733	13861347328	9742544896	399.7	15	0
2329.61	3346733	631626	3346733	13861306368	9742544896	399.8	15	0
2330.61	3346733	631626	3346733	13862195200	9742548992	403.7	15	0
2331.61	3346733	631626	3346733	13861584896	9742548992	399.8	15	0
2332.62	3346733	631626	3346733	13861941248	9742548992	403.8	15	0
2333.62	3346733	631626	3346733	13861720064	9742548992	399.8	15	0
2334.63	3346733	631626	3346733	13862027264	9742548992	399.7	15	0
2335.63	3346733	631626	3346733	13862158336	9742548992	403.8	15	0
2336.63	3346733	631626	3346733	13861720064	9742548992	399.7	15	0
2337.64	3346733	631626	3346733	13861974016	9742548992	403.7	15	0
2338.64	3346733	631626	3346733	13861871616	9742548992	399.7	15	0
2339.65	3346733	631626	3346733	13862068224	9742548992	401.2	15	0
2340.65	3346733	631626	3346733	13861666816	9742548992	402.3	15	0
2341.65	3346733	631626	3346733	13861896192	9742548992	399.7	15	0
2342.66	3346733	631626	3346733	13861642240	9742548992	403.7	15	0
2343.66	3346733	631626	3346733	13861240832	9742548992	399.7	15	0
2344.67	3346733	631626	3346733	13861380096	9742548992	399.7	15	0
2345.67	3346733	631626	3346733	13861617664	9742548992	403.6	15	0
2346.67	3346733	631626	3346733	13861216256	9742548992	399.8	15	0
2347.68	3346733	631626	3346733	13860933632	9742548992	403.7	15	0
2348.68	3346733	631626	3346733	13860929536	9742548992	400.1	15	0
2349.69	3346733	631626	3346733	13860929536	9742548992	403.1	15	0
2350.69	3346733	631626	3346733	13861122048	9742548992	399.5	15	0
2351.70	3346733	631626	3346733	13860995072	9742548992	403.6	15	0
2352.70	3346733	631626	3346733	13861244928	9742548992	399.7	15	0
2353.71	3346733	631626	3346733	13861220352	9742548992	399.6	15	0
2354.71	3346733	631626	3346733	13861126144	9742548992	403.6	15	0
2355.71	3346733	631626	3346733	13860974592	9742548992	399.8	15	0
2356.72	3346733	631626	3346733	13861126144	9742548992	403.7	15	0
2357.72	3346733	631626	3346733	13861507072	9742548992	399.7	15	0
2358.73	3346733	631626	3346733	13861158912	9742548992	399.7	15	0
2359.73	3346733	631626	3346733	13861470208	9742548992	403.6	15	0
2360.73	3346733	631626	3346733	13861847040	9742548992	399.8	15	0
2361.74	3346733	631626	3346733	13860937728	9742548992	403.5	15	0
2362.74	3346733	631626	3346733	13861249024	9742548992	399.7	15	0
2363.75	3346733	631626	3346733	13861511168	9742548992	403.6	15	0
2364.75	3346733	631626	3346733	13861588992	9742548992	399.7	15	0
2365.75	3346733	631626	3346733	13861453824	9742548992	399.7	15	0
2366.76	3346733	631626	3346733	13861470208	9742548992	403.6	15	0
2367.76	3346733	631626	3346733	13861425152	9742548992	399.8	15	0
2368.77	3346733	631626	3346733	13861642240	9742548992	403.6	15	0
2369.77	3346733	631626	3346733	13861531648	9742548992	399.7	15	0
2370.78	3346733	631626	3346733	13861056512	9742548992	399.8	15	0
2371.78	3346733	631626	3346733	13861404672	9742548992	403.7	15	0
2372.78	3346733	631626	3346733	13861330944	9742548992	399.8	15	0
2373.79	3346733	631626	3346733	13861040128	9742548992	403.6	15	0
2374.79	3346733	631626	3346733	13861228544	9742548992	400.0	15	0
2375.80	3346733	631626	3346733	13861343232	9742548992	399.5	15	0
2376.80	3346733	631626	3346733	13861257216	9742548992	403.7	15	0
2377.80	3346733	631626	3346733	13861535744	9742548992	399.7	15	0
2378.81	3346733	631626	3346733	13861449728	9742548992	403.8	15	0
2379.81	3346733	631626	3346733	13861167104	9742548992	399.7	15	0
2380.82	3346733	631626	3346733	13861023744	9742548992	403.7	15	0
2381.82	3346733	631626	3346733	13861273600	9742548992	399.6	15	0
2382.82	3346733	631626	3346733	13861801984	9742548992	399.8	15	0
2383.83	3346733	631626	3346733	13860986880	9742548992	403.7	15	0
2384.83	3346733	631626	3346733	13861167104	9742548992	399.7	15	0
2385.84	3346733	631626	3346733	13860769792	9742548992	403.7	15	0
2386.84	3346733	631626	3346733	13860974592	9742548992	399.7	15	0
2387.84	3346733	631626	3346733	13861527552	9742548992	399.7	15	0
2388.85	3346733	631626	3346733	13861048320	9742548992	403.7	15	0
2389.85	3346733	631626	3346733	13861097472	9742548992	399.7	15	0
2390.86	3346733	631626	3346733	13861134336	9742548992	403.9	15	0
2391.86	3346733	631626	3346733	13861515264	9742548992	399.7	15	0
2392.86	3346733	631626	3346733	13861380096	9742548992	399.8	15	0
2393.87	3346733	631626	3346733	13861322752	9742548992	403.7	15	0
2394.87	3346733	631626	3346733	13861806080	9742548992	400.2	15	0
2395.88	3346733	631626	3346733	13861785600	9742548992	403.4	15	0
2396.88	3346733	631626	3346733	13861842944	9742548992	399.8	15	0
2397.88	3346733	631626	3346733	13861449728	9742548992	399.7	15	0
2398.89	3346733	631626	3346733	13861339136	9742548992	403.8	15	0
2399.89	3346733	631626	3346733	13861351424	9742548992	399.8	15	0
2400.90	3346733	631626	3346733	13861449728	9742548992	403.9	15	0
2401.90	3346733	631626	3346733	13861294080	9742548992	399.7	15	0
2402.90	3346733	631626	3346733	13861289984	9742548992	399.7	15	0
2403.91	3346733	631626	3346733	13861249024	9742548992	403.8	15	0
2404.91	3346733	631626	3346733	13860954112	9742548992	399.7	15	0
2405.92	3346733	631626	3346733	13861298176	9742548992	399.7	15	0
2406.92	3346733	631626	3346733	13861339136	9742548992	403.6	15	0
2407.92	3346733	631626	3346733	13861335040	9742548992	399.7	15	0
2408.93	3346733	631626	3346733	13861191680	9742548992	403.7	15	0
2409.93	3346733	631626	3346733	13861224448	9742548992	399.8	15	0
2410.94	3346733	631626	3346733	13861724160	9742548992	399.7	15	0
2411.94	3346733	631626	3346733	13861425152	9742548992	403.6	15	0
2412.94	3346733	631626	3346733	13861261312	9742548992	399.7	15	0
2413.95	3346733	631626	3346733	13861249024	9742548992	403.7	15	0
2414.95	3346733	631626	3346733	13861216256	9742548992	399.8	15	0
2415.96	3346733	631626	3346733	13861224448	9742548992	403.7	15	0
2416.96	3346733	631626	3346733	13861638144	9742548992	399.7	15	0
2417.96	3346733	631626	3346733	13861654528	9742548992	399.8	15	0
2418.97	3346733	631626	3346733	13861421056	9742548992	403.7	15	0
2419.97	3346733	631626	3346733	13861502976	9742548992	399.8	15	0
2420.98	3346733	631626	3346733	13862215680	9742548992	403.7	15	0
2421.98	3346733	631626	3346733	13861617664	9742548992	399.7	15	0
2422.98	3346733	631626	3346733	13861511168	9742548992	399.7	15	0
2423.99	3346733	631626	3346733	13861584896	9742548992	403.7	15	0
2424.99	3346733	631626	3346733	13861781504	9742548992	399.7	15	0
2426.00	3346733	631626	3346733	13861523456	9742548992	403.8	15	0
2427.00	3346733	631626	3346733	13861597184	9742548992	399.7	15	0
2428.00	3346733	631626	3346733	13861535744	9742553088	399.8	15	0
2429.01	3346733	631626	3346733	13861515264	9742553088	403.8	15	0
2430.01	3346733	631626	3346733	13861793792	9742553088	399.7	15	0
2431.02	3346733	631626	3346733	13861810176	9742553088	403.7	15	0
2432.02	3346733	631626	3346733	13861236736	9742553088	399.6	15	0
2433.02	3346733	631626	3346733	13861380096	9742553088	399.7	15	0
2434.03	3346733	631626	3346733	13861224448	9742553088	403.7	15	0
2435.03	3346733	631626	3346733	13861326848	9742553088	399.6	15	0
2436.04	3346733	631626	3346733	13861273600	9742553088	403.8	15	0
2437.04	3346733	631626	3346733	13861675008	9742553088	399.7	15	0
2438.05	3346733	631626	3346733	13861605376	9742553088	399.6	15	0
2439.05	3346733	631626	3346733	13861613568	9742553088	403.6	15	0
2440.05	3346733	631626	3346733	13861564416	9742553088	399.7	15	0
2441.06	3346733	631626	3346733	13861474304	9742553088	403.6	15	0
2442.06	3346733	631626	3346733	13861466112	9742553088	399.7	15	0
2443.07	3346733	631626	3346733	13861285888	9742553088	399.8	15	0
2444.07	3346733	631626	3346733	13861044224	9742553088	403.7	15	0
2445.07	3346733	631626	3346733	13861326848	9742553088	399.8	15	0
2446.08	3346733	631626	3346733	13861478400	9742553088	403.6	15	0
2447.08	3346733	631626	3346733	13860954112	9742553088	399.7	15	0
2448.09	3346733	631626	3346733	13861146624	9742553088	399.7	15	0
2449.09	3346733	631626	3346733	13861138432	9742553088	403.6	15	0
2450.09	3346733	631626	3346733	13861236736	9742553088	399.7	15	0
2451.10	3346733	631626	3346733	13861249024	9742553088	403.7	15	0
2452.10	3346733	631626	3346733	13861564416	9742553088	399.7	15	0
2453.11	3346733	631626	3346733	13861605376	9742553088	399.8	15	0
2454.11	3346733	631626	3346733	13860904960	9742581760	403.7	15	0
2455.11	3346733	631626	3346733	13861036032	9742581760	399.8	15	0
2456.12	3346733	631626	3346733	13861494784	9742581760	403.7	15	0
2457.12	3346733	632875	3346733	13863116800	9742581760	420.7	15	0
2458.13	3346733	638831	3346733	13869019136	9742581760	503.2	15	0
2459.13	3346733	644771	3346733	13875265536	9742581760	508.1	15	0
2460.13	3346733	650744	3346733	13881012224	9742581760	503.1	15	0
2461.14	3346733	656732	3346733	13887672320	9742581760	508.3	15	0
2462.14	3346733	662706	3346733	13894283264	9742581760	503.2	15	0
2463.15	3346733	668693	3346733	13900582912	9742581760	503.1	15	0
2464.15	3346733	674645	3346733	13905731584	9742581760	508.4	15	0
2465.15	3346733	680616	3346733	13912489984	9742581760	503.3	15	0
2466.16	3346733	686576	3346733	13918568448	9742581760	508.3	15	0
2467.16	3346733	692550	3346733	13924683776	9742581760	503.0	15	0
2468.17	3346733	698538	3346733	13930868736	9742581760	503.2	15	0
2469.17	3346733	704510	3346733	13937471488	9742581760	508.3	15	0
2470.17	3346733	706943	3346733	13939625984	9742581760	442.5	15	0
2471.18	3346733	706943	3346733	13939331072	9742581760	403.7	15	0
2472.18	3346733	706943	3346733	13939367936	9742581760	399.6	15	0
2473.19	3346733	706943	3346733	13939437568	9742581760	399.8	15	0
2474.19	3346733	706943	3346733	13938933760	9742581760	403.6	15	0
2475.19	3346733	706943	3346733	13938970624	9742581760	399.7	15	0
2476.20	3346733	706943	3346733	13938925568	9742581760	403.7	15	0
2477.20	3346733	706943	3346733	13938745344	9742581760	399.8	15	0
2478.21	3346733	706943	3346733	13938528256	9742581760	399.7	15	0
2479.21	3346733	706943	3346733	13938827264	9742581760	403.7	15	0
2480.21	3346733	706943	3346733	13938577408	9742581760	399.7	15	0
2481.22	3346733	706943	3346733	13938606080	9742581760	403.6	15	0
2482.22	3346733	706943	3346733	13938892800	9742581760	399.6	15	0
2483.23	3346733	706943	3346733	13938819072	9742581760	403.6	15	0
2484.23	3346733	706943	3346733	13938704384	9742581760	399.8	15	0
2485.23	3346733	706943	3346733	13938561024	9742581760	399.8	15	0
2486.24	3346733	706943	3346733	13938515968	9742581760	403.6	15	0
2487.24	3346733	706943	3346733	13938458624	9742581760	399.7	15	0
2488.25	3346733	706943	3346733	13938651136	9742581760	403.7	15	0
2489.25	3346733	706943	3346733	13938929664	9742581760	399.7	15	0
2490.25	3346733	706943	3346733	13938810880	9742581760	399.8	15	0
2491.26	3346733	706943	3346733	13938761728	9742581760	403.7	15	0
2492.26	3346733	706943	3346733	13938737152	9742581760	399.7	15	0
2493.27	3346733	706943	3346733	13938683904	9742581760	403.6	15	0
2494.27	3346733	706943	3346733	13938536448	9742581760	399.7	15	0
2495.28	3346733	706943	3346733	13939003392	9742581760	399.8	15	0
2496.28	3346733	706943	3346733	13938835456	9742581760	403.6	15	0
2497.28	3346733	706943	3346733	13938958336	9742581760	399.8	15	0
2498.29	3346733	706943	3346733	13938843648	9742581760	403.6	15	0
2499.29	3346733	706943	3346733	13939130368	9742581760	399.7	15	0
2500.30	3346733	706943	3346733	13939118080	9742581760	399.8	15	0
2501.30	3346733	706943	3346733	13938946048	9742581760	403.8	15	0
2502.30	3346733	706943	3346733	13938995200	9742581760	399.7	15	0
2503.31	3346733	706943	3346733	13938425856	9742581760	403.7	15	0
2504.31	3346733	706943	3346733	13938700288	9742581760	399.7	15	0
2505.32	3346733	706943	3346733	13938585600	9742581760	399.7	15	0
2506.32	3346733	706943	3346733	13938634752	9742581760	403.6	15	0
2507.32	3346733	706943	3346733	13938733056	9742594048	399.7	15	0
2508.33	3346733	706943	3346733	13938544640	9742594048	403.8	15	0
2509.33	3346733	706943	3346733	13938348032	9742594048	399.8	15	0
2510.34	3346733	706943	3346733	13938647040	9742594048	399.7	15	0
2511.34	3346733	706943	3346733	13938900992	9742594048	403.6	15	0
2512.34	3346733	706943	3346733	13938679808	9742594048	399.8	15	0
2513.35	3346733	706943	3346733	13938540544	9742594048	403.7	15	0
2514.35	3346733	706943	3346733	13938634752	9742594048	399.6	15	0
2515.36	3346733	706943	3346733	13938905088	9742594048	403.7	15	0
2516.36	3346733	706943	3346733	13938905088	9742594048	399.7	15	0
2517.36	3346733	706943	3346733	13938651136	9742594048	399.7	15	0
2518.37	3346733	706943	3346733	13938671616	9742594048	403.7	15	0
2519.37	3346733	706943	3346733	13938688000	9742594048	399.7	15	0
2520.38	3346733	706943	3346733	13938454528	9742594048	403.7	15	0
2521.38	3346733	706943	3346733	13938700288	9742594048	399.7	15	0
2522.38	3346733	706943	3346733	13938831360	9742594048	399.8	15	0
2523.39	3346733	706943	3346733	13938323456	9742594048	403.7	15	0
2524.39	3346733	706943	3346733	13938524160	9742594048	399.8	15	0
2525.40	3346733	706943	3346733	13939314688	9742594048	403.7	15	0
2526.40	3346733	706943	3346733	13938995200	9742594048	399.6	15	0
2527.41	3346733	706943	3346733	13938556928	9742594048	399.7	15	0
2528.41	3346733	706943	3346733	13938262016	9742602240	403.6	15	0
2529.41	3346733	706943	3346733	13938610176	9742602240	399.8	15	0
2530.42	3346733	706943	3346733	13938561024	9742602240	403.8	15	0
2531.42	3346733	706943	3346733	13938778112	9742602240	399.7	15	0
2532.42	3346733	706943	3346733	13938835456	9742602240	399.8	15	0
2533.43	3346733	706943	3346733	13938597888	9742602240	403.7	15	0
2534.43	3346733	706943	3346733	13938712576	9742602240	399.8	15	0
2535.44	3346733	706943	3346733	13938708480	9742602240	403.8	15	0
2536.44	3346733	706943	3346733	13938864128	9742602240	399.7	15	0
2537.45	3346733	706943	3346733	13938823168	9742602240	399.8	15	0
2538.45	3346733	706943	3346733	13938774016	9742602240	403.6	15	0
2539.45	3346733	706943	3346733	13938454528	9742602240	399.7	15	0
2540.46	3346733	706943	3346733	13938536448	9742602240	403.7	15	0
2541.46	3346733	706943	3346733	13938470912	9742602240	399.8	15	0
2542.47	3346733	706943	3346733	13938851840	9742602240	399.7	15	0
2543.47	3346733	706943	3346733	13938409472	9742602240	403.6	15	0
2544.47	3346733	706943	3346733	13938405376	9742602240	399.6	15	0
2545.48	3346733	706943	3346733	13938827264	9742602240	403.6	15	0
2546.48	3346733	706943	3346733	13938466816	9742602240	399.8	15	0
2547.49	3346733	706943	3346733	13938479104	9742602240	399.7	15	0
2548.49	3346733	706943	3346733	13938528256	9742602240	403.7	15	0
2549.49	3346733	706943	3346733	13938749440	9742602240	399.9	15	0
2550.50	3346733	706943	3346733	13938774016	9742602240	403.7	15	0
2551.50	3346733	706943	3346733	13938728960	9742602240	399.7	15	0
2552.51	3346733	706943	3346733	13939056640	9742602240	399.7	15	0
2553.51	3346733	706943	3346733	13938814976	9742602240	403.6	15	0
2554.51	3346733	706943	3346733	13938606080	9742602240	399.8	15	0
2555.52	3346733	706943	3346733	13938827264	9742602240	403.7	15	0
2556.52	3346733	706943	3346733	13938905088	9742602240	399.7	15	0
2557.53	3346733	706943	3346733	13939183616	9742602240	399.7	15	0
2558.53	3346733	706943	3346733	13938814976	9742602240	403.6	15	0
2559.53	3346733	706943	3346733	13938954240	9742602240	399.8	15	0
2560.54	3346733	706943	3346733	13938937856	9742602240	403.7	15	0
2561.54	3346733	706943	3346733	13938827264	9742602240	399.9	15	0
2562.55	3346733	706943	3346733	13938884608	9742606336	399.9	15	0
2563.55	3346733	706943	3346733	13939056640	9742606336	403.7	15	0
2564.55	3346733	706943	3346733	13938905088	9742606336	399.8	15	0
2565.56	3346733	706943	3346733	13939441664	9742606336	403.7	15	0
2566.56	3346733	706943	3346733	13938978816	9742606336	399.8	15	0
2567.56	3346733	706943	3346733	13939105792	9742606336	399.8	15	0
2568.57	3346733	706943	3346733	13938663424	9742606336	403.8	15	0
2569.57	3346733	706943	3346733	13938794496	9742606336	399.8	15	0
2570.58	3346733	706943	3346733	13938868224	9742606336	403.8	15	0
2571.58	3346733	706943	3346733	13939113984	9742606336	399.8	15	0
2572.59	3346733	706943	3346733	13938520064	9742606336	399.8	15	0
2573.59	3346733	706943	3346733	13938728960	9742606336	403.8	15	0
2574.59	3346733	706943	3346733	13938561024	9742614528	399.7	15	0
2575.60	3346733	706943	3346733	13938728960	9742614528	403.8	15	0
2576.60	3346733	706943	3346733	13938622464	9742614528	399.6	15	0
2577.61	3346733	706943	3346733	13938692096	9742614528	399.9	15	0
2578.61	3346733	706943	3346733	13938798592	9742614528	403.6	15	0
2579.61	3346733	706943	3346733	13939052544	9742614528	399.6	15	0
2580.62	3346733	706943	3346733	13938761728	9742614528	403.8	15	0
2581.62	3346733	706943	3346733	13938991104	9742614528	399.8	15	0
2582.63	3346733	706943	3346733	13939068928	9742614528	399.7	15	0
2583.63	3346733	706943	3346733	13938954240	9742614528	403.7	15	0
2584.63	3346733	706943	3346733	13938667520	9742614528	399.6	15	0
2585.64	3346733	710828	3346733	13943222272	9742614528	471.1	15	0
2586.64	3346733	716797	3346733	13949374464	9742618624	503.3	15	0
2587.65	3346733	722767	3346733	13955407872	9742618624	503.3	15	0
2588.65	3346733	728766	3346733	13961867264	9742618624	508.3	15	0
2589.65	3346733	734752	3346733	13967998976	9742618624	503.4	15	0
2590.66	3346733	740739	3346733	13974523904	9742618624	508.2	15	0
2591.66	3346733	744935	3346733	13979058176	9742618624	472.8	15	0
2592.67	3346733	744935	3346733	13979340800	9742618624	403.6	15	0
2593.67	3346733	744935	3346733	13978574848	9742618624	399.7	15	0
2594.67	3346733	744935	3346733	13978521600	9742618624	399.7	15	0
2595.68	3346733	744935	3346733	13978333184	9742618624	403.6	15	0
2596.68	3346733	744935	3346733	13977845760	9742618624	399.7	15	0
2597.69	3346733	744935	3346733	13978222592	9742618624	403.8	15	0
2598.69	3346733	744935	3346733	13977497600	9742618624	399.7	15	0
2599.69	3346733	744935	3346733	13977477120	9742618624	399.7	15	0
2600.70	3346733	744935	3346733	13977657344	9742618624	403.6	15	0
2601.70	3346733	744935	3346733	13977653248	9742618624	399.8	15	0
2602.71	3346733	744935	3346733	13977448448	9742618624	403.8	15	0
2603.71	3346733	744935	3346733	13977792512	9742618624	399.8	15	0
2604.72	3346733	744935	3346733	13977972736	9742618624	399.7	15	0
2605.72	3346733	744935	3346733	13977821184	9742618624	403.8	15	0
2606.72	3346733	744935	3346733	13977890816	9742622720	399.8	15	0
2607.73	3346733	744935	3346733	13977591808	9742622720	403.6	15	0
2608.73	3346733	744935	3346733	13977890816	9742622720	399.8	15	0
2609.74	3346733	744935	3346733	13977899008	9742622720	399.8	15	0
2610.74	3346733	744935	3346733	13977722880	9742622720	403.8	15	0
2611.74	3346733	744935	3346733	13977841664	9742622720	399.8	15	0
2612.75	3346733	744935	3346733	13978132480	9742622720	403.7	15	0
2613.75	3346733	744935	3346733	13977698304	9742622720	399.7	15	0
2614.76	3346733	744935	3346733	13977796608	9742622720	399.8	15	0
2615.76	3346733	744935	3346733	13977849856	9742622720	403.7	15	0
2616.76	3346733	744935	3346733	13977989120	9742622720	399.8	15	0
2617.77	3346733	744935	3346733	13978140672	9742622720	403.8	15	0
2618.77	3346733	744935	3346733	13978275840	9742622720	399.8	15	0
2619.78	3346733	744935	3346733	13978546176	9742622720	399.8	15	0
2620.78	3346733	744935	3346733	13977919488	9742622720	403.7	15	0
2621.78	3346733	744935	3346733	13977968640	9742622720	399.8	15	0
2622.79	3346733	744935	3346733	13978062848	9742622720	403.8	15	0
2623.79	3346733	744935	3346733	13977882624	9742622720	399.8	15	0
2624.80	3346733	744935	3346733	13978091520	9742622720	399.7	15	0
2625.80	3346733	744935	3346733	13978173440	9742622720	403.7	15	0
2626.80	3346733	744935	3346733	13977600000	9742622720	399.6	15	0
2627.81	3346733	744935	3346733	13977886720	9742622720	403.8	15	0
2628.81	3346733	744935	3346733	13977808896	9742622720	399.8	15	0
2629.82	3346733	744935	3346733	13977927680	9742622720	399.7	15	0
2630.82	3346733	744935	3346733	13977821184	9742622720	403.8	15	0
2631.82	3346733	744935	3346733	13977939968	9742626816	399.7	15	0
2632.83	3346733	744935	3346733	13977772032	9742626816	403.7	15	0
2633.83	3346733	744935	3346733	13977825280	9742626816	399.8	15	0
2634.84	3346733	744935	3346733	13977829376	9742626816	399.8	15	0
2635.84	3346733	744935	3346733	13977714688	9742626816	403.6	15	0
2636.84	3346733	744935	3346733	13978013696	9742626816	399.7	15	0
2637.85	3346733	744935	3346733	13978382336	9742688256	403.8	15	0
2638.85	3346733	744935	3346733	13977952256	9742688256	399.8	15	0
2639.86	3346733	744935	3346733	13978238976	9742688256	399.7	15	0
2640.86	3346733	744935	3346733	13978058752	9742688256	403.7	15	0
2641.86	3346733	744935	3346733	13978148864	9742688256	399.8	15	0
2642.87	3346733	744935	3346733	13978169344	9742688256	403.8	15	0
2643.87	3346733	744935	3346733	13978161152	9742688256	399.7	15	0
2644.88	3346733	744935	3346733	13978128384	9742688256	399.8	15	0
2645.88	3346733	744935	3346733	13977755648	9742688256	403.8	15	0
2646.88	3346733	744935	3346733	13977362432	9742688256	399.8	15	0
2647.89	3346733	744935	3346733	13977411584	9742688256	403.9	15	0
2648.89	3346733	744935	3346733	13977407488	9742688256	399.8	15	0
2649.90	3346733	744935	3346733	13977423872	9742688256	399.8	15	0
2650.90	3346733	744935	3346733	13977264128	9742688256	403.8	15	0
2651.90	3346733	744935	3346733	13977411584	9742872576	399.6	15	0
2652.91	3346733	744935	3346733	13977710592	9742872576	403.8	15	0
2653.91	3346733	744935	3346733	13977509888	9742872576	399.6	15	0
2654.92	3346733	744935	3346733	13977411584	9742872576	403.7	15	0
2655.92	3346733	744935	3346733	13977681920	9742872576	399.7	15	0
2656.92	3346733	744935	3346733	13977247744	9742872576	399.8	15	0
2657.93	3346733	744935	3346733	13977653248	9742872576	403.7	15	0
2658.93	3346733	744935	3346733	13977104384	9742872576	399.8	15	0
2659.94	3346733	744935	3346733	13977284608	9742872576	403.7	15	0
2660.94	3346733	744935	3346733	13977567232	9742872576	399.8	15	0
2661.94	3346733	744935	3346733	13977624576	9742872576	399.8	15	0
2662.95	3346733	744935	3346733	13977337856	9742872576	403.8	15	0
2663.95	3346733	744935	3346733	13977600000	9742876672	399.8	15	0
2664.96	3346733	744935	3346733	13977620480	9742876672	403.7	15	0
2665.96	3346733	744935	3346733	13977763840	9742876672	399.8	15	0
2666.96	3346733	744935	3346733	13977333760	9742876672	399.8	15	0
2667.97	3346733	744935	3346733	13977616384	9742876672	403.6	15	0
2668.97	3346733	744935	3346733	13977419776	9742876672	399.7	15	0
2669.98	3346733	744935	3346733	13977456640	9742876672	403.8	15	0
2670.98	3346733	744935	3346733	13977735168	9742876672	399.7	15	0
2671.98	3346733	744935	3346733	13977464832	9742876672	399.8	15	0
2672.99	3346733	744935	3346733	13977567232	9742876672	403.7	15	0
2673.99	3346733	744935	3346733	13977214976	9742876672	399.7	15	0
2675.00	3346733	744935	3346733	13977296896	9742876672	403.7	15	0
2676.00	3346733	744935	3346733	13977399296	9742876672	399.8	15	0
2677.01	3346733	744935	3346733	13977759744	9742876672	399.8	15	0
2678.01	3346733	744935	3346733	13977788416	9742876672	403.6	15	0
2679.01	3346733	744935	3346733	13978017792	9742876672	399.7	15	0
2680.02	3346733	744935	3346733	13978030080	9742876672	403.7	15	0
2681.02	3346733	744935	3346733	13977993216	9742876672	399.8	15	0
2682.03	3346733	744935	3346733	13977837568	9742876672	399.8	15	0
2683.03	3346733	744935	3346733	13978173440	9742876672	403.7	15	0
2684.03	3346733	744935	3346733	13978034176	9742876672	400.0	15	0
2685.04	3346733	744935	3346733	13978034176	9742876672	403.7	15	0
2686.04	3346733	744935	3346733	13978279936	9742876672	399.8	15	0
2687.05	3346733	744935	3346733	13977763840	9742876672	399.8	15	0
2688.05	3346733	744935	3346733	13978034176	9742876672	403.8	15	0
2689.05	3346733	744935	3346733	13977718784	9742876672	399.8	15	0
2690.06	3346733	744935	3346733	13977776128	9742876672	403.7	15	0
2691.06	3346733	744935	3346733	13977980928	9742876672	399.8	15	0
2692.07	3346733	744935	3346733	13978116096	9742876672	399.7	15	0
2693.07	3346733	744935	3346733	13978669056	9742876672	403.8	15	0
2694.07	3346733	744935	3346733	13978288128	9742876672	399.9	15	0
2695.08	3346733	744935	3346733	13978415104	9742876672	403.7	15	0
2696.08	3346733	744935	3346733	13978394624	9742876672	399.8	15	0
2697.09	3346733	744935	3346733	13978292224	9742876672	399.9	15	0
2698.09	3346733	744935	3346733	13977333760	9742876672	403.7	15	0
2699.09	3346733	744935	3346733	13977534464	9742876672	399.8	15	0
2700.10	3346733	744935	3346733	13977522176	9742876672	403.7	15	0
2701.10	3346733	744935	3346733	13977427968	9742876672	399.7	15	0
2702.11	3346733	744935	3346733	13977411584	9742876672	399.8	15	0
2703.11	3346733	744935	3346733	13977739264	9742876672	403.9	15	0
2704.11	3346733	744935	3346733	13976965120	9742876672	399.8	15	0
2705.12	3346733	744935	3346733	13977243648	9742876672	403.7	15	0
2706.12	3346733	744935	3346733	13977264128	9742876672	399.8	15	0
2707.13	3346733	744935	3346733	13977554944	9742876672	399.8	15	0
2708.13	3346733	744935	3346733	13977452544	9742876672	403.6	15	0
2709.13	3346733	744935	3346733	13977325568	9742876672	399.8	15	0
2710.14	3346733	744935	3346733	13977341952	9742876672	403.7	15	0
2711.14	3346733	744935	3346733	13977591808	9742876672	399.7	15	0
2712.15	3346733	744935	3346733	13977571328	9742876672	399.7	15	0
2713.15	3346733	744935	3346733	13977436160	9742876672	403.7	15	0
2714.15	3346733	744935	3346733	13977571328	9742876672	399.8	15	0
2715.16	3346733	744935	3346733	13977841664	9742876672	403.8	15	0
2716.16	3346733	744935	3346733	13977284608	9742876672	399.8	15	0
2717.17	3346733	744935	3346733	13977239552	9742876672	399.7	15	0
2718.17	3346733	744935	3346733	13977780224	9742876672	403.6	15	0
2719.17	3346733	744935	3346733	13977321472	9742876672	399.8	15	0
2720.18	3346733	744935	3346733	13977395200	9742876672	403.7	15	0
2721.18	3346733	744935	3346733	13977571328	9742876672	399.7	15	0
2722.19	3346733	744935	3346733	13977550848	9742876672	399.7	15	0
2723.19	3346733	744935	3346733	13977681920	9742876672	403.7	15	0
2724.19	3346733	744935	3346733	13977673728	9742876672	399.7	15	0
2725.20	3346733	744935	3346733	13977808896	9742876672	403.8	15	0
2726.20	3346733	744935	3346733	13977817088	9742876672	399.8	15	0
2727.20	3346733	744935	3346733	13977829376	9742876672	399.8	15	0
2728.21	3346733	744935	3346733	13977923584	9742876672	403.6	15	0
2729.21	3346733	744935	3346733	13978247168	9742876672	399.8	15	0
2730.22	3346733	744935	3346733	13978415104	9742884864	403.8	15	0
2731.22	3346733	744935	3346733	13978243072	9742884864	399.8	15	0
2732.22	3346733	744935	3346733	13978189824	9742884864	399.7	15	0
2733.23	3346733	744935	3346733	13978640384	9742884864	403.7	15	0
2734.23	3346733	744935	3346733	13977927680	9742884864	400.2	15	0
2735.24	3346733	744935	3346733	13977956352	9742884864	403.1	15	0
2736.24	3346733	744935	3346733	13978218496	9742884864	399.7	15	0
2737.24	3346733	744935	3346733	13977665536	9742884864	399.7	15	0
2738.25	3346733	744935	3346733	13977862144	9742884864	403.7	15	0
2739.25	3346733	744935	3346733	13978173440	9742884864	399.8	15	0
2740.26	3346733	744935	3346733	13978427392	9742884864	403.8	15	0
2741.26	3346733	744935	3346733	13977989120	9742884864	399.9	15	0
2742.26	3346733	744935	3346733	13978083328	9742901248	399.8	15	0
2743.27	3346733	744935	3346733	13977571328	9742905344	403.7	15	0
2744.27	3346733	744935	3346733	13977612288	9742905344	399.6	15	0
2745.28	3346733	744935	3346733	13977923584	9742905344	403.7	15	0
2746.28	3346733	744935	3346733	13977985024	9742905344	399.8	15	0
2747.28	3346733	744935	3346733	13977980928	9742905344	399.7	15	0
2748.29	3346733	744935	3346733	13977985024	9742905344	403.7	15	0
2749.29	3346733	744935	3346733	13977767936	9742905344	399.7	15	0
2750.30	3346733	744935	3346733	13977587712	9742905344	403.7	15	0
2751.30	3346733	744935	3346733	13977800704	9742905344	399.8	15	0
2752.30	3346733	744935	3346733	13977829376	9742905344	399.9	15	0
2753.31	3346733	744935	3346733	13977841664	9742905344	403.7	15	0
2754.31	3346733	744935	3346733	13977534464	9742905344	399.8	15	0
2755.32	3346733	744935	3346733	13977882624	9742905344	403.8	15	0
2756.32	3346733	744935	3346733	13977808896	9742905344	399.7	15	0
2757.32	3346733	744935	3346733	13977595904	9742905344	400.2	15	0
2758.33	3346733	744935	3346733	13977915392	9742905344	403.1	15	0
2759.33	3346733	744935	3346733	13977767936	9742905344	399.7	15	0
2760.34	3346733	744935	3346733	13977731072	9742905344	403.7	15	0
2761.34	3346733	744935	3346733	13977567232	9742905344	399.7	15	0
2762.35	3346733	744935	3346733	13977554944	9742905344	399.6	15	0
2763.35	3346733	744935	3346733	13977784320	9742905344	403.6	15	0
2764.35	3346733	744935	3346733	13977616384	9742905344	399.7	15	0
2765.36	3346733	744935	3346733	13977661440	9742905344	403.8	15	0
2766.36	3346733	744935	3346733	13977726976	9742905344	399.8	15	0
2767.37	3346733	744935	3346733	13978042368	9742905344	399.7	15	0
2768.37	3346733	744935	3346733	13977837568	9742905344	403.8	15	0
2769.37	3346733	744935	3346733	13977894912	9742905344	399.7	15	0
2770.38	3346733	744935	3346733	13977870336	9742905344	403.7	15	0
2771.38	3346733	744935	3346733	13977739264	9742905344	399.7	15	0
2772.39	3346733	744935	3346733	13977735168	9742905344	400.3	15	0
2773.39	3346733	744935	3346733	13977538560	9742905344	403.1	15	0
2774.39	3346733	744935	3346733	13977608192	9742905344	399.7	15	0
2775.40	3346733	744935	3346733	13977690112	9742905344	403.8	15	0
2776.40	3346733	744935	3346733	13977903104	9742905344	399.9	15	0
2777.41	3346733	744935	3346733	13977989120	9742905344	399.7	15	0
2778.41	3346733	744935	3346733	13977980928	9742909440	403.7	15	0
2779.41	3346733	744935	3346733	13977931776	9742909440	399.7	15	0
2780.42	3346733	744935	3346733	13978103808	9742909440	403.7	15	0
2781.42	3346733	744935	3346733	13978456064	9742909440	399.7	15	0
2782.43	3346733	744935	3346733	13978034176	9742909440	399.8	15	0
2783.43	3346733	744935	3346733	13978058752	9742909440	403.6	15	0
2784.43	3346733	744935	3346733	13977718784	9742909440	399.7	15	0
2785.44	3346733	744935	3346733	13977804800	9742909440	403.6	15	0
2786.44	3346733	744935	3346733	13977919488	9742909440	399.7	15	0
2787.45	3346733	744935	3346733	13977903104	9742909440	403.7	15	0
2788.45	3346733	744935	3346733	13977808896	9742909440	399.7	15	0
2789.45	3346733	744935	3346733	13977960448	9742909440	399.7	15	0
2790.46	3346733	744935	3346733	13977825280	9742909440	403.6	15	0
2791.46	3346733	744935	3346733	13978034176	9742909440	399.7	15	0
2792.47	3346733	744935	3346733	13978120192	9742913536	403.7	15	0
2793.47	3346733	744935	3346733	13977923584	9742913536	399.7	15	0
2794.48	3346733	744935	3346733	13978136576	9742913536	399.7	15	0
2795.48	3346733	744935	3346733	13978345472	9742913536	403.7	15	0
2796.48	3346733	744935	3346733	13978886144	9742913536	399.7	15	0
2797.49	3346733	744935	3346733	13978636288	9742913536	403.7	15	0
2798.49	3346733	744935	3346733	13978411008	9742913536	399.8	15	0
2799.50	3346733	744935	3346733	13978456064	9742913536	399.8	15	0
2800.50	3346733	744935	3346733	13978361856	9742913536	403.6	15	0
2801.50	3346733	744935	3346733	13978296320	9742913536	399.8	15	0
2802.51	3346733	744935	3346733	13978406912	9742913536	403.7	15	0
2803.51	3346733	744935	3346733	13978165248	9742913536	399.7	15	0
2804.52	3346733	744935	3346733	13978476544	9742913536	399.8	15	0
2805.52	3346733	744935	3346733	13978312704	9742913536	403.7	15	0
2806.52	3346733	744935	3346733	13978308608	9742913536	399.7	15	0
2807.53	3346733	744935	3346733	13978497024	9742913536	403.7	15	0
2808.53	3346733	744935	3346733	13978279936	9742913536	399.8	15	0
2809.54	3346733	744935	3346733	13977874432	9742913536	399.7	15	0
2810.54	3346733	744935	3346733	13978099712	9742913536	403.7	15	0
2811.54	3346733	744935	3346733	13978042368	9742913536	399.8	15	0
2812.55	3346733	744935	3346733	13978148864	9742921728	403.8	15	0
2813.55	3346733	744935	3346733	13978427392	9742921728	399.7	15	0
2814.56	3346733	744935	3346733	13978226688	9742921728	399.7	15	0
2815.56	3346733	744935	3346733	13978353664	9742921728	403.6	15	0
2816.56	3346733	744935	3346733	13978112000	9742921728	399.6	15	0
2817.57	3346733	744935	3346733	13978361856	9742921728	403.6	15	0
2818.57	3346733	744935	3346733	13978062848	9742921728	399.7	15	0
2819.58	3346733	744935	3346733	13978402816	9742921728	399.7	15	0
2820.58	3346733	744935	3346733	13978497024	9742921728	403.6	15	0
2821.58	3346733	744935	3346733	13978218496	9742921728	399.7	15	0
2822.59	3346733	744935	3346733	13978304512	9742921728	403.7	15	0
2823.59	3346733	744935	3346733	13977853952	9742921728	399.8	15	0
2824.60	3346733	744935	3346733	13978222592	9742921728	399.6	15	0
2825.60	3346733	744935	3346733	13977452544	9742921728	403.7	15	0
2826.60	3346733	744935	3346733	13977722880	9742921728	399.8	15	0
2827.61	3346733	744935	3346733	13977509888	9742921728	403.7	15	0
2828.61	3346733	744935	3346733	13977468928	9742921728	399.9	15	0
2829.62	3346733	744935	3346733	13977731072	9742921728	399.8	15	0
2830.62	3346733	744935	3346733	13977989120	9742921728	403.7	15	0
2831.62	3346733	744935	3346733	13977972736	9742921728	399.8	15	0
2832.63	3346733	744935	3346733	13977722880	9742921728	403.7	15	0
2833.63	3346733	744935	3346733	13977645056	9742921728	399.7	15	0
2834.64	3346733	744935	3346733	13977833472	9742921728	399.7	15	0
2835.64	3346733	744935	3346733	13977825280	9742921728	403.7	15	0
2836.64	3346733	744935	3346733	13978017792	9742921728	399.7	15	0
2837.65	3346733	744935	3346733	13977735168	9742921728	403.7	15	0
2838.65	3346733	744935	3346733	13977763840	9742929920	399.8	15	0
2839.66	3346733	744935	3346733	13977743360	9742929920	399.7	15	0
2840.66	3346733	748257	3346733	13981691904	9742934016	460.8	15	0
2841.66	3346733	754248	3346733	13987774464	9742934016	503.2	15	0
2842.67	3346733	760208	3346733	13994225664	9742934016	508.3	15	0
2843.67	3346733	766164	3346733	14000218112	9742934016	503.0	15	0
2844.68	3346733	772153	3346733	14006452224	9742934016	503.0	15	0
2845.68	3346733	778172	3346733	14013136896	9742934016	507.8	15	0
2846.68	3346733	784176	3346733	14018949120	9742934016	502.9	15	0
2847.69	3346733	790183	3346733	14025080832	9742934016	507.9	15	0
2848.69	3346733	796221	3346733	14031093760	9742934016	502.9	15	0
2849.70	3346733	802259	3346733	14037647360	9742934016	502.9	15	0
2850.70	3346733	808281	3346733	14043770880	9742934016	507.9	15	0
2851.70	3346733	814302	3346733	14049566720	9742934016	503.0	15	0
2852.71	3346733	820302	3346733	14056009728	9742934016	507.8	15	0
2853.71	3346733	821059	3346733	14056714240	9742934016	412.9	15	0
2854.72	3346733	821059	3346733	14056767488	9742934016	399.8	15	0
2855.72	3346733	821059	3346733	14056546304	9742934016	403.8	15	0
2856.72	3346733	821059	3346733	14056751104	9742934016	399.8	15	0
2857.73	3346733	821059	3346733	14056763392	9742934016	403.7	15	0
2858.73	3346733	821059	3346733	14056955904	9742934016	399.8	15	0
2859.74	3346733	821059	3346733	14056701952	9742934016	399.7	15	0
2860.74	3346733	821059	3346733	14056726528	9742934016	403.7	15	0
2861.74	3346733	821059	3346733	14056525824	9742934016	399.9	15	0
2862.75	3346733	821059	3346733	14056140800	9742934016	403.8	15	0
2863.75	3346733	821059	3346733	14055882752	9742934016	399.8	15	0
2864.76	3346733	821059	3346733	14055886848	9742934016	399.9	15	0
2865.76	3346733	821059	3346733	14056144896	9742934016	403.8	15	0
2866.76	3346733	821059	3346733	14056517632	9742934016	399.8	15	0
2867.77	3346733	821059	3346733	14056554496	9742934016	403.8	15	0
2868.77	3346733	821059	3346733	14056361984	9742934016	399.8	15	0
2869.78	3346733	821059	3346733	14056120320	9742934016	399.8	15	0
2870.78	3346733	821059	3346733	14055952384	9742934016	403.7	15	0
2871.78	3346733	821059	3346733	14055976960	9742934016	399.8	15	0
2872.79	3346733	821059	3346733	14055809024	9742934016	403.7	15	0
2873.79	3346733	821059	3346733	14055837696	9742938112	399.8	15	0
2874.80	3346733	821059	3346733	14056116224	9742938112	399.7	15	0
2875.80	3346733	821059	3346733	14056112128	9742938112	403.7	15	0
2876.80	3346733	821059	3346733	14056062976	9742938112	399.8	15	0
2877.81	3346733	821059	3346733	14056226816	9742938112	403.7	15	0
2878.81	3346733	821059	3346733	14055747584	9742938112	399.7	15	0
2879.82	3346733	821059	3346733	14055948288	9742938112	399.7	15	0
2880.82	3346733	821059	3346733	14055653376	9742938112	403.6	15	0
2881.82	3346733	821059	3346733	14055677952	9742938112	399.7	15	0
2882.83	3346733	821059	3346733	14055673856	9742938112	403.7	15	0
2883.83	3346733	821059	3346733	14055694336	9742938112	399.7	15	0
2884.84	3346733	821059	3346733	14055993344	9742938112	399.8	15	0
2885.84	3346733	821059	3346733	14056022016	9742938112	403.7	15	0
2886.84	3346733	821059	3346733	14055772160	9742942208	399.7	15	0
2887.85	3346733	821059	3346733	14056308736	9742942208	403.7	15	0
2888.85	3346733	821059	3346733	14056308736	9742942208	399.9	15	0
2889.86	3346733	821059	3346733	14055772160	9742942208	399.7	15	0
2890.86	3346733	821059	3346733	14055620608	9742942208	403.6	15	0
2891.86	3346733	821059	3346733	14055890944	9742942208	399.8	15	0
2892.87	3346733	821059	3346733	14055907328	9742942208	403.7	15	0
2893.87	3346733	821059	3346733	14055686144	9742942208	399.8	15	0
2894.88	3346733	821059	3346733	14056218624	9742942208	400.3	15	0
2895.88	3346733	821059	3346733	14056214528	9742942208	403.2	15	0
2896.88	3346733	821059	3346733	14056189952	9742942208	399.8	15	0
2897.89	3346733	821059	3346733	14055862272	9742942208	403.8	15	0
2898.89	3346733	821059	3346733	14055669760	9742942208	399.8	15	0
2899.90	3346733	821059	3346733	14055686144	9742942208	399.9	15	0
2900.90	3346733	821059	3346733	14056067072	9742942208	403.7	15	0
2901.90	3346733	821059	3346733	14056189952	9742942208	399.8	15	0
2902.91	3346733	821059	3346733	14056325120	9742942208	403.8	15	0
2903.91	3346733	821059	3346733	14056087552	9742942208	399.7	15	0
2904.92	3346733	821059	3346733	14056054784	9742942208	399.7	15	0
2905.92	3346733	821059	3346733	14056181760	9742942208	403.7	15	0
2906.92	3346733	821059	3346733	14056038400	9742942208	399.8	15	0
2907.93	3346733	821059	3346733	14055964672	9742942208	403.7	15	0
2908.93	3346733	821059	3346733	14056087552	9742942208	399.7	15	0
2909.94	3346733	821059	3346733	14056218624	9742942208	399.8	15	0
2910.94	3346733	821059	3346733	14056251392	9742942208	403.6	15	0
2911.94	3346733	821059	3346733	14056042496	9742942208	399.8	15	0
2912.95	3346733	821059	3346733	14056202240	9742942208	403.8	15	0
2913.95	3346733	821059	3346733	14056116224	9742942208	399.8	15	0
2914.96	3346733	821059	3346733	14056251392	9742942208	399.7	15	0
2915.96	3346733	821059	3346733	14056120320	9742942208	403.7	15	0
2916.96	3346733	821059	3346733	14055976960	9742942208	399.8	15	0
2917.97	3346733	821059	3346733	14056128512	9742942208	403.8	15	0
2918.97	3346733	821059	3346733	14056316928	9742942208	399.8	15	0
2919.98	3346733	821059	3346733	14056448000	9742942208	399.7	15	0
2920.98	3346733	821059	3346733	14056587264	9742942208	403.7	15	0
2921.98	3346733	821059	3346733	14056202240	9742942208	399.7	15	0
2922.99	3346733	821059	3346733	14056497152	9742942208	403.7	15	0
2923.99	3346733	821059	3346733	14056316928	9742942208	399.8	15	0
2925.00	3346733	821059	3346733	14056611840	9742942208	399.7	15	0
2926.00	3346733	821059	3346733	14056468480	9742942208	403.7	15	0
2927.00	3346733	821059	3346733	14056214528	9742942208	399.8	15	0
2928.01	3346733	821059	3346733	14056255488	9742942208	403.8	15	0
2929.01	3346733	821059	3346733	14056132608	9742942208	399.7	15	0
2930.02	3346733	821059	3346733	14056075264	9742942208	399.7	15	0
2931.02	3346733	821059	3346733	14056595456	9742942208	403.7	15	0
2932.02	3346733	821059	3346733	14056054784	9742942208	399.7	15	0
2933.03	3346733	821059	3346733	14056558592	9742942208	403.8	15	0
2934.03	3346733	821059	3346733	14056075264	9742942208	399.7	15	0
2935.04	3346733	821059	3346733	14056382464	9742942208	399.8	15	0
2936.04	3346733	821059	3346733	14056382464	9742942208	403.7	15	0
2937.04	3346733	821059	3346733	14056538112	9742942208	400.2	15	0
2938.05	3346733	821059	3346733	14056202240	9742942208	403.4	15	0
2939.05	3346733	821059	3346733	14056304640	9742942208	399.9	15	0
2940.06	3346733	821059	3346733	14056312832	9742942208	399.8	15	0
2941.06	3346733	821059	3346733	14056513536	9742942208	403.7	15	0
2942.06	3346733	821059	3346733	14056083456	9742946304	399.8	15	0
2943.07	3346733	821059	3346733	14056357888	9742946304	403.8	15	0
2944.07	3346733	821059	3346733	14056067072	9742946304	400.0	15	0
2945.08	3346733	821059	3346733	14056062976	9742946304	399.5	15	0
2946.08	3346733	821059	3346733	14055723008	9742946304	403.7	15	0
2947.08	3346733	821059	3346733	14055591936	9742946304	399.9	15	0
2948.09	3346733	821059	3346733	14055333888	9742946304	403.8	15	0
2949.09	3346733	821059	3346733	14055600128	9742946304	399.8	15	0
2950.10	3346733	821059	3346733	14055731200	9742946304	403.8	15	0
2951.10	3346733	821059	3346733	14055829504	9742946304	399.6	15	0
2952.11	3346733	821059	3346733	14055636992	9742946304	399.7	15	0
2953.11	3346733	821059	3346733	14055649280	9742946304	403.6	15	0
2954.11	3346733	821125	3346733	10857816064	6550638592	340.8	10	0
2955.12	3346733	827174	3346733	10864148480	6550638592	104.5	10	0
2956.12	3346733	833205	3346733	10870378496	6550638592	103.5	10	0
2957.13	3346733	839211	3346733	10876129280	6550638592	103.4	10	0
2958.13	3346733	845232	3346733	10882908160	6550638592	104.3	10	0
2959.13	3346733	851266	3346733	10889449472	6550638592	103.3	10	0
2960.14	1673366	855963	1673366	6252277760	2817323008	107.3	2	0
