t_s	temp_kb	out_kb	converted_kb	mem_bytes	anon_bytes	cpu_pct	pids	fifos
0.00	0	0	0	6160384	315392	50.8	2	0
1.00	0	0	0	382550016	360620032	98.5	2	0
2.01	0	0	0	761217024	729112576	101.0	2	0
3.01	0	1	0	1340583936	1307963392	100.0	2	0
4.01	0	1	0	1741225984	1699188736	100.0	2	0
5.02	0	1	0	2183786496	2138615808	101.0	2	0
6.02	0	1	0	2549526528	2505240576	100.0	2	0
7.03	0	1	0	2771169280	2726432768	101.0	2	0
8.03	0	2	0	4029231104	3976978432	128.7	16	4
9.03	0	2	0	7571984384	7513284608	199.6	16	4
10.04	0	102	0	9345867776	9275359232	485.1	26	4
11.04	0	318	0	9355132928	9283256320	804.1	26	4
12.05	0	567	0	9358753792	9287659520	813.0	26	4
13.05	0	932	0	9370947584	9299116032	738.0	26	4
14.05	0	1148	0	9372303360	9300660224	589.7	26	4
15.06	0	1148	0	9375625216	9304092672	635.0	26	4
16.06	0	1164	0	9379209216	9307676672	601.9	26	4
17.07	0	1843	0	9380282368	9308168192	700.4	26	4
18.07	0	1843	0	9381036032	9308655616	620.1	26	4
19.08	0	2290	0	9384689664	9311694848	630.6	26	4
20.08	0	2290	0	9389281280	9316294656	591.4	26	4
21.08	0	2985	0	9390362624	9317240832	605.3	26	4
22.09	0	2985	0	9391280128	9317457920	675.2	26	4
23.09	0	3448	0	9391587328	9319608320	694.1	26	4
24.10	0	3448	0	9392271360	9319714816	629.9	26	4
25.10	0	4143	0	9392705536	9319936000	633.3	26	4
26.10	0	4143	0	9392361472	9320042496	600.8	26	4
27.11	0	4591	0	9394577408	9320185856	713.1	26	4
28.11	0	4591	0	9394532352	9320259584	664.7	26	4
29.12	0	5303	0	9393115136	9320325120	654.9	26	4
30.12	0	5303	0	9393807360	9320407040	636.9	26	4
31.13	0	5750	0	9394253824	9320480768	647.7	26	4
32.13	0	5750	0	9394872320	9320628224	641.6	26	4
33.13	0	6464	0	9395691520	9320693760	650.6	26	4
34.14	0	6464	0	9395703808	9320771584	637.0	26	4
35.14	0	6911	0	9396047872	9320812544	663.3	26	4
36.15	0	6911	0	9395712000	9320886272	651.8	26	4
37.15	0	7623	0	9397477376	9320951808	609.9	26	4
38.16	0	7623	0	9397780480	9321029632	700.2	26	4
39.16	0	8070	0	9398468608	9321267200	665.8	26	4
40.16	0	8070	0	9397813248	9321308160	618.0	26	4
41.17	0	8781	0	9398628352	9321369600	628.5	26	4
42.17	0	8781	0	9398255616	9321418752	631.0	26	4
43.18	0	9226	0	9399742464	9322164224	655.1	26	4
44.18	0	9226	0	9399963648	9322217472	656.2	26	4
45.19	0	9935	0	9400627200	9322242048	636.1	26	4
46.19	0	9935	0	9400553472	9322278912	604.0	26	4
47.19	0	10380	0	9400705024	9322340352	652.0	26	4
48.20	0	10380	0	9400766464	9322405888	639.2	26	4
49.20	0	10841	0	9401864192	9322438656	608.3	26	4
50.21	0	11073	0	9402179584	9322496000	663.0	26	4
51.21	0	11073	0	9401753600	9322545152	645.5	26	4
52.21	0	11536	0	9402441728	9322606592	623.6	26	4
53.22	0	11669	0	9402576896	9322639360	602.1	26	4
54.22	0	12231	0	9403203584	9322676224	629.3	26	4
55.23	0	12231	0	9403142144	9322696704	666.2	26	4
56.23	0	12692	0	9403473920	9322729472	682.1	26	4
57.24	0	12824	0	9404350464	9322831872	633.6	26	4
58.24	0	13401	0	9404858368	9322889216	650.1	26	4
59.24	0	13401	0	9405337600	9322999808	672.4	26	4
60.25	0	13863	0	9405714432	9323139072	604.2	26	4
61.25	0	13995	0	9406263296	9323180032	604.1	26	4
62.26	0	14555	0	9405767680	9323208704	679.3	26	4
63.26	0	14555	0	9405845504	9323208704	644.0	26	4
64.27	0	15018	0	9406881792	9323294720	615.0	26	4
65.27	0	15018	0	9407586304	9323347968	679.0	26	4
66.27	0	15727	0	9407401984	9323364352	637.6	26	4
67.28	0	15727	0	9407172608	9323376640	668.7	26	4
68.28	0	16173	0	9407905792	9323380736	627.7	26	4
69.29	0	16173	0	9408172032	9323397120	612.0	26	4
70.29	0	16869	0	9409110016	9323413504	664.4	26	4
71.30	0	16869	0	9408876544	9323421696	688.2	26	4
72.30	0	17316	0	9409626112	9323438080	630.8	26	4
73.30	0	17316	0	9410023424	9323470848	636.0	26	4
74.31	0	18008	0	9409359872	9323483136	628.5	26	4
75.31	0	18008	0	9409765376	9323491328	668.4	26	4
76.32	0	18173	0	9409798144	9323491328	633.8	26	4
77.32	0	18436	0	9410445312	9323515904	662.9	26	4
78.32	0	19129	0	9411588096	9323532288	644.8	26	4
79.33	0	19129	0	9411465216	9323540480	637.0	26	4
80.33	0	19558	0	9412673536	9323614208	663.0	26	4
81.34	0	19575	0	9412055040	9323638784	654.6	26	4
82.34	0	19690	0	9412927488	9323659264	631.5	26	4
83.35	0	20268	0	9413271552	9323683840	633.5	26	4
84.35	0	20268	0	9412861952	9323712512	615.7	26	4
85.35	0	20697	0	9413464064	9323741184	653.0	26	4
86.36	0	20812	0	9413529600	9323749376	704.9	26	4
87.36	0	21357	0	9414316032	9323773952	641.6	26	4
88.37	0	21357	0	9413890048	9323798528	610.8	26	4
89.37	0	21820	0	9413963776	9323810816	625.9	26	4
90.37	0	21936	0	9415061504	9323814912	641.3	26	4
91.38	0	22515	0	9415204864	9323827200	669.4	26	4
92.38	0	22515	0	9414832128	9323855872	625.0	26	4
93.39	0	22960	0	9415094272	9323876352	643.4	26	4
94.39	0	23092	0	9415561216	9323896832	624.1	26	4
95.40	0	23668	0	9416052736	9323900928	656.9	26	4
96.40	0	23668	0	9415876608	9323900928	692.4	26	4
97.40	0	24129	0	9416663040	9323917312	624.3	26	4
98.41	0	24245	0	9417314304	9323917312	608.1	26	4
99.41	0	24822	0	9417678848	9323941888	627.2	26	4
100.42	0	24822	0	9417179136	9323962368	640.1	26	4
101.42	0	25284	0	9418272768	9323966464	611.0	26	4
102.43	0	25416	0	9418485760	9324032000	656.8	26	4
103.43	0	25994	0	9418813440	9324093440	623.2	26	4
104.43	0	25994	0	9419218944	9324105728	647.7	26	4
105.44	0	26456	0	9418838016	9324126208	661.3	26	4
106.44	0	26456	0	9419038720	9324142592	601.0	26	4
107.45	0	27150	0	9420558336	9324171264	667.6	26	4
108.45	0	27150	0	9420939264	9324204032	596.6	26	4
109.45	0	27613	0	9420804096	9324208128	601.9	26	4
110.46	0	27613	0	9420861440	9324208128	632.0	26	4
111.46	0	28291	0	9421262848	9324232704	618.4	26	4
112.47	0	28291	0	9421307904	9324244992	635.6	26	4
113.47	0	28752	0	9422438400	9324294144	616.4	26	4
114.48	0	28752	0	9422696448	9324306432	590.8	26	4
115.48	0	29099	0	9423441920	9324343296	655.2	26	4
116.48	0	29429	0	9423122432	9324363776	666.2	26	4
117.49	0	29891	0	9424744448	9324392448	646.6	26	4
118.49	0	29891	0	9424330752	9324392448	623.6	26	4
119.50	0	30254	0	9424773120	9324412928	637.6	26	4
120.50	0	30584	0	9424478208	9324457984	647.6	26	4
121.50	0	30716	0	9424859136	9324478464	707.0	26	4
122.51	0	31046	0	9424850944	9324490752	649.5	26	4
123.51	0	31145	0	9425080320	9324507136	573.1	26	4
124.52	0	31722	0	9425809408	9324523520	676.3	26	4
125.52	0	31722	0	9425833984	9324548096	603.3	26	4
126.53	0	32186	0	9426124800	9324548096	643.7	26	4
127.53	0	32186	0	9426259968	9324699648	643.3	26	4
128.53	0	32880	0	9427566592	9324716032	640.7	26	4
129.54	0	32880	0	9427722240	9324744704	614.3	26	4
130.54	0	33327	0	9427693568	9324761088	643.4	26	4
131.55	0	33327	0	9427197952	9324773376	671.8	26	4
132.55	0	34036	0	9428484096	9324785664	647.6	26	4
133.56	0	34036	0	9428365312	9324806144	633.3	26	4
134.56	0	34483	0	9429229568	9324810240	633.5	26	4
135.56	0	34483	0	9428770816	9324818432	632.2	26	4
136.57	0	34961	0	9429581824	9324830720	616.9	26	4
137.57	0	35193	0	9429512192	9324830720	640.7	26	4
138.58	0	35193	0	9429970944	9324838912	632.5	26	4
139.58	0	35637	0	9430192128	9324855296	619.1	26	4
140.58	0	35637	0	9430200320	9324855296	605.0	26	4
141.59	0	36330	0	9431035904	9324879872	642.3	26	4
142.59	0	36330	0	9431736320	9324904448	642.8	26	4
143.60	0	36793	0	9432592384	9324904448	628.9	26	4
144.60	0	36793	0	9431932928	9324904448	632.5	26	4
145.61	0	37486	0	9432502272	9324920832	630.6	26	4
146.61	0	37486	0	9432399872	9326956544	622.2	26	4
147.61	0	37950	0	9433423872	9326964736	627.0	26	4
148.62	0	37950	0	9433849856	9326977024	663.9	26	4
149.62	0	38663	0	9434279936	9326981120	651.4	26	4
150.63	0	38663	0	9433477120	9327005696	616.6	26	4
151.63	0	39125	0	9434353664	9327009792	611.7	26	4
152.64	0	39125	0	9434054656	9327017984	609.9	26	4
153.64	0	39835	0	9435058176	9327026176	622.0	26	4
154.64	0	39835	0	9433948160	9327034368	659.1	26	4
155.65	0	40297	0	9435009024	9327058944	657.2	26	4
156.65	0	40297	0	9434624000	9327067136	655.9	26	4
157.66	0	41006	0	9436475392	9327095808	673.5	26	4
158.66	0	41006	0	9435762688	9327116288	628.8	26	4
159.67	0	41484	0	9436241920	9327120384	632.8	26	4
160.67	0	41484	0	9436372992	9327120384	587.0	26	4
161.67	0	41599	0	9437216768	9327136768	583.4	26	4
162.68	0	42210	0	9438261248	9327161344	664.2	26	4
163.68	0	42210	0	9437945856	9327214592	660.5	26	4
164.69	0	42673	0	9438765056	9327218688	617.4	26	4
165.69	0	42788	0	9438027776	9327222784	654.1	26	4
166.69	0	43383	0	9438552064	9327230976	649.7	26	4
167.70	0	43383	0	9438961664	9327267840	634.2	26	4
168.70	0	43846	0	9440190464	9327280128	639.8	26	4
169.71	0	43961	0	9440337920	9327288320	700.9	26	4
170.71	0	44555	0	9440329728	9327304704	673.2	26	4
171.72	0	44555	0	9439666176	9327312896	611.1	26	4
172.72	0	45001	0	9440378880	9327345664	692.2	26	4
173.72	0	45001	0	9440665600	9327357952	649.6	26	4
174.73	0	45710	0	9440686080	9327362048	590.0	26	4
175.73	0	45710	0	9440391168	9327366144	652.3	26	4
176.74	0	46188	0	9441509376	9327370240	654.1	26	4
177.74	0	46188	0	9441927168	9327382528	654.7	26	4
178.74	0	46881	0	9443209216	9327460352	676.8	26	4
179.75	0	46881	0	9441914880	9327460352	649.4	26	4
180.75	0	46881	0	9441918976	9327464448	647.7	26	4
181.76	0	47359	0	9442906112	9327472640	717.8	26	4
182.76	0	47474	0	9443246080	9327472640	679.2	26	4
183.77	0	48068	0	9444134912	9327489024	670.3	26	4
184.77	0	48068	0	9443885056	9327534080	635.9	26	4
185.77	0	48530	0	9444171776	9327550464	624.0	26	4
186.78	0	48646	0	9443364864	9327587328	624.1	26	4
187.78	0	49209	0	9444122624	9327603712	626.8	26	4
188.79	0	49209	0	9444438016	9327620096	644.2	26	4
189.79	0	49689	0	9444843520	9327665152	615.0	26	4
190.80	0	49689	0	9445036032	9327677440	647.0	26	4
191.80	0	50365	0	9446477824	9327681536	651.4	26	4
192.80	0	50365	0	9446469632	9327693824	617.2	26	4
193.81	0	50827	0	9446899712	9327693824	684.3	26	4
194.81	0	50827	0	9446916096	9327702016	662.0	26	4
195.82	0	51519	0	9447518208	9327702016	651.5	26	4
196.82	0	51519	0	9447358464	9327706112	650.9	26	4
197.82	0	51519	0	9447350272	9327706112	590.5	26	4
198.83	0	51965	0	9447645184	9327718400	675.8	26	4
199.83	0	52081	0	9448202240	9327718400	607.9	26	4
200.84	0	52659	0	9448173568	9327726592	628.5	26	4
201.84	0	52659	0	9448042496	9327738880	637.3	26	4
202.85	0	53121	0	9449545728	9327763456	617.4	26	4
203.85	0	53121	0	9449029632	9327767552	615.5	26	4
204.85	0	53814	0	9450139648	9327771648	633.2	26	4
205.86	0	53814	0	9450254336	9327771648	652.2	26	4
206.86	0	54277	0	9450692608	9327783936	685.8	26	4
207.87	0	54277	0	9450926080	9327792128	651.8	26	4
208.87	0	54972	0	9451577344	9327800320	607.0	26	4
209.87	0	54972	0	9451163648	9327808512	622.4	26	4
210.88	0	55435	0	9451745280	9327824896	632.0	26	4
211.88	0	55435	0	9451118592	9327833088	622.0	26	4
212.89	0	56127	0	9452302336	9327849472	701.0	26	4
213.89	0	56127	0	9452593152	9327853568	648.5	26	4
214.90	0	56589	0	9452830720	9327869952	628.3	26	4
215.90	0	56589	0	9452036096	9327882240	606.3	26	4
216.90	0	57299	0	9452580864	9327894528	669.3	26	4
217.91	0	57299	0	9453436928	9327910912	687.1	26	4
218.91	0	57777	0	9454309376	9327919104	629.9	26	4
219.92	0	57777	0	9453805568	9327931392	621.4	26	4
220.92	0	58305	0	9454510080	9327939584	609.1	26	4
221.92	0	58470	0	9455153152	9327960064	612.3	26	4
222.93	0	58949	0	9455321088	9327980544	737.2	26	4
223.93	0	58949	0	9455644672	9327984640	649.2	26	4
224.94	0	59047	0	9455792128	9327984640	624.1	26	4
225.94	0	59625	0	9455890432	9328005120	625.0	26	4
226.95	0	59625	0	9455951872	9328017408	642.8	26	4
227.95	0	60089	0	9457594368	9330057216	633.3	26	4
228.95	0	60205	0	9456705536	9330073600	667.4	26	4
229.96	0	60768	0	9457090560	9330073600	642.7	26	4
230.96	0	60768	0	9456672768	9330073600	648.8	26	4
231.97	0	61230	0	9457336320	9330073600	651.1	26	4
232.97	0	61346	0	9457602560	9330073600	633.8	26	4
233.98	0	61923	0	9458438144	9330081792	666.2	26	4
234.98	0	61923	0	9457733632	9330085888	692.6	26	4
235.98	0	62385	0	9458782208	9330094080	678.6	26	4
236.99	0	62501	0	9458704384	9330110464	645.6	26	4
237.99	0	63079	0	9460019200	9330118656	637.1	26	4
239.00	0	63079	0	9460080640	9330118656	607.6	26	4
240.00	0	63524	0	9460559872	9330135040	632.3	26	4
241.00	0	63524	0	9460088832	9330135040	597.7	26	4
242.01	0	64217	0	9460293632	9330143232	735.5	26	4
243.01	0	64217	0	9460031488	9330143232	642.6	26	4
244.02	0	64662	0	9461264384	9330147328	622.0	26	4
245.02	0	64662	0	9461821440	9330151424	615.4	26	4
246.03	0	65356	0	9462460416	9330155520	708.5	26	4
247.03	0	65356	0	9462087680	9330159616	638.0	26	4
248.03	0	65820	0	9463283712	9330163712	586.0	26	4
249.04	0	65820	0	9463341056	9330176000	611.9	26	4
250.04	0	65935	0	9463377920	9330192384	651.5	26	4
251.05	0	66531	0	9464221696	9330266112	698.2	26	4
252.05	0	66531	0	9463934976	9330266112	653.5	26	4
253.05	0	66993	0	9464586240	9330278400	614.4	26	4
254.06	0	67108	0	9464926208	9330278400	645.5	26	4
255.06	0	67702	0	9465229312	9330282496	632.9	26	4
256.07	0	67702	0	9465020416	9330282496	658.6	26	4
257.07	0	68164	0	9465257984	9330294784	625.8	26	4
258.08	0	68164	0	9465761792	9330294784	604.4	26	4
259.08	0	68857	0	9466322944	9330327552	613.8	26	4
260.08	0	68857	0	9466003456	9330327552	664.3	26	4
261.09	0	69335	0	9466568704	9330343936	641.9	26	4
262.09	0	69335	0	9466286080	9330348032	612.5	26	4
263.10	0	70027	0	9467756544	9330364416	644.1	26	4
264.10	0	70027	0	9467531264	9330372608	693.0	26	4
265.10	0	70489	0	9467863040	9330372608	641.5	26	4
266.11	0	70489	0	9467621376	9330372608	621.5	26	4
267.11	0	71184	0	9468530688	9330376704	629.2	26	4
268.12	0	71184	0	9468866560	9330376704	616.4	26	4
269.12	0	71664	0	9469222912	9330376704	636.6	26	4
270.12	0	71664	0	9467633664	9330388992	659.3	26	4
271.13	0	72358	0	9469386752	9330393088	685.6	26	4
272.13	0	72358	0	9468956672	9330405376	597.3	26	4
273.14	0	72837	0	9469427712	9330409472	634.0	26	4
274.14	0	72837	0	9469652992	9330409472	589.5	26	4
275.15	0	73547	0	9469956096	9330417664	634.1	26	4
276.15	0	73547	0	9469636608	9330417664	683.5	26	4
277.15	0	73910	0	9469681664	9330417664	616.3	26	4
278.16	0	74026	0	9470464000	9330421760	670.0	26	4
279.16	0	74141	0	9469562880	9330421760	586.7	26	4
280.17	0	74735	0	9469644800	9330425856	650.3	26	4
281.17	0	74735	0	9469620224	9330425856	608.8	26	4
282.18	0	75213	0	9470205952	9330425856	611.7	26	4
283.18	0	75213	0	9470656512	9330438144	649.1	26	4
284.19	0	75924	0	9472184320	9330442240	660.8	26	4
285.19	0	75924	0	9472081920	9330540544	637.4	26	4
286.20	0	76386	0	9473159168	9330556928	659.0	26	4
287.20	0	76386	0	9472765952	9330561024	604.6	26	4
288.20	0	76800	0	9473884160	9330569216	670.0	26	4
289.21	0	77082	0	9474326528	9330585600	670.5	26	4
290.21	0	77082	0	9473380352	9330589696	641.1	26	4
291.22	0	77545	0	9473753088	9330601984	652.9	26	4
292.22	0	77644	0	9473708032	9330601984	625.4	26	4
293.23	0	78238	0	9474551808	9330601984	595.3	26	4
294.23	0	78238	0	9474306048	9330601984	613.4	26	4
295.23	0	78699	0	9474596864	9330601984	639.2	26	4
296.24	0	78699	0	9474134016	9330601984	624.8	26	4
297.24	0	79393	0	9476108288	9330610176	651.4	26	4
298.25	0	79393	0	9475981312	9330610176	622.8	26	4
299.25	0	79855	0	9476788224	9330622464	653.6	26	4
300.26	0	79855	0	9476980736	9330622464	638.9	26	4
301.26	0	80548	0	9477865472	9330622464	672.3	26	4
302.26	0	80548	0	9477537792	9330622464	618.8	26	4
303.27	0	81026	0	9477574656	9330634752	619.3	26	4
304.27	0	81026	0	9477816320	9330642944	632.3	26	4
305.28	0	81704	0	9478746112	9330642944	713.7	26	4
306.28	0	81704	0	9478545408	9330651136	682.2	26	4
307.29	0	82200	0	9479467008	9330663424	692.7	26	4
308.29	0	82200	0	9479712768	9330663424	668.6	26	4
309.30	0	82365	0	9479122944	9330667520	633.6	26	4
310.30	0	82878	0	9480503296	9330679808	637.9	26	4
311.30	0	82878	0	9481396224	9330696192	636.7	26	4
312.31	0	83357	0	9482084352	9330720768	638.8	26	4
313.31	0	83456	0	9482010624	9330745344	699.9	26	4
314.32	0	84050	0	9482211328	9330814976	659.7	26	4
315.32	0	84050	0	9481637888	9330814976	656.0	26	4
316.33	0	84528	0	9482735616	9330827264	653.9	26	4
317.33	0	84528	0	9482551296	9330851840	642.4	26	4
318.34	0	85218	0	9483685888	9330868224	632.3	26	4
319.34	0	85218	0	9482788864	9330892800	612.3	26	4
320.34	0	85695	0	9483939840	9330896896	639.3	26	4
321.35	0	85695	0	9483571200	9330896896	650.4	26	4
322.35	0	86385	0	9483853824	9330900992	713.1	26	4
323.36	0	86385	0	9483993088	9330900992	616.9	26	4
324.36	0	86862	0	9484599296	9330900992	618.6	26	4
325.37	0	86862	0	9484488704	9330913280	583.1	26	4
326.37	0	87371	0	9485221888	9330941952	656.6	26	4
327.38	0	87536	0	9485316096	9330941952	624.2	26	4
328.38	0	87536	0	9485545472	9330946048	680.2	26	4
329.38	0	88031	0	9486110720	9330954240	647.9	26	4
330.39	0	88130	0	9485492224	9333002240	636.2	26	4
331.39	0	88707	0	9486667776	9333002240	613.4	26	4
332.40	0	88707	0	9486290944	9333002240	622.1	26	4
333.40	0	89201	0	9487048704	9333039104	634.3	26	4
334.41	0	89201	0	9486983168	9333067776	647.6	26	4
335.41	0	89892	0	9487622144	9333100544	665.1	26	4
336.42	0	89892	0	9487826944	9333108736	624.8	26	4
337.42	0	90369	0	9488654336	9333108736	667.8	26	4
338.43	0	90369	0	9489043456	9333108736	595.9	26	4
339.43	0	91043	0	9488605184	9333116928	603.7	26	4
340.43	0	91043	0	9488015360	9333125120	619.5	26	4
341.44	0	91520	0	9488912384	9333125120	618.8	26	4
342.44	0	91520	0	9489203200	9333227520	694.8	26	4
343.45	0	92226	0	9490141184	9333227520	661.1	26	4
344.45	0	92226	0	9489620992	9333227520	630.4	26	4
345.45	0	92703	0	9490886656	9333231616	605.8	26	4
346.46	0	92703	0	9490386944	9333235712	620.9	26	4
347.46	0	93396	0	9491042304	9333239808	686.0	26	4
348.47	0	93396	0	9491832832	9333252096	631.9	26	4
349.47	0	93891	0	9492373504	9333252096	614.2	26	4
350.48	0	93891	0	9492070400	9333260288	673.3	26	4
351.48	0	94566	0	9492103168	9333260288	671.6	26	4
352.48	0	94566	0	9492348928	9333260288	613.2	26	4
353.49	0	95043	0	9493229568	9333264384	701.5	26	4
354.49	0	95043	0	9493475328	9333268480	633.1	26	4
355.50	0	95734	0	9494269952	9333268480	646.2	26	4
356.50	0	95734	0	9494003712	9333272576	616.3	26	4
357.51	0	96212	0	9494265856	9333272576	623.5	26	4
358.51	0	96212	0	9494577152	9333272576	636.7	26	4
359.51	0	96903	0	9495281664	9333284864	606.8	26	4
360.52	0	96903	0	9494716416	9333297152	673.3	26	4
361.52	0	97381	0	9495363584	9333309440	673.3	26	4
362.53	0	97381	0	9495285760	9333313536	659.7	26	4
363.53	0	98070	0	9496580096	9333325824	625.1	26	4
364.53	0	98070	0	9496432640	9333329920	667.5	26	4
365.54	0	98564	0	9497079808	9333334016	690.9	26	4
366.54	0	98564	0	9496453120	9333334016	641.3	26	4
367.55	0	99207	0	9497178112	9333334016	673.4	26	4
368.55	0	99207	0	9497202688	9333350400	644.0	26	4
369.56	0	99685	0	9497858048	9333366784	644.1	26	4
370.56	0	99685	0	9498058752	9333379072	656.8	26	4
371.56	0	100359	0	9499049984	9333403648	660.6	26	4
372.57	0	100359	0	9499684864	9333403648	628.1	26	4
373.57	0	100754	0	9499942912	9333452800	638.9	26	4
374.58	0	100836	0	9500180480	9333452800	650.6	26	4
375.58	0	100935	0	9499193344	9333456896	659.5	26	4
376.59	0	101494	0	9500323840	9333456896	627.1	26	4
377.59	0	101494	0	9500499968	9333469184	660.3	26	4
378.59	0	101954	0	9500971008	9333469184	672.3	26	4
379.60	0	102053	0	9500647424	9333477376	655.3	26	4
380.60	0	102627	0	9501306880	9333477376	627.0	26	4
381.61	0	102627	0	9501003776	9333497856	643.5	26	4
382.61	0	103088	0	9501880320	9333497856	618.6	26	4
383.61	0	103088	0	9501708288	9333497856	616.6	26	4
384.62	0	103729	0	9502842880	9333501952	631.1	26	4
385.62	0	103729	0	9502068736	9333501952	593.8	26	4
386.63	0	104207	0	9503277056	9333501952	636.5	26	4
387.63	0	104207	0	9502744576	9333501952	611.8	26	4
388.64	0	104388	0	9503178752	9333506048	621.4	26	4
389.64	0	104883	0	9503469568	9333506048	599.1	26	4
390.64	0	104883	0	9502568448	9333506048	661.1	26	4
391.65	0	105344	0	9503326208	9333506048	700.3	26	4
392.65	0	105442	0	9503674368	9333514240	579.5	26	4
393.66	0	106018	0	9504362496	9333514240	602.6	26	4
394.66	0	106018	0	9504133120	9333514240	651.9	26	4
395.66	0	106478	0	9504649216	9333514240	639.7	26	4
396.67	0	106478	0	9504641024	9333518336	628.0	26	4
397.67	0	107118	0	9505525760	9333518336	641.5	26	4
398.68	0	107118	0	9505415168	9333518336	639.9	26	4
399.68	0	107595	0	9505337344	9333518336	630.1	26	4
400.68	0	107595	0	9505099776	9333518336	603.8	26	4
401.69	0	107694	0	9505865728	9333518336	603.3	26	4
402.69	0	108253	0	9506504704	9335549952	663.7	26	4
403.70	0	108253	0	9505804288	9335549952	605.0	26	4
404.70	0	108713	0	9506611200	9335554048	635.6	26	4
405.71	0	108713	0	9506500608	9335558144	620.8	26	4
406.71	0	109371	0	9507913728	9335570432	643.8	26	4
407.71	0	109371	0	9508028416	9335570432	581.1	26	4
408.72	0	109848	0	9508270080	9335570432	638.1	26	4
409.72	0	109848	0	9507971072	9335570432	625.0	26	4
410.73	0	109947	0	9507823616	9335570432	642.6	26	4
411.73	0	110521	0	9508679680	9335578624	611.0	26	4
412.73	0	110521	0	9508708352	9335578624	611.1	26	4
413.74	0	110997	0	9509888000	9335582720	624.0	26	4
414.74	0	110997	0	9509343232	9335586816	626.3	26	4
415.75	0	111669	0	9510285312	9335595008	676.1	26	4
416.75	0	111669	0	9510162432	9335595008	627.6	26	4
417.76	0	112145	0	9510436864	9335603200	639.8	26	4
418.76	0	112145	0	9511292928	9335603200	648.4	26	4
419.76	0	112834	0	9511239680	9335603200	633.1	26	4
420.77	0	112834	0	9511329792	9335603200	645.4	26	4
421.77	0	113310	0	9511636992	9335603200	604.7	26	4
422.78	0	113310	0	9511927808	9335619584	606.3	26	4
423.78	0	113982	0	9513263104	9335627776	646.8	26	4
424.78	0	113982	0	9513357312	9335640064	680.6	26	4
425.79	0	114476	0	9513828352	9335648256	631.6	26	4
426.79	0	114476	0	9513172992	9335648256	576.9	26	4
427.80	0	114575	0	9513996288	9335648256	650.7	26	4
428.80	0	115153	0	9514643456	9335681024	664.8	26	4
429.81	0	115153	0	9514278912	9335681024	681.4	26	4
430.81	0	115648	0	9514876928	9335681024	624.1	26	4
431.81	0	115747	0	9514778624	9335701504	593.2	26	4
432.82	0	116322	0	9515859968	9335803904	633.5	26	4
433.82	0	116322	0	9516220416	9335803904	611.0	26	4
434.83	0	116815	0	9516290048	9335803904	628.0	26	4
435.83	0	116815	0	9515724800	9335812096	624.7	26	4
436.84	0	117489	0	9516933120	9335828480	619.8	26	4
437.84	0	117489	0	9517039616	9335832576	653.9	26	4
438.84	0	117966	0	9517146112	9335844864	672.0	26	4
439.85	0	117966	0	9516687360	9335844864	615.4	26	4
440.85	0	118674	0	9518227456	9335848960	629.3	26	4
441.86	0	118674	0	9517711360	9335894016	639.5	26	4
442.86	0	118674	0	9518379008	9335906304	587.9	26	4
443.86	0	119151	0	9519251456	9335910400	604.9	26	4
444.87	0	119282	0	9519562752	9335918592	642.7	26	4
445.87	0	119842	0	9519689728	9335930880	697.8	26	4
446.88	0	119842	0	9518981120	9335939072	597.4	26	4
447.88	0	120304	0	9520410624	9335939072	628.1	26	4
448.89	0	120420	0	9520443392	9335943168	588.0	26	4
449.89	0	120981	0	9520291840	9335959552	606.8	26	4
450.89	0	120981	0	9520332800	9335971840	608.1	26	4
451.90	0	121475	0	9521242112	9335975936	677.4	26	4
452.90	0	121574	0	9521221632	9335980032	632.2	26	4
453.91	0	122149	0	9521971200	9335992320	682.3	26	4
454.91	0	122149	0	9522020352	9335992320	567.7	26	4
455.92	0	122626	0	9521577984	9335992320	629.2	26	4
456.92	0	122741	0	9522290688	9336000512	685.9	26	4
457.92	0	123317	0	9523118080	9336000512	666.4	26	4
458.93	0	123317	0	9523535872	9336000512	621.7	26	4
459.93	0	123794	0	9523326976	9336004608	619.8	26	4
460.94	0	123893	0	9523871744	9336004608	645.0	26	4
461.94	0	124469	0	9524084736	9336004608	687.4	26	4
462.95	0	124469	0	9524789248	9336016896	614.4	26	4
463.95	0	124929	0	9523040256	9336016896	650.3	26	4
464.95	0	125045	0	9524228096	9336061952	680.0	26	4
465.96	0	125638	0	9525108736	9336061952	642.1	26	4
466.96	0	125638	0	9524961280	9336061952	621.6	26	4
467.97	0	126100	0	9525411840	9336061952	645.8	26	4
468.97	0	126100	0	9525673984	9336066048	624.1	26	4
469.98	0	126791	0	9527590912	9336074240	634.2	26	4
470.98	0	126791	0	9526591488	9336074240	623.0	26	4
471.98	0	127251	0	9526980608	9336082432	602.6	26	4
472.99	0	127251	0	9527037952	9336082432	618.4	26	4
473.99	0	127877	0	9528242176	9336082432	623.9	26	4
475.00	0	127959	0	9528057856	9336107008	634.7	26	4
476.00	0	127959	0	9527750656	9336107008	604.7	26	4
477.00	0	128420	0	9527898112	9336115200	594.2	26	4
478.01	0	128535	0	9528262656	9336123392	648.2	26	4
479.01	0	129111	0	9528840192	9336123392	641.5	26	4
480.02	0	129111	0	9528250368	9336127488	575.1	26	4
481.02	0	129571	0	9528705024	9336131584	671.7	26	4
482.03	0	129703	0	9529069568	9336131584	624.1	26	4
483.03	0	130278	0	9529946112	9336131584	626.7	26	4
484.04	0	130278	0	9529671680	9338163200	655.9	26	4
485.04	0	130740	0	9530572800	9338163200	617.6	26	4
486.04	0	130740	0	9530507264	9338171392	622.2	26	4
487.05	0	131433	0	9531314176	9338179584	646.7	26	4
488.05	0	131433	0	9531637760	9338179584	666.1	26	4
489.06	0	131877	0	9531539456	9338187776	653.5	26	4
490.06	0	131877	0	9532047360	9338191872	619.2	26	4
491.06	0	132141	0	9532874752	9338191872	611.3	26	4
492.07	0	132585	0	9533206528	9338204160	657.5	26	4
493.07	0	132733	0	9533755392	9338204160	627.6	26	4
494.08	0	133029	0	9534496768	9338212352	640.6	26	4
495.08	0	133226	0	9534189568	9338212352	658.2	26	4
496.09	0	133736	0	9534091264	9338216448	627.4	26	4
497.09	0	133736	0	9534119936	9338462208	655.7	26	4
498.10	0	134180	0	9535176704	9338466304	633.4	26	4
499.10	0	134559	0	9535410176	9338466304	629.4	26	4
500.10	0	134904	0	9535877120	9338466304	693.9	26	4
501.11	0	134904	0	9535766528	9338466304	618.4	26	4
502.11	0	135348	0	9536675840	9338466304	645.0	26	4
503.12	0	136056	0	9537466368	9338470400	674.6	26	4
504.12	0	136056	0	9537110016	9338474496	639.3	26	4
505.13	0	136418	0	9536811008	9338478592	689.3	26	4
506.13	0	136500	0	9537384448	9338482688	656.5	26	4
507.13	0	136632	0	9536962560	9338482688	634.1	26	4
508.14	0	137210	0	9537298432	9338482688	638.1	26	4
509.14	0	137210	0	9537400832	9338482688	600.7	26	4
510.15	0	137654	0	9538002944	9338490880	704.6	26	4
511.15	0	137786	0	9537232896	9338490880	647.6	26	4
512.15	0	138361	0	9538207744	9338494976	612.2	26	4
513.16	0	138542	0	9538727936	9338503168	673.1	26	4
514.16	0	138805	0	9538658304	9338507264	696.6	26	4
515.17	0	139429	0	9539416064	9338507264	663.4	26	4
516.17	0	139512	0	9538994176	9338507264	662.5	26	4
517.18	0	139512	0	9539096576	9338511360	620.5	26	4
518.18	0	139956	0	9539661824	9338511360	644.0	26	4
519.18	0	139956	0	9539846144	9338511360	620.6	26	4
520.19	0	140663	0	9540972544	9338511360	665.4	26	4
521.19	0	140663	0	9540956160	9338511360	664.5	26	4
522.20	0	141108	0	9541103616	9338511360	640.6	26	4
523.20	0	141108	0	9540911104	9338535936	615.9	26	4
524.21	0	141816	0	9541976064	9338535936	643.6	26	4
525.21	0	141816	0	9541726208	9338535936	630.0	26	4
526.21	0	142262	0	9542410240	9338540032	635.6	26	4
527.22	0	142262	0	9542721536	9338548224	675.3	26	4
528.22	0	142970	0	9544003584	9338556416	646.8	26	4
529.23	0	142970	0	9542623232	9338605568	693.5	26	4
530.23	0	142970	0	9542557696	9338609664	617.2	26	4
531.23	0	143415	0	9542979584	9338609664	646.1	26	4
532.24	0	143546	0	9543749632	9338658816	667.7	26	4
533.24	0	144122	0	9544445952	9338658816	653.1	26	4
534.25	0	144122	0	9544372224	9338662912	648.5	26	4
535.25	0	144565	0	9545048064	9338662912	661.8	26	4
536.26	0	144697	0	9545007104	9338671104	678.5	26	4
537.26	0	145256	0	9545523200	9338671104	628.1	26	4
538.26	0	145256	0	9545392128	9338675200	582.9	26	4
539.27	0	145701	0	9544912896	9338675200	689.3	26	4
540.27	0	145701	0	9544650752	9338675200	640.1	26	4
541.28	0	146408	0	9546321920	9338675200	644.6	26	4
542.28	0	146408	0	9545666560	9338675200	646.7	26	4
543.29	0	146852	0	9546215424	9338675200	667.4	26	4
544.29	0	146852	0	9546100736	9338695680	631.4	26	4
545.29	0	147579	0	9547182080	9338703872	632.9	26	4
546.30	0	147579	0	9546878976	9338703872	669.7	26	4
547.30	0	148024	0	9547579392	9338703872	668.3	26	4
548.31	0	148024	0	9547743232	9338703872	650.2	26	4
549.31	0	148748	0	9548541952	9338703872	583.7	26	4
550.31	0	148748	0	9549144064	9338712064	645.1	26	4
551.32	0	149192	0	9549811712	9338712064	634.1	26	4
552.32	0	149192	0	9549627392	9338712064	633.4	26	4
553.33	0	149916	0	9550712832	9338712064	601.0	26	4
554.33	0	149916	0	9550413824	9338712064	620.5	26	4
555.34	0	150343	0	9550700544	9338712064	640.1	26	4
556.34	0	150343	0	9550630912	9338712064	637.5	26	4
557.34	0	151084	0	9551278080	9338712064	687.5	26	4
558.35	0	151084	0	9551020032	9338716160	583.5	26	4
559.35	0	151528	0	9551380480	9338720256	630.7	26	4
560.36	0	151528	0	9551347712	9338720256	699.4	26	4
561.36	0	152251	0	9551917056	9338728448	656.1	26	4
562.36	0	152251	0	9551618048	9338728448	569.9	26	4
563.37	0	152680	0	9552855040	9338728448	692.7	26	4
564.37	0	152680	0	9552588800	9338732544	670.1	26	4
565.38	0	153421	0	9552773120	9338740736	615.3	26	4
566.38	0	153421	0	9553121280	9338744832	629.9	26	4
567.39	0	153850	0	9554145280	9338744832	670.1	26	4
568.39	0	153850	0	9553580032	9338744832	607.4	26	4
569.39	0	154573	0	9554341888	9338748928	642.2	26	4
570.40	0	154573	0	9554485248	9338761216	655.5	26	4
571.40	0	155000	0	9554939904	9338761216	604.9	26	4
572.41	0	155148	0	9555251200	9338789888	683.6	26	4
573.41	0	155723	0	9555787776	9338789888	605.9	26	4
574.41	0	155723	0	9555808256	9338793984	593.5	26	4
575.42	0	156149	0	9556533248	9338793984	658.8	26	4
576.42	0	156297	0	9557045248	9340833792	643.9	26	4
577.43	0	156888	0	9558069248	9340833792	706.0	26	4
578.43	0	156888	0	9556942848	9340846080	620.8	26	4
579.44	0	157333	0	9556955136	9340862464	656.0	26	4
580.44	0	157480	0	9556336640	9340895232	731.3	26	4
581.44	0	158055	0	9556647936	9340903424	679.4	26	4
582.45	0	158055	0	9556787200	9340944384	643.1	26	4
583.45	0	158499	0	9557483520	9340948480	644.5	26	4
584.46	0	158648	0	9558511616	9340948480	668.2	26	4
585.46	0	159242	0	9559207936	9340948480	635.9	26	4
586.47	0	159242	0	9558753280	9340948480	641.5	26	4
587.47	0	159670	0	9559330816	9340952576	667.9	26	4
588.47	0	159818	0	9560158208	9341067264	638.2	26	4
589.48	0	160410	0	9559527424	9341067264	668.6	26	4
590.48	0	160674	0	9560576000	9341071360	711.2	26	4
591.49	0	160855	0	9560739840	9341071360	640.1	26	4
592.49	0	161397	0	9561788416	9341071360	680.6	26	4
593.50	0	161577	0	9561772032	9341071360	670.0	26	4
594.50	0	161989	0	9562537984	9341075456	634.9	26	4
595.50	0	162005	0	9562599424	9341075456	649.6	26	4
596.51	0	162581	0	9563181056	9341075456	688.6	26	4
597.51	0	162745	0	9563435008	9341075456	652.8	26	4
598.52	0	163172	0	9564381184	9341075456	689.4	26	4
599.52	0	163172	0	9563652096	9341087744	636.5	26	4
600.53	0	163912	0	9564459008	9341087744	642.1	26	4
601.53	0	163912	0	9564000256	9341087744	693.7	26	4
602.54	0	164324	0	9564536832	9341087744	687.8	26	4
603.54	0	164324	0	9564610560	9341095936	646.6	26	4
604.54	0	165050	0	9564975104	9341095936	616.5	26	4
605.55	0	165050	0	9565278208	9341095936	607.6	26	4
606.55	0	165462	0	9565925376	9341095936	623.7	26	4
607.56	0	165462	0	9566068736	9341095936	643.0	26	4
608.56	0	166202	0	9567461376	9341100032	675.5	26	4
609.57	0	166202	0	9567698944	9341104128	620.6	26	4
610.57	0	166613	0	9568292864	9341104128	652.3	26	4
611.57	0	166613	0	9568346112	9341108224	667.8	26	4
612.58	0	167338	0	9569300480	9341267968	639.8	26	4
613.58	0	167338	0	9569157120	9341267968	630.1	26	4
614.59	0	167766	0	9569546240	9341272064	664.0	26	4
615.59	0	167766	0	9569251328	9341386752	647.2	26	4
616.60	0	168506	0	9569656832	9341394944	636.4	26	4
617.60	0	168506	0	9570017280	9341394944	626.7	26	4
618.61	0	168917	0	9571094528	9341399040	692.7	26	4
619.61	0	168917	0	9570656256	9341399040	646.8	26	4
620.61	0	169082	0	9570750464	9341464576	605.9	26	4
621.62	0	169659	0	9571409920	9341468672	631.5	26	4
622.62	0	169659	0	9571995648	9341476864	618.9	26	4
623.63	0	170088	0	9572335616	9341476864	673.2	26	4
624.63	0	170236	0	9571831808	9341476864	605.1	26	4
625.63	0	170814	0	9572589568	9341485056	655.1	26	4
626.64	0	170814	0	9572278272	9341485056	643.5	26	4
627.64	0	171242	0	9572974592	9341485056	643.6	26	4
628.65	0	171390	0	9573785600	9341485056	625.5	26	4
629.65	0	171966	0	9573498880	9341485056	620.4	26	4
630.66	0	171966	0	9573380096	9341485056	684.7	26	4
631.66	0	172393	0	9574076416	9341485056	664.1	26	4
632.66	0	172557	0	9574092800	9341489152	588.8	26	4
633.67	0	173117	0	9574486016	9341489152	634.7	26	4
634.67	0	173117	0	9574522880	9341489152	654.0	26	4
635.68	0	173561	0	9575297024	9341489152	674.5	26	4
636.68	0	173709	0	9575206912	9341489152	636.1	26	4
637.69	0	174284	0	9576153088	9343520768	630.1	26	4
638.69	0	174284	0	9576665088	9343520768	626.8	26	4
639.69	0	174712	0	9576730624	9343520768	626.3	26	4
640.70	0	174860	0	9577037824	9343520768	658.2	26	4
641.70	0	175453	0	9577312256	9343528960	635.2	26	4
642.71	0	175453	0	9577091072	9343528960	628.7	26	4
643.71	0	175882	0	9577889792	9343528960	649.7	26	4
644.72	0	176030	0	9577566208	9343528960	631.5	26	4
645.72	0	176606	0	9578721280	9343533056	658.5	26	4
646.72	0	176606	0	9578573824	9343533056	639.4	26	4
647.73	0	177050	0	9579016192	9343533056	705.1	26	4
648.73	0	177198	0	9579589632	9343537152	590.0	26	4
649.74	0	177791	0	9580265472	9343541248	592.2	26	4
650.74	0	177791	0	9580347392	9343541248	646.2	26	4
651.75	0	178219	0	9579134976	9343541248	694.4	26	4
652.75	0	178351	0	9578811392	9343541248	617.6	26	4
653.75	0	178942	0	9580179456	9343541248	657.5	26	4
654.76	0	178942	0	9580154880	9343541248	644.9	26	4
655.76	0	179370	0	9580982272	9343541248	633.5	26	4
656.77	0	179518	0	9580634112	9343541248	622.4	26	4
657.77	0	180093	0	9581568000	9343545344	673.9	26	4
658.78	0	180093	0	9579864064	9343545344	657.5	26	4
659.78	0	180538	0	9579999232	9343545344	631.2	26	4
660.78	0	180538	0	9579794432	9343545344	611.4	26	4
661.79	0	181280	0	9581477888	9343545344	727.6	26	4
662.79	0	181280	0	9580814336	9343553536	656.7	26	4
663.80	0	181710	0	9581449216	9343557632	623.1	26	4
664.80	0	181858	0	9581531136	9343557632	612.4	26	4
665.81	0	182466	0	9581858816	9343561728	702.2	26	4
666.81	0	182466	0	9581826048	9343565824	646.2	26	4
667.81	0	182910	0	9582788608	9343574016	652.1	26	4
668.82	0	183058	0	9583304704	9346805760	641.4	26	4
669.82	0	183667	0	9583489024	9346805760	643.9	26	4
670.83	0	183667	0	9583300608	9346805760	695.3	26	4
671.83	0	184094	0	9584312320	9346805760	638.6	26	4
672.83	0	184259	0	9584922624	9346805760	638.8	26	4
673.84	0	184851	0	9585020928	9346805760	682.0	26	4
674.84	0	185212	0	9585025024	9346805760	645.8	26	4
675.85	0	185294	0	9585041408	9346805760	683.6	26	4
676.85	0	186035	0	9586597888	9346805760	646.2	26	4
677.86	0	186035	0	9586167808	9346805760	662.4	26	4
678.86	0	186464	0	9586704384	9346805760	686.7	26	4
679.86	0	186464	0	9586696192	9346805760	644.3	26	4
680.87	0	187190	0	9587335168	9346809856	620.2	26	4
681.87	0	187190	0	9586831360	9346809856	676.4	26	4
682.88	0	187619	0	9587576832	9346809856	677.4	26	4
683.88	0	187619	0	9587589120	9346809856	609.5	26	4
684.88	0	188259	0	9588264960	9346809856	658.5	26	4
685.89	0	188374	0	9588101120	9346813952	647.2	26	4
686.89	0	188374	0	9588736000	9346813952	607.8	26	4
687.90	0	188802	0	9589575680	9346818048	608.2	26	4
688.90	0	188950	0	9589678080	9346818048	633.3	26	4
689.91	0	189526	0	9589481472	9346826240	647.9	26	4
690.91	0	189526	0	9588977664	9346826240	642.2	26	4
691.91	0	189970	0	9589989376	9346826240	639.2	26	4
692.92	0	190447	0	9590337536	9346830336	689.4	26	4
693.92	0	190710	0	9590505472	9346830336	631.0	26	4
694.93	0	190710	0	9590370304	9346830336	610.7	26	4
695.93	0	191138	0	9591058432	9346830336	705.0	26	4
696.93	0	191385	0	9591222272	9346834432	615.9	26	4
697.94	0	191846	0	9591922688	9346842624	678.3	26	4
698.94	0	191846	0	9592164352	9346842624	655.2	26	4
699.95	0	192291	0	9592205312	9346842624	610.2	26	4
700.95	0	192440	0	9592745984	9346842624	634.2	26	4
701.96	0	193018	0	9593360384	9346846720	639.3	26	4
702.96	0	193018	0	9593483264	9346850816	622.7	26	4
703.96	0	193462	0	9594003456	9346859008	621.3	26	4
704.97	0	193462	0	9593012224	9346859008	655.1	26	4
705.97	0	194186	0	9594245120	9346904064	632.8	26	4
706.98	0	194186	0	9594298368	9346904064	646.7	26	4
707.98	0	194631	0	9594716160	9346908160	693.4	26	4
708.99	0	194631	0	9594363904	9346908160	677.7	26	4
709.99	0	195355	0	9595871232	9346912256	614.8	26	4
710.99	0	195355	0	9595658240	9346916352	594.3	26	4
712.00	0	195799	0	9596203008	9346920448	623.5	26	4
713.00	0	195799	0	9596452864	9346932736	613.7	26	4
714.01	0	196539	0	9595895808	9346977792	613.5	26	4
715.01	0	196539	0	9596276736	9346985984	657.4	26	4
716.02	0	196901	0	9596907520	9346985984	603.1	26	4
717.02	0	196967	0	9598083072	9347481600	671.8	26	4
718.02	0	197708	0	9598644224	9347485696	674.0	26	4
719.03	0	197708	0	9598271488	9347485696	581.6	26	4
720.03	0	198153	0	9598730240	9347485696	629.0	26	4
721.04	0	198153	0	9598730240	9347485696	633.1	26	4
722.04	0	198285	0	9598722048	9347485696	644.8	26	4
723.04	0	198877	0	9599315968	9347485696	648.0	26	4
724.05	0	199337	0	9599897600	9347485696	670.5	26	4
725.05	0	199337	0	9600077824	9347485696	618.9	26	4
726.06	0	199912	0	9600229376	9347485696	649.0	26	4
727.06	0	200060	0	9600462848	9347485696	604.1	26	4
728.07	0	200503	0	9601044480	9347485696	622.1	26	4
729.07	0	200503	0	9601114112	9347485696	695.3	26	4
730.07	0	201226	0	9601581056	9347485696	696.2	26	4
731.08	0	201226	0	9601806336	9347485696	613.7	26	4
732.08	0	201456	0	9602326528	9347485696	592.2	26	4
733.09	0	201654	0	9602248704	9347485696	652.3	26	4
734.09	0	202392	0	9603497984	9347534848	649.9	26	4
735.09	0	202392	0	9602961408	9347534848	624.4	26	4
736.10	0	202835	0	9604014080	9347534848	683.6	26	4
737.10	0	202835	0	9603891200	9347543040	637.7	26	4
738.11	0	203577	0	9604616192	9347543040	606.6	26	4
739.11	0	203577	0	9604575232	9347547136	634.7	26	4
740.11	0	204006	0	9605148672	9349582848	691.0	26	4
741.12	0	204006	0	9604964352	9349582848	691.8	26	4
742.12	0	204748	0	9605324800	9349595136	638.8	26	4
743.13	0	204748	0	9605484544	9349595136	622.3	26	4
744.13	0	205192	0	9606594560	9349611520	625.1	26	4
745.14	0	205192	0	9605816320	9349615616	637.4	26	4
746.14	0	205932	0	9607110656	9349623808	627.5	26	4
747.14	0	205932	0	9606586368	9349627904	673.2	26	4
748.15	0	206376	0	9607634944	9349627904	650.7	26	4
749.15	0	206376	0	9607528448	9349632000	617.4	26	4
750.16	0	207116	0	9608171520	9349632000	601.2	26	4
751.16	0	207116	0	9608019968	9349632000	656.3	26	4
752.16	0	207559	0	9608744960	9349636096	726.3	26	4
753.17	0	207559	0	9608323072	9349636096	623.4	26	4
754.17	0	208300	0	9609719808	9349640192	666.0	26	4
755.18	0	208300	0	9609756672	9349644288	696.1	26	4
756.18	0	208728	0	9609879552	9349644288	627.2	26	4
757.19	0	208728	0	9610412032	9349648384	664.8	26	4
758.19	0	209486	0	9611120640	9349652480	696.0	26	4
759.19	0	209486	0	9611341824	9349660672	611.1	26	4
760.20	0	209915	0	9611321344	9349660672	626.3	26	4
761.20	0	209915	0	9610956800	9349660672	618.6	26	4
762.21	0	210673	0	9611866112	9349660672	664.3	26	4
763.21	0	210673	0	9612017664	9349660672	622.1	26	4
764.22	0	211101	0	9612873728	9349660672	627.2	26	4
765.22	0	211101	0	9612902400	9349718016	652.2	26	4
766.22	0	211841	0	9613570048	9349718016	676.9	26	4
767.23	0	211841	0	9613697024	9349718016	616.5	26	4
768.23	0	211841	0	9613438976	9349718016	661.1	26	4
769.24	0	212269	0	9613996032	9349718016	608.4	26	4
770.24	0	212433	0	9614217216	9349722112	605.8	26	4
771.24	0	213026	0	9614192640	9349726208	623.8	26	4
772.25	0	213026	0	9613885440	9349726208	616.5	26	4
773.25	0	213453	0	9614753792	9349726208	621.1	26	4
774.26	0	213453	0	9615343616	9349726208	617.7	26	4
775.26	0	214209	0	9614409728	9349726208	635.2	26	4
776.27	0	214209	0	9614409728	9349726208	663.7	26	4
777.27	0	214636	0	9615478784	9349726208	630.0	26	4
778.27	0	214669	0	9615794176	9349726208	634.8	26	4
779.28	0	215395	0	9616150528	9349734400	637.1	26	4
780.28	0	215395	0	9616064512	9349750784	628.4	26	4
781.29	0	215823	0	9617141760	9349754880	736.8	26	4
782.29	0	215988	0	9617682432	9349758976	654.2	26	4
783.29	0	216598	0	9617448960	9349767168	654.2	26	4
784.30	0	216598	0	9617346560	9349771264	608.2	26	4
785.30	0	217026	0	9618075648	9349771264	596.8	26	4
786.31	0	217190	0	9618235392	9349775360	633.9	26	4
787.31	0	217782	0	9619406848	9349783552	669.9	26	4
788.31	0	217782	0	9619349504	9349791744	579.9	26	4
789.32	0	218194	0	9620013056	9349799936	623.1	26	4
790.32	0	218358	0	9618968576	9349808128	708.2	26	4
791.33	0	218966	0	9620226048	9349808128	690.3	26	4
792.33	0	218966	0	9620271104	9349808128	612.9	26	4
793.34	0	219393	0	9621028864	9349812224	630.7	26	4
794.34	0	219558	0	9620774912	9349836800	611.3	26	4
795.34	0	220150	0	9621413888	9349836800	637.1	26	4
796.35	0	220150	0	9621626880	9349849088	687.0	26	4
797.35	0	220578	0	9622773760	9349857280	641.3	26	4
798.36	0	220743	0	9622646784	9349857280	638.3	26	4
799.36	0	221321	0	9623564288	9349857280	642.9	26	4
800.36	0	221321	0	9622822912	9349861376	684.2	26	4
801.37	0	221750	0	9623293952	9352945664	607.9	26	4
802.37	0	221915	0	9623707648	9352945664	613.9	26	4
803.38	0	222508	0	9624604672	9352949760	684.5	26	4
804.38	0	222508	0	9624084480	9352957952	611.5	26	4
805.39	0	222935	0	9624662016	9352966144	674.0	26	4
806.39	0	223099	0	9624850432	9352970240	627.3	26	4
807.39	0	223692	0	9625432064	9352970240	662.6	26	4
808.40	0	223692	0	9625415680	9352982528	605.7	26	4
809.40	0	224103	0	9626050560	9352982528	614.2	26	4
810.41	0	224268	0	9625677824	9352982528	648.6	26	4
811.41	0	224844	0	9626525696	9352982528	660.7	26	4
812.42	0	224844	0	9626443776	9352986624	639.8	26	4
813.42	0	225271	0	9626853376	9352990720	680.4	26	4
814.42	0	225436	0	9627308032	9352990720	647.9	26	4
815.43	0	226012	0	9628217344	9353064448	689.8	26	4
816.43	0	226374	0	9628102656	9353064448	674.3	26	4
817.44	0	226440	0	9628450816	9353064448	653.3	26	4
818.44	0	227182	0	9629388800	9353076736	681.4	26	4
819.44	0	227182	0	9628438528	9353076736	636.7	26	4
820.45	0	227182	0	9628729344	9353076736	626.5	26	4
821.45	0	227595	0	9628520448	9353076736	698.0	26	4
822.46	0	227891	0	9629302784	9353076736	629.3	26	4
823.46	0	228286	0	9629192192	9353076736	619.3	26	4
824.47	0	228286	0	9629904896	9353076736	677.4	26	4
825.47	0	228698	0	9630355456	9353084928	678.3	26	4
826.47	0	228846	0	9630208000	9353084928	673.3	26	4
827.48	0	229421	0	9631113216	9353084928	606.4	26	4
828.48	0	229421	0	9631096832	9353084928	631.6	26	4
829.49	0	229816	0	9631002624	9353084928	727.3	26	4
830.49	0	229980	0	9631678464	9353084928	642.3	26	4
831.49	0	230556	0	9632063488	9353084928	636.6	26	4
832.50	0	230556	0	9632174080	9353084928	639.0	26	4
833.50	0	230966	0	9632583680	9353084928	689.7	26	4
834.51	0	231130	0	9632755712	9353084928	669.1	26	4
835.51	0	231690	0	9633898496	9353093120	620.3	26	4
836.52	0	231690	0	9634021376	9353105408	641.4	26	4
837.52	0	232118	0	9634443264	9353105408	637.7	26	4
838.52	0	232267	0	9634148352	9353105408	647.1	26	4
839.53	0	232828	0	9634107392	9353105408	642.5	26	4
840.53	0	233274	0	9634947072	9353105408	688.2	26	4
841.54	0	233274	0	9635090432	9353117696	660.8	26	4
842.54	0	234015	0	9636331520	9353125888	624.3	26	4
843.54	0	234015	0	9636380672	9353129984	715.6	26	4
844.55	0	234426	0	9636986880	9353129984	658.4	26	4
845.55	0	234426	0	9635471360	9353129984	599.1	26	4
846.56	0	235166	0	9637068800	9353134080	705.3	26	4
847.56	0	235166	0	9636716544	9353138176	592.3	26	4
848.56	0	235578	0	9637269504	9353150464	615.4	26	4
849.57	0	235726	0	9636945920	9353150464	656.0	26	4
850.57	0	236301	0	9637765120	9353150464	596.7	26	4
851.58	0	236301	0	9636884480	9353150464	628.9	26	4
852.58	0	236713	0	9637838848	9353150464	672.6	26	4
853.59	0	236878	0	9638387712	9353150464	695.2	26	4
854.59	0	237455	0	9638989824	9353150464	661.0	26	4
855.59	0	237868	0	9639673856	9353154560	691.3	26	4
856.60	0	237868	0	9639444480	9353154560	621.7	26	4
857.60	0	238610	0	9640681472	9353154560	723.4	26	4
858.61	0	238610	0	9640439808	9353158656	662.9	26	4
859.61	0	239038	0	9640837120	9353158656	670.8	26	4
860.62	0	239186	0	9641717760	9353162752	650.2	26	4
861.62	0	239762	0	9642221568	9353162752	645.2	26	4
862.62	0	239762	0	9642110976	9353162752	660.6	26	4
863.63	0	240190	0	9642278912	9353162752	671.0	26	4
864.63	0	240947	0	9643622400	9353162752	663.3	26	4
865.64	0	240947	0	9641558016	9353162752	625.7	26	4
866.64	0	241375	0	9642479616	9353162752	618.6	26	4
867.64	0	241375	0	9642831872	9353162752	593.5	26	4
868.65	0	242098	0	9644052480	9353170944	659.1	26	4
869.65	0	242098	0	9643880448	9353175040	623.7	26	4
870.66	0	242525	0	9643556864	9353179136	679.5	26	4
871.66	0	242641	0	9644519424	9353183232	661.1	26	4
872.67	0	243251	0	9644810240	9353187328	696.1	26	4
873.67	0	243680	0	9645494272	9353187328	707.9	26	4
874.67	0	243680	0	9645268992	9353199616	661.1	26	4
875.68	0	244406	0	9646444544	9353203712	642.1	26	4
876.68	0	244406	0	9646387200	9353203712	654.4	26	4
877.69	0	244835	0	9647185920	9353203712	631.9	26	4
878.69	0	244982	0	9646022656	9353203712	606.0	26	4
879.69	0	245558	0	9646219264	9353203712	709.8	26	4
880.70	0	245558	0	9646161920	9353203712	639.8	26	4
881.70	0	245985	0	9646567424	9353203712	698.9	26	4
882.71	0	246166	0	9647669248	9353203712	651.7	26	4
883.71	0	246708	0	9647575040	9353203712	587.9	26	4
884.72	0	247118	0	9648291840	9353207808	699.5	26	4
885.72	0	247118	0	9648365568	9353207808	609.8	26	4
886.72	0	247858	0	9649303552	9353211904	700.5	26	4
887.73	0	247858	0	9649074176	9353216000	713.3	26	4
888.73	0	248285	0	9650057216	9353232384	670.4	26	4
889.74	0	248433	0	9649717248	9353240576	630.4	26	4
890.74	0	249010	0	9650704384	9353244672	628.5	26	4
891.75	0	249010	0	9650561024	9353248768	605.5	26	4
892.75	0	249423	0	9651351552	9353261056	691.1	26	4
893.75	0	249571	0	9651937280	9353261056	667.3	26	4
894.76	0	250149	0	9652301824	9353265152	619.8	26	4
895.76	0	250149	0	9652535296	9353265152	631.8	26	4
896.77	0	250593	0	9652461568	9353265152	715.8	26	4
897.77	0	250725	0	9652936704	9353273344	611.0	26	4
898.77	0	251301	0	9654087680	9353277440	612.4	26	4
899.78	0	251301	0	9653850112	9353285632	618.7	26	4
900.78	0	251745	0	9654370304	9353285632	718.7	26	4
901.79	0	251877	0	9654333440	9353285632	622.8	26	4
902.79	0	252469	0	9654710272	9353285632	674.4	26	4
903.79	0	252469	0	9654177792	9353310208	647.1	26	4
904.80	0	252898	0	9654132736	9353310208	617.5	26	4
905.80	0	253029	0	9654607872	9353310208	605.3	26	4
906.81	0	253605	0	9655332864	9353310208	655.1	26	4
907.81	0	253605	0	9654935552	9353310208	640.9	26	4
908.82	0	254033	0	9655308288	9353310208	616.1	26	4
909.82	0	254033	0	9656033280	9353314304	610.4	26	4
910.82	0	254759	0	9656803328	9353330688	666.8	26	4
911.83	0	254759	0	9657245696	9353330688	684.3	26	4
912.83	0	255189	0	9657987072	9353330688	667.0	26	4
913.84	0	255189	0	9658007552	9353330688	620.2	26	4
914.84	0	255914	0	9657827328	9354694656	629.8	26	4
915.84	0	255914	0	9657249792	9354694656	664.7	26	4
916.85	0	256358	0	9658007552	9354694656	672.4	26	4
917.85	0	256358	0	9657982976	9354694656	611.3	26	4
918.86	0	257082	0	9658810368	9354694656	664.8	26	4
919.86	0	257082	0	9658417152	9354694656	684.8	26	4
920.87	0	257509	0	9659289600	9354694656	623.9	26	4
921.87	0	257509	0	9658642432	9354694656	633.4	26	4
922.87	0	258234	0	9659355136	9354694656	683.4	26	4
923.88	0	258234	0	9659527168	9354694656	646.7	26	4
924.88	0	258645	0	9661530112	9354698752	658.9	26	4
925.89	0	258661	0	9661362176	9354706944	617.0	26	4
926.89	0	258825	0	9660162048	9354706944	619.1	26	4
927.89	0	259402	0	9661349888	9354706944	664.2	26	4
928.90	0	259829	0	9661595648	9354706944	660.5	26	4
929.90	0	259829	0	9661513728	9354715136	609.7	26	4
930.91	0	260571	0	9662873600	9354715136	641.9	26	4
931.91	0	260571	0	9662558208	9354715136	652.8	26	4
932.92	0	261016	0	9662889984	9354715136	618.6	26	4
933.92	0	261132	0	9663651840	9354715136	665.4	26	4
934.92	0	261773	0	9663709184	9354727424	617.9	26	4
935.93	0	261773	0	9663778816	9354739712	644.4	26	4
936.93	0	262218	0	9664446464	9354739712	641.1	26	4
937.94	0	262366	0	9664819200	9354739712	637.4	26	4
938.94	0	262957	0	9665462272	9354739712	594.2	26	4
939.94	0	262957	0	9665531904	9354743808	632.9	26	4
940.95	0	263402	0	9665740800	9354752000	656.4	26	4
941.95	0	263550	0	9665077248	9354752000	628.2	26	4
942.96	0	264158	0	9665900544	9354752000	729.0	26	4
943.96	0	264158	0	9665437696	9354752000	593.2	26	4
944.97	0	264586	0	9666269184	9354756096	625.1	26	4
945.97	0	265128	0	9667600384	9354756096	667.5	26	4
946.97	0	265342	0	9667710976	9354756096	684.4	26	4
947.98	0	265375	0	9667330048	9354756096	631.2	26	4
948.98	0	265786	0	9668050944	9354756096	631.7	26	4
949.99	0	265934	0	9668227072	9354756096	610.2	26	4
950.99	0	266528	0	9668341760	9354764288	669.5	26	4
951.99	0	266957	0	9669160960	9354764288	658.4	26	4
953.00	0	266957	0	9669001216	9354768384	651.5	26	4
954.00	0	267582	0	9670557696	9354797056	634.1	26	4
955.01	0	267697	0	9669734400	9354797056	707.6	26	4
956.01	0	267911	0	9670176768	9354797056	599.8	26	4
957.02	0	268124	0	9669877760	9354797056	648.9	26	4
958.02	0	268865	0	9670561792	9354797056	675.9	26	4
959.02	0	268865	0	9670688768	9354797056	614.6	26	4
960.03	0	269292	0	9671577600	9354797056	650.6	26	4
961.03	0	269292	0	9671630848	9354797056	615.5	26	4
962.04	0	270033	0	9672404992	9354797056	673.9	26	4
963.04	0	270033	0	9672298496	9354797056	633.6	26	4
964.04	0	270461	0	9672404992	9354805248	648.4	26	4
965.05	0	270461	0	9672777728	9354805248	609.0	26	4
966.05	0	271184	0	9672753152	9354805248	618.6	26	4
967.06	0	271184	0	9672855552	9354805248	646.5	26	4
968.06	0	271612	0	9673879552	9354805248	613.8	26	4
969.07	0	271612	0	9674297344	9354805248	589.8	26	4
970.07	0	272371	0	9674833920	9354813440	680.4	26	4
971.07	0	272371	0	9674969088	9354813440	637.9	26	4
972.08	0	272816	0	9675390976	9354813440	651.1	26	4
973.08	0	272816	0	9675472896	9354813440	658.2	26	4
974.09	0	273557	0	9677000704	9354825728	683.1	26	4
975.09	0	273557	0	9676709888	9354825728	622.0	26	4
976.09	0	273985	0	9677242368	9354825728	647.2	26	4
977.10	0	273985	0	9676873728	9354825728	580.4	26	4
978.10	0	274626	0	9678061568	9354846208	687.4	26	4
979.11	0	274725	0	9677512704	9354846208	628.9	26	4
980.11	0	274725	0	9677950976	9354854400	628.3	26	4
981.11	0	275168	0	9678970880	9354854400	661.8	26	4
982.12	0	275300	0	9679396864	9354858496	619.9	26	4
983.12	0	275909	0	9679179776	9354858496	653.9	26	4
984.13	0	275909	0	9678770176	9354858496	647.3	26	4
985.13	0	276354	0	9679659008	9354858496	623.5	26	4
986.14	0	276485	0	9679978496	9354858496	629.4	26	4
987.14	0	277094	0	9680736256	9354858496	656.2	26	4
988.14	0	277390	0	9680953344	9354858496	657.0	26	4
989.15	0	277538	0	9680920576	9354862592	627.2	26	4
990.15	0	278165	0	9681530880	9354862592	674.0	26	4
991.16	0	278264	0	9681797120	9354862592	621.4	26	4
992.16	0	278528	0	9682333696	9354862592	644.6	26	4
993.16	0	278710	0	9681977344	9354862592	631.4	26	4
994.17	0	279434	0	9682796544	9354969088	697.3	26	4
995.17	0	279434	0	9682505728	9354969088	646.2	26	4
996.18	0	279878	0	9683447808	9354969088	640.0	26	4
997.18	0	279878	0	9683734528	9354969088	631.2	26	4
998.18	0	280620	0	9684008960	9354969088	660.9	26	4
999.19	0	280620	0	9684463616	9354969088	632.4	26	4
1000.19	0	281081	0	9684787200	9354969088	699.2	26	4
1001.20	0	281081	0	9684860928	9354969088	619.6	26	4
1002.20	0	281804	0	9686163456	9354969088	621.5	26	4
1003.21	0	281804	0	9685929984	9354973184	623.5	26	4
1004.21	0	282248	0	9686171648	9354973184	656.1	26	4
1005.21	0	282248	0	9686351872	9354973184	577.3	26	4
1006.22	0	282972	0	9686818816	9354973184	702.4	26	4
1007.22	0	282972	0	9686720512	9354973184	629.2	26	4
1008.23	0	283433	0	9687240704	9354973184	679.1	26	4
1009.23	0	283433	0	9687212032	9354973184	626.5	26	4
1010.23	0	284143	0	9688293376	9354973184	637.3	26	4
1011.24	0	284143	0	9688326144	9354973184	688.7	26	4
1012.24	0	284588	0	9689092096	9354973184	644.3	26	4
1013.25	0	284588	0	9688305664	9354973184	671.4	26	4
1014.25	0	285312	0	9689878528	9354973184	720.7	26	4
1015.25	0	285312	0	9689227264	9354973184	629.7	26	4
1016.26	0	285756	0	9689899008	9354973184	618.6	26	4
1017.26	0	285756	0	9690730496	9354981376	627.3	26	4
1018.27	0	286464	0	9691115520	9354989568	663.2	26	4
1019.27	0	286464	0	9691381760	9354989568	678.1	26	4
1020.27	0	286907	0	9690685440	9354989568	661.3	26	4
1021.28	0	286907	0	9690828800	9354989568	587.4	26	4
1022.28	0	287614	0	9691742208	9354993664	647.0	26	4
1023.29	0	287614	0	9691643904	9354997760	668.1	26	4
1024.29	0	288057	0	9692143616	9354997760	630.2	26	4
1025.29	0	288057	0	9692274688	9354997760	645.3	26	4
1026.30	0	288781	0	9693495296	9354997760	680.7	26	4
1027.30	0	288781	0	9692450816	9354997760	626.9	26	4
1028.31	0	289226	0	9693536256	9354997760	640.0	26	4
1029.31	0	289358	0	9694613504	9355010048	674.8	26	4
1030.32	0	289968	0	9694773248	9355010048	666.0	26	4
1031.32	0	289968	0	9693954048	9355010048	631.7	26	4
1032.32	0	290430	0	9695559680	9355010048	634.3	26	4
1033.33	0	290562	0	9695481856	9355010048	662.8	26	4
1034.33	0	291154	0	9695477760	9355010048	617.7	26	4
1035.34	0	291154	0	9695477760	9355010048	661.6	26	4
1036.34	0	291614	0	9696739328	9355010048	672.9	26	4
1037.34	0	291878	0	9696952320	9355014144	621.0	26	4
1038.35	0	292338	0	9697517568	9355014144	705.1	26	4
1039.35	0	292781	0	9697456128	9355014144	678.7	26	4
1040.36	0	292781	0	9697394688	9355014144	630.6	26	4
1041.36	0	293521	0	9697873920	9355014144	681.2	26	4
1042.37	0	293521	0	9698041856	9355014144	613.8	26	4
1043.37	0	293965	0	9698795520	9355075584	672.0	26	4
1044.37	0	293965	0	9698410496	9355091968	649.5	26	4
1045.38	0	294704	0	9699655680	9355091968	600.0	26	4
1046.38	0	294704	0	9699905536	9355091968	645.6	26	4
1047.39	0	295148	0	9700278272	9355091968	589.4	26	4
1048.39	0	295297	0	9700306944	9355091968	638.1	26	4
1049.39	0	295889	0	9700327424	9355091968	598.0	26	4
1050.40	0	296351	0	9700782080	9355100160	696.7	26	4
1051.40	0	296351	0	9701380096	9355100160	628.3	26	4
1052.41	0	297107	0	9701801984	9355104256	654.9	26	4
1053.41	0	297107	0	9701519360	9355104256	562.4	26	4
1054.41	0	297567	0	9702170624	9355104256	646.3	26	4
1055.42	0	297715	0	9702871040	9355108352	620.8	26	4
1056.42	0	298306	0	9702871040	9355108352	604.1	26	4
1057.43	0	298306	0	9703161856	9355116544	634.7	26	4
1058.43	0	298749	0	9703256064	9355120640	566.2	26	4
1059.43	0	299438	0	9704534016	9355120640	679.3	26	4
1060.44	0	299504	0	9703608320	9355120640	614.0	26	4
1061.44	0	299948	0	9704378368	9355120640	614.8	26	4
1062.45	0	299948	0	9704505344	9355120640	660.3	26	4
1063.45	0	300720	0	9704972288	9355120640	695.9	26	4
1064.46	0	300720	0	9705029632	9355120640	628.8	26	4
1065.46	0	301163	0	9705373696	9355120640	675.7	26	4
1066.46	0	301312	0	9705316352	9355120640	642.1	26	4
1067.47	0	301922	0	9706266624	9355124736	623.5	26	4
1068.47	0	301922	0	9706168320	9355124736	674.4	26	4
1069.48	0	302385	0	9706102784	9355124736	670.1	26	4
1070.48	0	303142	0	9706983424	9355124736	626.6	26	4
1071.48	0	303142	0	9707212800	9355128832	636.8	26	4
1072.49	0	303586	0	9707794432	9355128832	665.0	26	4
1073.49	0	303586	0	9708056576	9355161600	610.8	26	4
1074.50	0	304342	0	9709264896	9355161600	735.1	26	4
1075.50	0	304342	0	9709133824	9355161600	616.0	26	4
1076.51	0	304803	0	9709879296	9355161600	627.4	26	4
1077.51	0	304803	0	9709772800	9355161600	674.5	26	4
1078.51	0	305559	0	9710321664	9355182080	650.2	26	4
1079.52	0	305559	0	9710612480	9355182080	651.5	26	4
1080.52	0	306004	0	9710616576	9355194368	674.7	26	4
1081.53	0	306168	0	9710972928	9355194368	618.9	26	4
1082.53	0	306776	0	9711390720	9355194368	653.8	26	4
1083.53	0	306776	0	9711468544	9355202560	587.9	26	4
1084.54	0	307221	0	9712414720	9355206656	675.3	26	4
1085.54	0	307385	0	9712336896	9355206656	652.8	26	4
1086.55	0	307980	0	9712852992	9355206656	670.3	26	4
1087.55	0	307980	0	9713369088	9355210752	633.1	26	4
1088.55	0	308409	0	9713381376	9355210752	633.8	26	4
1089.56	0	309101	0	9714388992	9355210752	687.5	26	4
1090.56	0	309167	0	9714122752	9355210752	630.3	26	4
1091.57	0	309594	0	9714782208	9355210752	612.3	26	4
1092.57	0	309594	0	9715146752	9355210752	653.2	26	4
1093.58	0	310334	0	9716658176	9355231232	643.4	26	4
1094.58	0	310334	0	9715118080	9355243520	610.6	26	4
1095.58	0	310778	0	9715789824	9355251712	655.6	26	4
1096.59	0	310778	0	9715093504	9355259904	614.1	26	4
1097.59	0	311517	0	9716920320	9355259904	662.4	26	4
1098.60	0	311517	0	9716527104	9355259904	651.4	26	4
1099.60	0	311977	0	9716781056	9355264000	610.7	26	4
1100.60	0	312126	0	9717260288	9355264000	670.5	26	4
1101.61	0	312717	0	9717903360	9355264000	659.3	26	4
1102.61	0	312931	0	9718296576	9355264000	681.5	26	4
1103.62	0	313162	0	9718624256	9355264000	656.7	26	4
1104.62	0	313689	0	9719132160	9355264000	635.0	26	4
1105.62	0	313904	0	9719607296	9355276288	658.9	26	4
1106.63	0	314333	0	9719709696	9355276288	631.0	26	4
1107.63	0	314333	0	9719820288	9355276288	601.2	26	4
1108.64	0	315075	0	9720692736	9355276288	645.1	26	4
1109.64	0	315075	0	9720508416	9355280384	694.8	26	4
1110.65	0	315536	0	9721028608	9355280384	608.2	26	4
1111.65	0	315536	0	9720782848	9355288576	627.7	26	4
1112.65	0	316095	0	9721860096	9355288576	652.1	26	4
1113.66	0	316275	0	9721135104	9355292672	626.0	26	4
1114.66	0	316703	0	9721909248	9355292672	685.0	26	4
1115.67	0	316703	0	9721561088	9355296768	657.7	26	4
1116.67	0	317443	0	9722466304	9355296768	711.8	26	4
1117.67	0	317443	0	9722642432	9355296768	637.0	26	4
1118.68	0	317887	0	9723236352	9355296768	613.9	26	4
1119.68	0	317887	0	9723133952	9355296768	619.1	26	4
1120.69	0	318627	0	9724477440	9355296768	698.1	26	4
1121.69	0	318627	0	9724416000	9355296768	605.7	26	4
1122.70	0	319071	0	9724846080	9355309056	633.1	26	4
1123.70	0	319071	0	9724268544	9355309056	638.1	26	4
1124.70	0	319812	0	9725386752	9355309056	679.3	26	4
1125.71	0	319812	0	9724981248	9355309056	623.6	26	4
1126.71	0	320258	0	9725345792	9355309056	624.6	26	4
1127.72	0	320258	0	9725550592	9355309056	596.3	26	4
1128.72	0	321001	0	9726713856	9355309056	615.1	26	4
1129.72	0	321001	0	9726754816	9355309056	654.2	26	4
1130.73	0	321445	0	9727455232	9355309056	649.2	26	4
1131.73	0	321445	0	9727070208	9355309056	585.8	26	4
1132.74	0	322169	0	9728139264	9355313152	668.6	26	4
1133.74	0	322169	0	9727602688	9355333632	690.6	26	4
1134.74	0	322629	0	9728122880	9355333632	660.1	26	4
1135.75	0	322629	0	9728438272	9355337728	599.1	26	4
1136.75	0	323354	0	9729372160	9355337728	618.8	26	4
1137.76	0	323354	0	9729470464	9355337728	637.6	26	4
1138.76	0	323798	0	9729679360	9355337728	637.6	26	4
1139.77	0	323798	0	9729671168	9355341824	706.7	26	4
1140.77	0	324538	0	9730383872	9355362304	663.3	26	4
1141.77	0	324538	0	9730248704	9355362304	608.7	26	4
1142.78	0	324965	0	9730895872	9355362304	616.7	26	4
1143.78	0	324965	0	9730183168	9355362304	669.8	26	4
1144.79	0	325706	0	9731121152	9355362304	643.3	26	4
1145.79	0	325706	0	9731072000	9355362304	676.9	26	4
1146.80	0	326134	0	9731665920	9355362304	626.0	26	4
1147.80	0	326134	0	9731973120	9355362304	621.4	26	4
1148.80	0	326894	0	9733275648	9355370496	623.0	26	4
1149.81	0	326894	0	9732919296	9355370496	632.1	26	4
1150.81	0	326910	0	9733038080	9355370496	639.4	26	4
1151.82	0	327322	0	9733292032	9355378688	646.1	26	4
1152.82	0	327487	0	9733345280	9355378688	656.3	26	4
1153.82	0	328078	0	9733672960	9355378688	655.4	26	4
1154.83	0	328078	0	9733832704	9355378688	624.6	26	4
1155.83	0	328506	0	9733996544	9355378688	625.4	26	4
1156.84	0	328654	0	9734283264	9355378688	706.4	26	4
1157.84	0	329246	0	9734905856	9355378688	664.5	26	4
1158.85	0	329246	0	9734606848	9355382784	614.3	26	4
1159.85	0	329675	0	9734664192	9355382784	666.5	26	4
1160.85	0	329889	0	9735692288	9355382784	645.6	26	4
1161.86	0	330431	0	9736118272	9355382784	637.6	26	4
1162.86	0	330876	0	9736998912	9355399168	643.4	26	4
1163.87	0	330876	0	9737605120	9355403264	642.5	26	4
1164.87	0	331633	0	9738211328	9355403264	652.9	26	4
1165.88	0	331633	0	9737924608	9355403264	627.8	26	4
1166.88	0	332062	0	9738477568	9355407360	619.3	26	4
1167.88	0	332062	0	9738219520	9355411456	648.1	26	4
1168.89	0	332838	0	9739530240	9355411456	659.8	26	4
1169.89	0	332838	0	9739161600	9355411456	645.8	26	4
1170.90	0	333266	0	9739825152	9355411456	672.3	26	4
1171.90	0	333266	0	9739378688	9355411456	649.0	26	4
1172.91	0	334040	0	9740386304	9355411456	659.4	26	4
1173.91	0	334040	0	9739698176	9355411456	645.6	26	4
1174.91	0	334484	0	9740808192	9355411456	713.0	26	4
1175.92	0	334631	0	9740541952	9355423744	679.6	26	4
1176.92	0	335240	0	9741017088	9355423744	646.0	26	4
1177.93	0	335240	0	9741123584	9355423744	619.2	26	4
1178.93	0	335667	0	9740242944	9355431936	656.5	26	4
1179.94	0	335667	0	9739689984	9355436032	670.8	26	4
1180.94	0	336424	0	9740656640	9355436032	658.7	26	4
1181.94	0	336424	0	9740509184	9355436032	660.5	26	4
1182.95	0	336852	0	9741119488	9355436032	630.7	26	4
1183.95	0	336852	0	9741021184	9355436032	624.8	26	4
1184.96	0	337609	0	9742057472	9355436032	596.9	26	4
1185.96	0	337609	0	9742172160	9355436032	642.1	26	4
1186.97	0	338053	0	9742938112	9355436032	642.3	26	4
1187.97	0	338102	0	9742610432	9355436032	618.2	26	4
1188.97	0	338811	0	9742950400	9355436032	651.0	26	4
1189.98	0	338811	0	9742929920	9355452416	649.8	26	4
1190.98	0	339255	0	9743654912	9355456512	635.5	26	4
1191.99	0	340028	0	9745829888	9355456512	684.8	26	4
1192.99	0	340028	0	9745002496	9355456512	596.4	26	4
1194.00	0	340455	0	9745432576	9355456512	631.6	26	4
1195.00	0	340455	0	9744539648	9355456512	631.5	26	4
1196.00	0	341194	0	9746059264	9355456512	622.7	26	4
1197.01	0	341194	0	9746108416	9355460608	642.4	26	4
1198.01	0	341638	0	9746644992	9355464704	627.9	26	4
1199.02	0	341638	0	9746878464	9355464704	619.7	26	4
1200.02	0	342393	0	9747791872	9355472896	683.1	26	4
1201.03	0	342393	0	9747861504	9355472896	606.0	26	4
1202.03	0	342835	0	9747353600	9355472896	623.5	26	4
1203.03	0	343000	0	9747857408	9355472896	668.2	26	4
1204.04	0	343591	0	9748672512	9355472896	625.9	26	4
1205.04	0	343804	0	9748869120	9355476992	660.2	26	4
1206.05	0	344050	0	9749745664	9355481088	637.8	26	4
1207.05	0	344808	0	9750695936	9355481088	658.0	26	4
1208.06	0	344808	0	9750544384	9355481088	633.4	26	4
1209.06	0	345254	0	9751527424	9355485184	630.6	26	4
1210.06	0	345254	0	9750880256	9355485184	636.3	26	4
1211.07	0	346012	0	9752055808	9357516800	658.5	26	4
1212.07	0	346012	0	9752219648	9357516800	621.9	26	4
1213.08	0	346455	0	9752547328	9357520896	645.1	26	4
1214.08	0	346603	0	9753223168	9357520896	668.2	26	4
1215.09	0	347212	0	9752727552	9357520896	583.3	26	4
1216.09	0	347212	0	9753403392	9357520896	650.0	26	4
1217.09	0	347656	0	9754210304	9357524992	649.0	26	4
1218.10	0	347804	0	9754005504	9357529088	645.6	26	4
1219.10	0	348411	0	9755525120	9357541376	621.0	26	4
1220.11	0	348411	0	9754537984	9357541376	605.8	26	4
1221.11	0	348872	0	9754390528	9357541376	636.0	26	4
1222.12	0	349399	0	9754812416	9357541376	658.5	26	4
1223.12	0	349630	0	9755295744	9357541376	647.5	26	4
1224.12	0	350074	0	9756446720	9357541376	636.2	26	4
1225.13	0	350074	0	9756028928	9357541376	655.1	26	4
1226.13	0	350832	0	9756954624	9357541376	651.5	26	4
1227.14	0	350832	0	9756377088	9357545472	651.5	26	4
1228.14	0	351294	0	9757544448	9357549568	615.5	26	4
1229.15	0	351294	0	9757212672	9357549568	619.4	26	4
1230.15	0	352052	0	9758371840	9357639680	665.8	26	4
1231.15	0	352052	0	9758236672	9357639680	678.2	26	4
1232.16	0	352496	0	9758490624	9357639680	623.3	26	4
1233.16	0	352496	0	9758429184	9357639680	653.7	26	4
1234.17	0	352858	0	9759211520	9357639680	629.5	26	4
1235.17	0	353236	0	9759166464	9357639680	630.3	26	4
1236.17	0	353236	0	9759047680	9357647872	641.0	26	4
1237.18	0	353681	0	9760182272	9357651968	639.4	26	4
1238.18	0	353845	0	9760378880	9357651968	662.9	26	4
1239.19	0	354437	0	9761099776	9357651968	650.5	26	4
1240.19	0	354437	0	9761742848	9357651968	603.8	26	4
1241.20	0	354880	0	9762689024	9357651968	633.5	26	4
1242.20	0	355407	0	9762832384	9357651968	659.1	26	4
1243.20	0	355621	0	9762541568	9357656064	624.7	26	4
1244.21	0	356082	0	9762996224	9357664256	716.6	26	4
1245.21	0	356082	0	9762533376	9357664256	618.6	26	4
1246.22	0	356823	0	9763258368	9357664256	711.6	26	4
1247.22	0	356823	0	9763102720	9357664256	577.6	26	4
1248.22	0	357285	0	9763770368	9357664256	665.7	26	4
1249.23	0	357433	0	9764089856	9357664256	666.5	26	4
1250.23	0	358027	0	9764917248	9357672448	652.2	26	4
1251.24	0	358027	0	9765015552	9357680640	659.5	26	4
1252.24	0	358471	0	9765322752	9357680640	663.0	26	4
1253.25	0	359228	0	9765912576	9357680640	695.6	26	4
1254.25	0	359228	0	9766260736	9357680640	594.0	26	4
1255.25	0	359656	0	9766858752	9357680640	628.2	26	4
1256.26	0	359656	0	9766363136	9357680640	704.4	26	4
1257.26	0	360413	0	9767088128	9357680640	653.7	26	4
1258.27	0	360413	0	9766793216	9357688832	641.1	26	4
1259.27	0	360857	0	9767669760	9357688832	657.8	26	4
1260.27	0	360857	0	9767182336	9357688832	623.6	26	4
1261.28	0	361629	0	9768349696	9357688832	676.9	26	4
1262.28	0	361629	0	9768804352	9357692928	637.8	26	4
1263.29	0	362057	0	9767845888	9357692928	605.6	26	4
1264.29	0	362221	0	9768079360	9357692928	634.4	26	4
1265.30	0	362830	0	9768960000	9357692928	694.8	26	4
1266.30	0	362830	0	9768730624	9357692928	619.1	26	4
1267.30	0	363276	0	9768853504	9357692928	653.9	26	4
1268.31	0	363440	0	9769549824	9357692928	711.7	26	4
1269.31	0	364051	0	9770160128	9357692928	653.4	26	4
1270.32	0	364249	0	9770377216	9357692928	637.7	26	4
1271.32	0	364479	0	9770864640	9357697024	665.2	26	4
1272.32	0	364791	0	9771540480	9357697024	670.6	26	4
1273.33	0	365236	0	9772023808	9357697024	635.3	26	4
1274.33	0	365236	0	9771294720	9357697024	603.9	26	4
1275.34	0	365664	0	9771786240	9357697024	703.4	26	4
1276.34	0	366321	0	9772580864	9357705216	669.4	26	4
1277.35	0	366420	0	9772785664	9357713408	617.9	26	4
1278.35	0	366715	0	9773350912	9357713408	623.6	26	4
1279.35	0	366863	0	9773404160	9357787136	600.9	26	4
1280.36	0	367011	0	9774469120	9357803520	630.1	26	4
1281.36	0	367603	0	9774702592	9357910016	655.4	26	4
1282.37	0	367603	0	9774141440	9357910016	639.7	26	4
1283.37	0	368031	0	9773637632	9357910016	608.9	26	4
1284.37	0	368195	0	9774096384	9357910016	621.3	26	4
1285.38	0	368771	0	9775292416	9357914112	649.9	26	4
1286.38	0	368771	0	9775116288	9357914112	606.5	26	4
1287.39	0	369215	0	9776283648	9357914112	633.5	26	4
1288.39	0	369990	0	9776484352	9357926400	683.7	26	4
1289.40	0	369990	0	9776234496	9357926400	600.9	26	4
1290.40	0	370435	0	9776947200	9357926400	694.0	26	4
1291.40	0	370435	0	9777127424	9357926400	671.6	26	4
1292.41	0	371206	0	9778184192	9357926400	618.3	26	4
1293.41	0	371206	0	9777123328	9357926400	653.9	26	4
1294.42	0	371633	0	9777819648	9357926400	645.3	26	4
1295.42	0	371797	0	9778380800	9357926400	627.3	26	4
1296.42	0	372403	0	9778884608	9357926400	698.2	26	4
1297.43	0	372403	0	9779101696	9357926400	608.1	26	4
1298.43	0	372830	0	9779015680	9357930496	656.6	26	4
1299.44	0	373290	0	9780322304	9357930496	630.1	26	4
1300.44	0	373602	0	9780731904	9357930496	618.4	26	4
1301.45	0	374029	0	9780764672	9357930496	655.4	26	4
1302.45	0	374029	0	9781063680	9357930496	669.7	26	4
1303.45	0	374816	0	9781522432	9357930496	665.0	26	4
1304.46	0	374816	0	9782083584	9357930496	622.1	26	4
1305.46	0	375260	0	9782177792	9357930496	656.8	26	4
1306.47	0	375425	0	9782140928	9357930496	651.6	26	4
1307.47	0	376018	0	9782829056	9357938688	634.0	26	4
1308.47	0	376018	0	9782910976	9357938688	692.5	26	4
1309.48	0	376463	0	9783619584	9357938688	649.8	26	4
1310.48	0	376628	0	9784070144	9357938688	615.3	26	4
1311.49	0	377237	0	9784373248	9358012416	665.4	26	4
1312.49	0	377450	0	9784782848	9358020608	656.0	26	4
1313.49	0	377681	0	9785040896	9358028800	627.3	26	4
1314.50	0	378454	0	9786208256	9358028800	702.9	26	4
1315.50	0	378454	0	9785638912	9358028800	655.8	26	4
1316.51	0	378881	0	9786724352	9358049280	604.8	26	4
1317.51	0	378881	0	9785987072	9358049280	677.4	26	4
1318.52	0	379637	0	9786785792	9358077952	681.5	26	4
1319.52	0	379637	0	9786667008	9358077952	633.5	26	4
1320.52	0	380082	0	9786679296	9358077952	688.9	26	4
1321.53	0	380246	0	9787285504	9358082048	651.5	26	4
1322.53	0	380837	0	9787781120	9358082048	613.8	26	4
1323.54	0	380837	0	9787949056	9358090240	643.2	26	4
1324.54	0	381265	0	9788502016	9358090240	632.2	26	4
1325.54	0	381429	0	9788219392	9358090240	623.7	26	4
1326.55	0	382038	0	9789374464	9358090240	633.6	26	4
1327.55	0	382038	0	9788887040	9358090240	599.3	26	4
1328.56	0	382467	0	9789644800	9358090240	612.3	26	4
1329.56	0	382648	0	9789837312	9358090240	661.9	26	4
1330.57	0	383258	0	9790394368	9358094336	676.4	26	4
1331.57	0	383258	0	9790754816	9358094336	570.5	26	4
1332.57	0	383685	0	9791352832	9358094336	591.3	26	4
1333.58	0	384392	0	9791922176	9358172160	666.5	26	4
1334.58	0	384458	0	9792425984	9358176256	599.6	26	4
1335.59	0	384901	0	9793019904	9358249984	702.0	26	4
1336.59	0	384901	0	9792950272	9358254080	617.6	26	4
1337.59	0	385672	0	9794015232	9358254080	717.4	26	4
1338.60	0	385672	0	9794228224	9358258176	597.1	26	4
1339.60	0	386116	0	9794084864	9358262272	648.8	26	4
1340.61	0	386280	0	9794363392	9358262272	644.6	26	4
1341.61	0	386888	0	9795076096	9358274560	687.3	26	4
1342.62	0	387332	0	9796096000	9358274560	684.4	26	4
1343.62	0	387332	0	9795121152	9358274560	685.3	26	4
1344.62	0	388103	0	9796124672	9358274560	633.3	26	4
1345.63	0	388103	0	9796513792	9358278656	637.7	26	4
1346.63	0	388531	0	9795796992	9358295040	622.8	26	4
1347.64	0	388713	0	9797533696	9358311424	683.5	26	4
1348.64	0	389323	0	9797173248	9358311424	634.8	26	4
1349.64	0	389323	0	9797124096	9358311424	598.2	26	4
1350.65	0	389752	0	9797595136	9358311424	706.8	26	4
1351.65	0	389933	0	9797607424	9358315520	654.0	26	4
1352.66	0	390525	0	9798017024	9358315520	661.2	26	4
1353.66	0	390525	0	9797828608	9358315520	628.4	26	4
1354.67	0	390953	0	9798340608	9358315520	599.7	26	4
1355.67	0	391134	0	9798909952	9358327808	648.4	26	4
1356.67	0	391725	0	9799553024	9358327808	653.4	26	4
1357.68	0	392103	0	9800126464	9358327808	657.5	26	4
1358.68	0	392153	0	9800040448	9358327808	703.7	26	4
1359.69	0	392908	0	9800851456	9358331904	642.9	26	4
1360.69	0	392908	0	9800855552	9358331904	697.6	26	4
1361.69	0	393335	0	9801605120	9358331904	620.0	26	4
1362.70	0	393335	0	9801142272	9358331904	618.4	26	4
1363.70	0	394108	0	9801981952	9358331904	639.8	26	4
1364.71	0	394108	0	9802452992	9358336000	645.0	26	4
1365.71	0	394537	0	9802788864	9358336000	657.3	26	4
1366.71	0	394537	0	9802944512	9358344192	611.6	26	4
1367.72	0	395327	0	9803726848	9358344192	642.1	26	4
1368.72	0	395327	0	9803980800	9358426112	648.8	26	4
1369.73	0	395757	0	9804009472	9358426112	638.2	26	4
1370.73	0	395757	0	9804214272	9358426112	625.5	26	4
1371.74	0	396513	0	9805025280	9358426112	636.9	26	4
1372.74	0	396513	0	9804578816	9358426112	633.4	26	4
1373.74	0	396940	0	9804963840	9358434304	616.5	26	4
1374.75	0	397121	0	9805045760	9358434304	631.9	26	4
1375.75	0	397730	0	9806467072	9358434304	636.8	26	4
1376.76	0	397730	0	9805701120	9358434304	639.5	26	4
1377.76	0	398157	0	9806573568	9358434304	672.9	26	4
1378.76	0	398338	0	9806970880	9358438400	679.2	26	4
1379.77	0	398929	0	9807298560	9358442496	601.1	26	4
1380.77	0	398929	0	9807474688	9358442496	610.2	26	4
1381.78	0	399357	0	9808310272	9358442496	679.0	26	4
1382.78	0	399538	0	9808572416	9358442496	646.4	26	4
1383.78	0	400146	0	9808269312	9358442496	638.7	26	4
1384.79	0	400146	0	9808592896	9358458880	635.4	26	4
1385.79	0	400556	0	9809309696	9358458880	631.9	26	4
1386.80	0	400738	0	9809784832	9358458880	607.5	26	4
1387.80	0	401348	0	9810391040	9358458880	669.5	26	4
1388.81	0	401348	0	9809989632	9358467072	656.9	26	4
1389.81	0	401777	0	9810378752	9358475264	640.5	26	4
1390.81	0	401942	0	9811058688	9358479360	592.8	26	4
1391.82	0	402552	0	9812226048	9358479360	657.5	26	4
1392.82	0	402552	0	9812279296	9358483456	723.2	26	4
1393.83	0	402979	0	9813024768	9358487552	606.8	26	4
1394.83	0	403144	0	9812664320	9358487552	609.7	26	4
1395.83	0	403735	0	9812975616	9358491648	713.0	26	4
1396.84	0	403735	0	9812066304	9358491648	617.2	26	4
1397.84	0	404163	0	9812860928	9358491648	657.8	26	4
1398.85	0	404328	0	9813049344	9358491648	625.8	26	4
1399.85	0	404936	0	9813426176	9358491648	610.9	26	4
1400.85	0	405002	0	9813848064	9358491648	698.5	26	4
1401.86	0	405380	0	9814024192	9358491648	615.0	26	4
1402.86	0	405906	0	9814679552	9358585856	651.0	26	4
1403.87	0	406137	0	9814843392	9358585856	699.7	26	4
1404.87	0	406580	0	9814855680	9358680064	620.6	26	4
1405.88	0	406580	0	9815408640	9358684160	678.4	26	4
1406.88	0	407338	0	9816379392	9358688256	649.1	26	4
1407.88	0	407338	0	9816260608	9358688256	599.2	26	4
1408.89	0	407783	0	9816145920	9358733312	710.5	26	4
1409.89	0	407930	0	9816145920	9358733312	647.4	26	4
1410.90	0	408523	0	9816449024	9358741504	630.7	26	4
1411.90	0	408523	0	9816805376	9358745600	593.3	26	4
1412.90	0	408965	0	9817370624	9358745600	680.2	26	4
1413.91	0	409130	0	9817423872	9358745600	606.1	26	4
1414.91	0	409720	0	9818275840	9358745600	604.7	26	4
1415.92	0	409720	0	9818226688	9358745600	631.9	26	4
1416.92	0	410180	0	9818771456	9358745600	635.0	26	4
1417.92	0	410311	0	9819074560	9358794752	570.9	26	4
1418.93	0	410919	0	9819525120	9358794752	688.7	26	4
1419.93	0	411379	0	9819971584	9358794752	634.4	26	4
1420.94	0	411379	0	9819910144	9358798848	603.1	26	4
1421.94	0	412118	0	9821011968	9358798848	672.5	26	4
1422.95	0	412118	0	9820774400	9358798848	591.7	26	4
1423.95	0	412577	0	9821429760	9358798848	723.0	26	4
1424.95	0	412577	0	9821413376	9358798848	693.8	26	4
1425.96	0	413301	0	9821593600	9358798848	677.4	26	4
1426.96	0	413301	0	9822236672	9358802944	679.6	26	4
1427.97	0	413729	0	9822511104	9358802944	684.2	26	4
1428.97	0	413729	0	9822793728	9358802944	630.2	26	4
1429.97	0	414455	0	9823391744	9358802944	651.6	26	4
1430.98	0	414455	0	9823125504	9358815232	679.0	26	4
1431.98	0	414898	0	9823993856	9358815232	690.7	26	4
1432.99	0	414898	0	9823637504	9358815232	692.9	26	4
1433.99	0	415605	0	9825112064	9358823424	638.0	26	4
1435.00	0	415605	0	9824190464	9358823424	638.7	26	4
1436.00	0	416033	0	9825165312	9358823424	627.3	26	4
1437.00	0	416033	0	9825103872	9358823424	611.0	26	4
1438.01	0	416494	0	9826529280	9358823424	656.4	26	4
1439.01	0	416707	0	9826635776	9358823424	630.9	26	4
1440.02	0	416707	0	9825554432	9358823424	647.0	26	4
1441.02	0	417135	0	9825943552	9358823424	660.3	26	4
1442.02	0	417135	0	9826185216	9358823424	610.8	26	4
1443.03	0	417826	0	9827405824	9358823424	644.5	26	4
1444.03	0	417826	0	9826906112	9358827520	620.7	26	4
1445.04	0	418237	0	9828413440	9358827520	725.0	26	4
1446.04	0	418352	0	9827647488	9358827520	653.5	26	4
1447.05	0	418782	0	9828179968	9358843904	641.0	26	4
1448.05	0	419177	0	9829093376	9358843904	729.3	26	4
1449.05	0	419177	0	9829486592	9358843904	739.1	26	4
1450.06	0	419654	0	9829920768	9358843904	700.4	26	4
1451.06	0	419654	0	9830121472	9358848000	689.4	26	4
1452.07	0	419933	0	9830670336	9358848000	644.5	26	4
1453.07	0	420065	0	9829986304	9358852096	645.0	26	4
1454.07	0	420625	0	9830486016	9358852096	665.5	26	4
1455.08	0	420625	0	9831178240	9358856192	630.5	26	4
1456.08	0	421087	0	9831198720	9358856192	684.9	26	4
1457.09	0	421219	0	9831309312	9358856192	601.2	26	4
1458.09	0	421812	0	9831788544	9358856192	625.9	26	4
1459.09	0	421812	0	9832165376	9358856192	656.7	26	4
1460.10	0	422273	0	9832099840	9358856192	639.5	26	4
1461.10	0	422421	0	9832062976	9358856192	636.8	26	4
1462.11	0	423013	0	9832501248	9358856192	679.5	26	4
1463.11	0	423013	0	9832439808	9358856192	601.2	26	4
1464.12	0	423457	0	9833148416	9358856192	602.1	26	4
1465.12	0	424215	0	9834070016	9358856192	693.3	26	4
1466.12	0	424215	0	9834033152	9358856192	598.9	26	4
1467.13	0	424643	0	9834467328	9358856192	715.8	26	4
1468.13	0	424807	0	9834799104	9358856192	632.3	26	4
1469.14	0	425399	0	9835229184	9358856192	614.1	26	4
1470.14	0	425399	0	9835446272	9358856192	596.4	26	4
1471.14	0	425844	0	9834786816	9358864384	696.3	26	4
1472.15	0	425992	0	9835413504	9358864384	620.8	26	4
1473.15	0	426602	0	9835614208	9358864384	644.8	26	4
1474.16	0	426602	0	9835290624	9358864384	608.1	26	4
1475.16	0	427048	0	9835839488	9358864384	641.9	26	4
1476.16	0	427213	0	9836068864	9358864384	618.0	26	4
1477.17	0	427805	0	9837969408	9358872576	707.9	26	4
1478.17	0	428249	0	9838039040	9358872576	617.5	26	4
1479.18	0	428249	0	9837232128	9359011840	649.3	26	4
1480.18	0	428447	0	9837244416	9359015936	603.0	26	4
1481.19	0	429006	0	9836978176	9359015936	636.3	26	4
1482.19	0	429006	0	9836494848	9359015936	584.3	26	4
1483.20	0	429433	0	9837195264	9359015936	658.7	26	4
1484.20	0	429597	0	9837494272	9359015936	654.2	26	4
1485.20	0	430188	0	9837912064	9359015936	600.9	26	4
1486.21	0	430188	0	9838698496	9359015936	609.5	26	4
1487.21	0	430633	0	9839161344	9359024128	694.9	26	4
1488.22	0	430797	0	9839521792	9359028224	625.8	26	4
1489.22	0	431405	0	9840238592	9359028224	626.6	26	4
1490.23	0	431833	0	9840627712	9359028224	623.5	26	4
1491.23	0	431833	0	9840238592	9359028224	617.2	26	4
1492.23	0	432491	0	9841373184	9359032320	661.5	26	4
1493.24	0	432607	0	9841696768	9359032320	577.0	26	4
1494.24	0	432607	0	9841844224	9359036416	573.5	26	4
1495.25	0	433035	0	9842286592	9359036416	655.8	26	4
1496.25	0	433414	0	9842290688	9359036416	639.0	26	4
1497.25	0	433792	0	9842958336	9359036416	593.0	26	4
1498.26	0	433792	0	9842511872	9359036416	609.2	26	4
1499.26	0	434234	0	9843064832	9359036416	591.5	26	4
1500.27	0	434398	0	9843470336	9359036416	621.8	26	4
1501.27	0	434990	0	9844387840	9359036416	663.8	26	4
1502.28	0	435121	0	9844224000	9359036416	628.3	26	4
1503.28	0	435433	0	9844662272	9359036416	596.7	26	4
1504.28	0	435941	0	9845313536	9359036416	638.3	26	4
1505.29	0	436187	0	9845534720	9359040512	646.7	26	4
1506.29	0	436631	0	9846005760	9359040512	598.0	26	4
1507.30	0	436631	0	9845866496	9359040512	590.4	26	4
1508.30	0	437024	0	9846673408	9359040512	617.0	26	4
1509.31	0	437401	0	9846673408	9359040512	668.5	26	4
1510.31	0	437401	0	9846730752	9359040512	635.3	26	4
1511.31	0	437828	0	9847111680	9359040512	632.4	26	4
1512.32	0	438586	0	9848299520	9359040512	657.9	26	4
1513.32	0	438586	0	9848172544	9359040512	676.9	26	4
1514.33	0	439016	0	9848721408	9359040512	651.5	26	4
1515.33	0	439016	0	9848418304	9359040512	621.9	26	4
1516.33	0	439773	0	9849331712	9359040512	627.1	26	4
1517.34	0	439773	0	9848725504	9359048704	682.8	26	4
1518.34	0	440201	0	9849667584	9359048704	605.7	26	4
1519.35	0	440201	0	9849630720	9359048704	615.2	26	4
1520.35	0	440958	0	9851047936	9359048704	631.9	26	4
1521.36	0	440958	0	9850683392	9359052800	677.3	26	4
1522.36	0	441386	0	9850925056	9359052800	645.6	26	4
1523.36	0	441386	0	9850826752	9359052800	602.5	26	4
1524.37	0	442127	0	9851367424	9359052800	681.7	26	4
1525.37	0	442127	0	9851789312	9359052800	680.7	26	4
1526.38	0	442571	0	9851973632	9359052800	595.0	26	4
1527.38	0	442571	0	9852133376	9359052800	608.5	26	4
1528.39	0	443327	0	9852624896	9359052800	644.4	26	4
1529.39	0	443327	0	9852473344	9359052800	664.1	26	4
1530.39	0	443755	0	9852882944	9359056896	615.0	26	4
1531.40	0	443755	0	9852973056	9359056896	606.5	26	4
1532.40	0	444530	0	9854263296	9359056896	643.5	26	4
1533.41	0	444530	0	9854291968	9359060992	620.4	26	4
1534.41	0	444958	0	9854484480	9359069184	650.9	26	4
1535.42	0	445123	0	9854849024	9359069184	650.7	26	4
1536.42	0	445716	0	9854910464	9359069184	621.5	26	4
1537.42	0	445716	0	9855332352	9359069184	607.3	26	4
1538.43	0	446159	0	9855258624	9359069184	663.6	26	4
1539.43	0	446324	0	9855488000	9359069184	614.2	26	4
1540.44	0	446899	0	9856356352	9359069184	637.7	26	4
1541.44	0	447358	0	9856610304	9359069184	683.8	26	4
1542.44	0	447358	0	9857056768	9359069184	619.1	26	4
1543.45	0	448097	0	9857937408	9359069184	645.4	26	4
1544.45	0	448097	0	9857982464	9359069184	629.0	26	4
1545.46	0	448541	0	9857384448	9359069184	627.9	26	4
1546.46	0	448541	0	9857998848	9359069184	654.2	26	4
1547.47	0	449297	0	9858879488	9359073280	697.7	26	4
1548.47	0	449297	0	9858994176	9359077376	614.5	26	4
1549.47	0	449740	0	9859895296	9359077376	668.0	26	4
1550.48	0	449904	0	9860435968	9359077376	688.7	26	4
1551.48	0	450497	0	9860984832	9359077376	655.2	26	4
1552.49	0	450497	0	9859764224	9359077376	615.4	26	4
1553.49	0	450925	0	9860784128	9359077376	629.3	26	4
1554.50	0	451090	0	9860501504	9359077376	647.7	26	4
1555.50	0	451701	0	9861349376	9359077376	715.9	26	4
1556.50	0	451701	0	9861578752	9359081472	626.0	26	4
1557.51	0	452145	0	9861632000	9359081472	613.0	26	4
1558.51	0	452293	0	9861869568	9359081472	627.9	26	4
1559.52	0	452902	0	9862586368	9359081472	718.3	26	4
1560.52	0	452935	0	9862660096	9359081472	643.5	26	4
1561.52	0	453346	0	9863610368	9359081472	642.5	26	4
1562.53	0	453593	0	9863372800	9359081472	640.3	26	4
1563.53	0	454103	0	9863483392	9359081472	652.0	26	4
1564.54	0	454547	0	9864433664	9359101952	645.7	26	4
1565.54	0	454547	0	9864204288	9359101952	647.8	26	4
1566.55	0	455288	0	9864962048	9359101952	655.7	26	4
1567.55	0	455288	0	9864941568	9359114240	623.0	26	4
1568.55	0	455732	0	9865461760	9359118336	587.2	26	4
1569.56	0	455732	0	9865981952	9359118336	626.7	26	4
1570.56	0	456488	0	9866002432	9359122432	695.2	26	4
1571.57	0	456488	0	9866698752	9359126528	692.8	26	4
1572.57	0	456933	0	9867108352	9359126528	590.5	26	4
1573.58	0	456933	0	9866866688	9359126528	606.9	26	4
1574.58	0	457693	0	9867362304	9359126528	632.5	26	4
1575.58	0	457693	0	9867198464	9359138816	667.5	26	4
1576.59	0	458154	0	9867849728	9359138816	599.7	26	4
1577.59	0	458154	0	9867915264	9359138816	621.5	26	4
1578.60	0	458895	0	9869193216	9359138816	734.6	26	4
1579.60	0	458895	0	9868693504	9359142912	638.4	26	4
1580.60	0	459339	0	9869160448	9359142912	609.1	26	4
1581.61	0	459339	0	9869344768	9359142912	629.7	26	4
1582.61	0	460080	0	9870262272	9359142912	685.3	26	4
1583.62	0	460080	0	9870327808	9359142912	616.6	26	4
1584.62	0	460524	0	9870540800	9359142912	576.8	26	4
1585.63	0	460524	0	9870823424	9359142912	598.8	26	4
1586.63	0	461265	0	9871712256	9359142912	711.1	26	4
1587.63	0	461265	0	9871663104	9359142912	592.7	26	4
1588.64	0	461709	0	9871855616	9359142912	658.4	26	4
1589.64	0	461874	0	9872621568	9359151104	635.4	26	4
1590.65	0	462449	0	9872609280	9359151104	667.5	26	4
1591.65	0	462449	0	9872764928	9359151104	602.2	26	4
1592.65	0	462911	0	9873391616	9359151104	663.6	26	4
1593.66	0	463060	0	9873096704	9359151104	642.0	26	4
1594.66	0	463637	0	9873965056	9359151104	582.5	26	4
1595.67	0	463637	0	9874169856	9359159296	639.2	26	4
1596.67	0	464082	0	9874493440	9359175680	692.3	26	4
1597.68	0	464230	0	9874165760	9359175680	609.4	26	4
1598.68	0	464838	0	9874862080	9359175680	648.4	26	4
1599.68	0	464838	0	9875046400	9359175680	668.9	26	4
1600.69	0	465282	0	9874440192	9359179776	611.5	26	4
1601.69	0	466022	0	9876062208	9359179776	688.6	26	4
1602.70	0	466022	0	9875628032	9359179776	638.4	26	4
1603.70	0	466450	0	9876312064	9359179776	607.4	26	4
1604.70	0	466450	0	9875914752	9359179776	574.0	26	4
1605.71	0	467191	0	9877004288	9359179776	698.7	26	4
1606.71	0	467191	0	9876525056	9359179776	651.4	26	4
1607.72	0	467619	0	9877209088	9359179776	626.3	26	4
1608.72	0	467619	0	9877520384	9359179776	591.1	26	4
1609.72	0	468145	0	9878212608	9359179776	637.5	26	4
1610.73	0	468359	0	9878249472	9359179776	644.8	26	4
1611.73	0	468770	0	9878532096	9359179776	685.6	26	4
1612.74	0	468803	0	9878487040	9359179776	643.9	26	4
1613.74	0	469298	0	9879535616	9359179776	621.1	26	4
1614.75	0	469545	0	9879441408	9359179776	646.9	26	4
1615.75	0	469908	0	9880363008	9359179776	672.2	26	4
1616.75	0	469990	0	9879527424	9359179776	681.2	26	4
1617.76	0	470139	0	9879552000	9359179776	614.8	26	4
1618.76	0	470714	0	9880424448	9359179776	618.8	26	4
1619.77	0	470763	0	9880260608	9359179776	620.1	26	4
1620.77	0	471141	0	9880555520	9359306752	677.0	26	4
1621.77	0	471881	0	9881706496	9359306752	621.8	26	4
1622.78	0	471881	0	9882435584	9359306752	704.6	26	4
1623.78	0	472308	0	9882034176	9359306752	631.9	26	4
1624.79	0	472308	0	9881534464	9359306752	584.8	26	4
1625.79	0	473049	0	9882492928	9359306752	682.2	26	4
1626.79	0	473049	0	9882755072	9359306752	644.1	26	4
1627.80	0	473476	0	9883283456	9359306752	675.6	26	4
1628.80	0	473640	0	9883631616	9359306752	646.4	26	4
1629.81	0	474216	0	9884098560	9359306752	633.6	26	4
1630.81	0	474216	0	9884213248	9359306752	608.9	26	4
1631.82	0	474644	0	9885257728	9359306752	633.3	26	4
1632.82	0	474809	0	9885294592	9359310848	663.1	26	4
1633.82	0	475403	0	9885868032	9359310848	619.8	26	4
1634.83	0	475403	0	9885102080	9359310848	667.4	26	4
1635.83	0	475799	0	9885782016	9359310848	700.8	26	4
1636.84	0	475964	0	9885835264	9359327232	650.8	26	4
1637.84	0	476540	0	9886384128	9359327232	610.8	26	4
1638.84	0	476540	0	9886818304	9359327232	638.0	26	4
1639.85	0	476950	0	9887342592	9359327232	617.5	26	4
1640.85	0	477131	0	9887449088	9359327232	577.1	26	4
1641.86	0	477707	0	9887657984	9359327232	667.6	26	4
1642.86	0	477937	0	9887768576	9359327232	658.2	26	4
1643.87	0	478135	0	9888104448	9359327232	665.6	26	4
1644.87	0	478875	0	9888559104	9359327232	663.8	26	4
1645.87	0	478875	0	9889079296	9359327232	586.2	26	4
1646.88	0	479286	0	9889533952	9359327232	584.1	26	4
1647.88	0	479286	0	9889173504	9359327232	637.4	26	4
1648.89	0	480043	0	9889828864	9359327232	634.8	26	4
1649.89	0	480043	0	9889718272	9359327232	634.7	26	4
1650.89	0	480454	0	9890570240	9359327232	645.6	26	4
1651.90	0	480635	0	9891160064	9359331328	679.6	26	4
1652.90	0	481229	0	9891876864	9359331328	629.2	26	4
1653.91	0	481229	0	9891401728	9359331328	608.7	26	4
1654.91	0	481659	0	9892089856	9359331328	656.6	26	4
1655.92	0	481840	0	9892290560	9359331328	625.1	26	4
1656.92	0	482432	0	9893244928	9359331328	614.4	26	4
1657.92	0	482761	0	9893228544	9359331328	644.7	26	4
1658.93	0	482844	0	9893302272	9359331328	683.8	26	4
1659.93	0	483616	0	9893785600	9359331328	655.7	26	4
1660.94	0	483616	0	9894088704	9359331328	646.4	26	4
1661.94	0	484027	0	9893863424	9359331328	629.2	26	4
1662.94	0	484027	0	9893863424	9359331328	613.6	26	4
1663.95	0	484784	0	9895075840	9359331328	661.8	26	4
1664.95	0	484784	0	9894989824	9359331328	610.8	26	4
1665.96	0	485195	0	9895518208	9359331328	665.4	26	4
1666.96	0	485228	0	9895882752	9359335424	626.0	26	4
1667.96	0	485952	0	9896837120	9359433728	646.7	26	4
1668.97	0	485952	0	9897009152	9359433728	755.9	26	4
1669.97	0	486363	0	9898119168	9359523840	710.8	26	4
1670.98	0	486363	0	9897652224	9359523840	655.1	26	4
1671.98	0	487055	0	9897992192	9359532032	630.1	26	4
1672.99	0	487055	0	9898147840	9359540224	740.6	26	4
1673.99	0	487434	0	9899417600	9359548416	806.3	26	4
1674.99	0	487434	0	9898602496	9359548416	779.3	26	4
1676.00	0	487434	0	9898668032	9359548416	624.1	26	4
1677.00	0	487599	0	9898901504	9359548416	677.7	26	4
1678.01	0	488077	0	9899044864	9359548416	635.9	26	4
1679.01	0	488077	0	9899470848	9359572992	652.0	26	4
1680.02	0	488408	0	9900167168	9359572992	636.3	26	4
1681.02	0	488408	0	9899941888	9359577088	612.9	26	4
1682.02	0	488556	0	9900015616	9359581184	717.4	26	4
1683.03	0	489083	0	9900343296	9359581184	813.5	26	4
1684.03	0	489083	0	9900457984	9359581184	588.2	26	4
1685.04	0	489462	0	9900666880	9359581184	603.1	26	4
1686.04	0	489462	0	9900568576	9359581184	637.2	26	4
1687.04	0	490121	0	9901412352	9359581184	624.7	26	4
1688.05	0	490121	0	9901518848	9359581184	698.3	26	4
1689.05	0	490499	0	9902268416	9359581184	673.0	26	4
1690.06	0	490499	0	9902157824	9359585280	616.8	26	4
1691.06	0	491224	0	9902604288	9359585280	600.6	26	4
1692.06	0	491224	0	9902383104	9359585280	669.1	26	4
1693.07	0	491653	0	9902854144	9359585280	657.1	26	4
1694.07	0	491653	0	9903058944	9359585280	689.5	26	4
1695.08	0	492410	0	9903521792	9359593472	587.9	26	4
1696.08	0	492410	0	9903288320	9359593472	603.4	26	4
1697.09	0	492821	0	9904275456	9359593472	595.1	26	4
1698.09	0	492821	0	9904525312	9359593472	655.4	26	4
1699.09	0	493561	0	9905254400	9359613952	621.8	26	4
1700.10	0	493561	0	9904783360	9359613952	657.1	26	4
1701.10	0	493990	0	9905217536	9359613952	660.1	26	4
1702.11	0	494055	0	9905311744	9359613952	653.3	26	4
1703.11	0	494746	0	9905586176	9359613952	656.7	26	4
1704.11	0	494746	0	9905774592	9359613952	602.6	26	4
1705.12	0	495157	0	9906561024	9359613952	635.1	26	4
1706.12	0	495157	0	9906253824	9359613952	626.7	26	4
1707.13	0	495896	0	9907228672	9359613952	680.6	26	4
1708.13	0	495896	0	9907544064	9359683584	661.8	26	4
1709.13	0	496323	0	9907519488	9359683584	633.6	26	4
1710.14	0	496488	0	9907793920	9359683584	629.6	26	4
1711.14	0	497063	0	9908576256	9359683584	612.1	26	4
1712.15	0	497063	0	9908408320	9359683584	678.7	26	4
1713.15	0	497492	0	9908609024	9359683584	642.7	26	4
1714.16	0	497656	0	9908678656	9359683584	563.7	26	4
1715.16	0	498232	0	9908822016	9359683584	586.1	26	4
1716.16	0	498232	0	9908678656	9359683584	661.2	26	4
1717.17	0	498659	0	9909530624	9359683584	648.4	26	4
1718.17	0	498823	0	9909698560	9359683584	653.3	26	4
1719.18	0	499397	0	9910370304	9359683584	632.4	26	4
1720.18	0	499397	0	9910800384	9359691776	600.6	26	4
1721.18	0	499824	0	9911734272	9359691776	668.4	26	4
1722.19	0	500579	0	9912696832	9359691776	651.9	26	4
1723.19	0	500579	0	9911914496	9359691776	558.7	26	4
1724.20	0	501006	0	9912934400	9359708160	652.4	26	4
1725.20	0	501006	0	9912815616	9359708160	632.6	26	4
1726.20	0	501745	0	9913962496	9359708160	637.9	26	4
1727.21	0	501745	0	9912713216	9359708160	682.0	26	4
1728.21	0	502188	0	9914273792	9359712256	737.3	26	4
1729.22	0	502336	0	9914470400	9359712256	724.7	26	4
1730.22	0	502879	0	9915150336	9359712256	611.3	26	4
1731.23	0	502879	0	9915179008	9359712256	682.8	26	4
1732.23	0	503209	0	9915060224	9359712256	695.4	26	4
1733.23	0	503358	0	9915428864	9359712256	598.0	26	4
1734.24	0	503837	0	9915547648	9359712256	650.5	26	4
1735.24	0	503837	0	9915305984	9359720448	682.9	26	4
1736.25	0	504199	0	9915592704	9359720448	620.3	26	4
1737.25	0	504347	0	9916407808	9359720448	599.5	26	4
1738.25	0	504874	0	9916223488	9359724544	641.3	26	4
1739.26	0	504874	0	9916571648	9359724544	631.0	26	4
1740.26	0	505252	0	9917112320	9359724544	624.4	26	4
1741.27	0	505401	0	9917714432	9359724544	691.4	26	4
1742.27	0	505911	0	9918361600	9359728640	674.3	26	4
1743.27	0	505911	0	9918013440	9359728640	583.8	26	4
1744.28	0	506289	0	9917767680	9359728640	646.4	26	4
1745.28	0	506421	0	9918414848	9359728640	631.0	26	4
1746.29	0	506883	0	9919176704	9359728640	678.7	26	4
1747.29	0	507131	0	9918857216	9359728640	698.6	26	4
1748.29	0	507131	0	9918676992	9359728640	665.5	26	4
1749.30	0	507743	0	9919774720	9359728640	690.0	26	4
1750.30	0	507743	0	9919623168	9359728640	629.6	26	4
1751.31	0	508091	0	9920741376	9359728640	605.4	26	4
1752.31	0	508091	0	9920684032	9359728640	654.0	26	4
1753.31	0	508750	0	9920741376	9359728640	712.3	26	4
1754.32	0	508750	0	9920749568	9359728640	627.8	26	4
1755.32	0	509178	0	9920577536	9359728640	626.8	26	4
1756.33	0	509178	0	9920897024	9359728640	619.6	26	4
1757.33	0	509852	0	9922093056	9359736832	628.4	26	4
1758.34	0	509852	0	9921720320	9359736832	562.0	26	4
1759.34	0	510263	0	9922662400	9359736832	632.7	26	4
1760.34	0	510263	0	9922740224	9359736832	618.1	26	4
1761.35	0	510954	0	9923465216	9359736832	647.5	26	4
1762.35	0	510954	0	9923174400	9359745024	681.4	26	4
1763.36	0	511349	0	9923211264	9359749120	705.7	26	4
1764.36	0	511349	0	9923547136	9359777792	645.4	26	4
1765.36	0	512023	0	9924190208	9359777792	644.3	26	4
1766.37	0	512023	0	9924239360	9359777792	628.1	26	4
1767.37	0	512353	0	9924661248	9359777792	616.3	26	4
1768.38	0	512470	0	9925267456	9359790080	637.1	26	4
1769.38	0	512998	0	9925378048	9359790080	601.2	26	4
1770.38	0	512998	0	9925656576	9359790080	592.8	26	4
1771.39	0	513410	0	9925918720	9359790080	698.5	26	4
1772.39	0	513558	0	9926594560	9359790080	663.9	26	4
1773.40	0	514084	0	9926930432	9359790080	635.3	26	4
1774.40	0	514084	0	9926479872	9359790080	692.1	26	4
1775.41	0	514479	0	9926823936	9359794176	628.2	26	4
1776.41	0	514627	0	9927254016	9359794176	648.3	26	4
1777.41	0	515170	0	9927782400	9359794176	682.5	26	4
1778.42	0	515170	0	9927602176	9359794176	643.5	26	4
1779.42	0	515548	0	9927168000	9359794176	644.4	26	4
1780.43	0	515697	0	9927196672	9359794176	639.3	26	4
1781.43	0	516207	0	9926971392	9359794176	725.7	26	4
1782.44	0	516207	0	9926725632	9359794176	662.8	26	4
1783.44	0	516618	0	9927573504	9359794176	670.4	26	4
1784.44	0	516734	0	9927454720	9359794176	618.9	26	4
1785.45	0	517261	0	9928466432	9359794176	637.2	26	4
1786.45	0	517261	0	9928220672	9359794176	604.2	26	4
1787.46	0	517674	0	9928863744	9359794176	672.4	26	4
1788.46	0	517674	0	9928265728	9359794176	650.2	26	4
1789.47	0	518382	0	9929572352	9359794176	638.9	26	4
1790.47	0	518382	0	9929056256	9359794176	669.9	26	4
1791.47	0	518778	0	9929461760	9359794176	624.3	26	4
1792.48	0	518778	0	9929785344	9359798272	652.2	26	4
1793.48	0	519502	0	9930866688	9359798272	626.7	26	4
1794.49	0	519502	0	9931325440	9359806464	645.1	26	4
1795.49	0	519897	0	9931857920	9359806464	628.3	26	4
1796.49	0	519897	0	9931522048	9359810560	616.9	26	4
1797.50	0	520621	0	9932840960	9359810560	637.4	26	4
1798.50	0	520621	0	9932554240	9359810560	640.6	26	4
1799.51	0	521032	0	9932283904	9359810560	670.6	26	4
1800.51	0	521032	0	9932886016	9359810560	718.9	26	4
1801.52	0	521739	0	9934106624	9359810560	686.7	26	4
1802.52	0	521739	0	9934249984	9359810560	703.9	26	4
1803.52	0	522052	0	9934626816	9359810560	652.0	26	4
1804.53	0	522052	0	9933791232	9359810560	646.0	26	4
1805.53	0	522713	0	9934372864	9359810560	652.8	26	4
1806.54	0	522713	0	9934598144	9359810560	700.3	26	4
1807.54	0	522994	0	9935314944	9359810560	673.9	26	4
1808.54	0	523044	0	9935433728	9359814656	616.7	26	4
1809.55	0	523225	0	9935646720	9359814656	628.9	26	4
1810.55	0	523752	0	9936449536	9359814656	636.0	26	4
1811.56	0	523752	0	9936072704	9359814656	655.3	26	4
1812.56	0	524163	0	9936691200	9359814656	632.1	26	4
1813.56	0	524327	0	9937186816	9359814656	651.5	26	4
1814.57	0	524886	0	9937420288	9359814656	659.1	26	4
1815.57	0	524886	0	9937108992	9359814656	576.4	26	4
1816.58	0	525297	0	9937354752	9359814656	641.2	26	4
1817.58	0	525462	0	9937870848	9359814656	679.9	26	4
1818.59	0	526022	0	9938173952	9359814656	642.7	26	4
1819.59	0	526022	0	9938362368	9359814656	621.1	26	4
1820.59	0	526368	0	9938710528	9359814656	615.6	26	4
1821.60	0	526532	0	9938780160	9359818752	729.8	26	4
1822.60	0	527059	0	9939415040	9359818752	618.3	26	4
1823.61	0	527059	0	9939173376	9359818752	699.9	26	4
1824.61	0	527439	0	9939591168	9359818752	621.9	26	4
1825.61	0	527983	0	9940824064	9359818752	692.0	26	4
1826.62	0	528165	0	9940443136	9359818752	667.1	26	4
1827.62	0	528577	0	9941245952	9359818752	601.1	26	4
1828.63	0	528577	0	9941192704	9359818752	624.4	26	4
1829.63	0	529316	0	9941450752	9359818752	644.8	26	4
1830.63	0	529316	0	9941979136	9359818752	635.8	26	4
1831.64	0	529727	0	9942274048	9359818752	610.6	26	4
1832.64	0	529727	0	9941950464	9359818752	587.2	26	4
1833.65	0	530450	0	9942269952	9359917056	672.1	26	4
1834.65	0	530450	0	9942413312	9359818752	584.3	26	4
1835.65	0	530860	0	9943314432	9359818752	655.3	26	4
1836.66	0	530860	0	9942958080	9359818752	634.1	26	4
1837.66	0	531584	0	9943912448	9359818752	629.9	26	4
1838.67	0	531584	0	9943416832	9359818752	663.2	26	4
1839.67	0	531995	0	9944764416	9359818752	652.5	26	4
1840.67	0	531995	0	9944809472	9359818752	610.3	26	4
1841.68	0	532718	0	9945444352	9359818752	640.8	26	4
1842.68	0	532718	0	9945575424	9359851520	642.4	26	4
1843.69	0	533131	0	9945640960	9359851520	623.5	26	4
1844.69	0	533295	0	9946222592	9359851520	656.8	26	4
1845.69	0	533856	0	9946112000	9359851520	602.4	26	4
1846.70	0	533856	0	9946497024	9359851520	627.4	26	4
1847.70	0	534284	0	9947529216	9359851520	643.4	26	4
1848.71	0	534432	0	9947353088	9359851520	638.8	26	4
1849.71	0	535007	0	9947742208	9359851520	639.4	26	4
1850.72	0	535007	0	9946525696	9359863808	603.7	26	4
1851.72	0	535417	0	9947553792	9359863808	659.9	26	4
1852.72	0	536125	0	9948344320	9359863808	595.2	26	4
1853.73	0	536125	0	9948815360	9359872000	661.9	26	4
1854.73	0	536504	0	9948848128	9359872000	657.4	26	4
1855.74	0	536504	0	9949343744	9359872000	668.5	26	4
1856.74	0	537194	0	9949769728	9359880192	621.6	26	4
1857.74	0	537194	0	9949609984	9359880192	596.7	26	4
1858.75	0	537605	0	9950240768	9359880192	625.3	26	4
1859.75	0	537720	0	9949908992	9359884288	668.1	26	4
1860.76	0	538199	0	9950613504	9359884288	628.7	26	4
1861.76	0	538199	0	9951014912	9359884288	663.5	26	4
1862.77	0	538595	0	9951494144	9359884288	676.0	26	4
1863.77	0	538744	0	9951719424	9359884288	630.1	26	4
1864.77	0	539289	0	9952210944	9359884288	642.0	26	4
1865.78	0	539289	0	9952374784	9359888384	619.1	26	4
1866.78	0	539668	0	9952899072	9359888384	616.3	26	4
1867.79	0	539816	0	9953984512	9359892480	602.1	26	4
1868.79	0	540359	0	9954369536	9359892480	609.0	26	4
1869.79	0	540359	0	9954217984	9359892480	628.2	26	4
1870.80	0	540770	0	9955045376	9359896576	645.3	26	4
1871.80	0	540902	0	9955098624	9359896576	631.2	26	4
1872.81	0	541446	0	9955397632	9359896576	627.7	26	4
1873.81	0	541446	0	9954689024	9359896576	609.3	26	4
1874.82	0	541824	0	9955471360	9359896576	707.2	26	4
1875.82	0	541824	0	9955287040	9359896576	574.2	26	4
1876.82	0	542483	0	9956511744	9359896576	682.2	26	4
1877.83	0	542483	0	9956143104	9359896576	652.7	26	4
1878.83	0	542796	0	9956274176	9359896576	654.3	26	4
1879.84	0	542912	0	9956225024	9359896576	634.2	26	4
1880.84	0	543406	0	9957179392	9359896576	596.4	26	4
1881.85	0	543406	0	9956741120	9359896576	652.5	26	4
1882.85	0	543803	0	9957634048	9359900672	641.1	26	4
1883.85	0	543919	0	9957502976	9359904768	628.3	26	4
1884.86	0	544480	0	9958551552	9359904768	645.8	26	4
1885.86	0	544480	0	9958354944	9359904768	616.9	26	4
1886.87	0	544859	0	9958748160	9359904768	618.6	26	4
1887.87	0	545023	0	9958830080	9359904768	610.9	26	4
1888.87	0	545599	0	9959182336	9359904768	610.5	26	4
1889.88	0	545599	0	9958813696	9359904768	596.2	26	4
1890.88	0	545993	0	9959460864	9359904768	617.0	26	4
1891.89	0	546158	0	9959682048	9359904768	645.0	26	4
1892.89	0	546734	0	9959997440	9359904768	641.2	26	4
1893.90	0	546734	0	9959735296	9359908864	628.5	26	4
1894.90	0	547129	0	9960206336	9359908864	586.4	26	4
1895.90	0	547129	0	9960128512	9359908864	622.1	26	4
1896.91	0	547852	0	9960902656	9359908864	629.7	26	4
1897.91	0	547852	0	9961115648	9359908864	599.6	26	4
1898.92	0	548231	0	9961578496	9359908864	658.7	26	4
1899.92	0	548231	0	9961291776	9359908864	587.8	26	4
1900.92	0	548924	0	9962225664	9359908864	626.1	26	4
1901.93	0	548924	0	9961881600	9359912960	652.4	26	4
1902.93	0	549320	0	9962741760	9359921152	667.5	26	4
1903.94	0	549320	0	9962835968	9359921152	603.1	26	4
1904.94	0	550045	0	9963200512	9359921152	629.5	26	4
1905.95	0	550045	0	9962795008	9359929344	629.9	26	4
1906.95	0	550455	0	9963905024	9359929344	613.5	26	4
1907.95	0	550455	0	9963782144	9359929344	577.7	26	4
1908.96	0	551163	0	9964916736	9359929344	685.0	26	4
1909.96	0	551163	0	9964949504	9359929344	639.0	26	4
1910.97	0	551213	0	9964929024	9359929344	615.1	26	4
1911.97	0	551575	0	9964503040	9359929344	620.9	26	4
1912.98	0	551723	0	9965400064	9359929344	645.8	26	4
1913.98	0	552299	0	9965367296	9359929344	639.7	26	4
1914.98	0	552299	0	9965006848	9359929344	598.7	26	4
1915.99	0	552694	0	9965568000	9359937536	645.2	26	4
1916.99	0	552842	0	9966297088	9359937536	660.0	26	4
1918.00	0	553385	0	9966649344	9359937536	713.9	26	4
1919.00	0	553385	0	9966624768	9359937536	684.1	26	4
1920.01	0	553747	0	9967013888	9359937536	628.3	26	4
1921.01	0	553863	0	9967312896	9359937536	594.4	26	4
1922.01	0	554423	0	9968226304	9359937536	619.1	26	4
1923.02	0	554423	0	9968062464	9359945728	609.0	26	4
1924.02	0	554803	0	9968218112	9359945728	654.3	26	4
1925.03	0	554951	0	9968476160	9359945728	701.9	26	4
1926.03	0	555511	0	9969061888	9359945728	633.6	26	4
1927.04	0	555511	0	9968979968	9359945728	638.5	26	4
1928.04	0	555938	0	9969668096	9359945728	690.1	26	4
1929.04	0	556087	0	9970257920	9359945728	582.7	26	4
1930.05	0	556645	0	9970278400	9359945728	687.4	26	4
1931.05	0	556645	0	9969950720	9359945728	599.7	26	4
1932.06	0	557072	0	9970827264	9359945728	621.4	26	4
1933.06	0	557072	0	9970118656	9359945728	616.5	26	4
1934.07	0	557780	0	9971781632	9359949824	621.3	26	4
1935.07	0	557780	0	9970966528	9359949824	620.2	26	4
1936.07	0	558207	0	9971372032	9359949824	663.7	26	4
1937.08	0	558207	0	9971458048	9359953920	694.8	26	4
1938.08	0	558914	0	9972379648	9359953920	620.1	26	4
1939.09	0	558914	0	9972465664	9359953920	635.4	26	4
1940.09	0	559342	0	9972969472	9359953920	651.5	26	4
1941.10	0	559342	0	9972604928	9359953920	628.1	26	4
1942.10	0	560068	0	9974194176	9359970304	651.6	26	4
1943.10	0	560068	0	9973768192	9359970304	637.5	26	4
1944.11	0	560480	0	9974214656	9359970304	629.5	26	4
1945.11	0	560480	0	9974366208	9359970304	610.0	26	4
1946.12	0	560777	0	9974943744	9359970304	645.6	26	4
1947.12	0	561188	0	9975099392	9359970304	653.9	26	4
1948.12	0	561598	0	9974984704	9359970304	690.2	26	4
1949.13	0	561598	0	9974972416	9359970304	633.1	26	4
1950.13	0	562338	0	9975791616	9360089088	608.4	26	4
1951.14	0	562338	0	9975750656	9360089088	690.7	26	4
1952.14	0	562749	0	9976676352	9360089088	641.5	26	4
1953.15	0	562749	0	9976184832	9360093184	633.0	26	4
1954.15	0	562897	0	9976373248	9360093184	643.9	26	4
1955.15	0	563472	0	9977352192	9360097280	635.1	26	4
1956.16	0	563472	0	9977274368	9360097280	619.9	26	4
1957.16	0	563883	0	9977720832	9360097280	663.9	26	4
1958.17	0	564047	0	9978257408	9360097280	693.7	26	4
1959.17	0	564621	0	9978593280	9360097280	665.3	26	4
1960.18	0	564638	0	9978429440	9360097280	647.2	26	4
1961.18	0	565031	0	9979342848	9360097280	696.2	26	4
1962.18	0	565527	0	9980297216	9360097280	671.6	26	4
1963.19	0	565725	0	9980211200	9360097280	622.6	26	4
1964.19	0	565725	0	9980350464	9360097280	619.2	26	4
1965.20	0	566105	0	9980141568	9360097280	613.8	26	4
1966.20	0	566270	0	9980219392	9360097280	605.4	26	4
1967.21	0	566847	0	9980784640	9360097280	645.8	26	4
1968.21	0	566847	0	9980788736	9360097280	699.3	26	4
1969.21	0	567274	0	9981292544	9360097280	657.8	26	4
1970.22	0	567438	0	9981804544	9360101376	622.2	26	4
1971.22	0	568031	0	9982488576	9360101376	661.0	26	4
1972.23	0	568031	0	9982312448	9360101376	611.4	26	4
1973.23	0	568458	0	9982672896	9360101376	658.4	26	4
1974.23	0	568540	0	9982889984	9360101376	660.5	26	4
1975.24	0	569181	0	9983741952	9360101376	683.9	26	4
1976.24	0	569181	0	9983660032	9360101376	616.9	26	4
1977.25	0	569592	0	9984024576	9360101376	655.1	26	4
1978.25	0	569740	0	9984761856	9360101376	646.1	26	4
1979.25	0	570315	0	9983852544	9360125952	617.7	26	4
1980.26	0	570315	0	9983987712	9360125952	626.1	26	4
1981.26	0	570727	0	9984782336	9360130048	696.4	26	4
1982.27	0	570826	0	9985212416	9360134144	600.7	26	4
1983.27	0	571388	0	9985839104	9360134144	653.6	26	4
1984.28	0	571388	0	9985110016	9360134144	676.5	26	4
1985.28	0	571784	0	9985892352	9360134144	661.3	26	4
1986.28	0	571933	0	9986129920	9360134144	582.8	26	4
1987.29	0	572509	0	9986797568	9360134144	646.7	26	4
1988.29	0	572509	0	9986052096	9360134144	614.1	26	4
1989.30	0	572936	0	9986703360	9360134144	677.1	26	4
1990.30	0	573085	0	9987252224	9360138240	584.5	26	4
1991.30	0	573676	0	9988587520	9360146432	670.0	26	4
1992.31	0	573676	0	9988616192	9360146432	652.7	26	4
1993.31	0	574104	0	9988386816	9360146432	667.5	26	4
1994.32	0	574268	0	9988956160	9360162816	706.4	26	4
1995.32	0	574828	0	9989398528	9360162816	594.8	26	4
1996.33	0	574828	0	9989701632	9360166912	579.6	26	4
1997.33	0	575239	0	9989894144	9360166912	663.1	26	4
1998.33	0	575404	0	9990004736	9360175104	665.9	26	4
1999.34	0	575980	0	9990635520	9360179200	666.0	26	4
2000.34	0	575980	0	9991114752	9360187392	599.8	26	4
2001.35	0	576391	0	9991962624	9360191488	656.8	26	4
2002.35	0	576556	0	9992437760	9360191488	662.7	26	4
2003.35	0	577150	0	9992658944	9360191488	596.2	26	4
2004.36	0	577150	0	9992581120	9360191488	620.3	26	4
2005.36	0	577546	0	9993396224	9360195584	640.4	26	4
2006.37	0	577711	0	9993396224	9360195584	656.4	26	4
2007.37	0	578302	0	9993621504	9360199680	576.7	26	4
2008.37	0	578302	0	9993854976	9360199680	647.8	26	4
2009.38	0	578713	0	9993613312	9360199680	647.7	26	4
2010.38	0	578779	0	9993981952	9360199680	620.5	26	4
2011.39	0	579469	0	9994690560	9360199680	636.0	26	4
2012.39	0	579469	0	9994117120	9360199680	610.0	26	4
2013.40	0	579880	0	9994948608	9360211968	599.1	26	4
2014.40	0	579880	0	9994670080	9360211968	621.1	26	4
2015.40	0	580637	0	9995673600	9360211968	643.4	26	4
2016.41	0	580637	0	9995771904	9360211968	605.1	26	4
2017.41	0	580637	0	9996009472	9360211968	633.0	26	4
2018.42	0	581031	0	9996214272	9360211968	617.7	26	4
2019.42	0	581212	0	9997373440	9360211968	622.9	26	4
2020.42	0	581787	0	9997643776	9360211968	723.8	26	4
2021.43	0	581787	0	9997160448	9360211968	635.5	26	4
2022.43	0	582198	0	9998135296	9360224256	601.5	26	4
2023.44	0	582214	0	9998176256	9360224256	632.8	26	4
2024.44	0	582940	0	9998491648	9360224256	653.3	26	4
2025.45	0	582940	0	9998225408	9360224256	702.3	26	4
2026.45	0	583369	0	9998700544	9360224256	560.5	26	4
2027.45	0	583369	0	9998872576	9360232448	606.3	26	4
2028.46	0	584111	0	9999388672	9360236544	599.8	26	4
2029.46	0	584111	0	9999360000	9360236544	635.3	26	4
2030.47	0	584521	0	10000150528	9360236544	689.4	26	4
2031.47	0	584521	0	9999605760	9360236544	646.8	26	4
2032.47	0	585278	0	10001272832	9360236544	644.6	26	4
2033.48	0	585278	0	10001002496	9360236544	628.4	26	4
2034.48	0	585689	0	10002436096	9360236544	639.9	26	4
2035.49	0	585689	0	10001334272	9360236544	631.5	26	4
2036.49	0	585870	0	10001674240	9360236544	595.5	26	4
2037.50	0	586445	0	10002661376	9360236544	666.2	26	4
2038.50	0	586445	0	10002309120	9360236544	626.2	26	4
2039.50	0	586840	0	10002571264	9360236544	653.4	26	4
2040.51	0	587333	0	10003652608	9360236544	692.6	26	4
2041.51	0	587580	0	10004324352	9360236544	660.5	26	4
2042.52	0	587580	0	10003419136	9360244736	644.2	26	4
2043.52	0	587958	0	10003468288	9360248832	625.7	26	4
2044.52	0	588107	0	10002821120	9360248832	616.4	26	4
2045.53	0	588667	0	10004447232	9360248832	617.2	26	4
2046.53	0	588667	0	10003849216	9360248832	594.5	26	4
2047.54	0	589047	0	10004238336	9360257024	651.7	26	4
2048.54	0	589229	0	10005028864	9360257024	582.4	26	4
2049.55	0	589805	0	10005102592	9360257024	610.7	26	4
2050.55	0	589805	0	10005843968	9360261120	688.0	26	4
2051.55	0	590216	0	10006237184	9360261120	602.4	26	4
2052.56	0	590216	0	10006245376	9360261120	620.7	26	4
2053.56	0	590972	0	10006925312	9360261120	632.4	26	4
2054.57	0	590972	0	10006396928	9360273408	642.7	26	4
2055.57	0	591383	0	10007379968	9360273408	619.0	26	4
2056.57	0	591383	0	10007261184	9360281600	594.5	26	4
2057.58	0	591564	0	10007769088	9360281600	606.2	26	4
2058.58	0	592140	0	10008092672	9360281600	613.8	26	4
2059.59	0	592140	0	10007805952	9360285696	603.8	26	4
2060.59	0	592552	0	10008748032	9360289792	603.6	26	4
2061.59	0	592716	0	10008141824	9360289792	625.8	26	4
2062.60	0	593292	0	10008707072	9360297984	633.5	26	4
2063.60	0	593292	0	10008739840	9360297984	613.5	26	4
2064.61	0	593687	0	10009456640	9360297984	583.0	26	4
2065.61	0	593687	0	10009812992	9360297984	616.2	26	4
2066.62	0	594446	0	10010439680	9360326656	630.9	26	4
2067.62	0	594446	0	10010238976	9360326656	629.8	26	4
2068.62	0	594446	0	10010222592	9360326656	626.9	26	4
2069.63	0	594858	0	10009915392	9360326656	624.8	26	4
2070.63	0	595039	0	10010447872	9360326656	617.4	26	4
2071.64	0	595614	0	10010873856	9360326656	628.1	26	4
2072.64	0	595614	0	10010914816	9360326656	611.7	26	4
2073.65	0	596024	0	10011860992	9360330752	627.0	26	4
2074.65	0	596024	0	10011553792	9360330752	626.0	26	4
2075.65	0	596780	0	10012610560	9360330752	623.3	26	4
2076.66	0	596780	0	10012184576	9360330752	657.4	26	4
2077.66	0	597190	0	10013241344	9360334848	696.3	26	4
2078.67	0	597190	0	10012114944	9360334848	641.0	26	4
2079.67	0	597355	0	10011033600	9360334848	597.7	26	4
2080.68	0	597946	0	10011774976	9360334848	710.4	26	4
2081.68	0	597946	0	10011885568	9360334848	649.0	26	4
2082.68	0	598357	0	10012442624	9360338944	637.5	26	4
2083.69	0	598357	0	10012237824	9360338944	624.9	26	4
2084.69	0	599097	0	10013814784	9360338944	597.2	26	4
2085.70	0	599097	0	10013310976	9360338944	666.9	26	4
2086.70	0	599493	0	10014138368	9360338944	656.5	26	4
2087.71	0	599493	0	10013642752	9360338944	702.9	26	4
2088.71	0	600268	0	10014404608	9360338944	717.5	26	4
2089.71	0	600268	0	10014339072	9360338944	619.9	26	4
2090.72	0	600680	0	10015277056	9360355328	601.6	26	4
2091.72	0	600680	0	10015657984	9360359424	648.9	26	4
2092.73	0	600861	0	10015989760	9360359424	611.9	26	4
2093.73	0	601437	0	10016546816	9360359424	634.3	26	4
2094.73	0	601437	0	10016632832	9360375808	696.0	26	4
2095.74	0	601864	0	10017857536	9360375808	631.4	26	4
2096.74	0	602028	0	10016927744	9360375808	631.4	26	4
2097.75	0	602620	0	10018086912	9360375808	651.8	26	4
2098.75	0	602620	0	10017488896	9360375808	547.1	26	4
2099.76	0	603031	0	10018050048	9360375808	625.5	26	4
2100.76	0	603212	0	10018869248	9360375808	634.7	26	4
2101.76	0	603803	0	10019725312	9360375808	646.9	26	4
2102.77	0	603803	0	10019688448	9360375808	711.9	26	4
2103.77	0	604215	0	10020257792	9360388096	643.5	26	4
2104.78	0	604379	0	10019315712	9360388096	616.3	26	4
2105.78	0	604954	0	10020384768	9360388096	651.2	26	4
2106.79	0	604954	0	10019921920	9360392192	620.9	26	4
2107.79	0	604954	0	10019749888	9360396288	601.2	26	4
2108.79	0	605547	0	10020823040	9360408576	662.6	26	4
2109.80	0	605547	0	10020921344	9360408576	617.8	26	4
2110.80	0	606124	0	10022047744	9360408576	618.1	26	4
2111.81	0	606124	0	10022428672	9360408576	696.3	26	4
2112.81	0	606553	0	10022731776	9360408576	628.8	26	4
2113.81	0	606718	0	10022576128	9360408576	655.8	26	4
2114.82	0	607310	0	10022801408	9360408576	599.4	26	4
2115.82	0	607310	0	10022760448	9360408576	639.7	26	4
2116.83	0	607737	0	10023886848	9360408576	702.9	26	4
2117.83	0	607901	0	10024026112	9360408576	604.4	26	4
2118.84	0	608477	0	10024177664	9360408576	626.3	26	4
2119.84	0	608477	0	10023866368	9360408576	615.0	26	4
2120.84	0	608887	0	10024566784	9360408576	631.9	26	4
2121.85	0	609052	0	10024775680	9360408576	601.3	26	4
2122.85	0	609645	0	10025099264	9360408576	619.1	26	4
2123.86	0	609645	0	10025050112	9360408576	684.3	26	4
2124.86	0	610056	0	10025836544	9360408576	654.1	26	4
2125.87	0	610221	0	10025369600	9360408576	675.1	26	4
2126.87	0	610813	0	10026287104	9360408576	645.9	26	4
2127.87	0	610813	0	10026115072	9360408576	644.6	26	4
2128.88	0	610813	0	10026217472	9360408576	616.2	26	4
2129.88	0	611208	0	10025738240	9360408576	620.9	26	4
2130.89	0	611389	0	10026192896	9360408576	613.2	26	4
2131.89	0	611950	0	10026803200	9360408576	622.7	26	4
2132.89	0	611950	0	10026377216	9360408576	606.1	26	4
2133.90	0	612362	0	10027810816	9360412672	638.7	26	4
2134.90	0	612526	0	10027995136	9360412672	667.7	26	4
2135.91	0	613119	0	10028023808	9360412672	597.1	26	4
2136.91	0	613119	0	10028593152	9360412672	644.2	26	4
2137.92	0	613546	0	10029297664	9360412672	665.7	26	4
2138.92	0	613694	0	10028769280	9360412672	652.9	26	4
2139.92	0	614270	0	10028969984	9360412672	620.1	26	4
2140.93	0	614270	0	10029367296	9360412672	648.7	26	4
2141.93	0	614698	0	10030170112	9360412672	641.8	26	4
2142.94	0	614698	0	10030452736	9360412672	581.4	26	4
2143.94	0	614846	0	10030333952	9360412672	638.4	26	4
2144.95	0	615439	0	10030751744	9360420864	644.4	26	4
2145.95	0	615439	0	10030600192	9360420864	620.8	26	4
2146.95	0	615849	0	10031398912	9360420864	642.4	26	4
2147.96	0	616013	0	10031509504	9360420864	673.1	26	4
2148.96	0	616589	0	10032250880	9360420864	676.0	26	4
2149.97	0	616589	0	10031751168	9360420864	620.4	26	4
2150.97	0	616984	0	10032377856	9360420864	601.1	26	4
2151.98	0	617132	0	10032484352	9360420864	580.1	26	4
2152.98	0	617710	0	10033504256	9360420864	648.3	26	4
2153.98	0	617710	0	10033070080	9360420864	630.3	26	4
2154.99	0	618121	0	10033528832	9360420864	682.0	26	4
2155.99	0	618286	0	10034069504	9360420864	607.7	26	4
2157.00	0	618286	0	10033868800	9360433152	633.5	26	4
2158.00	0	618862	0	10034565120	9360433152	631.1	26	4
2159.00	0	618862	0	10034958336	9360437248	592.2	26	4
2160.01	0	619273	0	10034794496	9360441344	652.6	26	4
2161.01	0	619454	0	10035245056	9360441344	610.0	26	4
2162.02	0	620029	0	10035294208	9360441344	630.4	26	4
2163.02	0	620029	0	10035589120	9360441344	657.8	26	4
2164.03	0	620440	0	10035879936	9360445440	603.3	26	4
2165.03	0	620621	0	10036076544	9360445440	601.3	26	4
2166.03	0	621196	0	10036854784	9360445440	633.7	26	4
2167.04	0	621196	0	10036797440	9360445440	708.4	26	4
2168.04	0	621607	0	10037243904	9360445440	709.0	26	4
2169.05	0	621787	0	10037706752	9360453632	614.6	26	4
2170.05	0	622346	0	10038235136	9360453632	614.2	26	4
2171.06	0	622346	0	10037620736	9360453632	623.3	26	4
2172.06	0	622724	0	10038910976	9360453632	662.5	26	4
2173.06	0	622905	0	10038726656	9360453632	610.3	26	4
2174.07	0	622905	0	10038943744	9360457728	633.6	26	4
2175.07	0	623483	0	10039373824	9360457728	593.5	26	4
2176.08	0	623483	0	10039242752	9360457728	621.9	26	4
2177.08	0	623878	0	10040025088	9360457728	591.8	26	4
2178.08	0	624059	0	10040045568	9360457728	617.4	26	4
2179.09	0	624652	0	10041229312	9360457728	605.3	26	4
2180.09	0	624652	0	10040852480	9360457728	615.2	26	4
2181.10	0	625046	0	10041696256	9360457728	700.0	26	4
2182.10	0	625227	0	10042114048	9360457728	639.5	26	4
2183.11	0	625818	0	10042003456	9360457728	619.3	26	4
2184.11	0	625818	0	10042236928	9360457728	602.3	26	4
2185.11	0	626212	0	10042675200	9360457728	621.0	26	4
2186.12	0	626392	0	10043174912	9360465920	621.1	26	4
2187.12	0	626984	0	10043539456	9360465920	656.9	26	4
2188.13	0	626984	0	10044194816	9360465920	617.6	26	4
2189.13	0	627379	0	10043478016	9360465920	646.8	26	4
2190.14	0	627576	0	10043916288	9360465920	619.2	26	4
2191.14	0	628152	0	10043985920	9360465920	651.6	26	4
2192.14	0	628152	0	10043748352	9360465920	606.9	26	4
2193.15	0	628530	0	10044153856	9360465920	633.4	26	4
2194.15	0	628530	0	10044559360	9360465920	586.0	26	4
2195.16	0	628711	0	10045095936	9360465920	621.7	26	4
2196.16	0	629288	0	10045300736	9360465920	661.8	26	4
2197.16	0	629288	0	10045173760	9360465920	637.4	26	4
2198.17	0	629898	0	10045874176	9360465920	595.2	26	4
2199.17	0	630311	0	10046328832	9360465920	657.3	26	4
2200.18	0	630492	0	10046660608	9360465920	671.4	26	4
2201.18	0	630886	0	10047176704	9360465920	608.7	26	4
2202.18	0	631083	0	10047201280	9360474112	611.6	26	4
2203.19	0	631674	0	10047815680	9360474112	669.6	26	4
2204.19	0	631674	0	10047275008	9360474112	656.2	26	4
2205.20	0	631691	0	10047381504	9360474112	603.7	26	4
2206.20	0	632266	0	10048450560	9360474112	636.5	26	4
2207.21	0	632743	0	10048651264	9360474112	620.5	26	4
2208.21	0	632858	0	10048704512	9360478208	644.4	26	4
2209.21	0	633055	0	10049515520	9360478208	640.5	26	4
2210.22	0	633449	0	10049462272	9360478208	649.5	26	4
2211.22	0	634040	0	10050527232	9360478208	619.7	26	4
2212.23	0	634040	0	10050621440	9360478208	708.7	26	4
2213.23	0	634434	0	10050813952	9360478208	706.6	26	4
2214.24	0	634631	0	10051084288	9360478208	630.1	26	4
2215.24	0	635208	0	10051760128	9360478208	591.1	26	4
2216.24	0	635208	0	10051653632	9360478208	610.7	26	4
2217.25	0	635356	0	10051883008	9360478208	651.5	26	4
2218.25	0	635620	0	10051690496	9360478208	623.9	26	4
2219.26	0	635786	0	10052001792	9360478208	640.5	26	4
2220.26	0	636380	0	10053062656	9360478208	611.7	26	4
2221.27	0	636380	0	10052947968	9360478208	609.3	26	4
2222.27	0	636774	0	10053181440	9360478208	634.9	26	4
2223.27	0	636955	0	10053500928	9360478208	632.9	26	4
2224.28	0	637547	0	10053468160	9360478208	693.4	26	4
2225.28	0	637547	0	10053627904	9360478208	640.0	26	4
2226.29	0	637959	0	10054139904	9360478208	647.7	26	4
2227.29	0	638123	0	10054635520	9360478208	617.9	26	4
2228.30	0	638715	0	10054987776	9360486400	641.6	26	4
2229.30	0	638715	0	10055208960	9360490496	595.4	26	4
2230.30	0	639110	0	10055610368	9360490496	631.4	26	4
2231.31	0	639291	0	10055389184	9360490496	610.9	26	4
2232.31	0	639867	0	10055557120	9360490496	667.4	26	4
2233.32	0	639867	0	10056077312	9360490496	654.8	26	4
2234.32	0	640261	0	10056331264	9360498688	673.8	26	4
2235.32	0	640442	0	10056204288	9360498688	620.2	26	4
2236.33	0	641035	0	10057777152	9360498688	620.2	26	4
2237.33	0	641035	0	10058076160	9360510976	612.3	26	4
2238.34	0	641431	0	10057576448	9360510976	598.1	26	4
2239.34	0	641612	0	10058547200	9360551936	643.9	26	4
2240.35	0	642190	0	10059173888	9360551936	671.3	26	4
2241.35	0	642190	0	10058375168	9360551936	636.6	26	4
2242.35	0	642601	0	10059501568	9360560128	624.9	26	4
2243.36	0	642781	0	10059640832	9360560128	676.6	26	4
2244.36	0	643374	0	10060771328	9360560128	615.5	26	4
2245.37	0	643374	0	10060165120	9360560128	626.3	26	4
2246.37	0	643768	0	10060742656	9360560128	672.0	26	4
2247.37	0	643966	0	10060570624	9360560128	628.9	26	4
2248.38	0	644541	0	10061238272	9360560128	662.7	26	4
2249.38	0	644541	0	10060455936	9360560128	568.6	26	4
2250.39	0	644541	0	10060840960	9360564224	593.7	26	4
2251.39	0	644918	0	10061275136	9360564224	653.6	26	4
2252.40	0	645115	0	10061533184	9360564224	669.1	26	4
2253.40	0	645707	0	10062131200	9360564224	665.0	26	4
2254.40	0	645707	0	10062049280	9360564224	579.2	26	4
2255.41	0	646102	0	10062733312	9360564224	626.2	26	4
2256.41	0	646299	0	10062811136	9360564224	616.1	26	4
2257.42	0	646875	0	10063982592	9360564224	623.8	26	4
2258.42	0	646875	0	10063880192	9360564224	640.2	26	4
2259.43	0	647287	0	10064388096	9360564224	634.9	26	4
2260.43	0	647469	0	10065084416	9360564224	625.9	26	4
2261.43	0	648063	0	10065211392	9360564224	631.3	26	4
2262.44	0	648063	0	10064916480	9360564224	601.1	26	4
2263.44	0	648474	0	10065281024	9360564224	631.1	26	4
2264.45	0	648655	0	10065707008	9360564224	600.4	26	4
2265.45	0	649247	0	10065895424	9360564224	618.4	26	4
2266.45	0	649247	0	10065600512	9360564224	666.4	26	4
2267.46	0	649625	0	10066276352	9360564224	668.0	26	4
2268.46	0	649822	0	10066722816	9360564224	572.3	26	4
2269.47	0	650414	0	10066395136	9360564224	677.1	26	4
2270.47	0	650414	0	10066513920	9360564224	584.7	26	4
2271.48	0	650826	0	10066984960	9360564224	651.3	26	4
2272.48	0	651023	0	10067546112	9360564224	684.5	26	4
2273.49	0	651615	0	10068271104	9360564224	616.1	26	4
2274.49	0	651615	0	10068221952	9360564224	592.6	26	4
2275.49	0	652027	0	10068049920	9360564224	660.3	26	4
2276.50	0	652208	0	10068492288	9360564224	646.3	26	4
2277.50	0	652800	0	10069164032	9360564224	630.7	26	4
2278.51	0	652800	0	10069327872	9360564224	616.1	26	4
2279.51	0	653212	0	10069946368	9360564224	605.8	26	4
2280.51	0	653394	0	10069618688	9360564224	635.8	26	4
2281.52	0	653987	0	10070515712	9360564224	712.5	26	4
2282.52	0	653987	0	10070659072	9360564224	610.5	26	4
2283.53	0	654333	0	10070847488	9360564224	660.4	26	4
2284.53	0	654563	0	10070794240	9360564224	603.8	26	4
2285.54	0	654579	0	10070695936	9360564224	598.8	26	4
2286.54	0	655171	0	10070921216	9360564224	623.7	26	4
2287.54	0	655171	0	10071257088	9360564224	621.5	26	4
2288.55	0	655565	0	10071683072	9360564224	648.4	26	4
2289.55	0	655763	0	10072416256	9360564224	613.5	26	4
2290.56	0	656354	0	10072915968	9360564224	647.2	26	4
2291.56	0	656354	0	10073034752	9360564224	600.4	26	4
2292.57	0	656748	0	10073083904	9360564224	669.4	26	4
2293.57	0	656945	0	10073260032	9360564224	606.5	26	4
2294.57	0	657537	0	10074664960	9360564224	608.1	26	4
2295.58	0	657537	0	10073583616	9360564224	660.3	26	4
2296.58	0	657947	0	10073894912	9360564224	639.6	26	4
2297.59	0	658145	0	10074157056	9360564224	647.1	26	4
2298.59	0	658737	0	10074955776	9360564224	631.1	26	4
2299.60	0	658737	0	10075111424	9360564224	632.7	26	4
2300.60	0	659133	0	10075922432	9360564224	608.6	26	4
2301.60	0	659331	0	10075443200	9360564224	628.5	26	4
2302.61	0	659926	0	10076848128	9360568320	662.0	26	4
2303.61	0	659926	0	10076119040	9360568320	665.1	26	4
2304.62	0	660321	0	10076594176	9360568320	639.2	26	4
2305.62	0	660502	0	10076925952	9360568320	612.8	26	4
2306.63	0	661094	0	10077495296	9360568320	612.3	26	4
2307.63	0	661094	0	10077712384	9360568320	614.6	26	4
2308.63	0	661505	0	10078003200	9360568320	618.2	26	4
2309.64	0	661670	0	10078449664	9360568320	623.5	26	4
2310.64	0	661686	0	10078048256	9360568320	595.7	26	4
2311.65	0	662278	0	10078633984	9360568320	658.7	26	4
2312.65	0	662278	0	10078613504	9360568320	620.9	26	4
2313.65	0	662689	0	10078953472	9360568320	619.0	26	4
2314.66	0	662870	0	10078883840	9360568320	622.2	26	4
2315.66	0	663462	0	10079993856	9360568320	609.0	26	4
2316.67	0	663462	0	10080169984	9360568320	672.9	26	4
2317.67	0	663872	0	10080890880	9360568320	611.9	26	4
2318.67	0	664070	0	10081087488	9360568320	654.3	26	4
2319.68	0	664646	0	10081488896	9360568320	655.7	26	4
2320.68	0	664646	0	10081374208	9360568320	639.1	26	4
2321.69	0	665058	0	10081927168	9360568320	620.7	26	4
2322.69	0	665223	0	10082226176	9360568320	635.1	26	4
2323.69	0	665816	0	10082226176	9360568320	608.4	26	4
2324.70	0	665816	0	10082738176	9360568320	614.6	26	4
2325.70	0	666227	0	10083549184	9360568320	614.6	26	4
2326.71	0	666408	0	10083729408	9360572416	670.9	26	4
2327.71	0	666999	0	10084614144	9360572416	632.6	26	4
2328.72	0	666999	0	10083799040	9360572416	605.8	26	4
2329.72	0	667411	0	10084794368	9360572416	719.4	26	4
2330.72	0	667591	0	10084810752	9360572416	656.4	26	4
2331.73	0	668184	0	10085376000	9360572416	642.1	26	4
2332.73	0	668184	0	10085748736	9360572416	651.6	26	4
2333.74	0	668578	0	10085863424	9360572416	689.9	26	4
2334.74	0	668775	0	10085892096	9360576512	647.4	26	4
2335.74	0	669334	0	10086518784	9360580608	663.9	26	4
2336.75	0	669334	0	10086756352	9360584704	596.7	26	4
2337.75	0	669745	0	10087301120	9360584704	650.4	26	4
2338.76	0	669925	0	10087985152	9360592896	632.4	26	4
2339.76	0	670501	0	10088382464	9360592896	657.2	26	4
2340.77	0	670501	0	10087866368	9360592896	676.2	26	4
2341.77	0	670913	0	10088722432	9360592896	628.2	26	4
2342.77	0	671078	0	10088665088	9360592896	613.1	26	4
2343.78	0	671671	0	10089492480	9360592896	658.3	26	4
2344.78	0	671671	0	10089349120	9360592896	659.9	26	4
2345.79	0	672083	0	10089943040	9360592896	655.5	26	4
2346.79	0	672263	0	10089676800	9360596992	641.2	26	4
2347.80	0	672855	0	10090643456	9360596992	631.9	26	4
2348.80	0	672855	0	10090340352	9360596992	636.7	26	4
2349.80	0	673265	0	10090729472	9360596992	639.6	26	4
2350.81	0	673429	0	10090704896	9360596992	638.5	26	4
2351.81	0	674021	0	10091192320	9360596992	675.1	26	4
2352.82	0	674021	0	10091208704	9360601088	629.2	26	4
2353.82	0	674021	0	10091286528	9360601088	604.7	26	4
2354.83	0	674416	0	10091794432	9360601088	664.6	26	4
2355.83	0	674596	0	10091892736	9360601088	634.8	26	4
2356.83	0	675188	0	10092625920	9360601088	665.1	26	4
2357.84	0	675188	0	10093289472	9360601088	586.4	26	4
2358.84	0	675598	0	10093277184	9360601088	636.8	26	4
2359.85	0	675780	0	10093510656	9360601088	655.7	26	4
2360.85	0	676355	0	10093588480	9360601088	698.3	26	4
2361.85	0	676355	0	10093461504	9360601088	619.4	26	4
2362.86	0	676767	0	10094145536	9360601088	638.5	26	4
2363.86	0	676948	0	10093912064	9360601088	672.2	26	4
2364.87	0	677525	0	10094657536	9360601088	645.3	26	4
2365.87	0	677525	0	10094157824	9360601088	629.0	26	4
2366.87	0	677937	0	10095116288	9360699392	626.9	26	4
2367.88	0	678117	0	10095693824	9360699392	638.5	26	4
2368.88	0	678709	0	10096373760	9360699392	708.5	26	4
2369.89	0	678709	0	10095742976	9360703488	595.0	26	4
2370.89	0	679120	0	10096275456	9360703488	608.4	26	4
2371.90	0	679301	0	10096697344	9360703488	609.5	26	4
2372.90	0	679794	0	10097721344	9360703488	601.8	26	4
2373.90	0	679876	0	10097426432	9360703488	648.9	26	4
2374.91	0	679876	0	10097205248	9360703488	626.9	26	4
2375.91	0	680468	0	10097893376	9360703488	669.5	26	4
2376.92	0	680468	0	10098040832	9360703488	583.8	26	4
2377.92	0	681060	0	10098421760	9360703488	611.0	26	4
2378.92	0	681060	0	10097696768	9360703488	657.3	26	4
2379.93	0	681455	0	10097930240	9360703488	670.9	26	4
2380.93	0	681637	0	10097831936	9360715776	659.8	26	4
2381.94	0	682228	0	10098380800	9360715776	620.5	26	4
2382.94	0	682228	0	10098528256	9360715776	648.9	26	4
2383.95	0	682640	0	10099691520	9360715776	632.0	26	4
2384.95	0	682821	0	10099081216	9360715776	649.9	26	4
2385.96	0	683399	0	10099814400	9360715776	617.5	26	4
2386.96	0	683399	0	10100203520	9360715776	609.2	26	4
2387.96	0	683795	0	10100932608	9360715776	649.8	26	4
2388.97	0	683959	0	10100752384	9360715776	665.3	26	4
2389.97	0	684552	0	10101215232	9360715776	659.5	26	4
2390.98	0	684552	0	10101272576	9360715776	633.3	26	4
2391.98	0	684964	0	10102145024	9360715776	615.9	26	4
2392.99	0	685145	0	10101772288	9360715776	637.5	26	4
2393.99	0	685721	0	10103656448	9360715776	689.1	26	4
2394.99	0	685721	0	10103017472	9360715776	603.1	26	4
2396.00	0	686148	0	10103279616	9360715776	614.9	26	4
2397.00	0	686313	0	10103693312	9360715776	611.5	26	4
2398.01	0	686905	0	10104299520	9360715776	631.8	26	4
2399.01	0	686905	0	10104287232	9360715776	629.6	26	4
2400.01	0	687333	0	10104193024	9360715776	599.1	26	4
2401.02	0	687497	0	10104786944	9360715776	575.2	26	4
2402.02	0	688091	0	10105200640	9360715776	649.7	26	4
2403.03	0	688091	0	10105040896	9360715776	690.1	26	4
2404.03	0	688502	0	10106163200	9360719872	658.7	26	4
2405.04	0	688667	0	10106130432	9360719872	662.5	26	4
2406.04	0	689278	0	10106716160	9360723968	614.2	26	4
2407.04	0	689278	0	10106322944	9360723968	627.8	26	4
2408.05	0	689707	0	10107121664	9360723968	610.0	26	4
2409.05	0	689871	0	10107686912	9360723968	612.7	26	4
2410.06	0	690463	0	10107944960	9360723968	671.2	26	4
2411.06	0	690463	0	10108227584	9360723968	624.5	26	4
2412.07	0	690891	0	10108919808	9360723968	604.5	26	4
2413.07	0	691055	0	10108600320	9360723968	625.0	26	4
2414.07	0	691630	0	10109239296	9360723968	643.9	26	4
2415.08	0	691630	0	10108805120	9360723968	617.0	26	4
2416.08	0	692073	0	10109898752	9360728064	606.0	26	4
2417.09	0	692238	0	10110365696	9360728064	622.4	26	4
2418.09	0	692812	0	10110406656	9360728064	633.9	26	4
2419.10	0	692812	0	10111012864	9360728064	628.9	26	4
2420.10	0	693240	0	10111344640	9360728064	626.1	26	4
2421.10	0	693404	0	10111619072	9360728064	636.1	26	4
2422.11	0	693980	0	10112241664	9360728064	670.9	26	4
2423.11	0	693980	0	10110500864	9360728064	656.9	26	4
2424.12	0	694424	0	10111983616	9360728064	606.9	26	4
2425.12	0	694572	0	10111721472	9360728064	639.1	26	4
2426.13	0	695182	0	10112667648	9360728064	673.0	26	4
2427.13	0	695182	0	10112692224	9360728064	674.0	26	4
2428.13	0	695611	0	10112634880	9360728064	641.3	26	4
2429.14	0	695776	0	10113069056	9360728064	624.6	26	4
2430.14	0	696368	0	10113658880	9360728064	644.1	26	4
2431.15	0	696368	0	10113871872	9360728064	643.2	26	4
2432.15	0	696796	0	10113900544	9360728064	621.3	26	4
2433.16	0	696960	0	10114256896	9360728064	661.8	26	4
2434.16	0	697552	0	10114834432	9360728064	648.9	26	4
2435.16	0	697552	0	10114535424	9360728064	595.2	26	4
2436.17	0	697996	0	10115526656	9360728064	638.4	26	4
2437.17	0	698161	0	10115751936	9360728064	650.5	26	4
2438.18	0	698752	0	10116202496	9360736256	608.9	26	4
2439.18	0	698752	0	10116009984	9360736256	645.1	26	4
2440.18	0	699180	0	10117009408	9360736256	621.3	26	4
2441.19	0	699345	0	10117668864	9360744448	650.4	26	4
2442.19	0	699937	0	10118545408	9360744448	672.3	26	4
2443.20	0	699937	0	10118270976	9360744448	610.9	26	4
2444.20	0	700348	0	10118320128	9360744448	654.2	26	4
2445.21	0	700530	0	10117828608	9360744448	687.9	26	4
2446.21	0	701123	0	10118103040	9360744448	678.1	26	4
2447.21	0	701123	0	10118111232	9360744448	627.6	26	4
2448.22	0	701403	0	10118606848	9360744448	609.1	26	4
2449.22	0	701535	0	10118848512	9360744448	620.0	26	4
2450.23	0	701700	0	10119401472	9360756736	607.7	26	4
2451.23	0	702291	0	10119475200	9360756736	637.5	26	4
2452.24	0	702291	0	10119581696	9360756736	640.1	26	4
2453.24	0	702702	0	10120450048	9360756736	687.6	26	4
2454.24	0	702866	0	10120056832	9360756736	636.6	26	4
2455.25	0	703458	0	10120945664	9360756736	631.8	26	4
2456.25	0	703458	0	10121330688	9360756736	630.0	26	4
2457.26	0	703870	0	10122194944	9360756736	607.0	26	4
2458.26	0	704034	0	10121887744	9360756736	618.1	26	4
2459.26	0	704642	0	10122543104	9360756736	592.8	26	4
2460.27	0	704642	0	10122653696	9360756736	629.9	26	4
2461.27	0	705053	0	10123120640	9360756736	694.1	26	4
2462.28	0	705233	0	10123038720	9360756736	623.6	26	4
2463.28	0	705809	0	10123915264	9360756736	689.0	26	4
2464.29	0	705809	0	10124390400	9361055744	657.8	26	4
2465.29	0	706236	0	10124492800	9361055744	648.8	26	4
2466.30	0	706236	0	10124234752	9361055744	608.5	26	4
2467.30	0	706400	0	10124226560	9361055744	623.0	26	4
2468.30	0	706977	0	10124627968	9361055744	672.4	26	4
2469.31	0	706977	0	10124750848	9361055744	641.1	26	4
2470.31	0	707422	0	10125479936	9361055744	733.3	26	4
2471.32	0	707587	0	10125463552	9361055744	602.9	26	4
2472.32	0	708181	0	10126397440	9361055744	656.5	26	4
2473.33	0	708181	0	10127056896	9361055744	623.0	26	4
2474.33	0	708608	0	10127376384	9361055744	651.5	26	4
2475.33	0	708773	0	10126983168	9361055744	642.2	26	4
2476.34	0	709366	0	10127441920	9361055744	620.4	26	4
2477.34	0	709366	0	10127298560	9361055744	607.8	26	4
2478.35	0	709776	0	10127560704	9361055744	691.2	26	4
2479.35	0	709941	0	10127917056	9361055744	680.7	26	4
2480.35	0	710533	0	10128547840	9361055744	636.5	26	4
2481.36	0	710533	0	10128764928	9361055744	626.4	26	4
2482.36	0	710943	0	10129354752	9361055744	693.6	26	4
2483.37	0	711108	0	10129018880	9361055744	673.6	26	4
2484.37	0	711701	0	10130042880	9361055744	629.1	26	4
2485.37	0	711701	0	10129985536	9361055744	616.8	26	4
2486.38	0	712112	0	10130595840	9361055744	635.5	26	4
2487.38	0	712276	0	10129784832	9361055744	643.6	26	4
2488.39	0	712868	0	10131013632	9361055744	640.2	26	4
2489.39	0	712868	0	10130255872	9361055744	651.7	26	4
2490.40	0	713312	0	10131075072	9361055744	634.9	26	4
2491.40	0	713477	0	10131238912	9361055744	620.0	26	4
2492.40	0	714070	0	10132369408	9361063936	652.8	26	4
2493.41	0	714070	0	10132385792	9361063936	586.8	26	4
2494.41	0	714481	0	10132733952	9361063936	648.5	26	4
2495.42	0	714662	0	10132684800	9361063936	701.4	26	4
2496.42	0	715253	0	10133659648	9361063936	609.9	26	4
2497.42	0	715253	0	10133377024	9361063936	656.3	26	4
2498.43	0	715680	0	10133626880	9361063936	669.2	26	4
2499.43	0	715844	0	10134122496	9361068032	658.9	26	4
2500.44	0	716419	0	10135232512	9361068032	618.4	26	4
2501.44	0	716419	0	10135625728	9361068032	633.5	26	4
2502.44	0	716846	0	10135789568	9361068032	683.0	26	4
2503.45	0	716846	0	10135343104	9361068032	605.3	26	4
2504.45	0	717010	0	10135281664	9361068032	598.7	26	4
2505.46	0	717601	0	10136084480	9361068032	656.9	26	4
2506.46	0	717601	0	10136014848	9361068032	657.6	26	4
2507.47	0	718012	0	10136645632	9361068032	654.0	26	4
2508.47	0	718193	0	10137067520	9361068032	610.2	26	4
2509.47	0	718785	0	10137563136	9361068032	609.6	26	4
2510.48	0	718785	0	10137583616	9361068032	583.2	26	4
2511.48	0	719214	0	10137337856	9361068032	613.4	26	4
2512.49	0	719378	0	10137579520	9361068032	678.0	26	4
2513.49	0	719971	0	10138329088	9361068032	644.9	26	4
2514.49	0	719971	0	10138656768	9361068032	624.0	26	4
2515.50	0	720399	0	10139185152	9361068032	634.1	26	4
2516.50	0	720564	0	10139049984	9361068032	602.8	26	4
2517.51	0	721172	0	10139779072	9361068032	631.6	26	4
2518.51	0	721172	0	10139779072	9361068032	607.4	26	4
2519.51	0	721583	0	10139971584	9361068032	683.6	26	4
2520.52	0	721748	0	10140303360	9361068032	683.3	26	4
2521.52	0	722356	0	10141573120	9361076224	611.6	26	4
2522.53	0	722356	0	10141577216	9361076224	638.5	26	4
2523.53	0	722783	0	10142228480	9361076224	633.5	26	4
2524.54	0	722947	0	10141560832	9361076224	644.8	26	4
2525.54	0	723539	0	10142216192	9361076224	611.7	26	4
2526.54	0	723539	0	10142121984	9361076224	619.0	26	4
2527.55	0	723966	0	10142994432	9361076224	661.8	26	4
2528.55	0	724146	0	10142908416	9361076224	620.0	26	4
2529.56	0	724738	0	10143850496	9361076224	633.9	26	4
2530.56	0	724738	0	10144526336	9361076224	591.6	26	4
2531.56	0	725166	0	10144198656	9361076224	660.1	26	4
2532.57	0	725347	0	10144215040	9361076224	659.7	26	4
2533.57	0	725957	0	10145218560	9361076224	619.8	26	4
2534.58	0	725957	0	10145050624	9361076224	630.0	26	4
2535.58	0	726386	0	10145550336	9361076224	657.0	26	4
2536.58	0	726566	0	10145820672	9361076224	605.4	26	4
2537.59	0	727157	0	10146566144	9361076224	655.1	26	4
2538.59	0	727157	0	10146004992	9361076224	604.1	26	4
2539.60	0	727584	0	10146885632	9361076224	608.3	26	4
2540.60	0	727765	0	10147155968	9361076224	648.3	26	4
2541.61	0	728373	0	10147500032	9361080320	655.7	26	4
2542.61	0	728373	0	10147741696	9361080320	591.1	26	4
2543.61	0	728799	0	10148724736	9361080320	603.3	26	4
2544.62	0	728980	0	10148343808	9361080320	666.0	26	4
2545.62	0	729588	0	10149765120	9361084416	657.3	26	4
2546.63	0	729588	0	10148978688	9361084416	629.3	26	4
2547.63	0	729998	0	10149093376	9361084416	632.7	26	4
2548.63	0	730179	0	10149560320	9361096704	648.3	26	4
2549.64	0	730787	0	10150043648	9361096704	612.5	26	4
2550.64	0	730787	0	10149961728	9361096704	610.4	26	4
2551.65	0	731198	0	10150572032	9361096704	661.7	26	4
2552.65	0	731363	0	10150572032	9361096704	602.4	26	4
2553.65	0	731956	0	10151313408	9361096704	678.9	26	4
2554.66	0	731956	0	10150551552	9361096704	628.2	26	4
2555.66	0	732055	0	10151137280	9361096704	587.1	26	4
2556.67	0	732369	0	10150768640	9361096704	639.6	26	4
2557.67	0	732550	0	10151456768	9361096704	621.7	26	4
2558.68	0	733124	0	10151768064	9361096704	621.2	26	4
2559.68	0	733124	0	10151968768	9361096704	615.6	26	4
2560.68	0	733535	0	10152583168	9361096704	666.1	26	4
2561.69	0	733716	0	10153172992	9361096704	680.4	26	4
2562.69	0	734292	0	10153783296	9361100800	652.8	26	4
2563.70	0	734292	0	10153496576	9361100800	646.4	26	4
2564.70	0	734719	0	10153500672	9361100800	670.2	26	4
2565.70	0	734883	0	10154246144	9361100800	600.6	26	4
2566.71	0	735475	0	10155122688	9361104896	717.2	26	4
2567.71	0	735475	0	10154618880	9361104896	646.4	26	4
2568.72	0	735869	0	10155184128	9361104896	656.7	26	4
2569.72	0	736050	0	10155356160	9361104896	592.9	26	4
2570.72	0	736626	0	10156544000	9361108992	617.1	26	4
2571.73	0	736626	0	10155749376	9361108992	604.7	26	4
2572.73	0	737036	0	10157228032	9361108992	613.5	26	4
2573.74	0	737201	0	10157252608	9361108992	671.1	26	4
2574.74	0	737812	0	10157846528	9361108992	659.8	26	4
2575.75	0	737812	0	10157731840	9361108992	718.3	26	4
2576.75	0	738224	0	10157498368	9361108992	622.0	26	4
2577.75	0	738405	0	10157998080	9361108992	605.9	26	4
2578.76	0	738997	0	10158571520	9361108992	679.3	26	4
2579.76	0	738997	0	10158309376	9361108992	641.9	26	4
2580.77	0	739424	0	10158784512	9361113088	604.7	26	4
2581.77	0	739604	0	10159095808	9361113088	664.4	26	4
2582.78	0	740196	0	10159689728	9361113088	638.7	26	4
2583.78	0	740361	0	10159460352	9361113088	601.6	26	4
2584.78	0	740805	0	10160136192	9361113088	679.4	26	4
2585.79	0	741396	0	10160873472	9361113088	597.8	26	4
2586.79	0	741396	0	10160406528	9361113088	642.6	26	4
2587.80	0	741807	0	10161418240	9361133568	602.4	26	4
2588.80	0	741988	0	10161610752	9361133568	679.6	26	4
2589.80	0	742595	0	10162098176	9361133568	663.8	26	4
2590.81	0	742595	0	10162139136	9361133568	646.1	26	4
2591.81	0	743023	0	10162798592	9361133568	609.7	26	4
2592.82	0	743204	0	10163109888	9361137664	637.1	26	4
2593.82	0	743798	0	10163912704	9361137664	619.7	26	4
2594.83	0	743798	0	10163253248	9361137664	662.4	26	4
2595.83	0	744227	0	10164027392	9361137664	680.8	26	4
2596.83	0	744392	0	10163826688	9361137664	598.6	26	4
2597.84	0	744984	0	10164891648	9361137664	634.3	26	4
2598.84	0	744984	0	10164559872	9361141760	628.3	26	4
2599.85	0	745412	0	10165297152	9361141760	600.9	26	4
2600.85	0	745412	0	10165006336	9361141760	642.9	26	4
2601.85	0	746152	0	10165739520	9361141760	678.3	26	4
2602.86	0	746152	0	10166124544	9361141760	646.9	26	4
2603.86	0	746580	0	10166190080	9361141760	631.4	26	4
2604.87	0	746744	0	10166542336	9361141760	667.3	26	4
2605.87	0	746777	0	10166415360	9361145856	611.9	26	4
2606.88	0	747336	0	10167062528	9361145856	642.1	26	4
2607.88	0	747336	0	10167468032	9361145856	610.9	26	4
2608.88	0	747764	0	10166906880	9361145856	629.5	26	4
2609.89	0	747929	0	10167541760	9361145856	680.9	26	4
2610.89	0	748520	0	10167898112	9361145856	620.7	26	4
2611.90	0	748520	0	10167873536	9361145856	652.0	26	4
2612.90	0	748948	0	10168479744	9361145856	609.8	26	4
2613.90	0	749113	0	10168856576	9361145856	598.7	26	4
2614.91	0	749707	0	10168569856	9361145856	654.8	26	4
2615.91	0	749707	0	10168082432	9361145856	635.9	26	4
2616.92	0	750120	0	10169065472	9361145856	683.3	26	4
2617.92	0	750301	0	10169524224	9361145856	627.4	26	4
2618.93	0	750894	0	10170187776	9361145856	634.4	26	4
2619.93	0	750894	0	10169565184	9361145856	619.8	26	4
2620.93	0	751321	0	10171011072	9361145856	634.8	26	4
2621.94	0	751485	0	10171133952	9361145856	673.9	26	4
2622.94	0	752077	0	10171846656	9361145856	602.2	26	4
2623.95	0	752077	0	10171686912	9361145856	665.5	26	4
2624.95	0	752505	0	10172338176	9361158144	639.7	26	4
2625.96	0	752669	0	10172624896	9361158144	611.9	26	4
2626.96	0	753262	0	10173194240	9361162240	702.1	26	4
2627.96	0	753262	0	10173304832	9361162240	633.3	26	4
2628.97	0	753689	0	10174160896	9361162240	615.2	26	4
2629.97	0	754232	0	10173956096	9361162240	692.2	26	4
2630.98	0	754446	0	10174103552	9361162240	677.7	26	4
2631.98	0	754857	0	10174300160	9361162240	652.9	26	4
2632.98	0	754873	0	10174509056	9361166336	629.9	26	4
2633.99	0	755252	0	10175442944	9361166336	636.4	26	4
2634.99	0	755616	0	10176045056	9361166336	683.7	26	4
2636.00	0	755847	0	10176241664	9361166336	645.6	26	4
2637.00	0	756044	0	10175492096	9361166336	615.7	26	4
2638.01	0	756358	0	10175545344	9361166336	626.5	26	4
2639.01	0	756786	0	10176270336	9361166336	689.8	26	4
2640.01	0	756786	0	10176368640	9361166336	627.4	26	4
2641.02	0	757198	0	10176778240	9361166336	658.1	26	4
2642.02	0	757362	0	10176909312	9361166336	617.0	26	4
2643.03	0	757954	0	10177417216	9361166336	646.3	26	4
2644.03	0	757954	0	10177015808	9361166336	654.7	26	4
2645.03	0	758365	0	10176581632	9363058688	674.1	26	4
2646.04	0	759105	0	10177880064	9363058688	669.4	26	4
2647.04	0	759105	0	10177765376	9363058688	644.0	26	4
2648.05	0	759517	0	10178682880	9363062784	677.2	26	4
2649.05	0	759682	0	10178785280	9363062784	665.0	26	4
2650.06	0	759682	0	10178736128	9363062784	596.8	26	4
2651.06	0	760258	0	10179211264	9363062784	658.7	26	4
2652.06	0	760554	0	10180091904	9363062784	671.4	26	4
2653.07	0	760833	0	10179858432	9363062784	637.7	26	4
2654.07	0	761147	0	10180055040	9363062784	619.1	26	4
2655.08	0	761411	0	10180718592	9363062784	642.8	26	4
2656.08	0	761592	0	10180874240	9363062784	639.0	26	4
2657.08	0	761856	0	10181128192	9363062784	658.9	26	4
2658.09	0	762301	0	10181447680	9363062784	660.7	26	4
2659.09	0	762581	0	10181840896	9363062784	636.0	26	4
2660.10	0	762877	0	10182684672	9363062784	686.9	26	4
2661.10	0	762992	0	10182270976	9363062784	634.3	26	4
2662.11	0	763139	0	10182434816	9363062784	657.2	26	4
2663.11	0	763715	0	10183049216	9363062784	651.0	26	4
2664.11	0	763945	0	10183868416	9363062784	653.2	26	4
2665.12	0	764159	0	10183303168	9363062784	658.5	26	4
2666.12	0	764307	0	10183462912	9363066880	669.3	26	4
2667.13	0	764882	0	10184642560	9363066880	654.4	26	4
2668.13	0	764882	0	10183553024	9363066880	627.7	26	4
2669.13	0	765309	0	10184372224	9363066880	649.7	26	4
2670.14	0	765457	0	10184339456	9363066880	616.0	26	4
2671.14	0	766033	0	10184859648	9363066880	632.4	26	4
2672.15	0	766033	0	10184798208	9363066880	657.1	26	4
2673.15	0	766477	0	10185199616	9363070976	630.6	26	4
2674.16	0	766625	0	10186014720	9363070976	644.7	26	4
2675.16	0	767218	0	10186092544	9363070976	622.3	26	4
2676.16	0	767218	0	10185949184	9363070976	677.2	26	4
2677.17	0	767647	0	10186162176	9363070976	647.4	26	4
2678.17	0	767795	0	10186387456	9363070976	597.4	26	4
2679.18	0	768389	0	10186412032	9363070976	644.6	26	4
2680.18	0	768389	0	10186354688	9363070976	636.9	26	4
2681.19	0	768816	0	10186940416	9363070976	689.4	26	4
2682.19	0	768981	0	10187034624	9363070976	601.4	26	4
2683.20	0	769556	0	10188234752	9363070976	651.9	26	4
2684.20	0	769556	0	10188435456	9363075072	709.2	26	4
2685.20	0	770000	0	10188804096	9363075072	645.1	26	4
2686.21	0	770148	0	10189664256	9363075072	610.5	26	4
2687.21	0	770740	0	10190082048	9363075072	646.8	26	4
2688.22	0	770740	0	10189918208	9363075072	626.2	26	4
2689.22	0	771184	0	10190630912	9363079168	667.6	26	4
2690.22	0	771332	0	10190774272	9363083264	630.2	26	4
2691.23	0	771923	0	10191437824	9363083264	651.9	26	4
2692.23	0	771923	0	10191343616	9363083264	566.7	26	4
2693.24	0	772367	0	10192003072	9363083264	655.5	26	4
2694.24	0	772515	0	10192064512	9363083264	623.8	26	4
2695.25	0	773108	0	10192793600	9363083264	603.5	26	4
2696.25	0	773108	0	10192723968	9363083264	640.4	26	4
2697.25	0	773568	0	10193620992	9363083264	665.1	26	4
2698.26	0	773717	0	10192932864	9363083264	593.2	26	4
2699.26	0	774311	0	10194116608	9363083264	636.4	26	4
2700.27	0	774311	0	10193932288	9363087360	640.9	26	4
2701.27	0	774771	0	10194448384	9363087360	632.1	26	4
2702.27	0	774919	0	10194599936	9363087360	627.9	26	4
2703.28	0	775510	0	10195079168	9363087360	692.2	26	4
2704.28	0	775740	0	10195292160	9363087360	595.4	26	4
2705.29	0	775970	0	10195312640	9363087360	586.3	26	4
2706.29	0	776118	0	10195197952	9363087360	608.1	26	4
2707.29	0	776709	0	10196168704	9363087360	633.4	26	4
2708.30	0	776742	0	10196123648	9363087360	639.6	26	4
2709.30	0	777170	0	10196353024	9363087360	609.5	26	4
2710.31	0	777909	0	10197823488	9363087360	671.3	26	4
2711.31	0	777909	0	10197729280	9363087360	615.3	26	4
2712.31	0	778370	0	10198392832	9363087360	685.6	26	4
2713.32	0	778501	0	10198478848	9363087360	641.5	26	4
2714.32	0	779108	0	10198994944	9363087360	634.7	26	4
2715.33	0	779108	0	10198511616	9363087360	629.8	26	4
2716.33	0	779570	0	10198589440	9363087360	614.9	26	4
2717.34	0	779570	0	10198949888	9363087360	630.3	26	4
2718.34	0	780280	0	10199625728	9363095552	728.9	26	4
2719.34	0	780280	0	10199859200	9363095552	593.3	26	4
2720.35	0	780741	0	10200371200	9363095552	617.3	26	4
2721.35	0	780873	0	10200158208	9363095552	623.2	26	4
2722.36	0	781481	0	10201022464	9363095552	651.0	26	4
2723.36	0	781481	0	10200838144	9363095552	605.4	26	4
2724.36	0	781942	0	10201538560	9363095552	682.6	26	4
2725.37	0	782057	0	10201784320	9363095552	633.5	26	4
2726.37	0	782073	0	10201645056	9363095552	601.3	26	4
2727.38	0	782665	0	10202259456	9363095552	640.5	26	4
2728.38	0	782665	0	10201903104	9363095552	615.6	26	4
2729.38	0	783125	0	10202746880	9363095552	597.3	26	4
2730.39	0	783257	0	10202337280	9363095552	604.9	26	4
2731.39	0	783848	0	10204020736	9363095552	661.6	26	4
2732.40	0	783848	0	10203766784	9363095552	662.7	26	4
2733.40	0	784308	0	10204139520	9363099648	609.9	26	4
2734.41	0	784456	0	10204725248	9363103744	688.2	26	4
2735.41	0	785031	0	10205569024	9363103744	620.0	26	4
2736.41	0	785031	0	10205523968	9363103744	607.2	26	4
2737.42	0	785493	0	10206031872	9363103744	637.7	26	4
2738.42	0	785641	0	10205954048	9363103744	599.2	26	4
2739.43	0	786218	0	10206355456	9363103744	641.9	26	4
2740.43	0	786218	0	10206158848	9363103744	647.4	26	4
2741.43	0	786680	0	10207002624	9363103744	707.4	26	4
2742.44	0	786827	0	10207084544	9363103744	674.0	26	4
2743.44	0	787436	0	10207641600	9363103744	601.5	26	4
2744.45	0	787436	0	10207281152	9363103744	614.7	26	4
2745.45	0	787880	0	10208333824	9363107840	653.0	26	4
2746.46	0	788028	0	10209267712	9363107840	638.1	26	4
2747.46	0	788637	0	10209849344	9363116032	625.0	26	4
2748.46	0	788637	0	10208645120	9363116032	603.4	26	4
2749.47	0	788637	0	10208714752	9363116032	631.4	26	4
2750.47	0	789080	0	10209443840	9363116032	607.9	26	4
2751.48	0	789228	0	10208870400	9363116032	600.9	26	4
2752.48	0	789838	0	10210041856	9363116032	636.2	26	4
2753.48	0	789838	0	10209734656	9363116032	601.6	26	4
2754.49	0	790282	0	10210091008	9363116032	641.4	26	4
2755.49	0	790446	0	10210603008	9363116032	686.1	26	4
2756.50	0	791038	0	10211323904	9363116032	643.4	26	4
2757.50	0	791186	0	10211758080	9363128320	668.6	26	4
2758.50	0	791482	0	10212368384	9363161088	639.2	26	4
2759.51	0	791647	0	10212560896	9363161088	601.4	26	4
2760.51	0	792257	0	10212909056	9363161088	605.9	26	4
2761.52	0	792257	0	10212511744	9363161088	615.5	26	4
2762.52	0	792686	0	10212708352	9363165184	631.9	26	4
2763.53	0	792851	0	10213220352	9363165184	612.7	26	4
2764.53	0	793476	0	10213810176	9363165184	619.5	26	4
2765.53	0	793476	0	10213867520	9363165184	623.0	26	4
2766.54	0	793920	0	10214694912	9363165184	632.5	26	4
2767.54	0	794068	0	10214801408	9363165184	675.4	26	4
2768.55	0	794676	0	10215378944	9363173376	679.7	26	4
2769.55	0	794676	0	10215698432	9363173376	658.1	26	4
2770.55	0	795119	0	10216226816	9363173376	630.7	26	4
2771.56	0	795268	0	10216517632	9363177472	638.2	26	4
2772.56	0	795876	0	10216587264	9363177472	650.8	26	4
2773.57	0	795876	0	10216415232	9363177472	633.2	26	4
2774.57	0	796304	0	10217013248	9363177472	638.1	26	4
2775.58	0	796485	0	10216853504	9363177472	611.5	26	4
2776.58	0	797076	0	10218250240	9363177472	635.0	26	4
2777.58	0	797076	0	10218201088	9363177472	645.8	26	4
2778.59	0	797504	0	10217873408	9363177472	618.1	26	4
2779.59	0	797669	0	10217988096	9363177472	627.7	26	4
2780.60	0	798279	0	10218909696	9363177472	622.7	26	4
2781.60	0	798279	0	10218430464	9363177472	600.2	26	4
2782.61	0	798707	0	10218676224	9363177472	659.5	26	4
2783.61	0	798872	0	10218827776	9363177472	676.5	26	4
2784.61	0	799481	0	10218721280	9363177472	661.4	26	4
2785.62	0	799481	0	10219225088	9363177472	676.4	26	4
2786.62	0	799925	0	10220216320	9363177472	627.8	26	4
2787.63	0	800073	0	10220134400	9363177472	643.4	26	4
2788.63	0	800682	0	10220838912	9363181568	666.5	26	4
2789.63	0	800682	0	10220761088	9363181568	684.2	26	4
2790.64	0	801125	0	10221731840	9363181568	605.9	26	4
2791.64	0	801289	0	10221486080	9363181568	590.9	26	4
2792.65	0	801897	0	10221789184	9363181568	720.2	26	4
2793.65	0	801897	0	10221789184	9363181568	613.0	26	4
2794.66	0	802341	0	10222469120	9363185664	610.6	26	4
2795.66	0	802505	0	10222780416	9363185664	615.5	26	4
2796.66	0	803097	0	10223210496	9363185664	604.9	26	4
2797.67	0	803097	0	10222710784	9363185664	657.5	26	4
2798.67	0	803541	0	10223673344	9363185664	693.2	26	4
2799.68	0	803705	0	10223644672	9363185664	615.6	26	4
2800.68	0	804298	0	10224377856	9363185664	682.5	26	4
2801.69	0	804298	0	10224144384	9363185664	632.0	26	4
2802.69	0	804743	0	10225008640	9363185664	576.7	26	4
2803.69	0	804908	0	10225209344	9363185664	619.1	26	4
2804.70	0	805519	0	10225881088	9363185664	683.1	26	4
2805.70	0	805519	0	10225725440	9363185664	623.3	26	4
2806.71	0	805946	0	10226294784	9363185664	623.1	26	4
2807.71	0	806111	0	10226671616	9363185664	623.7	26	4
2808.71	0	806407	0	10226704384	9363185664	668.1	26	4
2809.72	0	806703	0	10227531776	9363185664	671.5	26	4
2810.72	0	806703	0	10227449856	9363185664	617.7	26	4
2811.73	0	807131	0	10227036160	9363185664	607.2	26	4
2812.73	0	807312	0	10227294208	9363185664	647.9	26	4
2813.73	0	807904	0	10227834880	9363189760	677.3	26	4
2814.74	0	807904	0	10227875840	9363189760	637.4	26	4
2815.74	0	808496	0	10229399552	9363202048	719.2	26	4
2816.75	0	808660	0	10229891072	9363206144	623.4	26	4
2817.75	0	809121	0	10230222848	9363206144	613.9	26	4
2818.76	0	809121	0	10229649408	9363206144	609.5	26	4
2819.76	0	809531	0	10230267904	9363206144	625.9	26	4
2820.76	0	809695	0	10230480896	9363206144	627.1	26	4
2821.77	0	810303	0	10231918592	9363210240	719.1	26	4
2822.77	0	810303	0	10232283136	9363210240	665.3	26	4
2823.78	0	810732	0	10232479744	9363210240	638.3	26	4
2824.78	0	810913	0	10231918592	9363210240	610.9	26	4
2825.78	0	811507	0	10232590336	9363210240	681.5	26	4
2826.79	0	811507	0	10232393728	9363210240	634.4	26	4
2827.79	0	811952	0	10232578048	9363210240	602.5	26	4
2828.80	0	812116	0	10232881152	9363210240	632.7	26	4
2829.80	0	812724	0	10233335808	9363210240	633.8	26	4
2830.81	0	812724	0	10233966592	9363210240	694.2	26	4
2831.81	0	813152	0	10234118144	9363210240	655.7	26	4
2832.81	0	813316	0	10234793984	9363210240	631.4	26	4
2833.82	0	813908	0	10235084800	9363210240	654.8	26	4
2834.82	0	813908	0	10234642432	9363210240	594.2	26	4
2835.83	0	814351	0	10234683392	9363210240	649.3	26	4
2836.83	0	814515	0	10235469824	9363210240	613.7	26	4
2837.84	0	815106	0	10236141568	9363210240	630.5	26	4
2838.84	0	815106	0	10236452864	9363218432	610.4	26	4
2839.84	0	815533	0	10236059648	9363218432	589.5	26	4
2840.85	0	815697	0	10236731392	9363218432	646.5	26	4
2841.85	0	816305	0	10237341696	9363218432	607.6	26	4
2842.86	0	816305	0	10237108224	9363218432	654.3	26	4
2843.86	0	816305	0	10237042688	9363218432	585.1	26	4
2844.86	0	816749	0	10237292544	9363218432	686.3	26	4
2845.87	0	817112	0	10238382080	9363218432	653.0	26	4
2846.87	0	817508	0	10238373888	9363218432	625.4	26	4
2847.88	0	817639	0	10238664704	9363218432	602.6	26	4
2848.88	0	818018	0	10238803968	9363218432	691.0	26	4
2849.88	0	818561	0	10239332352	9363218432	650.0	26	4
2850.89	0	818709	0	10239463424	9363218432	611.3	26	4
2851.89	0	818758	0	10239709184	9363218432	590.8	26	4
2852.90	0	819153	0	10240274432	9363218432	651.3	26	4
2853.90	0	819300	0	10240233472	9363218432	621.3	26	4
2854.91	0	819891	0	10240262144	9363218432	639.0	26	4
2855.91	0	819891	0	10239746048	9363218432	640.7	26	4
2856.91	0	820335	0	10241146880	9363222528	650.8	26	4
2857.92	0	820500	0	10241499136	9363222528	609.1	26	4
2858.92	0	821108	0	10242015232	9363226624	618.7	26	4
2859.93	0	821108	0	10241658880	9363226624	668.7	26	4
2860.93	0	821552	0	10242158592	9363226624	643.6	26	4
2861.93	0	821716	0	10242998272	9363226624	626.0	26	4
2862.94	0	822308	0	10242543616	9363226624	601.5	26	4
2863.94	0	822308	0	10242600960	9363226624	619.9	26	4
2864.95	0	822768	0	10243338240	9363226624	693.8	26	4
2865.95	0	822916	0	10243887104	9363226624	611.5	26	4
2866.95	0	823525	0	10244341760	9363226624	590.3	26	4
2867.96	0	823871	0	10244800512	9363226624	662.4	26	4
2868.96	0	823986	0	10245365760	9363226624	692.4	26	4
2869.97	0	824744	0	10245226496	9363226624	627.5	26	4
2870.97	0	824744	0	10245603328	9363226624	632.7	26	4
2871.98	0	825203	0	10246623232	9363226624	648.1	26	4
2872.98	0	825367	0	10246778880	9363226624	620.5	26	4
2873.98	0	825959	0	10247258112	9363226624	636.6	26	4
2874.99	0	825959	0	10246488064	9363226624	690.2	26	4
2875.99	0	826419	0	10247786496	9363226624	652.3	26	4
2877.00	0	826567	0	10247770112	9363226624	593.8	26	4
2878.00	0	827174	0	10247516160	9363226624	611.5	26	4
2879.00	0	827174	0	10248089600	9363226624	617.5	26	4
2880.01	0	827618	0	10248613888	9363226624	672.9	26	4
2881.01	0	827782	0	10248237056	9363226624	592.6	26	4
2882.02	0	828389	0	10248482816	9363226624	640.6	26	4
2883.02	0	828389	0	10248859648	9363226624	684.1	26	4
2884.03	0	828849	0	10249596928	9363226624	633.1	26	4
2885.03	0	828997	0	10249834496	9363226624	662.5	26	4
2886.03	0	829604	0	10249744384	9363226624	653.7	26	4
2887.04	0	829604	0	10249924608	9363226624	672.0	26	4
2888.04	0	830049	0	10250452992	9363230720	677.8	26	4
2889.05	0	830197	0	10251354112	9363230720	668.7	26	4
2890.05	0	830773	0	10251657216	9363230720	634.1	26	4
2891.05	0	830773	0	10251583488	9363230720	635.0	26	4
2892.06	0	831235	0	10252173312	9363230720	666.7	26	4
2893.06	0	831366	0	10252722176	9363238912	633.5	26	4
2894.07	0	831974	0	10253148160	9363238912	646.8	26	4
2895.07	0	831974	0	10252808192	9363238912	611.4	26	4
2896.07	0	832417	0	10253119488	9363238912	652.6	26	4
2897.08	0	832565	0	10253631488	9363238912	651.2	26	4
2898.08	0	833156	0	10253819904	9363238912	637.9	26	4
2899.09	0	833156	0	10254114816	9363243008	639.9	26	4
2900.09	0	833616	0	10255106048	9363255296	607.6	26	4
2901.10	0	833764	0	10255101952	9363255296	620.6	26	4
2902.10	0	834355	0	10256048128	9363255296	651.4	26	4
2903.10	0	834355	0	10256134144	9363255296	632.1	26	4
2904.11	0	834799	0	10255933440	9363255296	651.6	26	4
2905.11	0	834930	0	10256130048	9363255296	636.9	26	4
2906.12	0	835539	0	10256756736	9363255296	669.6	26	4
2907.12	0	835539	0	10257035264	9363255296	649.9	26	4
2908.13	0	835983	0	10257465344	9363255296	649.8	26	4
2909.13	0	835983	0	10257883136	9363255296	642.6	26	4
2910.13	0	836296	0	10257965056	9363255296	635.3	26	4
2911.14	0	836725	0	10258350080	9363255296	665.8	26	4
2912.14	0	837171	0	10258845696	9363255296	595.2	26	4
2913.15	0	837303	0	10259214336	9363259392	672.8	26	4
2914.15	0	837912	0	10259591168	9363259392	663.3	26	4
2915.15	0	837912	0	10258972672	9363259392	638.2	26	4
2916.16	0	838373	0	10259341312	9363259392	590.9	26	4
2917.16	0	838455	0	10260127744	9363259392	638.3	26	4
2918.17	0	839096	0	10260529152	9363259392	693.3	26	4
2919.17	0	839096	0	10260590592	9363259392	651.8	26	4
2920.18	0	839557	0	10261401600	9363259392	687.4	26	4
2921.18	0	839705	0	10261774336	9363259392	626.5	26	4
2922.18	0	840297	0	10262261760	9363259392	633.6	26	4
2923.19	0	840297	0	10261630976	9363259392	608.2	26	4
2924.19	0	840741	0	10261909504	9363259392	635.3	26	4
2925.20	0	840889	0	10262564864	9363259392	693.1	26	4
2926.20	0	841481	0	10262421504	9363259392	673.9	26	4
2927.20	0	841481	0	10262532096	9363259392	602.4	26	4
2928.21	0	841942	0	10262499328	9363267584	667.3	26	4
2929.21	0	842074	0	10263306240	9363267584	627.0	26	4
2930.22	0	842683	0	10264711168	9363271680	642.9	26	4
2931.22	0	842683	0	10264150016	9363271680	648.0	26	4
2932.23	0	843127	0	10265014272	9363271680	722.3	26	4
2933.23	0	843275	0	10264780800	9363279872	646.5	26	4
2934.23	0	843869	0	10264846336	9363279872	670.2	26	4
2935.24	0	843869	0	10265034752	9363279872	626.8	26	4
2936.24	0	844329	0	10266095616	9363279872	616.4	26	4
2937.25	0	844477	0	10265968640	9363283968	656.3	26	4
2938.25	0	845085	0	10266386432	9363283968	684.1	26	4
2939.26	0	845085	0	10266148864	9363283968	600.4	26	4
2940.26	0	845528	0	10266537984	9363283968	633.0	26	4
2941.26	0	845676	0	10266329088	9363283968	585.9	26	4
2942.27	0	846283	0	10267332608	9363296256	657.4	26	4
2943.27	0	846283	0	10267332608	9363296256	640.5	26	4
2944.28	0	846711	0	10268123136	9363296256	631.9	26	4
2945.28	0	846875	0	10267803648	9363296256	638.1	26	4
2946.28	0	847466	0	10268237824	9363296256	641.5	26	4
2947.29	0	847466	0	10268196864	9363296256	613.9	26	4
2948.29	0	847909	0	10269200384	9363296256	643.9	26	4
2949.30	0	847909	0	10268733440	9363296256	622.6	26	4
2950.30	0	848666	0	10269577216	9363296256	635.8	26	4
2951.31	0	848666	0	10269986816	9363296256	597.5	26	4
2952.31	0	849110	0	10270326784	9363296256	595.3	26	4
2953.31	0	849259	0	10270441472	9363296256	625.5	26	4
2954.32	0	849868	0	10271629312	9363296256	633.5	26	4
2955.32	0	849868	0	10270871552	9363296256	605.8	26	4
2956.33	0	850313	0	10271682560	9363296256	608.9	26	4
2957.33	0	850461	0	10272260096	9363296256	646.3	26	4
2958.33	0	851052	0	10272051200	9363296256	651.4	26	4
2959.34	0	851052	0	10272825344	9363296256	635.7	26	4
2960.34	0	851496	0	10273349632	9363300352	626.4	26	4
2961.35	0	851660	0	10273255424	9363300352	626.9	26	4
2962.35	0	852251	0	10273783808	9363300352	595.2	26	4
2963.36	0	852251	0	10274267136	9363300352	636.5	26	4
2964.36	0	852694	0	10275143680	9363308544	621.1	26	4
2965.36	0	852842	0	10275635200	9363312640	653.8	26	4
2966.37	0	853449	0	10276052992	9363329024	596.1	26	4
2967.37	0	853449	0	10275184640	9363329024	705.2	26	4
2968.38	0	853877	0	10275692544	9363329024	675.9	26	4
2969.38	0	854040	0	10275823616	9363329024	594.7	26	4
2970.38	0	854632	0	10275442688	9363329024	692.4	26	4
2971.39	0	854894	0	9095757824	8174161920	636.6	17	4
2972.39	0	855239	0	7079862272	6172839936	417.3	17	4
2973.40	0	855239	0	7080480768	6172839936	403.8	15	4
