t_s	temp_kb	out_kb	converted_kb	mem_bytes	anon_bytes	cpu_pct	pids	fifos
0.00	0	0	0	6066176	307200	59.2	2	0
1.00	0	0	0	647282688	631943168	98.7	2	0
2.01	0	0	0	898146304	874979328	100.0	2	0
3.01	0	0	0	1333825536	1301004288	101.0	2	0
4.01	0	1	0	1749307392	1704747008	100.0	2	0
5.02	0	1	0	2203901952	2157756416	100.0	2	0
6.02	0	1	0	2555830272	2508963840	101.0	2	0
7.02	0	1	0	2795106304	2748010496	100.0	2	0
8.03	85118	2	85118	2924511232	2786119680	101.0	2	0
9.03	358956	2	358956	3205345280	2783989760	100.0	2	0
10.04	633383	2	633383	3487195136	2783989760	100.0	2	0
11.04	906699	2	906699	3767656448	2783989760	101.0	2	0
12.04	1180996	2	1180996	4048994304	2783989760	100.0	2	0
13.05	1455336	2	1455336	4330663936	2783989760	101.0	2	0
14.05	1728748	2	1728748	4610793472	2783989760	100.0	2	0
15.06	2001885	2	2001885	4891541504	2783989760	100.0	2	0
16.06	2275646	2	2275646	5172551680	2783989760	101.0	2	0
17.06	2549583	2	2549583	5453561856	2783989760	100.0	2	0
18.07	2824325	2	2824325	5737115648	2786856960	100.0	2	0
19.07	3099376	2	3099376	6019264512	2786856960	101.0	2	0
20.07	3346733	2	3346733	6391603200	2903453696	99.8	6	0
21.08	3346733	2	3346733	8239742976	4747993088	101.0	6	0
22.08	3346733	2	3346733	10054479872	6557573120	235.9	15	0
23.09	3346733	2	3346733	11885793280	8385851392	499.1	15	0
24.09	3346733	19	3346733	12775591936	9272352768	675.2	20	0
25.09	3346733	385	3346733	12785086464	9281355776	809.6	20	0
26.10	3346733	684	3346733	12790833152	9287462912	815.4	20	0
27.10	3346733	1181	3346733	12796194816	9291988992	812.3	20	0
28.11	3346733	1264	3346733	12800843776	9298735104	809.0	20	0
29.11	3346733	1744	3346733	12804079616	9300484096	808.1	20	0
30.12	3346733	2323	3346733	12804964352	9301319680	809.6	20	0
31.12	3346733	2323	3346733	12807860224	9304526848	807.5	20	0
32.12	3346733	2406	3346733	12810895360	9307226112	800.9	20	0
33.13	3346733	2406	3346733	12813471744	9310109696	807.6	20	0
34.13	3346733	3465	3346733	12816936960	9311051776	818.4	20	0
35.14	3346733	3465	3346733	12816666624	9311150080	799.5	20	0
36.14	3346733	4044	3346733	12818657280	9311920128	817.2	20	0
37.15	3346733	4044	3346733	12820488192	9314557952	799.4	20	0
38.15	3346733	4608	3346733	12825325568	9320415232	817.4	20	0
39.15	3346733	4608	3346733	12828020736	9323065344	799.6	20	0
40.16	3346733	4707	3346733	12830691328	9325592576	808.8	20	0
41.16	3346733	4707	3346733	12833841152	9328328704	799.4	20	0
42.17	3346733	4707	3346733	12836122624	9331380224	799.5	20	0
43.17	3346733	4707	3346733	12840628224	9335775232	807.4	20	0
44.18	3346733	6365	3346733	12843343872	9337540608	828.3	20	0
45.18	3346733	6365	3346733	12844519424	9338224640	807.3	20	0
46.18	3346733	6945	3346733	12845453312	9338228736	809.6	20	0
47.19	3346733	6945	3346733	12845019136	9338294272	807.6	20	0
48.19	3346733	6945	3346733	12846174208	9338961920	799.5	20	0
49.20	3346733	6945	3346733	12848898048	9341632512	799.5	20	0
50.20	3346733	8104	3346733	12852965376	9344258048	827.5	20	0
51.20	3346733	8104	3346733	12855889920	9347227648	799.6	20	0
52.21	3346733	8682	3346733	12859629568	9349804032	817.3	20	0
53.21	3346733	8682	3346733	12861906944	9352290304	799.5	20	0
54.22	3346733	8682	3346733	12864794624	9355051008	807.5	20	0
55.22	3346733	8682	3346733	12867661824	9357967360	799.8	20	0
56.23	3346733	9325	3346733	12869922816	9360257024	810.9	20	0
57.23	3346733	9325	3346733	12872568832	9362948096	807.7	20	0
58.23	3346733	9325	3346733	12876566528	9366130688	799.6	20	0
59.24	3346733	9325	3346733	12880621568	9370529792	807.4	20	0
60.24	3346733	9325	3346733	12884275200	9374572544	799.3	20	0
61.25	3346733	9325	3346733	12888899584	9378480128	799.3	20	0
62.25	3346733	9325	3346733	12891783168	9382383616	807.2	20	0
63.25	3346733	9836	3346733	12895707136	9385238528	808.2	20	0
64.26	3346733	12000	3346733	12899319808	9386418176	844.7	20	0
65.26	3346733	12132	3346733	12899008512	9386455040	802.2	20	0
66.27	3346733	12132	3346733	12899377152	9386491904	807.5	20	0
67.27	3346733	12132	3346733	12899086336	9386504192	799.6	20	0
68.28	3346733	13303	3346733	12900167680	9386520576	819.6	20	0
69.28	3346733	13303	3346733	12900782080	9386541056	807.5	20	0
70.28	3346733	13303	3346733	12900257792	9386561536	799.3	20	0
71.29	3346733	13303	3346733	12900605952	9386684416	807.4	20	0
72.29	3346733	13303	3346733	12899475456	9386696704	799.7	20	0
73.30	3346733	13303	3346733	12901990400	9389068288	799.5	20	0
74.30	3346733	13303	3346733	12904648704	9391587328	807.4	20	0
75.31	3346733	13303	3346733	12908019712	9394331648	800.0	20	0
76.31	3346733	15613	3346733	12912500736	9396809728	846.9	20	0
77.31	3346733	15613	3346733	12915408896	9399558144	799.6	20	0
78.32	3346733	15613	3346733	12917940224	9402220544	807.3	20	0
79.32	3346733	15613	3346733	12920963072	9405272064	799.6	20	0
80.33	3346733	16770	3346733	12925464576	9407942656	819.5	20	0
81.33	3346733	16770	3346733	12927750144	9410748416	807.5	20	0
82.34	3346733	16770	3346733	12930424832	9413455872	799.5	20	0
83.34	3346733	16770	3346733	12933300224	9416429568	807.6	20	0
84.34	3346733	16770	3346733	12935188480	9419026432	799.5	20	0
85.35	3346733	16770	3346733	12938149888	9421565952	807.4	20	0
86.35	3346733	16770	3346733	12940652544	9424269312	799.4	20	0
87.36	3346733	16770	3346733	12943257600	9427181568	799.6	20	0
88.36	3346733	18536	3346733	12948160512	9429843968	838.7	20	0
89.37	3346733	18536	3346733	12951474176	9432567808	799.4	20	0
90.37	3346733	18536	3346733	12953649152	9434824704	807.2	20	0
91.37	3346733	18536	3346733	12956073984	9437356032	799.6	20	0
92.38	3346733	18536	3346733	12959342592	9440456704	807.6	20	0
93.38	3346733	18536	3346733	12963176448	9444749312	799.7	20	0
94.39	3346733	18536	3346733	12967886848	9448775680	799.7	20	0
95.39	3346733	18536	3346733	12971810816	9453293568	806.9	20	0
96.40	3346733	18536	3346733	12976803840	9457741824	799.5	20	0
97.40	3346733	18536	3346733	12980568064	9461719040	807.3	20	0
98.40	3346733	18536	3346733	12985004032	9465782272	799.5	20	0
99.41	3346733	18536	3346733	12989386752	9470013440	807.6	20	0
100.41	3346733	18536	3346733	12993314816	9474043904	799.4	20	0
101.42	3346733	19031	3346733	12997869568	9477922816	808.2	20	0
102.42	3346733	19031	3346733	12999229440	9479499776	807.5	20	0
103.42	3346733	19031	3346733	13000454144	9481093120	799.6	20	0
104.43	3346733	22185	3346733	13004984320	9481871360	862.4	20	0
105.43	3346733	23570	3346733	13006249984	9481895936	823.8	20	0
106.44	3346733	23570	3346733	13006106624	9481908224	799.7	20	0
107.44	3346733	23570	3346733	13005692928	9481924608	807.5	20	0
108.45	3346733	23570	3346733	13006315520	9481957376	799.8	20	0
109.45	3346733	23570	3346733	13006303232	9481969664	807.7	20	0
110.45	3346733	23570	3346733	13006213120	9482002432	799.5	20	0
111.46	3346733	23570	3346733	13006475264	9482010624	799.7	20	0
112.46	3346733	25896	3346733	13008457728	9482014720	848.0	20	0
113.47	3346733	25896	3346733	13007958016	9482043392	799.6	20	0
114.47	3346733	25896	3346733	13008121856	9482055680	807.5	20	0
115.47	3346733	25896	3346733	13008502784	9482076160	799.4	20	0
116.48	3346733	25896	3346733	13008011264	9482084352	807.4	20	0
117.48	3346733	25896	3346733	13008531456	9482104832	799.6	20	0
118.49	3346733	25896	3346733	13008576512	9482121216	799.2	20	0
119.49	3346733	25896	3346733	13009010688	9482145792	807.1	20	0
120.50	3346733	25896	3346733	13008756736	9482444800	799.5	20	0
121.50	3346733	25896	3346733	13011333120	9485058048	807.6	20	0
122.50	3346733	25896	3346733	13013868544	9487298560	799.3	20	0
123.51	3346733	25896	3346733	13015478272	9489498112	799.4	20	0
124.51	3346733	25896	3346733	13018263552	9491898368	807.5	20	0
125.52	3346733	25896	3346733	13020274688	9494114304	799.5	20	0
126.52	3346733	25896	3346733	13023035392	9496502272	807.5	20	0
127.52	3346733	25896	3346733	13026070528	9499238400	799.8	20	0
128.53	3346733	29297	3346733	13031796736	9501884416	857.7	20	0
129.53	3346733	30486	3346733	13036175360	9504579584	829.5	20	0
130.54	3346733	30486	3346733	13038366720	9507041280	799.4	20	0
131.54	3346733	30486	3346733	13041246208	9509679104	807.4	20	0
132.54	3346733	30486	3346733	13043662848	9512038400	799.5	20	0
133.55	3346733	30486	3346733	13045248000	9514418176	807.2	20	0
134.55	3346733	30486	3346733	13047853056	9516969984	799.5	20	0
135.56	3346733	30486	3346733	13051084800	9519632384	799.4	20	0
136.56	3346733	32467	3346733	13055979520	9522298880	841.5	20	0
137.57	3346733	32782	3346733	13058985984	9524895744	805.4	20	0
138.57	3346733	32782	3346733	13061378048	9527570432	807.5	20	0
139.57	3346733	32782	3346733	13064249344	9529978880	799.4	20	0
140.58	3346733	32782	3346733	13066883072	9532698624	807.4	20	0
141.58	3346733	32782	3346733	13069414400	9535258624	800.0	20	0
142.59	3346733	32782	3346733	13072490496	9538076672	798.9	20	0
143.59	3346733	32782	3346733	13074632704	9540427776	807.2	20	0
144.59	3346733	32782	3346733	13077430272	9543270400	799.5	20	0
145.60	3346733	32782	3346733	13079748608	9545732096	807.3	20	0
146.60	3346733	32782	3346733	13082230784	9548353536	799.5	20	0
147.61	3346733	32782	3346733	13084880896	9551212544	807.6	20	0
148.61	3346733	32782	3346733	13087711232	9553981440	799.6	20	0
149.62	3346733	32782	3346733	13090471936	9556283392	799.7	20	0
150.62	3346733	32782	3346733	13092712448	9558790144	806.9	20	0
151.62	3346733	32782	3346733	13094813696	9561255936	799.7	20	0
152.63	3346733	32782	3346733	13097144320	9563951104	807.7	20	0
153.63	3346733	36892	3346733	13105053696	9566601216	871.4	20	0
154.64	3346733	36892	3346733	13107392512	9568886784	799.4	20	0
155.64	3346733	36892	3346733	13110022144	9571254272	807.3	20	0
156.64	3346733	36892	3346733	13111996416	9573638144	799.8	20	0
157.65	3346733	36892	3346733	13114429440	9576026112	807.2	20	0
158.65	3346733	36892	3346733	13116223488	9578549248	799.7	20	0
159.66	3346733	36892	3346733	13119143936	9581133824	800.0	20	0
160.66	3346733	36892	3346733	13121323008	9583513600	807.2	20	0
161.66	3346733	36892	3346733	13125758976	9589489664	799.7	20	0
162.67	3346733	36892	3346733	13129523200	9593958400	807.7	20	0
163.67	3346733	36892	3346733	13133754368	9597763584	799.4	20	0
164.68	3346733	36892	3346733	13137948672	9601904640	799.5	20	0
165.68	3346733	36892	3346733	13143363584	9606864896	807.5	20	0
166.68	3346733	36892	3346733	13146476544	9610870784	799.4	20	0
167.69	3346733	36892	3346733	13151072256	9614917632	807.3	20	0
168.69	3346733	36892	3346733	13155078144	9618735104	799.8	20	0
169.70	3346733	36892	3346733	13158735872	9622986752	807.0	20	0
170.70	3346733	36892	3346733	13163405312	9627357184	799.5	20	0
171.71	3346733	36892	3346733	13167398912	9631399936	799.5	20	0
172.71	3346733	36892	3346733	13172142080	9635577856	807.4	20	0
173.71	3346733	36892	3346733	13175611392	9639870464	799.7	20	0
174.72	3346733	36892	3346733	13180002304	9644097536	807.6	20	0
175.72	3346733	36892	3346733	13184397312	9648279552	799.4	20	0
176.73	3346733	36892	3346733	13188763648	9652592640	799.6	20	0
177.73	3346733	36892	3346733	13192880128	9656631296	807.5	20	0
178.74	3346733	36892	3346733	13196832768	9660837888	799.6	20	0
179.74	3346733	36892	3346733	13201915904	9665204224	807.7	20	0
180.74	3346733	37387	3346733	13204668416	9667825664	808.1	20	0
181.75	3346733	37387	3346733	13206315008	9669177344	799.6	20	0
182.75	3346733	37387	3346733	13206872064	9670762496	807.7	20	0
183.76	3346733	37387	3346733	13208416256	9672400896	799.8	20	0
184.76	3346733	37387	3346733	13210435584	9673805824	807.4	20	0
185.76	3346733	40561	3346733	13215027200	9674813440	853.6	20	0
186.77	3346733	46568	3346733	13221068800	9674825728	903.0	20	0
187.77	3346733	46782	3346733	13220970496	9674833920	812.3	20	0
188.78	3346733	46782	3346733	13220704256	9674842112	799.6	20	0
189.78	3346733	46782	3346733	13221036032	9674858496	807.4	20	0
190.78	3346733	46782	3346733	13220503552	9674895360	799.4	20	0
191.79	3346733	46782	3346733	13220446208	9674919936	807.7	20	0
192.79	3346733	46782	3346733	13220278272	9674919936	800.5	20	0
193.80	3346733	46782	3346733	13221220352	9674948608	799.6	20	0
194.80	3346733	46782	3346733	13221384192	9674964992	807.4	20	0
195.80	3346733	46782	3346733	13221761024	9674981376	799.8	20	0
196.81	3346733	46782	3346733	13221933056	9674989568	807.0	20	0
197.81	3346733	46782	3346733	13220900864	9674989568	799.3	20	0
198.82	3346733	46782	3346733	13221003264	9675001856	807.3	20	0
199.82	3346733	46782	3346733	13221273600	9675022336	799.1	20	0
200.83	3346733	46782	3346733	13221048320	9675038720	799.4	20	0
201.83	3346733	47013	3346733	13221359616	9675046912	810.7	20	0
202.83	3346733	51421	3346733	13225906176	9675063296	877.2	20	0
203.84	3346733	51421	3346733	13225504768	9675067392	808.4	20	0
204.84	3346733	51421	3346733	13226070016	9675091968	800.4	20	0
205.85	3346733	51421	3346733	13225820160	9675104256	800.7	20	0
206.85	3346733	51421	3346733	13226225664	9675120640	808.5	20	0
207.85	3346733	51421	3346733	13225914368	9675124736	800.3	20	0
208.86	3346733	51421	3346733	13225869312	9675137024	808.3	20	0
209.86	3346733	51421	3346733	13226328064	9675149312	800.5	20	0
210.87	3346733	51421	3346733	13226676224	9675149312	800.8	20	0
211.87	3346733	51421	3346733	13226614784	9675157504	808.1	20	0
212.87	3346733	51421	3346733	13226016768	9675161600	800.5	20	0
213.88	3346733	51421	3346733	13226024960	9675165696	808.7	20	0
214.88	3346733	51421	3346733	13226139648	9675186176	800.5	20	0
215.89	3346733	51421	3346733	13226536960	9675198464	800.7	20	0
216.89	3346733	51421	3346733	13226471424	9675210752	808.6	20	0
217.89	3346733	51421	3346733	13226668032	9675227136	800.7	20	0
218.90	3346733	51421	3346733	13226565632	9675231232	808.8	20	0
219.90	3346733	51421	3346733	13226119168	9675280384	800.5	20	0
220.91	3346733	51421	3346733	13228765184	9677819904	800.6	20	0
221.91	3346733	51421	3346733	13231693824	9680687104	808.7	20	0
222.91	3346733	51421	3346733	13234442240	9683255296	800.6	20	0
223.92	3346733	51421	3346733	13237219328	9685913600	808.8	20	0
224.92	3346733	51421	3346733	13239873536	9688592384	800.6	20	0
225.93	3346733	51421	3346733	13242486784	9690976256	800.6	20	0
226.93	3346733	51421	3346733	13245607936	9693843456	808.8	20	0
227.93	3346733	51421	3346733	13247856640	9696505856	800.6	20	0
228.94	3346733	51421	3346733	13249921024	9698996224	808.6	20	0
229.94	3346733	51421	3346733	13253095424	9701761024	800.7	20	0
230.95	3346733	51421	3346733	13255675904	9704116224	800.5	20	0
231.95	3346733	51421	3346733	13259038720	9706868736	808.5	20	0
232.95	3346733	51421	3346733	13260546048	9709309952	800.6	20	0
233.96	3346733	51421	3346733	13262741504	9711562752	808.3	20	0
234.96	3346733	54939	3346733	13268983808	9714069504	860.9	20	0
235.97	3346733	60686	3346733	13277327360	9716731904	901.8	20	0
236.97	3346733	60686	3346733	13279387648	9719169024	807.7	20	0
237.97	3346733	60686	3346733	13281832960	9721716736	800.4	20	0
238.98	3346733	60686	3346733	13284421632	9724129280	808.5	20	0
239.98	3346733	60686	3346733	13287378944	9726550016	800.4	20	0
240.99	3346733	60686	3346733	13289467904	9728937984	800.4	20	0
241.99	3346733	60686	3346733	13291573248	9731379200	808.4	20	0
242.99	3346733	60686	3346733	13294526464	9735819264	800.3	20	0
244.00	3346733	60686	3346733	13296717824	9738240000	808.5	20	0
245.00	3346733	60686	3346733	13299740672	9741119488	800.8	20	0
246.01	3346733	60686	3346733	13302325248	9743794176	800.0	20	0
247.01	3346733	60686	3346733	13305307136	9746489344	807.6	20	0
248.01	3346733	60686	3346733	13307727872	9748979712	799.6	20	0
249.02	3346733	60686	3346733	13309964288	9751687168	799.8	20	0
250.02	3346733	60686	3346733	13312974848	9754451968	807.9	20	0
251.03	3346733	61445	3346733	13316542464	9756983296	811.9	20	0
252.03	3346733	65258	3346733	13323005952	9759457280	874.9	20	0
253.03	3346733	65258	3346733	13325524992	9762017280	799.4	20	0
254.04	3346733	65258	3346733	13327769600	9764696064	807.6	20	0
255.04	3346733	65258	3346733	13330837504	9767157760	799.4	20	0
256.05	3346733	65258	3346733	13333917696	9769832448	799.6	20	0
257.05	3346733	65258	3346733	13336141824	9772486656	807.5	20	0
258.05	3346733	65258	3346733	13338247168	9775222784	799.6	20	0
259.06	3346733	65258	3346733	13341392896	9777750016	807.5	20	0
260.06	3346733	65258	3346733	13344190464	9780072448	799.4	20	0
261.07	3346733	65258	3346733	13346672640	9782693888	799.7	20	0
262.07	3346733	65258	3346733	13349253120	9785217024	807.3	20	0
263.07	3346733	65258	3346733	13351309312	9787711488	799.6	20	0
264.08	3346733	65258	3346733	13353615360	9790414848	807.6	20	0
265.08	3346733	65258	3346733	13357006848	9792937984	799.5	20	0
266.09	3346733	65258	3346733	13359366144	9795833856	801.3	20	0
267.09	3346733	65258	3346733	13361971200	9798430720	805.9	20	0
268.09	3346733	65258	3346733	13364170752	9801154560	799.6	20	0
269.10	3346733	65258	3346733	13367205888	9803653120	807.7	20	0
270.10	3346733	65258	3346733	13368868864	9805811712	799.4	20	0
271.11	3346733	65258	3346733	13372612608	9808424960	799.5	20	0
272.11	3346733	65258	3346733	13375283200	9811058688	807.6	20	0
273.11	3346733	65258	3346733	13377335296	9813716992	799.5	20	0
274.12	3346733	65258	3346733	13380247552	9816141824	807.5	20	0
275.12	3346733	65258	3346733	13383122944	9818886144	799.6	20	0
276.13	3346733	65258	3346733	13386231808	9821609984	799.8	20	0
277.13	3346733	65258	3346733	13388685312	9824223232	807.3	20	0
278.13	3346733	65258	3346733	13391986688	9827205120	799.8	20	0
279.14	3346733	65258	3346733	13393997824	9829748736	807.5	20	0
280.14	3346733	65258	3346733	13396578304	9832525824	799.7	20	0
281.15	3346733	65258	3346733	13400391680	9835614208	799.9	20	0
282.15	3346733	65258	3346733	13402120192	9838460928	807.6	20	0
283.15	3346733	65258	3346733	13405417472	9840979968	799.6	20	0
284.16	3346733	67158	3346733	13409861632	9843851264	840.3	20	0
285.16	3346733	73168	3346733	13418549248	9846616064	903.8	20	0
286.17	3346733	74142	3346733	13422858240	9849057280	816.9	20	0
287.17	3346733	74142	3346733	13425549312	9851846656	807.5	20	0
288.17	3346733	74142	3346733	13427900416	9854623744	799.8	20	0
289.18	3346733	74142	3346733	13430452224	9857294336	807.7	20	0
290.18	3346733	74142	3346733	13433155584	9859928064	799.5	20	0
291.19	3346733	74142	3346733	13435883520	9862635520	799.6	20	0
292.19	3346733	74142	3346733	13437992960	9865183232	807.5	20	0
293.19	3346733	74142	3346733	13440827392	9867862016	800.1	20	0
294.20	3346733	74142	3346733	13444231168	9870487552	807.3	20	0
295.20	3346733	74142	3346733	13446578176	9873145856	799.6	20	0
296.21	3346733	74142	3346733	13448732672	9875795968	800.5	20	0
297.21	3346733	74142	3346733	13450928128	9878618112	807.5	20	0
298.21	3346733	74142	3346733	13453045760	9881042944	799.9	20	0
299.22	3346733	74142	3346733	13455310848	9883451392	807.5	20	0
300.22	3346733	74142	3346733	13457661952	9885933568	799.3	20	0
301.23	3346733	74142	3346733	13461266432	9889120256	807.3	20	0
302.23	3346733	74142	3346733	13465382912	9893298176	799.6	20	0
303.24	3346733	74142	3346733	13469597696	9897422848	799.1	20	0
304.24	3346733	74142	3346733	13474443264	9901645824	807.3	20	0
305.25	3346733	74142	3346733	13479067648	9906077696	799.4	20	0
306.25	3346733	74142	3346733	13483012096	9910054912	807.0	20	0
307.25	3346733	74142	3346733	13487153152	9914318848	799.5	20	0
308.26	3346733	74142	3346733	13490872320	9918300160	807.4	20	0
309.26	3346733	74142	3346733	13496102912	9923588096	799.5	20	0
310.27	3346733	74142	3346733	13500211200	9927712768	807.0	20	0
311.27	3346733	74142	3346733	13504720896	9932001280	799.2	20	0
312.28	3346733	74142	3346733	13507743744	9935753216	799.1	20	0
313.28	3346733	74142	3346733	13512294400	9939984384	807.3	20	0
314.29	3346733	74142	3346733	13515874304	9943633920	799.1	20	0
315.29	3346733	74142	3346733	13520502784	9947672576	807.1	20	0
316.29	3346733	74142	3346733	13524402176	9951809536	799.8	20	0
317.30	3346733	74142	3346733	13528489984	9956089856	806.7	20	0
318.30	3346733	74142	3346733	13532786688	9960022016	799.3	20	0
319.31	3346733	74142	3346733	13537103872	9964310528	807.2	20	0
320.31	3346733	74142	3346733	13541044224	9967960064	799.0	20	0
321.32	3346733	74142	3346733	13545246720	9972006912	799.2	20	0
322.32	3346733	74142	3346733	13548965888	9975828480	807.1	20	0
323.33	3346733	74142	3346733	13552226304	9979736064	799.4	20	0
324.33	3346733	74142	3346733	13556568064	9984024576	807.7	20	0
325.33	3346733	74142	3346733	13561335808	9988513792	799.5	20	0
326.34	3346733	74142	3346733	13564657664	9992351744	807.4	20	0
327.34	3346733	74142	3346733	13568704512	9996091392	799.4	20	0
328.35	3346733	74142	3346733	13572546560	9999863808	799.2	20	0
329.35	3346733	74142	3346733	13576867840	10003951616	807.4	20	0
330.35	3346733	74142	3346733	13581303808	10007969792	799.6	20	0
331.36	3346733	74142	3346733	13585481728	10012123136	807.4	20	0
332.36	3346733	74142	3346733	13588901888	10015776768	799.3	20	0
333.37	3346733	74142	3346733	13592842240	10020122624	799.4	20	0
334.37	3346733	74142	3346733	13597696000	10024370176	807.4	20	0
335.37	3346733	74142	3346733	13601214464	10028269568	799.4	20	0
336.38	3346733	74142	3346733	13605609472	10032300032	807.5	20	0
337.38	3346733	74439	3346733	13610733568	10036752384	804.3	20	0
338.39	3346733	74637	3346733	13611393024	10038272000	803.6	20	0
339.39	3346733	74637	3346733	13613436928	10039783424	807.4	20	0
340.40	3346733	74637	3346733	13615042560	10041290752	799.5	20	0
341.40	3346733	74637	3346733	13617041408	10042994688	807.5	20	0
342.40	3346733	74637	3346733	13617852416	10044325888	799.5	20	0
343.41	3346733	74637	3346733	13619081216	10045812736	807.5	20	0
344.41	3346733	74637	3346733	13621174272	10047303680	799.5	20	0
345.42	3346733	74637	3346733	13622784000	10050891776	799.6	20	0
346.42	3346733	74637	3346733	13624872960	10052591616	807.5	20	0
347.42	3346733	74637	3346733	13625532416	10054119424	799.9	20	0
348.43	3346733	74637	3346733	13627109376	10055839744	807.7	20	0
349.43	3346733	74637	3346733	13628669952	10057375744	799.7	20	0
350.44	3346733	77414	3346733	13633196032	10058326016	847.4	20	0
351.44	3346733	83407	3346733	13639884800	10058338304	911.9	20	0
352.44	3346733	89383	3346733	13645324288	10058342400	904.0	20	0
353.45	3346733	93297	3346733	13649158144	10058371072	876.1	20	0
354.45	3346733	93297	3346733	13649195008	10058399744	800.0	20	0
355.46	3346733	93297	3346733	13649465344	10058403840	799.6	20	0
356.46	3346733	93297	3346733	13649166336	10058420224	807.6	20	0
357.46	3346733	93297	3346733	13648973824	10058436608	799.6	20	0
358.47	3346733	93297	3346733	13649006592	10058436608	807.5	20	0
359.47	3346733	93297	3346733	13649158144	10058461184	799.6	20	0
360.48	3346733	93297	3346733	13649641472	10058465280	799.5	20	0
361.48	3346733	93297	3346733	13649620992	10058465280	807.5	20	0
362.48	3346733	93297	3346733	13648838656	10058469376	799.8	20	0
363.49	3346733	93297	3346733	13648957440	10058469376	807.5	20	0
364.49	3346733	93297	3346733	13649117184	10058469376	799.4	20	0
365.50	3346733	93297	3346733	13649321984	10058469376	799.6	20	0
366.50	3346733	93297	3346733	13649416192	10058489856	807.4	20	0
367.50	3346733	93297	3346733	13649203200	10058489856	799.6	20	0
368.51	3346733	93297	3346733	13649649664	10058489856	807.6	20	0
369.51	3346733	93297	3346733	13649551360	10058489856	799.7	20	0
370.52	3346733	93297	3346733	13650178048	10058493952	799.4	20	0
371.52	3346733	93297	3346733	13649424384	10058530816	807.3	20	0
372.53	3346733	93297	3346733	13649088512	10058539008	799.4	20	0
373.53	3346733	93297	3346733	13649465344	10058539008	807.7	20	0
374.53	3346733	93297	3346733	13649874944	10058539008	799.8	20	0
375.54	3346733	93297	3346733	13649780736	10058575872	807.4	20	0
376.54	3346733	93297	3346733	13649592320	10058575872	799.3	20	0
377.55	3346733	93297	3346733	13648998400	10058579968	799.4	20	0
378.55	3346733	93297	3346733	13649170432	10058579968	807.2	20	0
379.55	3346733	93297	3346733	13649117184	10058596352	799.3	20	0
380.56	3346733	93297	3346733	13649371136	10058625024	807.4	20	0
381.56	3346733	93297	3346733	13649383424	10058625024	799.3	20	0
382.57	3346733	95949	3346733	13652430848	10058625024	853.3	20	0
383.57	3346733	101906	3346733	13658243072	10058625024	903.9	20	0
384.58	3346733	102529	3346733	13658136576	10058633216	811.5	20	0
385.58	3346733	102529	3346733	13658443776	10058633216	808.3	20	0
386.59	3346733	102529	3346733	13658849280	10058645504	801.4	20	0
387.59	3346733	102529	3346733	13658636288	10058649600	807.2	20	0
388.59	3346733	102529	3346733	13659025408	10058649600	800.1	20	0
389.60	3346733	102529	3346733	13658759168	10058649600	807.6	20	0
390.60	3346733	102529	3346733	13659111424	10058653696	799.4	20	0
391.61	3346733	102529	3346733	13658939392	10058670080	807.1	20	0
392.61	3346733	102529	3346733	13658791936	10058670080	799.4	20	0
393.62	3346733	102529	3346733	13658910720	10058670080	799.7	20	0
394.62	3346733	102529	3346733	13658710016	10058674176	807.1	20	0
395.63	3346733	102529	3346733	13659197440	10058682368	799.4	20	0
396.63	3346733	102529	3346733	13659344896	10058690560	807.3	20	0
397.63	3346733	102529	3346733	13659279360	10058698752	799.4	20	0
398.64	3346733	102529	3346733	13659414528	10058706944	807.4	20	0
399.64	3346733	102529	3346733	13659439104	10058706944	799.3	20	0
400.65	3346733	102529	3346733	13659291648	10058706944	807.3	20	0
401.65	3346733	102529	3346733	13659451392	10058715136	799.2	20	0
402.66	3346733	102529	3346733	13658947584	10058715136	799.3	20	0
403.66	3346733	102529	3346733	13658951680	10058735616	807.1	20	0
404.67	3346733	102529	3346733	13659156480	10058735616	799.2	20	0
405.67	3346733	102529	3346733	13659254784	10058735616	807.1	20	0
406.68	3346733	102529	3346733	13659201536	10058743808	799.1	20	0
407.68	3346733	102529	3346733	13659164672	10058747904	807.3	20	0
408.68	3346733	102529	3346733	13658759168	10058747904	799.3	20	0
409.69	3346733	102529	3346733	13658890240	10058764288	807.4	20	0
410.69	3346733	102529	3346733	13659324416	10058772480	799.1	20	0
411.70	3346733	102529	3346733	13659058176	10058776576	807.2	20	0
412.70	3346733	102529	3346733	13658812416	10058776576	799.4	20	0
413.71	3346733	102529	3346733	13660942336	10060345344	798.9	20	0
414.71	3346733	102529	3346733	13664075776	10062987264	807.5	20	0
415.72	3346733	102529	3346733	13666926592	10065600512	799.1	20	0
416.72	3346733	102529	3346733	13668524032	10067832832	806.9	20	0
417.72	3346733	102529	3346733	13670690816	10072686592	799.5	20	0
418.73	3346733	102529	3346733	13673545728	10075140096	807.1	20	0
419.73	3346733	102529	3346733	13676396544	10077622272	799.2	20	0
420.74	3346733	102529	3346733	13678563328	10080284672	807.2	20	0
421.74	3346733	102529	3346733	13681881088	10083020800	799.2	20	0
422.75	3346733	102529	3346733	13683945472	10085670912	799.3	20	0
423.75	3346733	102529	3346733	13686915072	10088382464	807.3	20	0
424.76	3346733	102529	3346733	13689319424	10091159552	799.2	20	0
425.76	3346733	102529	3346733	13692145664	10093535232	807.1	20	0
426.76	3346733	102529	3346733	13694369792	10095947776	799.3	20	0
427.77	3346733	102529	3346733	13697421312	10098724864	807.2	20	0
428.77	3346733	102529	3346733	13699751936	10101096448	799.3	20	0
429.78	3346733	102529	3346733	13702500352	10103812096	807.2	20	0
430.78	3346733	102529	3346733	13704986624	10106425344	799.3	20	0
431.79	3346733	102529	3346733	13707227136	10108997632	799.3	20	0
432.79	3346733	102529	3346733	13710028800	10111635456	807.2	20	0
433.80	3346733	102529	3346733	13712658432	10114101248	799.2	20	0
434.80	3346733	102529	3346733	13714452480	10116513792	807.0	20	0
435.80	3346733	102529	3346733	13717643264	10119319552	799.9	20	0
436.81	3346733	102529	3346733	13720621056	10122133504	806.6	20	0
437.81	3346733	102529	3346733	13722607616	10124877824	799.3	20	0
438.82	3346733	102529	3346733	13725536256	10127695872	807.4	20	0
439.82	3346733	102529	3346733	13729091584	10130214912	799.4	20	0
440.83	3346733	102529	3346733	13731610624	10133110784	799.3	20	0
441.83	3346733	102529	3346733	13734662144	10136010752	807.2	20	0
442.84	3346733	102529	3346733	13736988672	10138677248	799.2	20	0
443.84	3346733	102529	3346733	13739311104	10141233152	807.2	20	0
444.84	3346733	102529	3346733	13742727168	10144174080	799.3	20	0
445.85	3346733	102529	3346733	13745291264	10146783232	807.3	20	0
446.85	3346733	102529	3346733	13747298304	10149199872	799.3	20	0
447.86	3346733	102529	3346733	13750484992	10152296448	807.4	20	0
448.86	3346733	102529	3346733	13753307136	10154983424	799.4	20	0
449.87	3346733	102809	3346733	13756493824	10157617152	802.9	20	0
450.87	3346733	108746	3346733	13765808128	10160570368	912.2	20	0
451.88	3346733	114724	3346733	13774336000	10163236864	903.5	20	0
452.88	3346733	120734	3346733	13782056960	10165571584	911.1	20	0
453.88	3346733	120899	3346733	13785878528	10168156160	802.5	20	0
454.89	3346733	120899	3346733	13787836416	10170507264	807.1	20	0
455.89	3346733	120899	3346733	13790973952	10173489152	799.2	20	0
456.90	3346733	120899	3346733	13793906688	10176176128	807.5	20	0
457.90	3346733	120899	3346733	13796290560	10178813952	799.4	20	0
458.91	3346733	120899	3346733	13798891520	10181517312	799.6	20	0
459.91	3346733	120899	3346733	13801680896	10183999488	807.0	20	0
460.92	3346733	120899	3346733	13804277760	10186391552	799.2	20	0
461.92	3346733	120899	3346733	13806653440	10189017088	807.4	20	0
462.92	3346733	120899	3346733	13808955392	10191511552	799.4	20	0
463.93	3346733	120899	3346733	13811458048	10193977344	807.4	20	0
464.93	3346733	120899	3346733	13814312960	10196889600	799.8	20	0
465.94	3346733	120899	3346733	13817827328	10199416832	799.4	20	0
466.94	3346733	120899	3346733	13819244544	10201878528	807.1	20	0
467.95	3346733	120899	3346733	13821775872	10204672000	799.6	20	0
468.95	3346733	120899	3346733	13824368640	10207129600	806.7	20	0
469.95	3346733	120899	3346733	13827043328	10209611776	799.7	20	0
470.96	3346733	120899	3346733	13829812224	10212233216	806.7	20	0
471.96	3346733	120899	3346733	13832024064	10214912000	799.3	20	0
472.97	3346733	120899	3346733	13835239424	10217582592	807.3	20	0
473.97	3346733	120899	3346733	13837422592	10220105728	799.3	20	0
474.98	3346733	120899	3346733	13840400384	10223116288	799.9	20	0
475.98	3346733	120899	3346733	13843701760	10226171904	806.7	20	0
476.99	3346733	120899	3346733	13845737472	10228539392	799.2	20	0
477.99	3346733	120899	3346733	13848084480	10230882304	807.3	20	0
478.99	3346733	120899	3346733	13850951680	10233692160	799.4	20	0
480.00	3346733	120899	3346733	13854072832	10236588032	807.4	20	0
481.00	3346733	120899	3346733	13857456128	10239623168	799.4	20	0
482.01	3346733	122215	3346733	13861711872	10242297856	821.1	20	0
483.01	3346733	128222	3346733	13870358528	10244894720	911.6	20	0
484.02	3346733	130179	3346733	13874880512	10247536640	833.9	20	0
485.02	3346733	130179	3346733	13877739520	10250076160	807.1	20	0
486.02	3346733	130179	3346733	13879787520	10252775424	799.3	20	0
487.03	3346733	130179	3346733	13882605568	10255441920	807.3	20	0
488.03	3346733	130179	3346733	13884944384	10257936384	799.3	20	0
489.04	3346733	130179	3346733	13887881216	10260561920	807.4	20	0
490.04	3346733	130179	3346733	14268391424	10640228352	800.3	20	0
491.05	3346733	130179	3346733	13891973120	10265186304	797.8	20	0
492.05	3346733	130179	3346733	13894389760	10267844608	807.1	20	0
493.06	3346733	130179	3346733	13897211904	10270134272	799.3	20	0
494.06	3346733	130179	3346733	13900087296	10272972800	807.4	20	0
495.06	3346733	130179	3346733	13903024128	10275741696	799.4	20	0
496.07	3346733	130179	3346733	13905358848	10278383616	807.2	20	0
497.07	3346733	130179	3346733	13908013056	10281009152	799.4	20	0
498.08	3346733	130179	3346733	13910347776	10283458560	807.2	20	0
499.08	3346733	130179	3346733	13912850432	10287906816	799.3	20	0
500.09	3346733	130179	3346733	13915459584	10290384896	799.1	20	0
501.09	3346733	130179	3346733	13917405184	10292674560	807.1	20	0
502.10	3346733	130179	3346733	13920518144	10295152640	799.3	20	0
503.10	3346733	130179	3346733	13922729984	10297774080	807.3	20	0
504.10	3346733	130179	3346733	13924974592	10300190720	799.5	20	0
505.11	3346733	130179	3346733	13927792640	10302578688	806.8	20	0
506.11	3346733	130179	3346733	13930459136	10305413120	799.4	20	0
507.12	3346733	130179	3346733	13932900352	10307833856	807.1	20	0
508.12	3346733	130179	3346733	13935169536	10310144000	799.1	20	0
509.13	3346733	130179	3346733	13937934336	10312728576	799.6	20	0
510.13	3346733	130179	3346733	13940277248	10315046912	807.2	20	0
511.13	3346733	130179	3346733	13942640640	10317828096	799.6	20	0
512.14	3346733	130179	3346733	13946241024	10320674816	807.6	20	0
513.14	3346733	130179	3346733	13948084224	10323222528	799.4	20	0
514.15	3346733	130179	3346733	13950738432	10325815296	807.2	20	0
515.15	3346733	130179	3346733	13953355776	10328506368	799.5	20	0
516.16	3346733	130179	3346733	13956182016	10330988544	799.4	20	0
517.16	3346733	130179	3346733	13959057408	10333908992	807.5	20	0
518.16	3346733	130179	3346733	13962297344	10336784384	799.5	20	0
519.17	3346733	130179	3346733	13965045760	10339897344	807.7	20	0
520.17	3346733	130179	3346733	13967343616	10342842368	799.7	20	0
521.18	3346733	130179	3346733	13969940480	10345549824	799.3	20	0
522.18	3346733	130179	3346733	13972639744	10348167168	807.4	20	0
523.19	3346733	130179	3346733	13975359488	10351005696	799.7	20	0
524.19	3346733	130179	3346733	13977976832	10353610752	807.4	20	0
525.19	3346733	130179	3346733	13981200384	10356170752	799.4	20	0
526.20	3346733	130179	3346733	13983272960	10358640640	807.1	20	0
527.20	3346733	130179	3346733	13985976320	10361651200	799.5	20	0
528.21	3346733	130179	3346733	13987745792	10364211200	799.3	20	0
529.21	3346733	130179	3346733	13990961152	10367180800	807.4	20	0
530.22	3346733	130179	3346733	13994135552	10370203648	799.4	20	0
531.22	3346733	130179	3346733	13997281280	10372820992	807.3	20	0
532.22	3346733	130179	3346733	14000099328	10375892992	799.5	20	0
533.23	3346733	130179	3346733	14002294784	10378469376	807.3	20	0
534.23	3346733	130179	3346733	14005264384	10381189120	799.4	20	0
535.24	3346733	130179	3346733	14008123392	10384269312	807.4	20	0
536.24	3346733	130179	3346733	14010490880	10386976768	799.4	20	0
537.25	3346733	130179	3346733	14013722624	10389950464	799.5	20	0
538.25	3346733	130179	3346733	14017216512	10392936448	807.4	20	0
539.26	3346733	130179	3346733	14020276224	10395435008	799.3	20	0
540.26	3346733	130179	3346733	14023430144	10398564352	807.6	20	0
541.26	3346733	130179	3346733	14026285056	10401566720	799.5	20	0
542.27	3346733	130179	3346733	14028849152	10404249600	807.2	20	0
543.27	3346733	130179	3346733	14030921728	10406658048	799.3	20	0
544.28	3346733	130179	3346733	14033203200	10409013248	807.2	20	0
545.28	3346733	130179	3346733	14036586496	10411794432	799.3	20	0
546.29	3346733	132420	3346733	14041964544	10414256128	837.2	20	0
547.29	3346733	138410	3346733	14050045952	10416885760	912.2	20	0
548.29	3346733	144401	3346733	14058377216	10419351552	902.8	20	0
549.30	3346733	148139	3346733	14065082368	10422050816	872.7	20	0
550.30	3346733	148139	3346733	14065922048	10424844288	799.4	20	0
551.31	3346733	148139	3346733	14067884032	10427195392	807.2	20	0
552.31	3346733	148139	3346733	14070927360	10430201856	799.5	20	0
553.32	3346733	148139	3346733	14072836096	10432679936	799.3	20	0
554.32	3346733	148139	3346733	14076334080	10435563520	807.4	20	0
555.33	3346733	148139	3346733	14078767104	10437914624	800.1	20	0
556.33	3346733	148139	3346733	14081454080	10440581120	806.3	20	0
557.33	3346733	148139	3346733	14083883008	10442985472	799.4	20	0
558.34	3346733	148139	3346733	14086758400	10445606912	807.6	20	0
559.34	3346733	148139	3346733	14089187328	10448023552	799.2	20	0
560.35	3346733	148139	3346733	14091804672	10450587648	807.2	20	0
561.35	3346733	148139	3346733	14094663680	10453319680	799.4	20	0
562.36	3346733	148139	3346733	14096793600	10455744512	799.2	20	0
563.36	3346733	148139	3346733	14099152896	10458120192	807.3	20	0
564.37	3346733	148139	3346733	14102130688	10460622848	799.3	20	0
565.37	3346733	148139	3346733	14104662016	10463207424	807.3	20	0
566.37	3346733	148139	3346733	14107090944	10465894400	799.4	20	0
567.38	3346733	148139	3346733	14110003200	10468569088	807.5	20	0
568.38	3346733	148139	3346733	14112546816	10471399424	799.4	20	0
569.39	3346733	148139	3346733	14114996224	10474405888	807.6	20	0
570.39	3346733	148139	3346733	14118596608	10477441024	800.0	20	0
571.40	3346733	148139	3346733	14121000960	10480263168	799.0	20	0
572.40	3346733	148139	3346733	14124064768	10483167232	807.4	20	0
573.41	3346733	148139	3346733	14126796800	10485989376	801.8	20	0
574.41	3346733	148139	3346733	14129328128	10488840192	805.4	20	0
575.41	3346733	148139	3346733	14132731904	10491400192	799.5	20	0
576.42	3346733	148139	3346733	14134943744	10494464000	807.5	20	0
577.42	3346733	148139	3346733	14138855424	10498052096	799.5	20	0
578.43	3346733	148139	3346733	14142517248	10502332416	807.4	20	0
579.43	3346733	148139	3346733	14147043328	10506305536	799.1	20	0
580.44	3346733	148139	3346733	14151647232	10510651392	799.4	20	0
581.44	3346733	148139	3346733	14155628544	10515034112	807.3	20	0
582.45	3346733	148139	3346733	14160232448	10519347200	799.5	20	0
583.45	3346733	148139	3346733	14164164608	10523725824	807.4	20	0
584.45	3346733	148139	3346733	14168870912	10528133120	799.5	20	0
585.46	3346733	148139	3346733	14173290496	10532642816	807.4	20	0
586.46	3346733	148139	3346733	14178029568	10537132032	799.4	20	0
587.47	3346733	148139	3346733	14182363136	10541531136	799.5	20	0
588.47	3346733	148139	3346733	14185930752	10545594368	807.3	20	0
589.48	3346733	148139	3346733	14190653440	10550079488	799.6	20	0
590.48	3346733	148139	3346733	14196019200	10554585088	807.4	20	0
591.48	3346733	148139	3346733	14200426496	10561167360	799.7	20	0
592.49	3346733	148139	3346733	14203920384	10565468160	807.6	20	0
593.49	3346733	148139	3346733	14208311296	10569805824	799.6	20	0
594.50	3346733	148139	3346733	14212595712	10574032896	799.6	20	0
595.50	3346733	148139	3346733	14217252864	10578178048	807.6	20	0
596.51	3346733	148139	3346733	14221668352	10582458368	799.7	20	0
597.51	3346733	148139	3346733	14224371712	10586157056	808.0	20	0
598.51	3346733	148139	3346733	14228189184	10589790208	799.3	20	0
599.52	3346733	148139	3346733	14232150016	10593800192	807.0	20	0
600.52	3346733	148139	3346733	14236307456	10597765120	799.6	20	0
601.53	3346733	148139	3346733	14240821248	10602000384	807.2	20	0
602.53	3346733	148139	3346733	14243827712	10606301184	799.7	20	0
603.54	3346733	148139	3346733	14248706048	10610606080	799.7	20	0
604.54	3346733	148139	3346733	14253391872	10614661120	807.5	20	0
605.54	3346733	148139	3346733	14257127424	10619219968	800.0	20	0
606.55	3346733	148139	3346733	14262059008	10623348736	807.3	20	0
607.55	3346733	148139	3346733	14266200064	10627624960	799.7	20	0
608.56	3346733	148139	3346733	14270492672	10631737344	799.5	20	0
609.56	3346733	148139	3346733	14274744320	10636296192	807.7	20	0
610.57	3346733	148139	3346733	14279344128	10640240640	799.6	20	0
611.57	3346733	148139	3346733	14283378688	10644836352	807.5	20	0
612.57	3346733	148139	3346733	14287323136	10648932352	799.7	20	0
613.58	3346733	148139	3346733	14291947520	10653364224	807.7	20	0
614.58	3346733	148139	3346733	14296125440	10657554432	799.6	20	0
615.59	3346733	148139	3346733	14300905472	10661617664	799.6	20	0
616.59	3346733	148139	3346733	14304518144	10665398272	807.3	20	0
617.59	3346733	148139	3346733	14308773888	10669486080	799.5	20	0
618.60	3346733	148139	3346733	14312751104	10673278976	807.3	20	0
619.60	3346733	148139	3346733	14316474368	10677170176	799.3	20	0
620.61	3346733	148139	3346733	14321012736	10681249792	799.6	20	0
621.61	3346733	148139	3346733	14325125120	10685603840	807.5	20	0
622.62	3346733	148139	3346733	14328717312	10689355776	799.7	20	0
623.62	3346733	148139	3346733	14332702720	10693832704	807.4	20	0
624.62	3346733	148139	3346733	14337818624	10698412032	799.6	20	0
625.63	3346733	148139	3346733	14341681152	10702565376	807.6	20	0
626.63	3346733	148139	3346733	14345895936	10706780160	799.5	20	0
627.64	3346733	148139	3346733	14350491648	10711003136	800.3	20	0
628.64	3346733	148139	3346733	14354235392	10715258880	807.0	20	0
629.64	3346733	148139	3346733	14359257088	10719793152	799.6	20	0
630.65	3346733	148139	3346733	14363369472	10724270080	807.8	20	0
631.65	3346733	148139	3346733	14367608832	10728542208	799.6	20	0
632.66	3346733	148139	3346733	14372212736	10732859392	799.7	20	0
633.66	3346733	148139	3346733	14376562688	10737188864	807.5	20	0
634.66	3346733	148139	3346733	14380728320	10741088256	799.3	20	0
635.67	3346733	148139	3346733	14384906240	10745397248	807.6	20	0
636.67	3346733	148139	3346733	14389678080	10749956096	799.8	20	0
637.68	3346733	148139	3346733	14393307136	10754199552	799.7	20	0
638.68	3346733	148139	3346733	14398275584	10759155712	807.8	20	0
639.69	3346733	148139	3346733	14404456448	10764283904	800.0	20	0
640.69	3346733	148139	3346733	14408892416	10769219584	807.8	20	0
641.69	3346733	148139	3346733	14412914688	10773655552	799.6	20	0
642.70	3346733	148666	3346733	14416613376	10776514560	817.1	20	0
643.70	3346733	148666	3346733	14417731584	10778038272	799.6	20	0
644.71	3346733	148666	3346733	14419824640	10779738112	800.6	20	0
645.71	3346733	148666	3346733	14421901312	10781618176	807.2	20	0
646.71	3346733	148666	3346733	14422831104	10783113216	799.8	20	0
647.72	3346733	148666	3346733	14424276992	10784739328	807.6	20	0
648.72	3346733	148666	3346733	14425989120	10786320384	799.6	20	0
649.73	3346733	148666	3346733	14427467776	10787901440	799.3	20	0
650.73	3346733	148666	3346733	14429216768	10789486592	808.0	20	0
651.74	3346733	148666	3346733	14430654464	10791157760	799.6	20	0
652.74	3346733	148666	3346733	14432493568	10794938368	807.4	20	0
653.74	3346733	148666	3346733	14434283520	10796474368	799.6	20	0
654.75	3346733	148666	3346733	14435307520	10797924352	807.4	20	0
655.75	3346733	148666	3346733	14436655104	10799607808	799.6	20	0
656.76	3346733	148666	3346733	14438297600	10801188864	799.5	20	0
657.76	3346733	148666	3346733	14440431616	10802892800	807.6	20	0
658.76	3346733	148666	3346733	14442340352	10804518912	799.7	20	0
659.77	3346733	148666	3346733	14444187648	10806321152	807.5	20	0
660.77	3346733	148666	3346733	14445490176	10807971840	799.6	20	0
661.78	3346733	148666	3346733	14447054848	10809524224	799.6	20	0
662.78	3346733	148666	3346733	14449160192	10811285504	807.6	20	0
663.78	3346733	148666	3346733	14451138560	10813132800	800.6	20	0
664.79	3346733	148666	3346733	14452715520	10814832640	806.7	20	0
665.79	3346733	148666	3346733	14454636544	10816450560	799.7	20	0
666.80	3346733	148666	3346733	14456610816	10818097152	799.8	20	0
667.80	3346733	148666	3346733	14457659392	10819907584	807.7	20	0
668.81	3346733	148666	3346733	14458974208	10821550080	799.8	20	0
669.81	3346733	148666	3346733	14461128704	10823196672	807.6	20	0
670.81	3346733	154523	3346733	14467788800	10823258112	899.9	20	0
671.82	3346733	160542	3346733	14473678848	10823258112	912.1	20	0
672.82	3346733	166531	3346733	14477418496	10823258112	903.1	20	0
673.83	3346733	172525	3346733	14484115456	10823262208	902.9	20	0
674.83	3346733	178532	3346733	14489886720	10823274496	911.9	20	0
675.83	3346733	184571	3346733	14495977472	10823307264	903.1	20	0
676.84	3346733	185937	3346733	14497198080	10823319552	831.6	20	0
677.84	3346733	185937	3346733	14496862208	10823319552	799.6	20	0
678.85	3346733	185937	3346733	14497439744	10823323648	800.1	20	0
679.85	3346733	185937	3346733	14497251328	10823323648	806.8	20	0
680.86	3346733	185937	3346733	14497456128	10823323648	799.5	20	0
681.86	3346733	185937	3346733	14497259520	10823323648	807.5	20	0
682.86	3346733	185937	3346733	14497234944	10823327744	799.6	20	0
683.87	3346733	185937	3346733	14496542720	10826211328	807.7	20	0
684.87	3346733	185937	3346733	14496768000	10826219520	799.6	20	0
685.88	3346733	185937	3346733	14496698368	10826219520	799.6	20	0
686.88	3346733	185937	3346733	14496428032	10826223616	807.5	20	0
687.88	3346733	185937	3346733	14496407552	10826227712	799.6	20	0
688.89	3346733	185937	3346733	14496722944	10826231808	807.5	20	0
689.89	3346733	185937	3346733	14496694272	10826260480	799.8	20	0
690.90	3346733	185937	3346733	14496972800	10826268672	799.4	20	0
691.90	3346733	185937	3346733	14497009664	10826272768	807.4	20	0
692.91	3346733	185937	3346733	14496858112	10826276864	799.5	20	0
693.91	3346733	185937	3346733	14497001472	10826276864	807.6	20	0
694.91	3346733	185937	3346733	14496980992	10826285056	799.3	20	0
695.92	3346733	185937	3346733	14496837632	10826285056	807.5	20	0
696.92	3346733	185937	3346733	14497067008	10826293248	799.5	20	0
697.93	3346733	185937	3346733	14496845824	10826297344	799.5	20	0
698.93	3346733	185937	3346733	14497095680	10826350592	807.5	20	0
699.93	3346733	185937	3346733	14497308672	10826350592	799.6	20	0
700.94	3346733	185937	3346733	14497275904	10826354688	807.5	20	0
701.94	3346733	185937	3346733	14497255424	10826354688	799.5	20	0
702.95	3346733	185937	3346733	14496796672	10826358784	799.5	20	0
703.95	3346733	185937	3346733	14496829440	10826358784	807.5	20	0
704.95	3346733	185937	3346733	14497050624	10826358784	799.5	20	0
705.96	3346733	185937	3346733	14496997376	10826371072	807.4	20	0
706.96	3346733	185937	3346733	14497353728	10826371072	799.5	20	0
707.97	3346733	185937	3346733	14497271808	10826379264	799.7	20	0
708.97	3346733	185937	3346733	14497128448	10826383360	807.4	20	0
709.98	3346733	185937	3346733	14497038336	10826383360	799.6	20	0
710.98	3346733	185937	3346733	14497296384	10826383360	807.4	20	0
711.98	3346733	185937	3346733	14497296384	10826391552	799.7	20	0
712.99	3346733	185937	3346733	14497128448	10826391552	807.4	20	0
713.99	3346733	185937	3346733	14497091584	10826395648	799.5	20	0
715.00	3346733	185937	3346733	14497349632	10826395648	799.5	20	0
716.00	3346733	185937	3346733	14497583104	10826395648	807.5	20	0
717.00	3346733	185937	3346733	14497202176	10826420224	799.5	20	0
718.01	3346733	185937	3346733	14496952320	10826420224	807.5	20	0
719.01	3346733	185937	3346733	14497320960	10826424320	799.6	20	0
720.02	3346733	185937	3346733	14497288192	10826424320	799.5	20	0
721.02	3346733	185937	3346733	14497361920	10826424320	807.5	20	0
722.03	3346733	185937	3346733	14497701888	10826440704	799.8	20	0
723.03	3346733	185937	3346733	14496985088	10826440704	807.8	20	0
724.03	3346733	185937	3346733	14497095680	10826440704	799.7	20	0
725.04	3346733	185937	3346733	14497689600	10826522624	807.8	20	0
726.04	3346733	185937	3346733	14497734656	10826448896	799.9	20	0
727.05	3346733	185937	3346733	14497480704	10826452992	799.9	20	0
728.05	3346733	185937	3346733	14497214464	10826457088	807.7	20	0
729.05	3346733	185937	3346733	14497042432	10826457088	799.8	20	0
730.06	3346733	185937	3346733	14497456128	10826461184	807.6	20	0
731.06	3346733	185937	3346733	14497341440	10826465280	799.6	20	0
732.07	3346733	185937	3346733	14497226752	10826465280	799.5	20	0
733.07	3346733	186844	3346733	14498439168	10826465280	822.7	20	0
734.08	3346733	192870	3346733	14505144320	10826465280	902.6	20	0
735.08	3346733	198894	3346733	14511366144	10826465280	911.6	20	0
736.08	3346733	204666	3346733	14517706752	10826465280	899.1	20	0
737.09	3346733	204666	3346733	14517063680	10826469376	807.5	20	0
738.09	3346733	204666	3346733	14516813824	10826473472	799.7	20	0
739.10	3346733	204666	3346733	14517293056	10826473472	799.7	20	0
740.10	3346733	204666	3346733	14517174272	10826477568	807.7	20	0
741.10	3346733	204666	3346733	14517067776	10826481664	799.6	20	0
742.11	3346733	204666	3346733	14516834304	10826489856	807.7	20	0
743.11	3346733	204666	3346733	14516940800	10826493952	799.6	20	0
744.12	3346733	204666	3346733	14516703232	10826493952	799.6	20	0
745.12	3346733	204666	3346733	14516940800	10826493952	807.5	20	0
746.12	3346733	204666	3346733	14517161984	10826608640	799.5	20	0
747.13	3346733	204666	3346733	14517215232	10826612736	807.6	20	0
748.13	3346733	204666	3346733	14517075968	10826612736	799.5	20	0
749.14	3346733	204666	3346733	14517047296	10826616832	799.5	20	0
750.14	3346733	204666	3346733	14517383168	10826625024	807.3	20	0
751.15	3346733	204666	3346733	14516736000	10826625024	799.5	20	0
752.15	3346733	204666	3346733	14517317632	10826625024	807.5	20	0
753.15	3346733	204666	3346733	14516764672	10826625024	799.2	20	0
754.16	3346733	204666	3346733	14516432896	10826625024	807.5	20	0
755.16	3346733	204666	3346733	14516670464	10828656640	799.9	20	0
756.17	3346733	204666	3346733	14516862976	10828664832	799.4	20	0
757.17	3346733	204666	3346733	14517018624	10828664832	807.5	20	0
758.17	3346733	204666	3346733	14516621312	10828664832	799.6	20	0
759.18	3346733	204666	3346733	14516613120	10828664832	807.8	20	0
760.18	3346733	204666	3346733	14516613120	10828664832	799.6	20	0
761.19	3346733	204666	3346733	14516408320	10828685312	799.4	20	0
762.19	3346733	204666	3346733	14516510720	10828693504	807.5	20	0
763.19	3346733	204666	3346733	14516297728	10828693504	799.5	20	0
764.20	3346733	204666	3346733	14516420608	10828693504	807.2	20	0
765.20	3346733	204666	3346733	14516432896	10828693504	799.5	20	0
766.21	3346733	204666	3346733	14516772864	10828693504	807.4	20	0
767.21	3346733	204666	3346733	14516412416	10828697600	799.6	20	0
768.22	3346733	204666	3346733	14516097024	10828697600	799.7	20	0
769.22	3346733	204666	3346733	14516383744	10828697600	807.6	20	0
770.22	3346733	204666	3346733	14516633600	10828697600	799.4	20	0
771.23	3346733	204666	3346733	14516531200	10828709888	807.3	20	0
772.23	3346733	204666	3346733	14516785152	10828709888	799.5	20	0
773.24	3346733	204666	3346733	14516731904	10828713984	799.8	20	0
774.24	3346733	204666	3346733	14516613120	10828713984	807.4	20	0
775.24	3346733	204666	3346733	14516850688	10828718080	799.8	20	0
776.25	3346733	204666	3346733	14517358592	10828718080	807.7	20	0
777.25	3346733	204666	3346733	14516293632	10828718080	799.7	20	0
778.26	3346733	204666	3346733	14517145600	10828787712	799.8	20	0
779.26	3346733	204666	3346733	14517342208	10828791808	807.8	20	0
780.26	3346733	204666	3346733	14517342208	10828795904	799.7	20	0
781.27	3346733	204666	3346733	14517293056	10828795904	807.8	20	0
782.27	3346733	204666	3346733	14517006336	10828795904	799.9	20	0
783.28	3346733	204666	3346733	14516903936	10828795904	799.8	20	0
784.28	3346733	204666	3346733	14516674560	10828800000	807.5	20	0
785.28	3346733	204666	3346733	14516928512	10828800000	799.6	20	0
786.29	3346733	204666	3346733	14517075968	10828800000	807.8	20	0
787.29	3346733	204666	3346733	14516449280	10828800000	799.8	20	0
788.30	3346733	204666	3346733	14516326400	10828800000	799.8	20	0
789.30	3346733	204666	3346733	14516334592	10828800000	807.9	20	0
790.30	3346733	204666	3346733	14743347200	11055202304	801.5	20	0
791.31	3346733	204666	3346733	14519476224	10831454208	805.7	20	0
792.31	3346733	204666	3346733	14522232832	10834296832	799.7	20	0
793.32	3346733	204666	3346733	14525677568	10836955136	799.8	20	0
794.32	3346733	204666	3346733	14528491520	10839719936	807.7	20	0
795.32	3346733	204666	3346733	14531129344	10842456064	799.7	20	0
796.33	3346733	204666	3346733	14533734400	10844667904	807.7	20	0
797.33	3346733	204666	3346733	14535970816	10847727616	799.8	20	0
798.34	3346733	204666	3346733	14538973184	10850430976	799.7	20	0
799.34	3346733	204666	3346733	14541602816	10853294080	807.8	20	0
800.34	3346733	204666	3346733	14544142336	10855616512	799.6	20	0
801.35	3346733	204666	3346733	14546956288	10858409984	807.7	20	0
802.35	3346733	204666	3346733	14549295104	10860961792	799.7	20	0
803.36	3346733	204666	3346733	14551945216	10863661056	800.9	20	0
804.36	3346733	204666	3346733	14554513408	10866053120	806.5	20	0
805.36	3346733	204666	3346733	14557376512	10868944896	799.7	20	0
806.37	3346733	204666	3346733	14560681984	10871943168	800.0	20	0
807.37	3346733	204666	3346733	14563418112	10875092992	807.7	20	0
808.38	3346733	204666	3346733	14567190528	10878214144	800.5	20	0
809.38	3346733	204666	3346733	14569394176	10880733184	807.0	20	0
810.38	3346733	204666	3346733	14572769280	10883948544	799.8	20	0
811.39	3346733	204666	3346733	14576328704	10887348224	808.0	20	0
812.39	3346733	204666	3346733	14579032064	10889940992	799.7	20	0
813.40	3346733	204666	3346733	14581481472	10892640256	799.6	20	0
814.40	3346733	204666	3346733	14584623104	10895699968	807.9	20	0
815.40	3346733	204666	3346733	14588104704	10898866176	799.8	20	0
816.41	3346733	204666	3346733	14590418944	10903322624	799.7	20	0
817.41	3346733	204666	3346733	14593118208	10905968640	807.5	20	0
818.42	3346733	204666	3346733	14595670016	10908729344	799.8	20	0
819.42	3346733	204666	3346733	14598172672	10911649792	807.9	20	0
820.42	3346733	204666	3346733	14601666560	10914467840	799.8	20	0
821.43	3346733	204666	3346733	14603726848	10917003264	799.5	20	0
822.43	3346733	204666	3346733	14606331904	10919612416	807.5	20	0
823.43	3346733	204666	3346733	14608973824	10922090496	799.6	20	0
824.44	3346733	204666	3346733	14611546112	10924736512	807.8	20	0
825.44	3346733	204666	3346733	14614409216	10927501312	799.6	20	0
826.45	3346733	204666	3346733	14616576000	10930065408	799.6	20	0
827.45	3346733	204666	3346733	14619406336	10932752384	807.6	20	0
828.45	3346733	204666	3346733	14621868032	10935468032	799.7	20	0
829.46	3346733	204666	3346733	14624747520	10937999360	807.7	20	0
830.46	3346733	204666	3346733	14627598336	10940796928	799.8	20	0
831.47	3346733	204666	3346733	14630371328	10943414272	799.8	20	0
832.47	3346733	204666	3346733	14633189376	10946244608	807.7	20	0
833.47	3346733	204666	3346733	14635712512	10948997120	800.5	20	0
834.48	3346733	204666	3346733	14638592000	10951843840	807.1	20	0
835.48	3346733	204666	3346733	14641573888	10954756096	799.9	20	0
836.49	3346733	204666	3346733	14644137984	10957742080	799.8	20	0
837.49	3346733	204666	3346733	14647296000	10960424960	807.6	20	0
838.49	3346733	204666	3346733	14649536512	10962923520	799.7	20	0
839.50	3346733	204666	3346733	14652411904	10965680128	807.8	20	0
840.50	3346733	204666	3346733	14655598592	10968449024	799.8	20	0
841.51	3346733	204666	3346733	14658146304	10970935296	799.7	20	0
842.51	3346733	204666	3346733	14660694016	10973655040	807.8	20	0
843.51	3346733	204666	3346733	14663380992	10976419840	801.5	20	0
844.52	3346733	204666	3346733	14666289152	10979041280	806.3	20	0
845.52	3346733	204666	3346733	14668578816	10981662720	799.7	20	0
846.53	3346733	204666	3346733	14671577088	10984267776	799.7	20	0
847.53	3346733	204666	3346733	14673403904	10986770432	807.7	20	0
848.53	3346733	204666	3346733	14675615744	10989150208	799.5	20	0
849.54	3346733	204666	3346733	14678294528	10991915008	807.8	20	0
850.54	3346733	204666	3346733	14681395200	10994556928	800.1	20	0
851.55	3346733	204666	3346733	14684307456	10997329920	799.7	20	0
852.55	3346733	204666	3346733	14686515200	11000090624	807.3	20	0
853.55	3346733	204666	3346733	14688595968	11002564608	799.7	20	0
854.56	3346733	204666	3346733	14691258368	11005177856	807.6	20	0
855.56	3346733	204666	3346733	14694457344	11008094208	799.7	20	0
856.57	3346733	204666	3346733	14697103360	11010768896	799.8	20	0
857.57	3346733	204666	3346733	14700261376	11013394432	807.5	20	0
858.57	3346733	209997	3346733	14708891648	11016351744	890.5	20	0
859.58	3346733	216038	3346733	14718414848	11019235328	912.7	20	0
860.58	3346733	222113	3346733	14727196672	11022336000	903.7	20	0
861.59	3346733	228139	3346733	14736211968	11025211392	903.7	20	0
862.59	3346733	234130	3346733	14745452544	11028111360	912.6	20	0
863.59	3346733	240124	3346733	14754488320	11031105536	903.6	20	0
864.60	3346733	242016	3346733	14759305216	11034206208	841.1	20	0
865.60	3346733	242016	3346733	14761775104	11036528640	799.5	20	0
866.61	3346733	242016	3346733	14763810816	11038789632	799.6	20	0
867.61	3346733	242016	3346733	14766112768	11041087488	807.5	20	0
868.61	3346733	242016	3346733	14768672768	11043397632	799.6	20	0
869.62	3346733	242016	3346733	14771179520	11045969920	807.7	20	0
870.62	3346733	242016	3346733	14772805632	11048108032	799.4	20	0
871.63	3346733	242016	3346733	14774988800	11050233856	799.6	20	0
872.63	3346733	242016	3346733	14777778176	11052732416	807.5	20	0
873.63	3346733	242016	3346733	14780133376	11055255552	799.8	20	0
874.64	3346733	242016	3346733	14783021056	11057815552	807.6	20	0
875.64	3346733	242016	3346733	14785298432	11060236288	799.7	20	0
876.65	3346733	242016	3346733	14787338240	11062403072	799.8	20	0
877.65	3346733	242016	3346733	14790533120	11065241600	807.7	20	0
878.65	3346733	242016	3346733	14792892416	11067822080	799.5	20	0
879.66	3346733	242016	3346733	14795759616	11070468096	807.6	20	0
880.66	3346733	242016	3346733	14798647296	11072909312	799.5	20	0
881.67	3346733	242016	3346733	14800150528	11074871296	799.4	20	0
882.67	3346733	242016	3346733	14802681856	11077431296	807.6	20	0
883.67	3346733	242016	3346733	14805352448	11080171520	799.7	20	0
884.68	3346733	242016	3346733	14808150016	11082821632	807.7	20	0
885.68	3346733	242016	3346733	14810226688	11085176832	799.7	20	0
886.69	3346733	242016	3346733	14812938240	11087994880	800.3	20	0
887.69	3346733	242016	3346733	14815047680	11090546688	807.0	20	0
888.69	3346733	242016	3346733	14818574336	11093585920	799.8	20	0
889.70	3346733	242016	3346733	14821609472	11096272896	807.9	20	0
890.70	3346733	242016	3346733	14824935424	11099234304	799.7	20	0
891.71	3346733	242016	3346733	14827560960	11102208000	800.0	20	0
892.71	3346733	242016	3346733	14831091712	11105042432	807.7	20	0
893.71	3346733	242016	3346733	14833692672	11108151296	799.9	20	0
894.72	3346733	242016	3346733	14836154368	11111006208	807.8	20	0
895.72	3346733	242016	3346733	14839164928	11114078208	799.7	20	0
896.73	3346733	242016	3346733	14840803328	11116453888	799.9	20	0
897.73	3346733	242016	3346733	14843375616	11119116288	808.7	20	0
898.73	3346733	242016	3346733	14845415424	11121381376	800.0	20	0
899.74	3346733	242016	3346733	14847766528	11124293632	809.0	20	0
900.74	3346733	242016	3346733	14851379200	11126988800	800.8	20	0
901.75	3346733	242016	3346733	14854529024	11129958400	800.9	20	0
902.75	3346733	242016	3346733	14857822208	11132764160	808.7	20	0
903.75	3346733	242016	3346733	14860943360	11135643648	800.9	20	0
904.76	3346733	242016	3346733	14863699968	11138306048	808.6	20	0
905.76	3346733	242016	3346733	14865805312	11141144576	799.6	20	0
906.77	3346733	242016	3346733	14868779008	11144138752	799.8	20	0
907.77	3346733	242016	3346733	14871506944	11146878976	807.6	20	0
908.78	3346733	242016	3346733	14875332608	11150249984	800.9	20	0
909.78	3346733	242016	3346733	14878375936	11153195008	807.1	20	0
910.78	3346733	242016	3346733	14882324480	11156504576	800.0	20	0
911.79	3346733	242016	3346733	14885117952	11159252992	807.9	20	0
912.79	3346733	242016	3346733	14887104512	11162206208	799.7	20	0
913.80	3346733	242016	3346733	14890065920	11165167616	799.9	20	0
914.80	3346733	242016	3346733	14893191168	11168190464	807.8	20	0
915.80	3346733	242016	3346733	14896680960	11171069952	799.8	20	0
916.81	3346733	242016	3346733	14899331072	11173949440	800.6	20	0
917.81	3346733	242016	3346733	14901432320	11176673280	807.3	20	0
918.82	3346733	242016	3346733	14904729600	11179266048	800.4	20	0
919.82	3346733	247267	3346733	14912913408	11182018560	898.3	20	0
920.82	3346733	253260	3346733	14922387456	11184762880	903.1	20	0
921.83	3346733	259270	3346733	14931169280	11187535872	912.1	20	0
922.83	3346733	260489	3346733	14933905408	11190235136	820.9	20	0
923.84	3346733	260489	3346733	14936444928	11192954880	799.8	20	0
924.84	3346733	260489	3346733	14939942912	11195613184	807.7	20	0
925.84	3346733	260489	3346733	14943043584	11198291968	799.7	20	0
926.85	3346733	260489	3346733	14945341440	11201105920	807.8	20	0
927.85	3346733	260489	3346733	14948515840	11203903488	799.8	20	0
928.86	3346733	260489	3346733	14950887424	11206815744	799.8	20	0
929.86	3346733	260489	3346733	14954528768	11210006528	807.9	20	0
930.86	3346733	260489	3346733	14957404160	11212759040	799.9	20	0
931.87	3346733	260489	3346733	14960259072	11215577088	807.6	20	0
932.87	3346733	260489	3346733	14963470336	11218616320	799.9	20	0
933.88	3346733	260489	3346733	14966046720	11221585920	800.0	20	0
934.88	3346733	260489	3346733	14968561664	11224289280	807.6	20	0
935.88	3346733	260489	3346733	14971629568	11227103232	799.6	20	0
936.89	3346733	260489	3346733	14974926848	11229929472	807.7	20	0
937.89	3346733	260489	3346733	14977794048	11233042432	800.1	20	0
938.90	3346733	260489	3346733	15715540992	11969769472	801.5	20	0
939.90	3346733	260489	3346733	14981541888	11237031936	805.0	20	0
940.90	3346733	260489	3346733	14984343552	11239833600	799.7	20	0
941.91	3346733	260489	3346733	14987075584	11242541056	807.5	20	0
942.91	3346733	260489	3346733	14989795328	11245187072	799.9	20	0
943.92	3346733	260489	3346733	14992162816	11247812608	800.4	20	0
944.92	3346733	260489	3346733	14994747392	11250204672	806.6	20	0
945.92	3346733	260489	3346733	14998032384	11253030912	799.9	20	0
946.93	3346733	260489	3346733	15000301568	11255660544	807.7	20	0
947.93	3346733	260489	3346733	15002734592	11258159104	799.6	20	0
948.94	3346733	260489	3346733	15005388800	11260928000	799.6	20	0
949.94	3346733	260489	3346733	15007846400	11263500288	807.5	20	0
950.94	3346733	260489	3346733	15010967552	11266240512	799.7	20	0
951.95	3346733	260489	3346733	15014121472	11269324800	807.8	20	0
952.95	3346733	260489	3346733	15016472576	11271991296	799.6	20	0
953.96	3346733	260489	3346733	15018528768	11274387456	799.6	20	0
954.96	3346733	260489	3346733	15021871104	11277611008	807.8	20	0
955.96	3346733	260489	3346733	15024574464	11280007168	799.7	20	0
956.97	3346733	260489	3346733	15028248576	11283042304	807.8	20	0
957.97	3346733	260489	3346733	15030308864	11285368832	799.4	20	0
958.98	3346733	260489	3346733	15033380864	11288227840	799.7	20	0
959.98	3346733	260489	3346733	15036268544	11291074560	807.7	20	0
960.98	3346733	260489	3346733	15039311872	11293880320	799.6	20	0
961.99	3346733	260489	3346733	15041716224	11296907264	807.8	20	0
962.99	3346733	260489	3346733	15044648960	11299700736	799.6	20	0
964.00	3346733	260489	3346733	15047806976	11302535168	799.7	20	0
965.00	3346733	260489	3346733	15050100736	11304992768	807.5	20	0
966.01	3346733	260489	3346733	15053484032	11307847680	799.7	20	0
967.01	3346733	260489	3346733	15055843328	11310985216	807.9	20	0
968.01	3346733	260489	3346733	15057932288	11313278976	799.5	20	0
969.02	3346733	260489	3346733	15061655552	11316322304	799.8	20	0
970.02	3346733	260489	3346733	15063752704	11319107584	807.7	20	0
971.03	3346733	260489	3346733	15066599424	11321819136	799.7	20	0
972.03	3346733	260489	3346733	15069417472	11324542976	807.5	20	0
973.03	3346733	260489	3346733	15072829440	11327733760	799.9	20	0
974.04	3346733	260489	3346733	15075446784	11330244608	799.9	20	0
975.04	3346733	260489	3346733	15077711872	11332939776	807.4	20	0
976.05	3346733	260489	3346733	15080472576	11335626752	799.8	20	0
977.05	3346733	260489	3346733	15082950656	11338145792	807.5	20	0
978.05	3346733	260489	3346733	15085637632	11340562432	799.5	20	0
979.06	3346733	260489	3346733	15088537600	11343245312	800.0	20	0
980.06	3346733	260489	3346733	15090946048	11345768448	807.2	20	0
981.07	3346733	260489	3346733	15093301248	11348283392	799.7	20	0
982.07	3346733	260489	3346733	15096020992	11351252992	807.7	20	0
983.07	3346733	260489	3346733	15098695680	11354083328	799.7	20	0
984.08	3346733	260489	3346733	15101702144	11356680192	807.7	20	0
985.08	3346733	260489	3346733	15104737280	11359764480	799.9	20	0
986.09	3346733	260489	3346733	15107481600	11362504704	799.8	20	0
987.09	3346733	260489	3346733	15110021120	11365163008	807.7	20	0
988.09	3346733	260489	3346733	15112474624	11367960576	799.6	20	0
989.10	3346733	260489	3346733	15115763712	11370696704	807.9	20	0
990.10	3346733	260489	3346733	15118626816	11373408256	799.6	20	0
991.11	3346733	260489	3346733	15121543168	11376222208	799.7	20	0
992.11	3346733	260489	3346733	15123820544	11378728960	807.5	20	0
993.11	3346733	260489	3346733	15126536192	11381624832	799.8	20	0
994.12	3346733	260489	3346733	15129640960	11384360960	807.8	20	0
995.12	3346733	260489	3346733	15132794880	11387453440	799.9	20	0
996.13	3346733	260489	3346733	15135453184	11390148608	799.7	20	0
997.13	3346733	260489	3346733	15137906688	11392868352	807.5	20	0
998.13	3346733	260489	3346733	15141404672	11396186112	800.1	20	0
999.14	3346733	260489	3346733	15144361984	11399335936	808.0	20	0
1000.14	3346733	260489	3346733	15147175936	11402125312	799.7	20	0
1001.15	3346733	260489	3346733	15150440448	11404873728	799.9	20	0
1002.15	3346733	260489	3346733	15153573888	11407769600	807.7	20	0
1003.15	3346733	260489	3346733	15155601408	11410718720	799.8	20	0
1004.16	3346733	260489	3346733	15158661120	11413803008	807.8	20	0
1005.16	3346733	260489	3346733	15161257984	11416301568	799.6	20	0
1006.17	3346733	260489	3346733	15164448768	11419168768	799.8	20	0
1007.17	3346733	260489	3346733	15166791680	11421880320	807.6	20	0
1008.17	3346733	260489	3346733	15168880640	11424354304	799.7	20	0
1009.18	3346733	260489	3346733	15172419584	11427577856	807.9	20	0
1010.18	3346733	260489	3346733	15174946816	11430297600	799.8	20	0
1011.19	3346733	260489	3346733	15177113600	11432366080	799.4	20	0
1012.19	3346733	260489	3346733	15179915264	11434291200	807.3	20	0
1013.19	3346733	260489	3346733	15181725696	11436695552	799.5	20	0
1014.20	3346733	260489	3346733	15183294464	11437953024	806.9	20	0
1015.20	3346733	260489	3346733	15184453632	11439243264	799.1	20	0
1016.21	3346733	260489	3346733	15186100224	11440615424	799.3	20	0
1017.21	3346733	260489	3346733	15186776064	11442253824	807.2	20	0
1018.21	3346733	260489	3346733	15188705280	11443965952	799.2	20	0
1019.22	3346733	260489	3346733	15191638016	11445940224	807.3	20	0
1020.22	3346733	260489	3346733	15193284608	11448291328	799.4	20	0
1021.23	3346733	260489	3346733	15194816512	11449749504	799.1	20	0
1022.23	3346733	260489	3346733	15197581312	11452039168	807.5	20	0
1023.23	3346733	260489	3346733	15199576064	11454509056	799.5	20	0
1024.24	3346733	260489	3346733	15202054144	11456954368	807.7	20	0
1025.24	3346733	260489	3346733	15204556800	11459444736	799.7	20	0
1026.25	3346733	260489	3346733	15207280640	11462279168	799.9	20	0
1027.25	3346733	260489	3346733	15210496000	11464888320	807.5	20	0
1028.25	3346733	260489	3346733	15212302336	11467096064	800.1	20	0
1029.26	3346733	260489	3346733	15214989312	11470069760	807.3	20	0
1030.26	3346733	260489	3346733	15218135040	11472998400	799.8	20	0
1031.27	3346733	260489	3346733	15221002240	11475628032	799.7	20	0
1032.27	3346733	260489	3346733	15223373824	11478237184	807.7	20	0
1033.27	3346733	260489	3346733	15225982976	11480903680	799.7	20	0
1034.28	3346733	260489	3346733	15228649472	11483508736	807.7	20	0
1035.28	3346733	260489	3346733	15231438848	11486339072	800.3	20	0
1036.29	3346733	260489	3346733	15234457600	11488964608	800.2	20	0
1037.29	3346733	260489	3346733	15237074944	11491684352	807.2	20	0
1038.29	3346733	260489	3346733	15240089600	11494457344	799.6	20	0
1039.30	3346733	260489	3346733	15242899456	11497181184	807.6	20	0
1040.30	3346733	260489	3346733	15246286848	11500392448	800.0	20	0
1041.31	3346733	260489	3346733	15248797696	11503378432	800.1	20	0
1042.31	3346733	262892	3346733	15254663168	11506049024	848.0	20	0
1043.31	3346733	268931	3346733	15263698944	11509194752	903.2	20	0
1044.32	3346733	274955	3346733	15272284160	11512070144	912.2	20	0
1045.32	3346733	280998	3346733	15282364416	11515166720	903.5	20	0
1046.33	3346733	287023	3346733	15291224064	11518169088	903.3	20	0
1047.33	3346733	293061	3346733	15300042752	11520913408	911.8	20	0
1048.33	3346733	297682	3346733	15306530816	11522785280	878.9	20	0
1049.34	3346733	297682	3346733	15309389824	11525132288	807.6	20	0
1050.34	3346733	297682	3346733	15311040512	11527344128	799.4	20	0
1051.35	3346733	297682	3346733	15313891328	11530010624	799.9	20	0
1052.35	3346733	297682	3346733	15316070400	11532525568	807.6	20	0
1053.35	3346733	297682	3346733	15318745088	11535368192	799.9	20	0
1054.36	3346733	297682	3346733	15321845760	11538472960	807.8	20	0
1055.36	3346733	297682	3346733	15325179904	11541262336	799.9	20	0
1056.37	3346733	297682	3346733	15327162368	11543592960	799.7	20	0
1057.37	3346733	297682	3346733	15329812480	11546263552	807.6	20	0
1058.37	3346733	297682	3346733	15332368384	11548786688	799.6	20	0
1059.38	3346733	297682	3346733	15335075840	11551518720	807.7	20	0
1060.38	3346733	297682	3346733	15337730048	11553939456	799.5	20	0
1061.39	3346733	297682	3346733	15340281856	11556618240	799.7	20	0
1062.39	3346733	297682	3346733	15343091712	11559366656	807.7	20	0
1063.39	3346733	297682	3346733	15345557504	11562033152	800.4	20	0
1064.40	3346733	297682	3346733	15348301824	11564699648	807.1	20	0
1065.40	3346733	297682	3346733	15350833152	11567411200	799.7	20	0
1066.41	3346733	297682	3346733	15353819136	11570372608	799.9	20	0
1067.41	3346733	297682	3346733	15357317120	11573567488	808.0	20	0
1068.41	3346733	297682	3346733	15359328256	11576184832	799.5	20	0
1069.42	3346733	297682	3346733	15361671168	11578331136	807.3	20	0
1070.42	3346733	297682	3346733	15364169728	11580854272	799.7	20	0
1071.43	3346733	297682	3346733	15366946816	11583565824	799.6	20	0
1072.43	3346733	297682	3346733	15369838592	11586822144	807.9	20	0
1073.43	3346733	297682	3346733	15373258752	11589914624	800.0	20	0
1074.44	3346733	297682	3346733	15376302080	11592577024	807.7	20	0
1075.44	3346733	297682	3346733	15378808832	11595091968	799.7	20	0
1076.45	3346733	297682	3346733	15381315584	11597381632	800.0	20	0
1077.45	3346733	297682	3346733	15383351296	11599982592	807.2	20	0
1078.45	3346733	297682	3346733	15385731072	11602612224	799.7	20	0
1079.46	3346733	297682	3346733	15388385280	11605131264	807.7	20	0
1080.46	3346733	297682	3346733	15390314496	11607384064	799.9	20	0
1081.47	3346733	297682	3346733	15392854016	11609899008	799.2	20	0
1082.47	3346733	297682	3346733	15395553280	11612495872	807.8	20	0
1083.47	3346733	297682	3346733	15397691392	11615080448	799.5	20	0
1084.48	3346733	297682	3346733	15400800256	11617452032	807.5	20	0
1085.48	3346733	297682	3346733	15403307008	11620171776	799.8	20	0
1086.49	3346733	297682	3346733	15406010368	11622662144	799.3	20	0
1087.49	3346733	297682	3346733	15408291840	11625394176	808.0	20	0
1088.49	3346733	297682	3346733	15411388416	11628191744	799.6	20	0
1089.50	3346733	297682	3346733	15413506048	11630673920	807.7	20	0
1090.50	3346733	297682	3346733	15416627200	11633385472	799.8	20	0
1091.51	3346733	297682	3346733	15419109376	11635855360	799.6	20	0
1092.51	3346733	297682	3346733	15420960768	11637735424	807.2	20	0
1093.51	3346733	297682	3346733	15423062016	11639746560	799.4	20	0
1094.52	3346733	297682	3346733	15425327104	11642245120	807.6	20	0
1095.52	3346733	297682	3346733	15428243456	11644612608	799.5	20	0
1096.53	3346733	297682	3346733	15430041600	11646808064	799.3	20	0
1097.53	3346733	297682	3346733	15432171520	11649171456	807.5	20	0
1098.53	3346733	297682	3346733	15435431936	11651764224	799.6	20	0
1099.54	3346733	297682	3346733	15438024704	11654434816	807.8	20	0
1100.54	3346733	297682	3346733	15440179200	11656892416	799.6	20	0
1101.55	3346733	297682	3346733	15442624512	11659743232	799.8	20	0
1102.55	3346733	297682	3346733	15445680128	11662295040	807.5	20	0
1103.55	3346733	297682	3346733	15450390528	11666948096	799.9	20	0
1104.56	3346733	297682	3346733	15454515200	11671015424	807.6	20	0
1105.56	3346733	297682	3346733	15458926592	11675160576	799.6	20	0
1106.57	3346733	297682	3346733	15462891520	11679440896	799.6	20	0
1107.57	3346733	297682	3346733	15467044864	11683786752	807.6	20	0
1108.57	3346733	297682	3346733	15471316992	11687948288	799.7	20	0
1109.58	3346733	297682	3346733	15475757056	11692679168	807.8	20	0
1110.58	3346733	297682	3346733	15479656448	11696836608	799.7	20	0
1111.59	3346733	297682	3346733	15484456960	11701387264	799.8	20	0
1112.59	3346733	297682	3346733	15489597440	11706204160	807.9	20	0
1113.59	3346733	297682	3346733	15493795840	11710431232	799.6	20	0
1114.60	3346733	297682	3346733	15497760768	11714654208	807.6	20	0
1115.60	3346733	297682	3346733	15502376960	11718897664	799.7	20	0
1116.61	3346733	297682	3346733	15506436096	11723067392	800.2	20	0
1117.61	3346733	297682	3346733	15511003136	11727507456	807.1	20	0
1118.61	3346733	297682	3346733	15515672576	11732389888	800.0	20	0
1119.62	3346733	297682	3346733	15521067008	11737145344	807.8	20	0
1120.62	3346733	297682	3346733	15525658624	11741528064	799.7	20	0
1121.63	3346733	297682	3346733	15530786816	11746283520	799.9	20	0
1122.63	3346733	297682	3346733	15534448640	11750813696	807.7	20	0
1123.63	3346733	297682	3346733	15539351552	11755483136	799.8	20	0
1124.64	3346733	297682	3346733	15543738368	11759665152	807.5	20	0
1125.64	3346733	297682	3346733	15548674048	11764269056	799.9	20	0
1126.65	3346733	297682	3346733	15552811008	11768754176	799.7	20	0
1127.65	3346733	297682	3346733	15556280320	11772919808	807.5	20	0
1128.65	3346733	297682	3346733	15561060352	11777323008	799.8	20	0
1129.66	3346733	297682	3346733	15564795904	11781476352	807.5	20	0
1130.66	3346733	297682	3346733	15569428480	11785768960	799.8	20	0
1131.67	3346733	297682	3346733	15573815296	11790118912	799.7	20	0
1132.67	3346733	297682	3346733	15578087424	11794620416	807.7	20	0
1133.67	3346733	297682	3346733	15582289920	11798786048	799.6	20	0
1134.68	3346733	297682	3346733	15587155968	11803111424	807.6	20	0
1135.68	3346733	297682	3346733	15591092224	11807195136	799.7	20	0
1136.69	3346733	297682	3346733	15594622976	11811508224	799.8	20	0
1137.69	3346733	297682	3346733	15599570944	11815694336	807.6	20	0
1138.69	3346733	297682	3346733	15603421184	11819937792	799.7	20	0
1139.70	3346733	297682	3346733	15608254464	11824373760	807.8	20	0
1140.70	3346733	297682	3346733	15612674048	11829030912	799.9	20	0
1141.71	3346733	297682	3346733	15617163264	11833237504	799.6	20	0
1142.71	3346733	297682	3346733	15621574656	11837980672	807.9	20	0
1143.71	3346733	297682	3346733	15625728000	11842347008	800.2	20	0
1144.72	3346733	297682	3346733	15630651392	11846664192	807.2	20	0
1145.72	3346733	297682	3346733	15635554304	11851169792	799.7	20	0
1146.73	3346733	297682	3346733	15639322624	11855495168	800.7	20	0
1147.73	3346733	297682	3346733	15643762688	11859963904	806.8	20	0
1148.73	3346733	297682	3346733	15648411648	11864535040	799.9	20	0
1149.74	3346733	297682	3346733	15653281792	11869052928	807.6	20	0
1150.74	3346733	297682	3346733	15656816640	11873411072	799.9	20	0
1151.75	3346733	297682	3346733	15661662208	11877621760	799.5	20	0
1152.75	3346733	297682	3346733	15665664000	11881988096	807.7	20	0
1153.76	3346733	297682	3346733	15670087680	11886342144	799.7	20	0
1154.76	3346733	297682	3346733	15674617856	11890630656	807.6	20	0
1155.76	3346733	297682	3346733	15678214144	11894784000	800.1	20	0
1156.77	3346733	297682	3346733	15682752512	11899342848	799.4	20	0
1157.77	3346733	297682	3346733	15686979584	11903590400	807.6	20	0
1158.77	3346733	297682	3346733	15691710464	11907981312	799.8	20	0
1159.78	3346733	297682	3346733	15696547840	11912589312	807.8	20	0
1160.78	3346733	297682	3346733	15700107264	11916554240	799.6	20	0
1161.79	3346733	297682	3346733	15704174592	11920945152	799.7	20	0
1162.79	3346733	297682	3346733	15708737536	11925377024	807.9	20	0
1163.80	3346733	297682	3346733	15713148928	11929391104	799.4	20	0
1164.80	3346733	297682	3346733	15716077568	11933515776	807.4	20	0
1165.80	3346733	297682	3346733	15721242624	11937509376	800.3	20	0
1166.81	3346733	297682	3346733	15724417024	11941683200	798.9	20	0
1167.81	3346733	297682	3346733	15729471488	11945910272	807.6	20	0
1168.82	3346733	297682	3346733	15733993472	11950632960	799.9	20	0
1169.82	3346733	297682	3346733	15738654720	11954708480	807.6	20	0
1170.82	3346733	297682	3346733	15742570496	11959357440	799.7	20	0
1171.83	3346733	297682	3346733	15746285568	11963293696	807.7	20	0
1172.83	3346733	297682	3346733	15751172096	11967844352	799.8	20	0
1173.84	3346733	297682	3346733	15756140544	11972370432	799.8	20	0
1174.84	3346733	297682	3346733	15760035840	11976769536	807.7	20	0
1175.84	3346733	297682	3346733	15765131264	11981496320	799.8	20	0
1176.85	3346733	297682	3346733	15769124864	11985448960	807.6	20	0
1177.85	3346733	297682	3346733	15773593600	11989901312	799.7	20	0
1178.86	3346733	297682	3346733	15777939456	11993927680	799.6	20	0
1179.86	3346733	297682	3346733	15782731776	11998478336	807.6	20	0
1180.86	3346733	297682	3346733	15787360256	12002631680	799.6	20	0
1181.87	3346733	297682	3346733	15790518272	12006797312	807.7	20	0
1182.87	3346733	297682	3346733	15795089408	12011286528	799.8	20	0
1183.88	3346733	297682	3346733	15798804480	12015390720	800.0	20	0
1184.88	3346733	297682	3346733	15803211776	12019482624	807.1	20	0
1185.88	3346733	297682	3346733	15807537152	12023840768	799.7	20	0
1186.89	3346733	297682	3346733	15811072000	12027822080	807.5	20	0
1187.89	3346733	297682	3346733	15815258112	12032196608	799.9	20	0
1188.90	3346733	297682	3346733	15820406784	12036784128	799.9	20	0
1189.90	3346733	297682	3346733	15823982592	12040716288	807.5	20	0
1190.90	3346733	297682	3346733	15829204992	12045307904	799.8	20	0
1191.91	3346733	297682	3346733	15832608768	12049616896	807.8	20	0
1192.91	3346733	297682	3346733	15837528064	12053966848	799.7	20	0
1193.92	3346733	297682	3346733	15841861632	12058046464	799.6	20	0
1194.92	3346733	297682	3346733	15845801984	12062146560	807.4	20	0
1195.92	3346733	297682	3346733	15849758720	12066254848	799.6	20	0
1196.93	3346733	297682	3346733	15853895680	12070699008	808.3	20	0
1197.93	3346733	297682	3346733	15857815552	12074508288	799.7	20	0
1198.94	3346733	297682	3346733	15861989376	12078628864	800.1	20	0
1199.94	3346733	297682	3346733	15866023936	12082741248	807.4	20	0
1200.95	3346733	297682	3346733	15869947904	12086894592	800.2	20	0
1201.95	3346733	297682	3346733	15874871296	12091428864	807.0	20	0
1202.95	3346733	297682	3346733	15879213056	12095799296	800.0	20	0
1203.96	3346733	297682	3346733	15883395072	12100190208	807.5	20	0
1204.96	3346733	297682	3346733	15888359424	12104351744	800.2	20	0
1205.97	3346733	297682	3346733	15892373504	12108390400	800.2	20	0
1206.97	3346733	297682	3346733	15896539136	12113035264	807.1	20	0
1207.97	3346733	297682	3346733	15900803072	12117336064	799.7	20	0
1208.98	3346733	297682	3346733	15905263616	12121784320	807.8	20	0
1209.98	3346733	297682	3346733	15910232064	12126146560	799.6	20	0
1210.99	3346733	297682	3346733	15914053632	12130205696	799.4	20	0
1211.99	3346733	297682	3346733	15918301184	12134981632	807.7	20	0
1213.00	3346733	297682	3346733	15923105792	12139048960	799.4	20	0
1214.00	3346733	297682	3346733	15927119872	12143239168	807.5	20	0
1215.00	3346733	297682	3346733	15931789312	12147818496	799.7	20	0
1216.01	3346733	297682	3346733	15935762432	12152033280	807.7	20	0
1217.01	3346733	297682	3346733	15940431872	12156387328	799.8	20	0
1218.02	3346733	297682	3346733	15943958528	12160188416	799.6	20	0
1219.02	3346733	297682	3346733	15948447744	12164411392	807.6	20	0
1220.02	3346733	297682	3346733	15953096704	12168712192	799.8	20	0
1221.03	3346733	297682	3346733	15956811776	12172558336	807.4	20	0
1222.03	3346733	297682	3346733	15961333760	12176629760	799.7	20	0
1223.04	3346733	297682	3346733	15965278208	12181262336	799.8	20	0
1224.04	3346733	297682	3346733	15969361920	12184969216	807.4	20	0
1225.04	3346733	297682	3346733	15973986304	12189663232	799.8	20	0
1226.05	3346733	297682	3346733	15979077632	12196261888	807.8	20	0
1227.05	3346733	297682	3346733	15983894528	12200591360	799.6	20	0
1228.06	3346733	297682	3346733	15987363840	12204875776	799.9	20	0
1229.06	3346733	297682	3346733	15991377920	12209197056	807.7	20	0
1230.06	3346733	297682	3346733	15996452864	12213796864	799.8	20	0
1231.07	3346733	297682	3346733	16001118208	12218486784	807.8	20	0
1232.07	3346733	297682	3346733	16005394432	12222734336	799.7	20	0
1233.08	3346733	297682	3346733	16008761344	12226838528	799.7	20	0
1234.08	3346733	297682	3346733	16013139968	12231299072	807.7	20	0
1235.08	3346733	297682	3346733	16017686528	12235591680	799.8	20	0
1236.09	3346733	297682	3346733	16022384640	12240334848	807.7	20	0
1237.09	3346733	297682	3346733	16028016640	12245155840	800.4	20	0
1238.10	3346733	297682	3346733	16031682560	12248903680	799.1	20	0
1239.10	3346733	297682	3346733	16036220928	12253347840	807.8	20	0
1240.10	3346733	297682	3346733	16040247296	12257677312	799.7	20	0
1241.11	3346733	297682	3346733	16044515328	12262150144	807.7	20	0
1242.11	3346733	297682	3346733	16049115136	12266520576	799.7	20	0
1243.12	3346733	297682	3346733	16054181888	12271296512	799.9	20	0
1244.12	3346733	297682	3346733	16058073088	12275556352	807.6	20	0
1245.12	3346733	298224	3346733	16061358080	12277477376	809.0	20	0
1246.13	3346733	298224	3346733	16062664704	12279152640	807.7	20	0
1247.13	3346733	298224	3346733	16064016384	12280692736	799.6	20	0
1248.14	3346733	298224	3346733	16065523712	12282515456	799.8	20	0
1249.14	3346733	298224	3346733	16067432448	12284223488	807.7	20	0
1250.14	3346733	298224	3346733	16068685824	12285886464	799.7	20	0
1251.15	3346733	298224	3346733	16070459392	12287447040	807.7	20	0
1252.15	3346733	298224	3346733	16072253440	12289306624	800.1	20	0
1253.16	3346733	298224	3346733	16073678848	12290953216	799.2	20	0
1254.16	3346733	298224	3346733	16076185600	12292542464	807.6	20	0
1255.16	3346733	298224	3346733	16077627392	12294070272	799.5	20	0
1256.17	3346733	298224	3346733	16079048704	12295774208	807.8	20	0
1257.17	3346733	298224	3346733	16080867328	12297216000	799.6	20	0
1258.18	3346733	298224	3346733	16082006016	12298883072	800.2	20	0
1259.18	3346733	298224	3346733	16083894272	12300599296	807.0	20	0
1260.18	3346733	298224	3346733	16085151744	12302163968	799.6	20	0
1261.19	3346733	298224	3346733	16086847488	12303822848	807.7	20	0
1262.19	3346733	298224	3346733	16088432640	12305252352	799.5	20	0
1263.20	3346733	298224	3346733	16089509888	12306677760	799.4	20	0
1264.20	3346733	298224	3346733	16091275264	12308172800	807.4	20	0
1265.20	3346733	298224	3346733	16093577216	12309962752	800.0	20	0
1266.21	3346733	298224	3346733	16095657984	12311588864	807.6	20	0
1267.21	3346733	298224	3346733	16096256000	12313239552	799.4	20	0
1268.22	3346733	298224	3346733	16098152448	12314730496	799.6	20	0
1269.22	3346733	298224	3346733	16099385344	12316372992	807.6	20	0
1270.23	3346733	298224	3346733	16101502976	12317966336	799.5	20	0
1271.23	3346733	298224	3346733	16103190528	12319739904	807.6	20	0
1272.23	3346733	298224	3346733	16103886848	12321460224	799.7	20	0
1273.24	3346733	298224	3346733	16105844736	12323069952	799.6	20	0
1274.24	3346733	298224	3346733	16107384832	12324798464	807.6	20	0
1275.25	3346733	298224	3346733	16109731840	12326412288	799.6	20	0
1276.25	3346733	298224	3346733	16110907392	12328157184	807.5	20	0
1277.25	3346733	298224	3346733	16112865280	12329836544	799.8	20	0
1278.26	3346733	298224	3346733	16114331648	12331556864	807.8	20	0
1279.26	3346733	298224	3346733	16116523008	12333289472	799.7	20	0
1280.27	3346733	298224	3346733	16118013952	12335009792	799.6	20	0
1281.27	3346733	298224	3346733	16119816192	12336713728	807.6	20	0
1282.27	3346733	298224	3346733	16121147392	12338307072	799.7	20	0
1283.28	3346733	298224	3346733	16123088896	12339986432	807.7	20	0
1284.28	3346733	298224	3346733	16124932096	12341669888	799.9	20	0
1285.29	3346733	298224	3346733	16126595072	12343402496	799.7	20	0
1286.29	3346733	298224	3346733	16128569344	12345221120	807.8	20	0
1287.29	3346733	302814	3346733	16134004736	12345577472	878.3	20	0
1288.30	3346733	308821	3346733	16140353536	12345577472	912.7	20	0
1289.30	3346733	314779	3346733	16146223104	12345581568	904.0	20	0
1290.31	3346733	320737	3346733	16152080384	12345581568	903.9	20	0
1291.31	3346733	326679	3346733	16158183424	12345597952	912.8	20	0
1292.32	3346733	332573	3346733	16164962304	12345597952	904.7	20	0
1293.32	3346733	338531	3346733	16170721280	12345597952	913.6	20	0
1294.32	3346733	344462	3346733	16176504832	12345602048	904.5	20	0
1295.33	3346733	350436	3346733	16182747136	12345606144	913.4	20	0
1296.33	3346733	356378	3346733	16190038016	12345606144	904.4	20	0
1297.34	3346733	362303	3346733	16195018752	12345683968	904.3	20	0
1298.34	3346733	368245	3346733	16201084928	12345745408	913.7	20	0
1299.34	3346733	374176	3346733	16207249408	12345761792	904.6	20	0
1300.35	3346733	374734	3346733	16207998976	12345769984	818.3	20	0
1301.35	3346733	374734	3346733	16208363520	12345769984	799.9	20	0
1302.36	3346733	374734	3346733	16208269312	12345794560	800.0	20	0
1303.36	3346733	374734	3346733	16207941632	12345798656	807.9	20	0
1304.37	3346733	374734	3346733	16208211968	12345810944	799.6	20	0
1305.37	3346733	374734	3346733	16208220160	12345810944	807.5	20	0
1306.37	3346733	374734	3346733	16207974400	12345819136	799.5	20	0
1307.38	3346733	374734	3346733	16207376384	12345819136	807.5	20	0
1308.38	3346733	374734	3346733	16207585280	12345819136	799.7	20	0
1309.39	3346733	374734	3346733	16207835136	12345819136	799.9	20	0
1310.39	3346733	374734	3346733	16207384576	12345823232	807.7	20	0
1311.39	3346733	374734	3346733	16207560704	12345823232	799.9	20	0
1312.40	3346733	374734	3346733	16207765504	12345823232	807.6	20	0
1313.40	3346733	374734	3346733	16207601664	12345823232	799.8	20	0
1314.41	3346733	374734	3346733	16207937536	12345823232	799.9	20	0
1315.41	3346733	374734	3346733	16207835136	12345823232	807.6	20	0
1316.41	3346733	374734	3346733	16208183296	12345823232	799.7	20	0
1317.42	3346733	374734	3346733	16207937536	12345823232	807.8	20	0
1318.42	3346733	374734	3346733	16207179776	12345827328	800.2	20	0
1319.43	3346733	374734	3346733	16207687680	12345925632	799.3	20	0
1320.43	3346733	374734	3346733	16207749120	12345925632	808.2	20	0
1321.43	3346733	374734	3346733	16207974400	12345925632	799.6	20	0
1322.44	3346733	374734	3346733	16208068608	12345925632	807.9	20	0
1323.44	3346733	374734	3346733	16207192064	12345925632	799.8	20	0
1324.45	3346733	374734	3346733	16207675392	12345925632	799.9	20	0
1325.45	3346733	374734	3346733	16207736832	12345929728	807.8	20	0
1326.46	3346733	374734	3346733	16207659008	12345929728	799.9	20	0
1327.46	3346733	374734	3346733	16207433728	12345929728	807.8	20	0
1328.46	3346733	374734	3346733	16207278080	12345929728	799.8	20	0
1329.47	3346733	374734	3346733	16207446016	12345929728	807.8	20	0
1330.47	3346733	374734	3346733	16207245312	12345929728	799.4	20	0
1331.48	3346733	374734	3346733	16207724544	12345937920	799.7	20	0
1332.48	3346733	374734	3346733	16207663104	12345937920	807.9	20	0
1333.48	3346733	374734	3346733	16207564800	12345942016	799.6	20	0
1334.49	3346733	374734	3346733	16207671296	12345942016	807.8	20	0
1335.49	3346733	374734	3346733	16207773696	12345942016	799.7	20	0
1336.50	3346733	374734	3346733	16207753216	12345942016	799.7	20	0
1337.50	3346733	374734	3346733	16207904768	12345950208	807.4	20	0
1338.50	3346733	374734	3346733	16207859712	12345950208	799.5	20	0
1339.51	3346733	374734	3346733	16207835136	12345950208	807.7	20	0
1340.51	3346733	374734	3346733	16208293888	12345974784	799.7	20	0
1341.52	3346733	374734	3346733	16208535552	12345974784	799.9	20	0
1342.52	3346733	374734	3346733	16208003072	12345974784	807.6	20	0
1343.52	3346733	374734	3346733	16207892480	12345974784	799.7	20	0
1344.53	3346733	374734	3346733	16208289792	12345974784	807.7	20	0
1345.53	3346733	374734	3346733	16208637952	12346003456	799.8	20	0
1346.54	3346733	374734	3346733	16208150528	12346007552	799.8	20	0
1347.54	3346733	374734	3346733	16208216064	12346007552	807.6	20	0
1348.54	3346733	374734	3346733	16208338944	12346011648	799.6	20	0
1349.55	3346733	374734	3346733	16208359424	12346011648	807.7	20	0
1350.55	3346733	374734	3346733	16208592896	12346011648	799.9	20	0
1351.56	3346733	374734	3346733	16208388096	12346011648	799.7	20	0
1352.56	3346733	374734	3346733	16208388096	12346015744	807.7	20	0
1353.56	3346733	374734	3346733	16208089088	12346023936	799.7	20	0
1354.57	3346733	374734	3346733	16208568320	12346023936	807.7	20	0
1355.57	3346733	374734	3346733	16208711680	12346023936	799.7	20	0
1356.58	3346733	374734	3346733	16208670720	12346032128	799.9	20	0
1357.58	3346733	374734	3346733	16208519168	12346032128	807.6	20	0
1358.58	3346733	374734	3346733	16208093184	12346036224	799.8	20	0
1359.59	3346733	374734	3346733	16208281600	12346036224	807.9	20	0
1360.59	3346733	374734	3346733	16208752640	12346036224	799.9	20	0
1361.60	3346733	374734	3346733	16208302080	12346036224	799.9	20	0
1362.60	3346733	374734	3346733	16208510976	12346036224	807.8	20	0
1363.60	3346733	374734	3346733	16208121856	12346036224	799.7	20	0
1364.61	3346733	374734	3346733	16208162816	12346040320	807.7	20	0
1365.61	3346733	374734	3346733	16208252928	12346040320	799.7	20	0
1366.62	3346733	374734	3346733	16208379904	12346052608	799.8	20	0
1367.62	3346733	374734	3346733	16208146432	12346052608	807.7	20	0
1368.62	3346733	374734	3346733	16208150528	12346052608	799.6	20	0
1369.63	3346733	374734	3346733	16208134144	12346052608	807.8	20	0
1370.63	3346733	374734	3346733	16208314368	12346052608	799.5	20	0
1371.64	3346733	374734	3346733	16208596992	12346052608	799.7	20	0
1372.64	3346733	374734	3346733	16208416768	12346052608	807.7	20	0
1373.65	3346733	374734	3346733	16208453632	12346056704	799.8	20	0
1374.65	3346733	374734	3346733	16208678912	12346056704	807.5	20	0
1375.65	3346733	374734	3346733	16208470016	12346056704	799.7	20	0
1376.66	3346733	374734	3346733	16208470016	12346056704	799.8	20	0
1377.66	3346733	374734	3346733	16208257024	12346056704	807.7	20	0
1378.67	3346733	374734	3346733	16208330752	12346064896	799.8	20	0
1379.67	3346733	374734	3346733	16208441344	12346068992	807.7	20	0
1380.67	3346733	374734	3346733	16208941056	12346068992	799.7	20	0
1381.68	3346733	374734	3346733	16208629760	12346068992	807.6	20	0
1382.68	3346733	374734	3346733	16208457728	12346068992	799.6	20	0
1383.69	3346733	374734	3346733	16208306176	12346068992	799.6	20	0
1384.69	3346733	374734	3346733	16208711680	12346068992	807.6	20	0
1385.69	3346733	374734	3346733	16208527360	12346077184	799.9	20	0
1386.70	3346733	374734	3346733	16208314368	12346077184	807.7	20	0
1387.70	3346733	374734	3346733	16208560128	12346077184	799.6	20	0
1388.71	3346733	374734	3346733	16208347136	12346093568	800.0	20	0
1389.71	3346733	374734	3346733	16208482304	12346093568	807.8	20	0
1390.72	3346733	374734	3346733	16208785408	12346093568	800.4	20	0
1391.72	3346733	374734	3346733	16208719872	12346093568	807.0	20	0
1392.72	3346733	374734	3346733	16208379904	12346093568	799.7	20	0
1393.73	3346733	374734	3346733	16208662528	12346093568	799.7	20	0
1394.73	3346733	374734	3346733	16208678912	12346093568	807.7	20	0
1395.74	3346733	374734	3346733	16208752640	12346093568	800.1	20	0
1396.74	3346733	374734	3346733	16209133568	12346093568	807.2	20	0
1397.74	3346733	374734	3346733	16208261120	12346093568	799.7	20	0
1398.75	3346733	374734	3346733	16208359424	12346093568	807.6	20	0
1399.75	3346733	374734	3346733	16208109568	12346093568	799.7	20	0
1400.76	3346733	374734	3346733	16208465920	12346093568	799.5	20	0
1401.76	3346733	374734	3346733	16208506880	12346105856	807.5	20	0
1402.76	3346733	374734	3346733	16208330752	12346105856	799.6	20	0
1403.77	3346733	374734	3346733	16208486400	12346105856	807.7	20	0
1404.77	3346733	374734	3346733	16208433152	12346109952	799.7	20	0
1405.78	3346733	374734	3346733	16208367616	12346109952	799.9	20	0
1406.78	3346733	374734	3346733	16208343040	12346109952	807.5	20	0
1407.78	3346733	374734	3346733	16208343040	12346109952	799.7	20	0
1408.79	3346733	374734	3346733	16208535552	12346109952	807.4	20	0
1409.79	3346733	374734	3346733	16208269312	12346109952	799.7	20	0
1410.80	3346733	374734	3346733	16207925248	12346109952	799.7	20	0
1411.80	3346733	379555	3346733	16213839872	12346109952	890.1	20	0
1412.81	3346733	385558	3346733	16219856896	12346109952	902.7	20	0
1413.81	3346733	391544	3346733	16225853440	12346109952	912.3	20	0
1414.81	3346733	397549	3346733	16231886848	12346118144	903.2	20	0
1415.82	3346733	403538	3346733	16238149632	12346122240	903.1	20	0
1416.82	3346733	409507	3346733	16243789824	12346122240	912.6	20	0
1417.83	3346733	413235	3346733	16247861248	12346122240	864.8	20	0
1418.83	3346733	413235	3346733	16248070144	12346122240	807.5	20	0
1419.83	3346733	413235	3346733	16248307712	12346122240	799.6	20	0
1420.84	3346733	413235	3346733	16248455168	12346122240	807.5	20	0
1421.84	3346733	413235	3346733	16248147968	12346224640	799.5	20	0
1422.85	3346733	413235	3346733	16247513088	12346224640	799.7	20	0
1423.85	3346733	413235	3346733	16247812096	12346224640	807.7	20	0
1424.85	3346733	413235	3346733	16247889920	12346224640	799.7	20	0
1425.86	3346733	413235	3346733	16247939072	12346224640	807.7	20	0
1426.86	3346733	413235	3346733	16247939072	12346224640	799.5	20	0
1427.87	3346733	413235	3346733	16247603200	12346224640	799.7	20	0
1428.87	3346733	413235	3346733	16247816192	12346224640	807.6	20	0
1429.87	3346733	413235	3346733	16248025088	12346228736	799.6	20	0
1430.88	3346733	413235	3346733	16247398400	12346228736	807.9	20	0
1431.88	3346733	413235	3346733	16248070144	12346232832	799.8	20	0
1432.89	3346733	413235	3346733	16247664640	12346232832	799.9	20	0
1433.89	3346733	413235	3346733	16247918592	12346232832	807.9	20	0
1434.89	3346733	413235	3346733	16247947264	12346232832	799.8	20	0
1435.90	3346733	413235	3346733	16247885824	12346236928	807.7	20	0
1436.90	3346733	413235	3346733	16247668736	12346236928	800.0	20	0
1437.91	3346733	413235	3346733	16247705600	12346236928	799.8	20	0
1438.91	3346733	413235	3346733	16247832576	12346236928	807.7	20	0
1439.92	3346733	413235	3346733	16247971840	12346236928	799.9	20	0
1440.92	3346733	413235	3346733	16248238080	12346241024	807.7	20	0
1441.92	3346733	413235	3346733	16248369152	12346241024	799.8	20	0
1442.93	3346733	413235	3346733	16247803904	12346249216	799.6	20	0
1443.93	3346733	413235	3346733	16248123392	12346249216	807.5	20	0
1444.94	3346733	413235	3346733	16248119296	12346249216	799.9	20	0
1445.94	3346733	413235	3346733	16248254464	12346249216	807.7	20	0
1446.94	3346733	413235	3346733	16248262656	12346249216	799.7	20	0
1447.95	3346733	413235	3346733	16248389632	12346249216	807.8	20	0
1448.95	3346733	413235	3346733	16248475648	12346249216	799.7	20	0
1449.96	3346733	413235	3346733	16248365056	12346249216	799.7	20	0
1450.96	3346733	413235	3346733	16248107008	12346249216	807.7	20	0
1451.96	3346733	413235	3346733	16248074240	12346253312	800.4	20	0
1452.97	3346733	413235	3346733	16248082432	12346253312	807.1	20	0
1453.97	3346733	413235	3346733	16248217600	12346253312	799.8	20	0
1454.98	3346733	413235	3346733	16248397824	12346253312	799.8	20	0
1455.98	3346733	413235	3346733	16248229888	12346253312	807.4	20	0
1456.99	3346733	413235	3346733	16247988224	12346257408	799.7	20	0
1457.99	3346733	413235	3346733	16247984128	12346261504	807.6	20	0
1458.99	3346733	413235	3346733	16248594432	12346265600	799.7	20	0
1460.00	3346733	413235	3346733	16248864768	12346269696	807.4	20	0
1461.00	3346733	413235	3346733	16248524800	12346269696	799.5	20	0
1462.01	3346733	413235	3346733	16248111104	12346269696	800.5	20	0
1463.01	3346733	413235	3346733	16247939072	12346269696	807.2	20	0
1464.01	3346733	413235	3346733	16248303616	12346269696	799.8	20	0
1465.02	3346733	413235	3346733	16248856576	12346445824	807.7	20	0
1466.02	3346733	413235	3346733	16248705024	12346445824	799.7	20	0
1467.03	3346733	413235	3346733	16248741888	12346445824	799.5	20	0
1468.03	3346733	413235	3346733	16248774656	12346445824	807.4	20	0
1469.03	3346733	413235	3346733	16249143296	12346449920	799.5	20	0
1470.04	3346733	413235	3346733	16248770560	12346449920	807.5	20	0
1471.04	3346733	413235	3346733	16248901632	12346458112	799.6	20	0
1472.05	3346733	413235	3346733	16248512512	12346458112	799.7	20	0
1473.05	3346733	413235	3346733	16248541184	12346458112	807.6	20	0
1474.05	3346733	413235	3346733	16248229888	12346458112	799.6	20	0
1475.06	3346733	413235	3346733	16248283136	12346458112	807.5	20	0
1476.06	3346733	413235	3346733	16248303616	12346458112	799.7	20	0
1477.07	3346733	413235	3346733	16248430592	12346458112	799.6	20	0
1478.07	3346733	413235	3346733	16248725504	12346470400	807.6	20	0
1479.08	3346733	413235	3346733	16248672256	12346478592	799.6	20	0
1480.08	3346733	413235	3346733	16248594432	12346478592	807.5	20	0
1481.08	3346733	413235	3346733	16248590336	12346478592	799.6	20	0
1482.09	3346733	413235	3346733	16248500224	12346478592	807.6	20	0
1483.09	3346733	413235	3346733	16248119296	12346478592	799.5	20	0
1484.10	3346733	413235	3346733	16248442880	12346478592	799.6	20	0
1485.10	3346733	413235	3346733	16248496128	12346478592	807.6	20	0
1486.10	3346733	413235	3346733	16248426496	12346494976	799.7	20	0
1487.11	3346733	413235	3346733	16248561664	12346494976	807.8	20	0
1488.11	3346733	413235	3346733	16248107008	12346494976	799.5	20	0
1489.12	3346733	413235	3346733	16248295424	12346494976	799.9	20	0
1490.12	3346733	413235	3346733	16248348672	12346494976	807.4	20	0
1491.12	3346733	413235	3346733	16247943168	12346494976	799.6	20	0
1492.13	3346733	413235	3346733	16248004608	12346494976	807.6	20	0
1493.13	3346733	413235	3346733	16247779328	12346494976	799.7	20	0
1494.14	3346733	413235	3346733	16248262656	12346507264	799.9	20	0
1495.14	3346733	413235	3346733	16248766464	12346507264	807.5	20	0
1496.14	3346733	413235	3346733	16248037376	12346511360	799.7	20	0
1497.15	3346733	413235	3346733	16247238656	12346515456	808.1	20	0
1498.15	3346733	413235	3346733	16247238656	12346515456	800.1	20	0
1499.16	3346733	413235	3346733	16247017472	12346515456	800.1	20	0
1500.16	3346733	413235	3346733	16246784000	12346515456	807.8	20	0
1501.16	3346733	413235	3346733	16246820864	12346515456	799.6	20	0
1502.17	3346733	413235	3346733	16246734848	12346515456	807.8	20	0
1503.17	3346733	413235	3346733	16246845440	12346515456	799.5	20	0
1504.18	3346733	413235	3346733	16247042048	12346515456	800.1	20	0
1505.18	3346733	413235	3346733	16247218176	12346515456	807.4	20	0
1506.19	3346733	413235	3346733	16247222272	12346515456	799.8	20	0
1507.19	3346733	413235	3346733	16246906880	12346515456	807.7	20	0
1508.19	3346733	413235	3346733	16246910976	12346515456	799.9	20	0
1509.20	3346733	413235	3346733	16246587392	12346515456	807.8	20	0
1510.20	3346733	413235	3346733	16246841344	12346515456	799.5	20	0
1511.21	3346733	413235	3346733	16247119872	12346515456	799.9	20	0
1512.21	3346733	413235	3346733	16247115776	12346519552	807.8	20	0
1513.21	3346733	413235	3346733	16247382016	12346519552	799.5	20	0
1514.22	3346733	413235	3346733	16247386112	12346519552	807.7	20	0
1515.22	3346733	413235	3346733	16247336960	12346519552	799.8	20	0
1516.23	3346733	413235	3346733	16247312384	12346519552	799.8	20	0
1517.23	3346733	413235	3346733	16247382016	12346523648	807.6	20	0
1518.23	3346733	413235	3346733	16247476224	12346523648	799.7	20	0
1519.24	3346733	413235	3346733	16247734272	12346523648	807.9	20	0
1520.24	3346733	413235	3346733	16247422976	12346523648	799.8	20	0
1521.25	3346733	413235	3346733	16247934976	12346527744	800.4	20	0
1522.25	3346733	413235	3346733	16246964224	12346527744	807.0	20	0
1523.25	3346733	413235	3346733	16247070720	12346527744	799.7	20	0
1524.26	3346733	413235	3346733	16247291904	12346527744	807.8	20	0
1525.26	3346733	413235	3346733	16247541760	12346531840	799.7	20	0
1526.27	3346733	413235	3346733	16247373824	12346531840	799.9	20	0
1527.27	3346733	413235	3346733	16247357440	12346531840	807.7	20	0
1528.28	3346733	413235	3346733	16247545856	12346531840	800.5	20	0
1529.28	3346733	413235	3346733	16247922688	12346535936	807.0	20	0
1530.28	3346733	413235	3346733	16247812096	12346540032	799.7	20	0
1531.29	3346733	413235	3346733	16247390208	12346540032	807.6	20	0
1532.29	3346733	413235	3346733	16247513088	12346548224	799.7	20	0
1533.30	3346733	413235	3346733	16247222272	12346552320	799.7	20	0
1534.30	3346733	413235	3346733	16247738368	12346552320	807.8	20	0
1535.30	3346733	413235	3346733	16247709696	12346552320	799.8	20	0
1536.31	3346733	413235	3346733	16247836672	12346556416	807.9	20	0
1537.31	3346733	413235	3346733	16248098816	12346556416	799.8	20	0
1538.32	3346733	413235	3346733	16247607296	12346556416	799.9	20	0
1539.32	3346733	413235	3346733	16248131584	12346556416	807.7	20	0
1540.32	3346733	413235	3346733	16247586816	12346556416	799.5	20	0
1541.33	3346733	413235	3346733	16247762944	12346556416	807.4	20	0
1542.33	3346733	413235	3346733	16247463936	12346556416	799.7	20	0
1543.34	3346733	413235	3346733	16247336960	12346556416	799.6	20	0
1544.34	3346733	413235	3346733	16247586816	12346564608	807.8	20	0
1545.34	3346733	413235	3346733	16248303616	12346564608	799.7	20	0
1546.35	3346733	413235	3346733	16248139776	12346564608	807.5	20	0
1547.35	3346733	413235	3346733	16247447552	12346564608	799.9	20	0
1548.36	3346733	413235	3346733	16247345152	12346564608	799.7	20	0
1549.36	3346733	413235	3346733	16247533568	12346564608	807.9	20	0
1550.37	3346733	413235	3346733	16247377920	12346564608	800.0	20	0
1551.37	3346733	413235	3346733	16247529472	12346564608	807.4	20	0
1552.37	3346733	413235	3346733	16247447552	12346585088	800.0	20	0
1553.38	3346733	413235	3346733	16247681024	12346585088	800.5	20	0
1554.38	3346733	413235	3346733	16247623680	12346585088	806.9	20	0
1555.39	3346733	413235	3346733	16247668736	12346585088	799.8	20	0
1556.39	3346733	413235	3346733	16625983488	12724654080	808.0	20	0
1557.39	3346733	413235	3346733	16249266176	12348198912	798.5	20	0
1558.40	3346733	413235	3346733	16252231680	12350730240	807.7	20	0
1559.40	3346733	413235	3346733	16254996480	12353257472	799.7	20	0
1560.41	3346733	413235	3346733	16258101248	12356014080	799.8	20	0
1561.41	3346733	413235	3346733	16260640768	12358459392	807.6	20	0
1562.41	3346733	413235	3346733	16263221248	12361310208	799.8	20	0
1563.42	3346733	413235	3346733	16265031680	12363771904	807.6	20	0
1564.42	3346733	413235	3346733	16267804672	12365979648	799.4	20	0
1565.43	3346733	413235	3346733	16270364672	12368523264	799.7	20	0
1566.43	3346733	413235	3346733	16272568320	12370980864	807.5	20	0
1567.43	3346733	413235	3346733	16274722816	12373544960	799.7	20	0
1568.44	3346733	413235	3346733	16277721088	12376338432	807.7	20	0
1569.44	3346733	413235	3346733	16280739840	12379033600	799.8	20	0
1570.45	3346733	413235	3346733	16283086848	12381528064	799.5	20	0
1571.45	3346733	413235	3346733	16285736960	12384149504	807.5	20	0
1572.45	3346733	413235	3346733	16288751616	12386902016	799.8	20	0
1573.46	3346733	413235	3346733	16291266560	12389580800	807.7	20	0
1574.46	3346733	413235	3346733	16294113280	12392239104	799.5	20	0
1575.47	3346733	413235	3346733	16296701952	12394909696	807.5	20	0
1576.47	3346733	413235	3346733	16299921408	12397666304	800.0	20	0
1577.48	3346733	413235	3346733	16302096384	12400177152	800.5	20	0
1578.48	3346733	413235	3346733	16304427008	12402802688	806.9	20	0
1579.48	3346733	413235	3346733	16307286016	12405260288	799.6	20	0
1580.49	3346733	413235	3346733	16309489664	12407603200	807.5	20	0
1581.49	3346733	413235	3346733	16312094720	12410159104	799.6	20	0
1582.50	3346733	413235	3346733	16314974208	12412686336	799.6	20	0
1583.50	3346733	413235	3346733	16317579264	12415234048	807.7	20	0
1584.50	3346733	413235	3346733	16320286720	12417777664	799.7	20	0
1585.51	3346733	413235	3346733	16322605056	12420169728	807.6	20	0
1586.51	3346733	413235	3346733	16325091328	12422856704	799.9	20	0
1587.52	3346733	413235	3346733	16327426048	12425502720	799.8	20	0
1588.52	3346733	413235	3346733	16329965568	12427894784	808.2	20	0
1589.53	3346733	413235	3346733	16332914688	12430405632	800.0	20	0
1590.53	3346733	413235	3346733	16334983168	12432621568	807.8	20	0
1591.53	3346733	413235	3346733	16337162240	12435230720	800.4	20	0
1592.54	3346733	413235	3346733	16339169280	12437430272	806.8	20	0
1593.54	3346733	413235	3346733	16341975040	12440440832	799.7	20	0
1594.55	3346733	413235	3346733	16344842240	12442943488	799.5	20	0
1595.55	3346733	413235	3346733	16347602944	12445593600	807.6	20	0
1596.56	3346733	413235	3346733	16349921280	12447993856	799.5	20	0
1597.56	3346733	413235	3346733	16351965184	12450287616	807.8	20	0
1598.56	3346733	413235	3346733	16354377728	12452691968	800.1	20	0
1599.57	3346733	413235	3346733	16357597184	12455264256	807.7	20	0
1600.57	3346733	413235	3346733	16359739392	12457447424	799.5	20	0
1601.58	3346733	413235	3346733	16362000384	12459630592	799.4	20	0
1602.58	3346733	413235	3346733	16363966464	12462100480	807.5	20	0
1603.58	3346733	413235	3346733	16366460928	12464537600	799.6	20	0
1604.59	3346733	413235	3346733	16370053120	12467355648	807.8	20	0
1605.59	3346733	413235	3346733	16371867648	12469923840	799.5	20	0
1606.60	3346733	413235	3346733	16374759424	12472619008	799.9	20	0
1607.60	3346733	413235	3346733	16377188352	12475211776	807.7	20	0
1608.60	3346733	413235	3346733	16379777024	12477767680	799.7	20	0
1609.61	3346733	413235	3346733	16382631936	12480401408	807.6	20	0
1610.61	3346733	413235	3346733	16385409024	12483051520	799.8	20	0
1611.62	3346733	413235	3346733	16388280320	12485685248	799.6	20	0
1612.62	3346733	413235	3346733	16390283264	12487950336	807.5	20	0
1613.63	3346733	413235	3346733	16392577024	12490694656	799.8	20	0
1614.63	3346733	413235	3346733	16395550720	12493357056	807.7	20	0
1615.63	3346733	413235	3346733	16398073856	12496044032	799.7	20	0
1616.64	3346733	413235	3346733	16401231872	12498722816	799.8	20	0
1617.64	3346733	413235	3346733	16403591168	12501516288	807.7	20	0
1618.65	3346733	413235	3346733	16406614016	12504731648	799.7	20	0
1619.65	3346733	413235	3346733	16409022464	12507394048	807.7	20	0
1620.65	3346733	413235	3346733	16412438528	12510433280	799.8	20	0
1621.66	3346733	413235	3346733	16416043008	12513476608	799.8	20	0
1622.66	3346733	413235	3346733	16418156544	12516139008	807.7	20	0
1623.67	3346733	413235	3346733	16420720640	12518948864	799.6	20	0
1624.67	3346733	413235	3346733	16424136704	12521930752	807.9	20	0
1625.67	3346733	413235	3346733	16426946560	12524883968	799.6	20	0
1626.68	3346733	413235	3346733	16429854720	12527783936	807.8	20	0
1627.68	3346733	413235	3346733	16432185344	12530769920	799.8	20	0
1628.69	3346733	413235	3346733	16435044352	12533465088	800.9	20	0
1629.69	3346733	413235	3346733	16437669888	12535996416	806.6	20	0
1630.69	3346733	413235	3346733	16440184832	12538490880	799.8	20	0
1631.70	3346733	413235	3346733	16442691584	12541087744	807.8	20	0
1632.70	3346733	413235	3346733	16445337600	12543590400	799.5	20	0
1633.71	3346733	413235	3346733	16448368640	12546494464	799.7	20	0
1634.71	3346733	413235	3346733	16450875392	12548890624	807.4	20	0
1635.71	3346733	413235	3346733	16453906432	12551458816	799.7	20	0
1636.72	3346733	413235	3346733	16456196096	12554334208	807.9	20	0
1637.72	3346733	413235	3346733	16458272768	12556791808	799.7	20	0
1638.73	3346733	413235	3346733	16461688832	12559728640	799.7	20	0
1639.73	3346733	413235	3346733	16463917056	12562427904	807.7	20	0
1640.73	3346733	413235	3346733	16466186240	12564742144	799.5	20	0
1641.74	3346733	413235	3346733	16468946944	12567228416	807.6	20	0
1642.74	3346733	413235	3346733	16471973888	12570116096	799.8	20	0
1643.75	3346733	413235	3346733	16474353664	12572692480	799.6	20	0
1644.75	3346733	413235	3346733	16476450816	12575105024	807.6	20	0
1645.75	3346733	413235	3346733	16479969280	12577411072	799.5	20	0
1646.76	3346733	413235	3346733	16482447360	12580065280	807.8	20	0
1647.76	3346733	413235	3346733	16484552704	12582764544	799.9	20	0
1648.77	3346733	413235	3346733	16487227392	12585435136	799.7	20	0
1649.77	3346733	413235	3346733	16490078208	12588085248	807.7	20	0
1650.77	3346733	413235	3346733	16492429312	12590841856	799.6	20	0
1651.78	3346733	413235	3346733	16495595520	12593688576	807.7	20	0
1652.78	3346733	413235	3346733	16498241536	12596486144	799.8	20	0
1653.79	3346733	413235	3346733	16500965376	12598910976	799.8	20	0
1654.79	3346733	413235	3346733	16503398400	12601491456	807.5	20	0
1655.79	3346733	413235	3346733	16506261504	12604002304	799.6	20	0
1656.80	3346733	413235	3346733	16509054976	12607135744	807.8	20	0
1657.80	3346733	413235	3346733	16512053248	12610076672	800.0	20	0
1658.81	3346733	413235	3346733	16514789376	12612845568	799.3	20	0
1659.81	3346733	413235	3346733	16518025216	12615864320	807.8	20	0
1660.81	3346733	413235	3346733	16520163328	12618141696	799.2	20	0
1661.82	3346733	413235	3346733	16522379264	12620775424	807.8	20	0
1662.82	3346733	413235	3346733	16525197312	12623540224	799.4	20	0
1663.83	3346733	413235	3346733	16528510976	12626341888	799.2	20	0
1664.83	3346733	413350	3346733	16531275776	12628897792	808.9	20	0
1665.83	3346733	419160	3346733	16541016064	12631588864	903.7	20	0
1666.84	3346733	424988	3346733	16548495360	12634030080	911.7	20	0
1667.84	3346733	430977	3346733	16556814336	12636733440	903.0	20	0
1668.85	3346733	436975	3346733	16566202368	12639428608	902.5	20	0
1669.85	3346733	442950	3346733	16575070208	12642074624	912.1	20	0
1670.85	3346733	448936	3346733	16583589888	12644278272	903.4	20	0
1671.86	3346733	454942	3346733	16592080896	12646674432	911.3	20	0
1672.86	3346733	460936	3346733	16600891392	12649377792	902.8	20	0
1673.87	3346733	466911	3346733	16609435648	12651581440	902.9	20	0
1674.87	3346733	472852	3346733	16617984000	12654366720	912.3	20	0
1675.87	3346733	478792	3346733	16626868224	12657164288	903.6	20	0
1676.88	3346733	484768	3346733	16635940864	12659863552	912.7	20	0
1677.88	3346733	488012	3346733	16640610304	12662652928	858.1	20	0
1678.89	3346733	488012	3346733	16643440640	12665122816	799.6	20	0
1679.89	3346733	488012	3346733	16646127616	12667764736	807.6	20	0
1680.89	3346733	488012	3346733	16649781248	12670394368	799.6	20	0
1681.90	3346733	488012	3346733	16652607488	12673310720	807.7	20	0
1682.90	3346733	488012	3346733	16654319616	12675805184	799.6	20	0
1683.91	3346733	488012	3346733	16657244160	12678410240	799.3	20	0
1684.91	3346733	488012	3346733	16659529728	12680605696	807.4	20	0
1685.92	3346733	488012	3346733	16662577152	12683202560	799.6	20	0
1686.92	3346733	488012	3346733	16665108480	12686008320	807.6	20	0
1687.92	3346733	488012	3346733	16667959296	12688637952	799.7	20	0
1688.93	3346733	488012	3346733	16670445568	12690882560	799.6	20	0
1689.93	3346733	488012	3346733	16672473088	12693450752	807.7	20	0
1690.94	3346733	488012	3346733	16675319808	12696121344	799.6	20	0
1691.94	3346733	488012	3346733	16678641664	12698898432	807.6	20	0
1692.94	3346733	488012	3346733	16680910848	12701405184	799.7	20	0
1693.95	3346733	488012	3346733	16683233280	12703936512	799.6	20	0
1694.95	3346733	488012	3346733	16686379008	12706660352	807.6	20	0
1695.95	3346733	488012	3346733	16689643520	12709318656	800.3	20	0
1696.96	3346733	488012	3346733	16691265536	12712161280	807.3	20	0
1697.96	3346733	488012	3346733	16694132736	12714725376	799.5	20	0
1698.97	3346733	488012	3346733	16696881152	12717092864	799.7	20	0
1699.97	3346733	488012	3346733	16699047936	12719443968	807.6	20	0
1700.97	3346733	488012	3346733	16701722624	12722094080	799.8	20	0
1701.98	3346733	488012	3346733	16704180224	12724834304	807.7	20	0
1702.98	3346733	488012	3346733	16707313664	12727627776	799.7	20	0
1703.99	3346733	488012	3346733	16709373952	12730388480	799.6	20	0
1704.99	3346733	488012	3346733	16712151040	12733001728	807.5	20	0
1705.99	3346733	488012	3346733	16714997760	12735692800	799.9	20	0
1707.00	3346733	488012	3346733	16717701120	12738301952	807.7	20	0
1708.00	3346733	488012	3346733	16719732736	12741140480	799.7	20	0
1709.01	3346733	488012	3346733	16722915328	12743802880	799.7	20	0
1710.01	3346733	488012	3346733	16725209088	12746493952	807.7	20	0
1711.01	3346733	488012	3346733	16728461312	12749377536	799.8	20	0
1712.02	3346733	488012	3346733	16731484160	12752019456	807.6	20	0
1713.02	3346733	488012	3346733	16734674944	12754731008	799.7	20	0
1714.03	3346733	488012	3346733	16736538624	12757184512	800.6	20	0
1715.03	3346733	488012	3346733	16739459072	12760018944	807.4	20	0
1716.04	3346733	488012	3346733	16742146048	12762853376	799.3	20	0
1717.04	3346733	488012	3346733	16745410560	12765675520	807.8	20	0
1718.04	3346733	488012	3346733	16747270144	12768501760	799.6	20	0
1719.05	3346733	488012	3346733	16750620672	12771479552	799.9	20	0
1720.05	3346733	488012	3346733	16753246208	12774105088	807.5	20	0
1721.06	3346733	488012	3346733	16756002816	12776919040	799.9	20	0
1722.06	3346733	488012	3346733	16759250944	12779692032	807.6	20	0
1723.06	3346733	488012	3346733	16761593856	12782354432	799.7	20	0
1724.07	3346733	488012	3346733	16764264448	12785025024	799.6	20	0
1725.07	3346733	488012	3346733	16767340544	12787879936	807.7	20	0
1726.08	3346733	488012	3346733	16770064384	12790984704	799.9	20	0
1727.08	3346733	488012	3346733	16773021696	12794003456	807.8	20	0
1728.08	3346733	488012	3346733	16776163328	12796743680	799.7	20	0
1729.09	3346733	488012	3346733	16778821632	12799246336	807.5	20	0
1730.09	3346733	488012	3346733	16781373440	12802064384	799.5	20	0
1731.10	3346733	488012	3346733	16784064512	12804448256	799.2	20	0
1732.10	3346733	488012	3346733	16785534976	12806705152	807.2	20	0
1733.10	3346733	488012	3346733	16788381696	12809506816	799.5	20	0
1734.11	3346733	488012	3346733	16790929408	12812029952	807.5	20	0
1735.11	3346733	488012	3346733	16794136576	12814880768	800.1	20	0
1736.12	3346733	488012	3346733	16796827648	12817371136	799.7	20	0
1737.12	3346733	488012	3346733	16799195136	12819714048	807.9	20	0
1738.12	3346733	488012	3346733	16801071104	12822343680	799.4	20	0
1739.13	3346733	488012	3346733	16803135488	12824907776	807.8	20	0
1740.13	3346733	488012	3346733	16806486016	12827553792	799.4	20	0
1741.14	3346733	488012	3346733	16808583168	12830228480	800.3	20	0
1742.14	3346733	488012	3346733	16811077632	12832710656	807.2	20	0
1743.14	3346733	488012	3346733	16813465600	12835049472	799.5	20	0
1744.15	3346733	488012	3346733	16816058368	12837515264	807.6	20	0
1745.15	3346733	488012	3346733	16819433472	12840476672	799.7	20	0
1746.16	3346733	488012	3346733	16822231040	12843237376	800.2	20	0
1747.16	3346733	488012	3346733	16825008128	12845797376	807.2	20	0
1748.16	3346733	488012	3346733	16827265024	12848627712	799.7	20	0
1749.17	3346733	488012	3346733	16829939712	12851372032	807.8	20	0
1750.17	3346733	488012	3346733	16832868352	12853796864	799.6	20	0
1751.18	3346733	488012	3346733	16836009984	12856553472	800.0	20	0
1752.18	3346733	488012	3346733	16838701056	12859404288	808.0	20	0
1753.18	3346733	488012	3346733	16841146368	12862066688	800.1	20	0
1754.19	3346733	488012	3346733	16844013568	12864544768	806.9	20	0
1755.19	3346733	488012	3346733	16846626816	12866899968	799.6	20	0
1756.20	3346733	488012	3346733	16849809408	12869545984	800.7	20	0
1757.20	3346733	488012	3346733	16852393984	12872290304	806.8	20	0
1758.20	3346733	488012	3346733	16854499328	12874842112	799.7	20	0
1759.21	3346733	488012	3346733	16857403392	12877193216	807.5	20	0
1760.21	3346733	488012	3346733	16859770880	12880105472	799.9	20	0
1761.22	3346733	488012	3346733	16862306304	12882706432	799.8	20	0
1762.22	3346733	488012	3346733	16865087488	12885438464	807.5	20	0
1763.22	3346733	488012	3346733	16867446784	12888080384	799.8	20	0
1764.23	3346733	488012	3346733	16870649856	12890656768	807.5	20	0
1765.23	3346733	488012	3346733	16873512960	12893380608	799.6	20	0
1766.24	3346733	488012	3346733	16876081152	12896215040	799.7	20	0
1767.24	3346733	488012	3346733	16878391296	12898762752	807.6	20	0
1768.24	3346733	488012	3346733	16881246208	12901777408	800.0	20	0
1769.25	3346733	488012	3346733	16884928512	12905005056	807.8	20	0
1770.25	3346733	488012	3346733	16887844864	12908199936	799.9	20	0
1771.26	3346733	488012	3346733	16890613760	12911030272	800.5	20	0
1772.26	3346733	488012	3346733	16893530112	12913696768	807.0	20	0
1773.26	3346733	488012	3346733	16896806912	12917067776	799.7	20	0
1774.27	3346733	488012	3346733	16900022272	12919934976	807.6	20	0
1775.27	3346733	488012	3346733	16903122944	12923043840	800.3	20	0
1776.28	3346733	488012	3346733	16905678848	12925849600	799.3	20	0
1777.28	3346733	488012	3346733	16908558336	12928528384	807.7	20	0
1778.28	3346733	488012	3346733	16910823424	12931272704	799.6	20	0
1779.29	3346733	488012	3346733	16913666048	12934172672	807.9	20	0
1780.29	3346733	488012	3346733	13715394560	9742352384	715.9	15	0
1781.30	3346733	488012	3346733	13714919424	9742352384	399.8	15	0
1782.30	3346733	488012	3346733	13715021824	9742352384	403.8	15	0
1783.30	3346733	488012	3346733	13715062784	9742352384	399.8	15	0
1784.31	3346733	488012	3346733	13715316736	9742352384	403.8	15	0
1785.31	3346733	488012	3346733	13715570688	9742352384	399.8	15	0
1786.32	3346733	488012	3346733	13714964480	9742352384	399.8	15	0
1787.32	3346733	488012	3346733	13715021824	9742352384	403.8	15	0
1788.32	3346733	488012	3346733	13714776064	9742352384	399.8	15	0
1789.33	3346733	488012	3346733	13714845696	9742352384	399.8	15	0
1790.33	3346733	488012	3346733	13715075072	9742352384	403.7	15	0
1791.33	3346733	488012	3346733	13715062784	9742352384	400.1	15	0
1792.34	3346733	488012	3346733	13714886656	9742352384	403.5	15	0
1793.34	3346733	489297	3346733	13716672512	9742352384	422.4	15	0
1794.35	3346733	495288	3346733	13722914816	9742352384	503.4	15	0
1795.35	3346733	501335	3346733	13728444416	9742352384	508.3	15	0
1796.35	3346733	506866	3346733	13734158336	9742352384	503.0	15	0
1797.36	3346733	511498	3346733	13738668032	9742352384	508.6	15	0
1798.36	3346733	516371	3346733	13744050176	9742352384	503.3	15	0
1799.37	3346733	522167	3346733	13749067776	9742356480	508.0	15	0
1800.37	3346733	522664	3346733	13749354496	9742356480	408.7	15	0
1801.38	3346733	522664	3346733	13749309440	9742356480	399.6	15	0
1802.38	3346733	522664	3346733	13749153792	9742356480	403.7	15	0
1803.38	3346733	522664	3346733	13749538816	9742356480	399.7	15	0
1804.39	3346733	522664	3346733	13749514240	9742356480	403.8	15	0
1805.39	3346733	522664	3346733	13749358592	9742356480	399.9	15	0
1806.40	3346733	522664	3346733	13749612544	9742356480	399.8	15	0
1807.40	3346733	522664	3346733	13749411840	9742356480	403.8	15	0
1808.40	3346733	522664	3346733	13749297152	9742356480	399.7	15	0
1809.41	3346733	522664	3346733	13749604352	9742356480	403.9	15	0
1810.41	3346733	522664	3346733	13749694464	9742356480	399.8	15	0
1811.42	3346733	522664	3346733	13749526528	9742356480	399.9	15	0
1812.42	3346733	522664	3346733	13749792768	9742360576	403.9	15	0
1813.42	3346733	522664	3346733	13749727232	9742360576	399.9	15	0
1814.43	3346733	522664	3346733	13749641216	9742376960	399.8	15	0
1815.43	3346733	522664	3346733	13749911552	9742376960	403.8	15	0
1816.43	3346733	522664	3346733	13749956608	9742376960	399.8	15	0
1817.44	3346733	522664	3346733	13749891072	9742376960	403.7	15	0
1818.44	3346733	522664	3346733	13750128640	9742376960	399.7	15	0
1819.45	3346733	522664	3346733	13750366208	9742376960	399.8	15	0
1820.45	3346733	522664	3346733	13750337536	9742376960	403.9	15	0
1821.45	3346733	522664	3346733	13750554624	9742385152	399.9	15	0
1822.46	3346733	522664	3346733	13750046720	9742385152	403.9	15	0
1823.46	3346733	522664	3346733	13749968896	9742385152	399.7	15	0
1824.47	3346733	522664	3346733	13749788672	9742385152	399.8	15	0
1825.47	3346733	522664	3346733	13750009856	9742385152	403.7	15	0
1826.47	3346733	522664	3346733	13750398976	9742385152	399.8	15	0
1827.48	3346733	522664	3346733	13749805056	9742385152	399.8	15	0
1828.48	3346733	522664	3346733	13749227520	9742385152	403.7	15	0
1829.48	3346733	522664	3346733	13749084160	9742385152	399.8	15	0
1830.49	3346733	522664	3346733	13749518336	9742405632	403.8	15	0
1831.49	3346733	522664	3346733	13749374976	9742405632	399.9	15	0
1832.50	3346733	522664	3346733	13749366784	9742405632	399.8	15	0
1833.50	3346733	522664	3346733	13749309440	9742405632	403.9	15	0
1834.50	3346733	522664	3346733	13749215232	9742405632	399.8	15	0
1835.51	3346733	522664	3346733	13749432320	9742405632	403.9	15	0
1836.51	3346733	522664	3346733	13749575680	9742405632	399.9	15	0
1837.52	3346733	522664	3346733	13749669888	9742405632	399.8	15	0
1838.52	3346733	522664	3346733	13749428224	9742405632	403.8	15	0
1839.52	3346733	522664	3346733	13749092352	9742405632	399.8	15	0
1840.53	3346733	522664	3346733	13749751808	9742405632	403.8	15	0
1841.53	3346733	522664	3346733	13749764096	9742405632	399.8	15	0
1842.54	3346733	522664	3346733	13749805056	9742405632	399.9	15	0
1843.54	3346733	522664	3346733	13749587968	9742405632	403.9	15	0
1844.54	3346733	522664	3346733	13749796864	9742405632	399.7	15	0
1845.55	3346733	522664	3346733	13749522432	9742405632	399.8	15	0
1846.55	3346733	522664	3346733	13749497856	9742405632	403.9	15	0
1847.56	3346733	522664	3346733	13749927936	9742405632	399.9	15	0
1848.56	3346733	522664	3346733	13749923840	9742409728	403.8	15	0
1849.56	3346733	522664	3346733	13750018048	9742409728	399.8	15	0
1850.57	3346733	522664	3346733	13749612544	9742409728	399.8	15	0
1851.57	3346733	522664	3346733	13749719040	9742409728	403.7	15	0
1852.57	3346733	522664	3346733	13749923840	9742409728	399.9	15	0
1853.58	3346733	522664	3346733	13749895168	9742409728	403.6	15	0
1854.58	3346733	522664	3346733	13750026240	9742409728	399.7	15	0
1855.59	3346733	522664	3346733	13750034432	9742409728	399.7	15	0
1856.59	3346733	522664	3346733	13749596160	9742409728	403.7	15	0
1857.59	3346733	522664	3346733	13749751808	9742409728	399.7	15	0
1858.60	3346733	522664	3346733	13749395456	9742409728	403.7	15	0
1859.60	3346733	522664	3346733	13749366784	9742409728	399.8	15	0
1860.61	3346733	522664	3346733	13749616640	9742409728	403.8	15	0
1861.61	3346733	522664	3346733	13749866496	9742409728	399.7	15	0
1862.62	3346733	522664	3346733	13749813248	9742409728	399.8	15	0
1863.62	3346733	522664	3346733	13749817344	9742409728	403.8	15	0
1864.62	3346733	522664	3346733	13749751808	9742409728	399.8	15	0
1865.63	3346733	522664	3346733	13749755904	9742413824	403.8	15	0
1866.63	3346733	522664	3346733	13750259712	9742413824	399.7	15	0
1867.64	3346733	522664	3346733	13749710848	9742413824	399.7	15	0
1868.64	3346733	522664	3346733	13750198272	9742422016	403.7	15	0
1869.64	3346733	522664	3346733	13750108160	9742422016	399.8	15	0
1870.65	3346733	522664	3346733	13750194176	9742422016	403.6	15	0
1871.65	3346733	522664	3346733	13749993472	9742422016	399.7	15	0
1872.66	3346733	522664	3346733	13750005760	9742422016	399.7	15	0
1873.66	3346733	522664	3346733	13750063104	9742422016	403.7	15	0
1874.67	3346733	522664	3346733	13750284288	9742422016	399.7	15	0
1875.67	3346733	522664	3346733	13750480896	9742422016	403.6	15	0
1876.67	3346733	522664	3346733	13750444032	9742422016	399.6	15	0
1877.68	3346733	522664	3346733	13750304768	9742422016	403.6	15	0
1878.68	3346733	522664	3346733	13749952512	9742422016	399.7	15	0
1879.69	3346733	522664	3346733	13750091776	9742422016	399.6	15	0
1880.69	3346733	522664	3346733	13750030336	9742422016	403.5	15	0
1881.70	3346733	522664	3346733	13750075392	9742422016	399.7	15	0
1882.70	3346733	522664	3346733	13750083584	9742422016	403.7	15	0
1883.70	3346733	522664	3346733	13749813248	9742422016	399.6	15	0
1884.71	3346733	522664	3346733	13749645312	9742422016	403.7	15	0
1885.71	3346733	522664	3346733	13750018048	9742422016	399.7	15	0
1886.72	3346733	522664	3346733	13750050816	9742422016	399.7	15	0
1887.72	3346733	522664	3346733	13750206464	9742422016	403.7	15	0
1888.72	3346733	522664	3346733	13750243328	9742422016	399.7	15	0
1889.73	3346733	522664	3346733	13749932032	9742434304	403.6	15	0
1890.73	3346733	522664	3346733	13750149120	9742434304	399.7	15	0
1891.74	3346733	522664	3346733	13749846016	9742434304	403.7	15	0
1892.74	3346733	522664	3346733	13750013952	9742446592	399.6	15	0
1893.75	3346733	522664	3346733	13750251520	9742446592	399.7	15	0
1894.75	3346733	522664	3346733	13750157312	9742446592	403.6	15	0
1895.75	3346733	522664	3346733	13750272000	9742446592	399.7	15	0
1896.76	3346733	522664	3346733	13750034432	9742446592	403.6	15	0
1897.76	3346733	522664	3346733	13749985280	9742446592	399.7	15	0
1898.77	3346733	522664	3346733	13750067200	9742446592	400.3	15	0
1899.77	3346733	522664	3346733	13750206464	9742446592	403.0	15	0
1900.78	3346733	522664	3346733	13750341632	9742446592	399.7	15	0
1901.78	3346733	522664	3346733	13750308864	9742446592	403.6	15	0
1902.78	3346733	522664	3346733	13749944320	9742446592	399.7	15	0
1903.79	3346733	522664	3346733	13750386688	9742446592	399.9	15	0
1904.79	3346733	522664	3346733	13750648832	9742446592	403.9	15	0
1905.80	3346733	522664	3346733	13750571008	9742450688	399.8	15	0
1906.80	3346733	522664	3346733	13749977088	9742450688	403.7	15	0
1907.80	3346733	522664	3346733	13749972992	9742450688	399.7	15	0
1908.81	3346733	522664	3346733	13749813248	9742450688	399.9	15	0
1909.81	3346733	522664	3346733	13749805056	9742450688	403.7	15	0
1910.81	3346733	522664	3346733	13749805056	9742450688	399.8	15	0
1911.82	3346733	522664	3346733	13749862400	9742450688	403.8	15	0
1912.82	3346733	522664	3346733	13750153216	9742450688	399.8	15	0
1913.83	3346733	522664	3346733	13750022144	9742450688	399.8	15	0
1914.83	3346733	522664	3346733	13750190080	9742450688	403.6	15	0
1915.83	3346733	522664	3346733	13750149120	9742450688	399.7	15	0
1916.84	3346733	522664	3346733	13750128640	9742450688	403.7	15	0
1917.84	3346733	522664	3346733	13749628928	9742450688	399.7	15	0
1918.85	3346733	522664	3346733	13750149120	9742450688	399.8	15	0
1919.85	3346733	522664	3346733	13750362112	9742454784	403.7	15	0
1920.85	3346733	522664	3346733	13750312960	9742454784	399.8	15	0
1921.86	3346733	522664	3346733	13750325248	9742454784	403.8	15	0
1922.86	3346733	522664	3346733	13750218752	9742454784	399.9	15	0
1923.87	3346733	522664	3346733	13750177792	9742454784	399.8	15	0
1924.87	3346733	522664	3346733	13750415360	9742458880	403.7	15	0
1925.87	3346733	522664	3346733	13750530048	9742458880	399.7	15	0
1926.88	3346733	522664	3346733	13750407168	9742458880	400.2	15	0
1927.88	3346733	522664	3346733	13750214656	9742458880	403.3	15	0
1928.89	3346733	522664	3346733	13750480896	9742458880	399.8	15	0
1929.89	3346733	522664	3346733	13750726656	9742458880	403.6	15	0
1930.89	3346733	522664	3346733	13750976512	9742458880	399.6	15	0
1931.90	3346733	522664	3346733	13750177792	9742458880	399.8	15	0
1932.90	3346733	522664	3346733	13750272000	9742458880	403.9	15	0
1933.90	3346733	522664	3346733	13750300672	9742458880	399.8	15	0
1934.91	3346733	522664	3346733	13750296576	9742458880	403.7	15	0
1935.91	3346733	522664	3346733	13750591488	9742458880	399.8	15	0
1936.92	3346733	522664	3346733	13750046720	9742458880	399.7	15	0
1937.92	3346733	522664	3346733	13750038528	9742458880	403.7	15	0
1938.92	3346733	522664	3346733	13750550528	9742458880	399.8	15	0
1939.93	3346733	522664	3346733	13750693888	9742458880	403.7	15	0
1940.93	3346733	522664	3346733	13750304768	9742458880	399.8	15	0
1941.94	3346733	522664	3346733	13750394880	9742458880	399.8	15	0
1942.94	3346733	522664	3346733	13750390784	9742458880	403.8	15	0
1943.94	3346733	522664	3346733	13750181888	9742458880	399.8	15	0
1944.95	3346733	522664	3346733	13750538240	9742458880	403.9	15	0
1945.95	3346733	522664	3346733	13750640640	9742462976	399.8	15	0
1946.96	3346733	522664	3346733	13750050816	9742462976	399.9	15	0
1947.96	3346733	522664	3346733	13750075392	9742462976	403.7	15	0
1948.96	3346733	522664	3346733	13749927936	9742462976	399.8	15	0
1949.97	3346733	522664	3346733	13749977088	9742462976	400.3	15	0
1950.97	3346733	522664	3346733	13750476800	9742462976	403.0	15	0
1951.97	3346733	522664	3346733	13749665792	9742462976	399.8	15	0
1952.98	3346733	522664	3346733	13749846016	9742462976	403.8	15	0
1953.98	3346733	522664	3346733	13750181888	9742462976	399.8	15	0
1954.99	3346733	522664	3346733	13750439936	9742462976	399.8	15	0
1955.99	3346733	522664	3346733	13750751232	9742462976	403.7	15	0
1956.99	3346733	522664	3346733	13750386688	9742462976	399.7	15	0
1958.00	3346733	522664	3346733	13750165504	9742462976	403.8	15	0
1959.00	3346733	522664	3346733	13750263808	9742462976	399.8	15	0
1960.01	3346733	522664	3346733	13750161408	9742462976	399.8	15	0
1961.01	3346733	522664	3346733	13750419456	9742462976	403.8	15	0
1962.01	3346733	522664	3346733	13750026240	9742462976	400.4	15	0
1963.02	3346733	522664	3346733	13750108160	9742462976	399.2	15	0
1964.02	3346733	522664	3346733	13749997568	9742462976	403.8	15	0
1965.03	3346733	522664	3346733	13750013952	9742471168	399.9	15	0
1966.03	3346733	522664	3346733	13750046720	9742471168	403.8	15	0
1967.03	3346733	522664	3346733	13749784576	9742475264	399.9	15	0
1968.04	3346733	522664	3346733	13749940224	9742475264	399.8	15	0
1969.04	3346733	522664	3346733	13750079488	9742475264	403.7	15	0
1970.04	3346733	522664	3346733	13749858304	9742475264	399.7	15	0
1971.05	3346733	522664	3346733	13749907456	9742475264	403.7	15	0
1972.05	3346733	522664	3346733	13749886976	9742475264	399.9	15	0
1973.06	3346733	522664	3346733	13749678080	9742475264	399.9	15	0
1974.06	3346733	522664	3346733	13749944320	9742475264	403.7	15	0
1975.06	3346733	522664	3346733	13750059008	9742475264	399.7	15	0
1976.07	3346733	522664	3346733	13750194176	9742475264	403.9	15	0
1977.07	3346733	522664	3346733	13749800960	9742475264	399.7	15	0
1978.08	3346733	522664	3346733	13749878784	9742475264	399.9	15	0
1979.08	3346733	522664	3346733	13749743616	9742475264	403.7	15	0
1980.08	3346733	522664	3346733	13749858304	9742475264	399.7	15	0
1981.09	3346733	522664	3346733	13749809152	9742475264	403.9	15	0
1982.09	3346733	522664	3346733	13749956608	9742475264	399.8	15	0
1983.10	3346733	522664	3346733	13749972992	9742475264	399.9	15	0
1984.10	3346733	522664	3346733	13750370304	9742475264	403.7	15	0
1985.10	3346733	522664	3346733	13750771712	9742479360	399.9	15	0
1986.11	3346733	522664	3346733	13750325248	9742479360	399.8	15	0
1987.11	3346733	522664	3346733	13750165504	9742479360	403.8	15	0
1988.12	3346733	522664	3346733	13749940224	9742479360	399.8	15	0
1989.12	3346733	522664	3346733	13749915648	9742479360	403.7	15	0
1990.12	3346733	522664	3346733	13750300672	9742479360	399.7	15	0
1991.13	3346733	522664	3346733	13750325248	9742483456	399.7	15	0
1992.13	3346733	522664	3346733	13750394880	9742483456	403.7	15	0
1993.13	3346733	522664	3346733	13750452224	9742483456	399.7	15	0
1994.14	3346733	522664	3346733	13750525952	9742483456	403.7	15	0
1995.14	3346733	522664	3346733	13750599680	9742483456	399.7	15	0
1996.15	3346733	522664	3346733	13750702080	9742483456	399.8	15	0
1997.15	3346733	522664	3346733	13750792192	9742483456	403.7	15	0
1998.15	3346733	522664	3346733	13750378496	9742483456	399.7	15	0
1999.16	3346733	522664	3346733	13750554624	9742483456	403.7	15	0
2000.16	3346733	522664	3346733	13750628352	9742483456	399.7	15	0
2001.17	3346733	522664	3346733	13750476800	9742483456	399.8	15	0
2002.17	3346733	522664	3346733	13749964800	9742483456	403.6	15	0
2003.17	3346733	522664	3346733	13750001664	9742483456	399.7	15	0
2004.18	3346733	522664	3346733	13750075392	9742483456	403.8	15	0
2005.18	3346733	522664	3346733	13750202368	9742483456	399.6	15	0
2006.19	3346733	522664	3346733	13750214656	9742483456	399.8	15	0
2007.19	3346733	522664	3346733	13750697984	9742483456	403.9	15	0
2008.19	3346733	522664	3346733	13750013952	9742487552	399.6	15	0
2009.20	3346733	522664	3346733	13750026240	9742487552	399.8	15	0
2010.20	3346733	522664	3346733	13750255616	9742487552	403.7	15	0
2011.21	3346733	522664	3346733	13750685696	9742487552	399.8	15	0
2012.21	3346733	522664	3346733	13749772288	9742487552	403.8	15	0
2013.21	3346733	522664	3346733	13750202368	9742487552	399.8	15	0
2014.22	3346733	522664	3346733	13750677504	9742487552	399.8	15	0
2015.22	3346733	522664	3346733	13750861824	9742487552	403.7	15	0
2016.22	3346733	522664	3346733	13750333440	9742487552	399.8	15	0
2017.23	3346733	522664	3346733	13750132736	9742487552	403.8	15	0
2018.23	3346733	522664	3346733	13749690368	9742487552	399.8	15	0
2019.24	3346733	522664	3346733	13750157312	9742487552	399.6	15	0
2020.24	3346733	522664	3346733	13750652928	9742487552	403.7	15	0
2021.24	3346733	522664	3346733	13750644736	9742487552	399.9	15	0
2022.25	3346733	522664	3346733	13750411264	9742487552	403.8	15	0
2023.25	3346733	522664	3346733	13750509568	9742487552	399.8	15	0
2024.26	3346733	522664	3346733	13750259712	9742491648	399.8	15	0
2025.26	3346733	522664	3346733	13750525952	9742491648	403.7	15	0
2026.26	3346733	522664	3346733	13749895168	9742491648	399.7	15	0
2027.27	3346733	522664	3346733	13749866496	9742491648	403.8	15	0
2028.27	3346733	522664	3346733	13749891072	9742491648	399.7	15	0
2029.28	3346733	522664	3346733	13750284288	9742495744	399.8	15	0
2030.28	3346733	522664	3346733	13749915648	9742495744	403.7	15	0
2031.28	3346733	522664	3346733	13750149120	9742495744	399.7	15	0
2032.29	3346733	522664	3346733	13750444032	9742495744	403.8	15	0
2033.29	3346733	522664	3346733	13749948416	9742495744	399.8	15	0
2034.30	3346733	522664	3346733	13750157312	9742495744	399.7	15	0
2035.30	3346733	522664	3346733	13750095872	9742495744	403.8	15	0
2036.30	3346733	522664	3346733	13750517760	9742495744	399.6	15	0
2037.31	3346733	522664	3346733	13750620160	9742495744	399.9	15	0
2038.31	3346733	522664	3346733	13750161408	9742495744	403.7	15	0
2039.31	3346733	522664	3346733	13750210560	9742495744	399.6	15	0
2040.32	3346733	522664	3346733	13749850112	9742495744	403.7	15	0
2041.32	3346733	522664	3346733	13750239232	9742508032	399.7	15	0
2042.33	3346733	522664	3346733	13749870592	9742508032	399.7	15	0
2043.33	3346733	522664	3346733	13749727232	9742508032	403.8	15	0
2044.33	3346733	522664	3346733	13749755904	9742508032	399.7	15	0
2045.34	3346733	522664	3346733	13750001664	9742508032	403.7	15	0
2046.34	3346733	522664	3346733	13750210560	9742508032	399.7	15	0
2047.35	3346733	522664	3346733	13750009856	9742508032	399.7	15	0
2048.35	3346733	524854	3346733	13752463360	9742508032	442.4	15	0
2049.35	3346733	530713	3346733	13759045632	9742508032	503.1	15	0
2050.36	3346733	536602	3346733	13765300224	9742508032	508.0	15	0
2051.36	3346733	542368	3346733	13771128832	9742508032	503.2	15	0
2052.37	3346733	548166	3346733	13776707584	9742508032	503.1	15	0
2053.37	3346733	553995	3346733	13782507520	9742508032	508.2	15	0
2054.37	3346733	559887	3346733	13788631040	9742508032	503.1	15	0
2055.38	3346733	565775	3346733	13795467264	9742508032	503.1	15	0
2056.38	3346733	571669	3346733	13801070592	9742508032	508.0	15	0
2057.38	3346733	577612	3346733	13806940160	9742508032	503.0	15	0
2058.39	3346733	583552	3346733	13812813824	9742508032	508.0	15	0
2059.39	3346733	589460	3346733	13819056128	9742512128	503.2	15	0
2060.40	3346733	594397	3346733	13824049152	9742512128	486.4	15	0
2061.40	3346733	594397	3346733	13823692800	9742512128	403.7	15	0
2062.40	3346733	594397	3346733	13823590400	9742512128	399.8	15	0
2063.41	3346733	594397	3346733	13823631360	9742512128	403.7	15	0
2064.41	3346733	594397	3346733	13823733760	9742512128	399.8	15	0
2065.42	3346733	594397	3346733	13823897600	9742512128	399.8	15	0
2066.42	3346733	594397	3346733	13823889408	9742512128	403.8	15	0
2067.42	3346733	594397	3346733	13823815680	9742512128	399.8	15	0
2068.43	3346733	594397	3346733	13823889408	9742512128	403.8	15	0
2069.43	3346733	594397	3346733	13823959040	9742512128	399.7	15	0
2070.44	3346733	594397	3346733	13823823872	9742512128	399.8	15	0
2071.44	3346733	594397	3346733	13823860736	9742512128	403.7	15	0
2072.44	3346733	594397	3346733	13823332352	9742512128	399.7	15	0
2073.45	3346733	594397	3346733	13823246336	9742512128	403.8	15	0
2074.45	3346733	594397	3346733	13823356928	9742512128	399.8	15	0
2075.46	3346733	594397	3346733	13823848448	9742512128	399.8	15	0
2076.46	3346733	594397	3346733	13823832064	9742512128	403.8	15	0
2077.46	3346733	594397	3346733	13823344640	9742512128	399.8	15	0
2078.47	3346733	594397	3346733	13823365120	9742512128	399.7	15	0
2079.47	3346733	594397	3346733	13823856640	9742512128	403.7	15	0
2080.47	3346733	594397	3346733	13824110592	9742512128	399.8	15	0
2081.48	3346733	594397	3346733	13823639552	9742512128	403.8	15	0
2082.48	3346733	594397	3346733	13823586304	9742512128	399.7	15	0
2083.49	3346733	594397	3346733	13823389696	9742512128	399.8	15	0
2084.49	3346733	594397	3346733	13823291392	9742512128	403.6	15	0
2085.49	3346733	594397	3346733	13823590400	9742512128	399.7	15	0
2086.50	3346733	594397	3346733	13823397888	9742512128	403.7	15	0
2087.50	3346733	594397	3346733	13823332352	9742512128	399.7	15	0
2088.51	3346733	594397	3346733	13823205376	9742512128	399.8	15	0
2089.51	3346733	594397	3346733	13823336448	9742512128	403.7	15	0
2090.51	3346733	594397	3346733	13823385600	9742512128	399.7	15	0
2091.52	3346733	594397	3346733	13823631360	9742512128	403.8	15	0
2092.52	3346733	594397	3346733	13823807488	9742512128	399.6	15	0
2093.53	3346733	594397	3346733	13823225856	9742512128	399.6	15	0
2094.53	3346733	594397	3346733	13823356928	9742512128	403.7	15	0
2095.53	3346733	594397	3346733	13823062016	9742512128	399.8	15	0
2096.54	3346733	594397	3346733	13822906368	9742516224	400.0	15	0
2097.54	3346733	594397	3346733	13823090688	9742516224	403.8	15	0
2098.55	3346733	594397	3346733	13822832640	9742516224	399.9	15	0
2099.55	3346733	594397	3346733	13822824448	9742516224	403.8	15	0
2100.55	3346733	594397	3346733	13823332352	9742516224	399.8	15	0
2101.56	3346733	594397	3346733	13823590400	9742516224	403.8	15	0
2102.56	3346733	594397	3346733	13823066112	9742516224	400.0	15	0
2103.57	3346733	594397	3346733	13823057920	9742516224	399.7	15	0
2104.57	3346733	594397	3346733	13823184896	9742520320	403.8	15	0
2105.57	3346733	594397	3346733	13823012864	9742520320	399.7	15	0
2106.58	3346733	594397	3346733	13823496192	9742520320	399.8	15	0
2107.58	3346733	594397	3346733	13822926848	9742520320	403.7	15	0
2108.59	3346733	594397	3346733	13823139840	9742520320	399.7	15	0
2109.59	3346733	594397	3346733	13823549440	9742520320	403.7	15	0
2110.59	3346733	594397	3346733	13823287296	9742520320	399.7	15	0
2111.60	3346733	594397	3346733	13823311872	9742520320	399.8	15	0
2112.60	3346733	594397	3346733	13823873024	9742524416	403.7	15	0
2113.60	3346733	594397	3346733	13823922176	9742524416	399.8	15	0
2114.61	3346733	594397	3346733	13824200704	9742524416	403.8	15	0
2115.61	3346733	594397	3346733	13824446464	9742524416	399.8	15	0
2116.62	3346733	594397	3346733	13823746048	9742524416	399.9	15	0
2117.62	3346733	594397	3346733	13823832064	9742524416	403.7	15	0
2118.62	3346733	594397	3346733	13823954944	9742524416	399.7	15	0
2119.63	3346733	594397	3346733	13823569920	9742524416	403.9	15	0
2120.63	3346733	594397	3346733	13823868928	9742524416	399.7	15	0
2121.64	3346733	594397	3346733	13823660032	9742524416	399.7	15	0
2122.64	3346733	594397	3346733	13823483904	9742524416	403.8	15	0
2123.64	3346733	594397	3346733	13823188992	9742524416	399.8	15	0
2124.65	3346733	594397	3346733	13823528960	9742528512	403.7	15	0
2125.65	3346733	594397	3346733	13823508480	9742528512	399.8	15	0
2126.66	3346733	594397	3346733	13823660032	9742528512	399.8	15	0
2127.66	3346733	594397	3346733	13823909888	9742528512	403.7	15	0
2128.66	3346733	594397	3346733	13823520768	9742528512	399.6	15	0
2129.67	3346733	594397	3346733	13823807488	9742528512	399.7	15	0
2130.67	3346733	594397	3346733	13823938560	9742528512	403.7	15	0
2131.67	3346733	594397	3346733	13823471616	9742528512	399.8	15	0
2132.68	3346733	594397	3346733	13823123456	9742528512	403.7	15	0
2133.68	3346733	594397	3346733	13823762432	9742528512	399.7	15	0
2134.69	3346733	594397	3346733	13823864832	9742528512	399.7	15	0
2135.69	3346733	594397	3346733	13823770624	9742528512	403.6	15	0
2136.69	3346733	594397	3346733	13823553536	9742528512	399.8	15	0
2137.70	3346733	594397	3346733	13823242240	9742528512	403.8	15	0
2138.70	3346733	594397	3346733	13823664128	9742528512	399.7	15	0
2139.71	3346733	594397	3346733	13823614976	9742528512	399.7	15	0
2140.71	3346733	594397	3346733	13823787008	9742528512	403.8	15	0
2141.71	3346733	594397	3346733	13823934464	9742528512	399.8	15	0
2142.72	3346733	594397	3346733	13823455232	9742528512	403.7	15	0
2143.72	3346733	594397	3346733	13823852544	9742528512	399.8	15	0
2144.73	3346733	594397	3346733	13823746048	9742528512	399.8	15	0
2145.73	3346733	594397	3346733	13823934464	9742528512	403.7	15	0
2146.73	3346733	594397	3346733	13823512576	9742532608	399.7	15	0
2147.74	3346733	594397	3346733	13823463424	9742532608	403.7	15	0
2148.74	3346733	594397	3346733	13823619072	9742532608	399.8	15	0
2149.75	3346733	594397	3346733	13823270912	9742532608	399.6	15	0
2150.75	3346733	594397	3346733	13823127552	9742532608	403.7	15	0
2151.75	3346733	594397	3346733	13823246336	9742532608	399.8	15	0
2152.76	3346733	594397	3346733	13823975424	9742532608	403.7	15	0
2153.76	3346733	594397	3346733	13823418368	9742536704	399.8	15	0
2154.77	3346733	594397	3346733	13823594496	9742536704	399.7	15	0
2155.77	3346733	594397	3346733	13824151552	9742536704	403.7	15	0
2156.77	3346733	594397	3346733	13823873024	9742536704	399.7	15	0
2157.78	3346733	594397	3346733	13824069632	9742536704	403.8	15	0
2158.78	3346733	594397	3346733	13823926272	9742536704	399.8	15	0
2159.79	3346733	594397	3346733	13823791104	9742536704	399.7	15	0
2160.79	3346733	594397	3346733	13824299008	9742536704	403.7	15	0
2161.79	3346733	594397	3346733	13824434176	9742536704	399.7	15	0
2162.80	3346733	594397	3346733	13823971328	9742536704	403.8	15	0
2163.80	3346733	594397	3346733	13824061440	9742536704	399.7	15	0
2164.81	3346733	594397	3346733	13824225280	9742536704	399.7	15	0
2165.81	3346733	594397	3346733	13824077824	9742536704	403.7	15	0
2166.81	3346733	594397	3346733	13824212992	9742536704	399.7	15	0
2167.82	3346733	594397	3346733	13824147456	9742536704	399.7	15	0
2168.82	3346733	594397	3346733	13823787008	9742536704	403.7	15	0
2169.83	3346733	594397	3346733	13823913984	9742536704	399.7	15	0
2170.83	3346733	594397	3346733	13823102976	9742536704	403.8	15	0
2171.83	3346733	594397	3346733	13823422464	9742540800	399.7	15	0
2172.84	3346733	594397	3346733	13823275008	9742540800	399.8	15	0
2173.84	3346733	594397	3346733	13823332352	9742540800	403.7	15	0
2174.84	3346733	594397	3346733	13823647744	9742540800	399.8	15	0
2175.85	3346733	594397	3346733	13823934464	9742540800	403.8	15	0
2176.85	3346733	594397	3346733	13823852544	9742540800	399.9	15	0
2177.86	3346733	594397	3346733	13823590400	9742565376	399.8	15	0
2178.86	3346733	594397	3346733	13823565824	9742565376	403.8	15	0
2179.86	3346733	599576	3346733	13829279744	9742565376	489.5	15	0
2180.87	3346733	605531	3346733	13835755520	9742565376	508.0	15	0
2181.87	3346733	611488	3346733	13841870848	9742565376	503.3	15	0
2182.88	3346733	617414	3346733	13847969792	9742565376	503.2	15	0
2183.88	3346733	623334	3346733	13853650944	9742565376	508.5	15	0
2184.88	3346733	629272	3346733	13859725312	9742565376	503.4	15	0
2185.89	3346733	631626	3346733	13862465536	9742565376	445.3	15	0
2186.89	3346733	631626	3346733	13861715968	9742565376	399.8	15	0
2187.90	3346733	631626	3346733	13861797888	9742565376	399.9	15	0
2188.90	3346733	631626	3346733	13862027264	9742565376	403.8	15	0
2189.90	3346733	631626	3346733	13862285312	9742565376	399.8	15	0
2190.91	3346733	631626	3346733	13862694912	9742565376	399.6	15	0
2191.91	3346733	631626	3346733	13862219776	9742565376	403.7	15	0
2192.92	3346733	631626	3346733	13861789696	9742565376	399.8	15	0
2193.92	3346733	631626	3346733	13862019072	9742569472	403.8	15	0
2194.92	3346733	631626	3346733	13862031360	9742569472	399.7	15	0
2195.93	3346733	631626	3346733	13862293504	9742569472	399.8	15	0
2196.93	3346733	631626	3346733	13862068224	9742569472	403.7	15	0
2197.93	3346733	631626	3346733	13861974016	9742569472	399.8	15	0
2198.94	3346733	631626	3346733	13861789696	9742569472	403.7	15	0
2199.94	3346733	631626	3346733	13861842944	9742569472	399.8	15	0
2200.95	3346733	631626	3346733	13861675008	9742569472	399.8	15	0
2201.95	3346733	631626	3346733	13861625856	9742569472	403.7	15	0
2202.95	3346733	631626	3346733	13861740544	9742569472	399.8	15	0
2203.96	3346733	631626	3346733	13861855232	9742569472	403.8	15	0
2204.96	3346733	631626	3346733	13861740544	9742569472	399.8	15	0
2205.97	3346733	631626	3346733	13861949440	9742569472	399.7	15	0
2206.97	3346733	631626	3346733	13861720064	9742569472	403.8	15	0
2207.97	3346733	631626	3346733	13861351424	9742569472	399.7	15	0
2208.98	3346733	631626	3346733	13861478400	9742569472	400.8	15	0
2209.98	3346733	631626	3346733	13861560320	9742569472	402.8	15	0
2210.99	3346733	631626	3346733	13861679104	9742569472	399.7	15	0
2211.99	3346733	631626	3346733	13861720064	9742569472	403.7	15	0
2212.99	3346733	631626	3346733	13861777408	9742569472	399.7	15	0
2214.00	3346733	631626	3346733	13861900288	9742594048	399.8	15	0
2215.00	3346733	631626	3346733	13861806080	9742594048	403.8	15	0
2216.00	3346733	631626	3346733	13861675008	9742594048	399.9	15	0
2217.01	3346733	631626	3346733	13861859328	9742594048	403.7	15	0
2218.01	3346733	631626	3346733	13861797888	9742594048	399.8	15	0
2219.02	3346733	631626	3346733	13861826560	9742594048	399.7	15	0
2220.02	3346733	631626	3346733	13861572608	9742594048	403.8	15	0
2221.02	3346733	631626	3346733	13862359040	9742594048	399.8	15	0
2222.03	3346733	631626	3346733	13861789696	9742594048	403.8	15	0
2223.03	3346733	631626	3346733	13861859328	9742594048	399.8	15	0
2224.04	3346733	631626	3346733	13862432768	9742598144	399.7	15	0
2225.04	3346733	631626	3346733	13862432768	9742598144	403.6	15	0
2226.04	3346733	631626	3346733	13862158336	9742598144	399.8	15	0
2227.05	3346733	631626	3346733	13861748736	9742598144	403.8	15	0
2228.05	3346733	631626	3346733	13861646336	9742598144	399.8	15	0
2229.06	3346733	631626	3346733	13861253120	9742598144	399.6	15	0
2230.06	3346733	631626	3346733	13861879808	9742598144	403.7	15	0
2231.06	3346733	631626	3346733	13862133760	9742598144	399.8	15	0
2232.07	3346733	631626	3346733	13861584896	9742598144	403.8	15	0
2233.07	3346733	631626	3346733	13861494784	9742598144	399.8	15	0
2234.08	3346733	631626	3346733	13861490688	9742598144	399.8	15	0
2235.08	3346733	631626	3346733	13861302272	9742598144	403.6	15	0
2236.08	3346733	631626	3346733	13861556224	9742598144	399.7	15	0
2237.09	3346733	631626	3346733	13861539840	9742598144	399.8	15	0
2238.09	3346733	631626	3346733	13861318656	9742598144	403.8	15	0
2239.10	3346733	631626	3346733	13862092800	9742598144	399.7	15	0
2240.10	3346733	631626	3346733	13862301696	9742598144	403.8	15	0
2241.10	3346733	631626	3346733	13861920768	9742598144	399.8	15	0
2242.11	3346733	631626	3346733	13861875712	9742598144	399.8	15	0
2243.11	3346733	631626	3346733	13861412864	9742598144	403.9	15	0
2244.11	3346733	631626	3346733	13862068224	9742602240	399.8	15	0
2245.12	3346733	631626	3346733	13861949440	9742602240	403.7	15	0
2246.12	3346733	631626	3346733	13862207488	9742602240	399.8	15	0
2247.13	3346733	631626	3346733	13861683200	9742602240	399.8	15	0
2248.13	3346733	631626	3346733	13861691392	9742602240	403.9	15	0
2249.13	3346733	631626	3346733	13861822464	9742602240	399.8	15	0
2250.14	3346733	631626	3346733	13861081088	9742602240	403.9	15	0
2251.14	3346733	631626	3346733	13861449728	9742602240	399.8	15	0
2252.15	3346733	631626	3346733	13861470208	9742602240	399.8	15	0
2253.15	3346733	631626	3346733	13861306368	9742602240	403.7	15	0
2254.15	3346733	631626	3346733	13861814272	9742602240	399.8	15	0
2255.16	3346733	631626	3346733	13861945344	9742602240	399.8	15	0
2256.16	3346733	631626	3346733	13862068224	9742602240	403.8	15	0
2257.17	3346733	631626	3346733	13861482496	9742602240	399.8	15	0
2258.17	3346733	631626	3346733	13861597184	9742602240	403.7	15	0
2259.17	3346733	631626	3346733	13861724160	9742602240	399.8	15	0
2260.18	3346733	631626	3346733	13861904384	9742602240	399.8	15	0
2261.18	3346733	631626	3346733	13862182912	9742602240	403.8	15	0
2262.18	3346733	631626	3346733	13862305792	9742602240	399.7	15	0
2263.19	3346733	631626	3346733	13861928960	9742602240	403.7	15	0
2264.19	3346733	631626	3346733	13861851136	9742602240	399.8	15	0
2265.20	3346733	631626	3346733	13861974016	9742602240	399.7	15	0
2266.20	3346733	631626	3346733	13862092800	9742602240	403.8	15	0
2267.20	3346733	631626	3346733	13861961728	9742602240	399.8	15	0
2268.21	3346733	631626	3346733	13861515264	9742602240	403.8	15	0
2269.21	3346733	631626	3346733	13861675008	9742602240	399.8	15	0
2270.22	3346733	631626	3346733	13861408768	9742602240	399.8	15	0
2271.22	3346733	631626	3346733	13861433344	9742602240	403.8	15	0
2272.22	3346733	631626	3346733	13861257216	9742602240	399.7	15	0
2273.23	3346733	631626	3346733	13861445632	9742602240	399.8	15	0
2274.23	3346733	631626	3346733	13861814272	9742602240	403.7	15	0
2275.24	3346733	631626	3346733	13862187008	9742602240	399.8	15	0
2276.24	3346733	631626	3346733	13862076416	9742602240	403.7	15	0
2277.24	3346733	631626	3346733	13861437440	9742602240	399.8	15	0
2278.25	3346733	631626	3346733	13861376000	9742602240	399.8	15	0
2279.25	3346733	631626	3346733	13861724160	9742602240	403.7	15	0
2280.25	3346733	631626	3346733	13861900288	9742602240	399.7	15	0
2281.26	3346733	631626	3346733	13861740544	9742602240	403.8	15	0
2282.26	3346733	631626	3346733	13861920768	9742602240	399.8	15	0
2283.27	3346733	631626	3346733	13862141952	9742602240	399.8	15	0
2284.27	3346733	631626	3346733	13862121472	9742602240	403.7	15	0
2285.27	3346733	631626	3346733	13861675008	9742602240	399.9	15	0
2286.28	3346733	631626	3346733	13862182912	9742602240	403.7	15	0
2287.28	3346733	631626	3346733	13861695488	9742602240	399.8	15	0
2288.29	3346733	631626	3346733	13861527552	9742602240	399.8	15	0
2289.29	3346733	631626	3346733	13861629952	9742602240	403.7	15	0
2290.29	3346733	631626	3346733	13861883904	9742602240	399.7	15	0
2291.30	3346733	631626	3346733	13861888000	9742602240	403.8	15	0
2292.30	3346733	631626	3346733	13861523456	9742602240	399.8	15	0
2293.31	3346733	631626	3346733	13862039552	9742602240	399.8	15	0
2294.31	3346733	631626	3346733	13862047744	9742602240	403.8	15	0
2295.31	3346733	631626	3346733	13861789696	9742602240	399.7	15	0
2296.32	3346733	631626	3346733	13861302272	9742602240	399.8	15	0
2297.32	3346733	631626	3346733	13861785600	9742602240	403.7	15	0
2298.32	3346733	631626	3346733	13861900288	9742602240	399.7	15	0
2299.33	3346733	631626	3346733	13861941248	9742602240	403.9	15	0
2300.33	3346733	631626	3346733	13862051840	9742602240	399.8	15	0
2301.34	3346733	631626	3346733	13862055936	9742602240	399.8	15	0
2302.34	3346733	631626	3346733	13861945344	9742602240	403.9	15	0
2303.34	3346733	631626	3346733	13861896192	9742602240	399.8	15	0
2304.35	3346733	631626	3346733	13861900288	9742602240	403.8	15	0
2305.35	3346733	631626	3346733	13861896192	9742602240	399.9	15	0
2306.36	3346733	631626	3346733	13861728256	9742602240	399.8	15	0
2307.36	3346733	631626	3346733	13861691392	9742602240	403.7	15	0
2308.36	3346733	631626	3346733	13861695488	9742602240	399.8	15	0
2309.37	3346733	631626	3346733	13861756928	9742602240	399.7	15	0
2310.37	3346733	631626	3346733	13861666816	9742602240	403.8	15	0
2311.38	3346733	631626	3346733	13862039552	9742602240	399.8	15	0
2312.38	3346733	631626	3346733	13862264832	9742602240	403.8	15	0
2313.38	3346733	631626	3346733	13861580800	9742602240	399.8	15	0
2314.39	3346733	631626	3346733	13861998592	9742602240	399.8	15	0
2315.39	3346733	631626	3346733	13861953536	9742602240	403.8	15	0
2316.39	3346733	631626	3346733	13862211584	9742602240	399.7	15	0
2317.40	3346733	631626	3346733	13861675008	9742602240	403.8	15	0
2318.40	3346733	631626	3346733	13861797888	9742602240	399.7	15	0
2319.41	3346733	631626	3346733	13862064128	9742606336	399.8	15	0
2320.41	3346733	631626	3346733	13861961728	9742606336	403.8	15	0
2321.41	3346733	631626	3346733	13862227968	9742606336	399.8	15	0
2322.42	3346733	631626	3346733	13862457344	9742606336	403.7	15	0
2323.42	3346733	631626	3346733	13862150144	9742606336	399.8	15	0
2324.43	3346733	631626	3346733	13862658048	9742606336	399.7	15	0
2325.43	3346733	631626	3346733	13862723584	9742606336	403.6	15	0
2326.43	3346733	631626	3346733	13862371328	9742606336	399.8	15	0
2327.44	3346733	631626	3346733	13862150144	9742606336	399.7	15	0
2328.44	3346733	631626	3346733	13862014976	9742606336	403.8	15	0
2329.44	3346733	631626	3346733	13862543360	9742606336	399.7	15	0
2330.45	3346733	631626	3346733	13862170624	9742606336	403.7	15	0
2331.45	3346733	631626	3346733	13862490112	9742606336	399.7	15	0
2332.46	3346733	631626	3346733	13862146048	9742606336	399.8	15	0
2333.46	3346733	631626	3346733	13862359040	9742610432	403.7	15	0
2334.46	3346733	631626	3346733	13862371328	9742610432	399.8	15	0
2335.47	3346733	631626	3346733	13862391808	9742610432	403.8	15	0
2336.47	3346733	631626	3346733	13862625280	9742610432	399.8	15	0
2337.48	3346733	631626	3346733	13862670336	9742610432	399.8	15	0
2338.48	3346733	631626	3346733	13862535168	9742610432	403.8	15	0
2339.48	3346733	631626	3346733	13862060032	9742610432	399.8	15	0
2340.49	3346733	631626	3346733	13861781504	9742610432	403.9	15	0
2341.49	3346733	631626	3346733	13861965824	9742610432	399.6	15	0
2342.50	3346733	631626	3346733	13861818368	9742610432	399.8	15	0
2343.50	3346733	631626	3346733	13861859328	9742610432	403.8	15	0
2344.50	3346733	631626	3346733	13861830656	9742610432	399.8	15	0
2345.51	3346733	631626	3346733	13862047744	9742610432	399.7	15	0
2346.51	3346733	631626	3346733	13862576128	9742610432	403.8	15	0
2347.51	3346733	631626	3346733	13861908480	9742610432	399.8	15	0
2348.52	3346733	631626	3346733	13861851136	9742610432	403.7	15	0
2349.52	3346733	631626	3346733	13862027264	9742610432	399.9	15	0
2350.53	3346733	631626	3346733	13862232064	9742610432	399.8	15	0
2351.53	3346733	631626	3346733	13862236160	9742610432	403.8	15	0
2352.53	3346733	631626	3346733	13861933056	9742610432	399.8	15	0
2353.54	3346733	631626	3346733	13862338560	9742610432	403.7	15	0
2354.54	3346733	631626	3346733	13862047744	9742610432	399.8	15	0
2355.55	3346733	631626	3346733	13862391808	9742610432	399.8	15	0
2356.55	3346733	631626	3346733	13862666240	9742610432	403.7	15	0
2357.55	3346733	631626	3346733	13862477824	9742610432	399.9	15	0
2358.56	3346733	631626	3346733	13862359040	9742610432	403.8	15	0
2359.56	3346733	631626	3346733	13862240256	9742610432	399.8	15	0
2360.57	3346733	631626	3346733	13861842944	9742610432	399.7	15	0
2361.57	3346733	631626	3346733	13861982208	9742610432	403.8	15	0
2362.57	3346733	631626	3346733	13861638144	9742610432	399.8	15	0
2363.58	3346733	631626	3346733	13861523456	9742610432	403.8	15	0
2364.58	3346733	631626	3346733	13861687296	9742610432	399.8	15	0
2365.59	3346733	631626	3346733	13861937152	9742610432	399.8	15	0
2366.59	3346733	631626	3346733	13861986304	9742610432	403.8	15	0
2367.59	3346733	631626	3346733	13861838848	9742610432	399.8	15	0
2368.60	3346733	631626	3346733	13861580800	9742610432	399.8	15	0
2369.60	3346733	631626	3346733	13861412864	9742610432	403.8	15	0
2370.60	3346733	631626	3346733	13861572608	9742610432	399.8	15	0
2371.61	3346733	631626	3346733	13862203392	9742610432	403.8	15	0
2372.61	3346733	631626	3346733	13861605376	9742610432	399.8	15	0
2373.62	3346733	631626	3346733	13861359616	9742614528	399.8	15	0
2374.62	3346733	631626	3346733	13861453824	9742614528	403.8	15	0
2375.62	3346733	631626	3346733	13861576704	9742614528	399.8	15	0
2376.63	3346733	631626	3346733	13861822464	9742614528	403.8	15	0
2377.63	3346733	631626	3346733	13861531648	9742614528	399.7	15	0
2378.64	3346733	631626	3346733	13861715968	9742614528	399.8	15	0
2379.64	3346733	631626	3346733	13862240256	9742614528	403.7	15	0
2380.64	3346733	631626	3346733	13862219776	9742614528	399.8	15	0
2381.65	3346733	631626	3346733	13862014976	9742614528	403.7	15	0
2382.65	3346733	631626	3346733	13862432768	9742614528	399.8	15	0
2383.66	3346733	631626	3346733	13862211584	9742614528	399.8	15	0
2384.66	3346733	631626	3346733	13862719488	9742614528	403.7	15	0
2385.66	3346733	631626	3346733	13862711296	9742614528	399.7	15	0
2386.67	3346733	631626	3346733	13861986304	9742614528	403.7	15	0
2387.67	3346733	631626	3346733	13861756928	9742614528	399.7	15	0
2388.68	3346733	631626	3346733	13861732352	9742614528	399.8	15	0
2389.68	3346733	631626	3346733	13861691392	9742614528	403.7	15	0
2390.68	3346733	631626	3346733	13861646336	9742614528	399.7	15	0
2391.69	3346733	631626	3346733	13861761024	9742614528	403.8	15	0
2392.69	3346733	631626	3346733	13861990400	9742614528	399.8	15	0
2393.70	3346733	631626	3346733	13861588992	9742614528	399.8	15	0
2394.70	3346733	631626	3346733	13861859328	9742614528	403.7	15	0
2395.70	3346733	631626	3346733	13861564416	9742614528	399.8	15	0
2396.71	3346733	631626	3346733	13861314560	9742614528	399.8	15	0
2397.71	3346733	631626	3346733	13861314560	9742614528	404.0	15	0
2398.72	3346733	631626	3346733	13861314560	9742614528	399.9	15	0
2399.72	3346733	631626	3346733	13861314560	9742614528	404.1	15	0
2400.72	3346733	631626	3346733	13861724160	9742618624	400.3	15	0
2401.73	3346733	631626	3346733	13861584896	9742618624	404.3	15	0
2402.73	3346733	631626	3346733	13861847040	9742618624	400.3	15	0
2403.74	3346733	631626	3346733	13861777408	9742618624	400.3	15	0
2404.74	3346733	631626	3346733	13861953536	9742618624	404.5	15	0
2405.74	3346733	631626	3346733	13861851136	9742618624	400.4	15	0
2406.75	3346733	631626	3346733	13861662720	9742618624	404.5	15	0
2407.75	3346733	631626	3346733	13861761024	9742618624	400.4	15	0
2408.76	3346733	631626	3346733	13862277120	9742618624	400.3	15	0
2409.76	3346733	631626	3346733	13862244352	9742618624	403.7	15	0
2410.76	3346733	631626	3346733	13862440960	9742626816	399.8	15	0
2411.77	3346733	631626	3346733	13862285312	9742626816	399.8	15	0
2412.77	3346733	631626	3346733	13862105088	9742626816	403.7	15	0
2413.78	3346733	631626	3346733	13862244352	9742626816	399.8	15	0
2414.78	3346733	631626	3346733	13862838272	9742626816	403.8	15	0
2415.78	3346733	631626	3346733	13862846464	9742626816	399.8	15	0
2416.79	3346733	631626	3346733	13862535168	9742626816	399.7	15	0
2417.79	3346733	631626	3346733	13861941248	9742626816	403.6	15	0
2418.79	3346733	631626	3346733	13862707200	9742626816	399.7	15	0
2419.80	3346733	631626	3346733	13862682624	9742626816	403.6	15	0
2420.80	3346733	631626	3346733	13861986304	9742626816	399.7	15	0
2421.81	3346733	631626	3346733	13861982208	9742626816	399.8	15	0
2422.81	3346733	631626	3346733	13861363712	9742626816	403.8	15	0
2423.81	3346733	631626	3346733	13861531648	9742626816	399.8	15	0
2424.82	3346733	631626	3346733	13861908480	9742626816	403.7	15	0
2425.82	3346733	631626	3346733	13862158336	9742626816	399.8	15	0
2426.83	3346733	631626	3346733	13861736448	9742626816	399.9	15	0
2427.83	3346733	631626	3346733	13862187008	9742626816	403.7	15	0
2428.83	3346733	631626	3346733	13862133760	9742626816	399.8	15	0
2429.84	3346733	631626	3346733	13861998592	9742626816	403.7	15	0
2430.84	3346733	631626	3346733	13862158336	9742626816	399.8	15	0
2431.85	3346733	631626	3346733	13861638144	9742626816	399.8	15	0
2432.85	3346733	631626	3346733	13862125568	9742626816	403.7	15	0
2433.85	3346733	631626	3346733	13862260736	9742626816	399.8	15	0
2434.86	3346733	631626	3346733	13861879808	9742626816	399.8	15	0
2435.86	3346733	631626	3346733	13862658048	9742626816	403.8	15	0
2436.87	3346733	635043	3346733	13866000384	9742626816	463.1	15	0
2437.87	3346733	640986	3346733	13872168960	9742626816	508.2	15	0
2438.87	3346733	646925	3346733	13877944320	9742626816	503.3	15	0
2439.88	3346733	652900	3346733	13884444672	9742626816	503.1	15	0
2440.88	3346733	658870	3346733	13890727936	9742626816	508.0	15	0
2441.88	3346733	664827	3346733	13896577024	9742626816	503.3	15	0
2442.89	3346733	670781	3346733	13902811136	9742626816	508.4	15	0
2443.89	3346733	676734	3346733	13908803584	9742626816	503.3	15	0
2444.90	3346733	682689	3346733	13915607040	9742626816	503.4	15	0
2445.90	3346733	688634	3346733	13920907264	9742626816	508.3	15	0
2446.90	3346733	694605	3346733	13926850560	9742626816	503.4	15	0
2447.91	3346733	700579	3346733	13932920832	9742626816	508.4	15	0
2448.91	3346733	706532	3346733	13939011584	9742626816	503.2	15	0
2449.92	3346733	706943	3346733	13939417088	9742626816	407.5	15	0
2450.92	3346733	706943	3346733	13939462144	9742626816	403.7	15	0
2451.92	3346733	706943	3346733	13939298304	9742626816	399.8	15	0
2452.93	3346733	706943	3346733	13939298304	9742626816	399.8	15	0
2453.93	3346733	706943	3346733	13939507200	9742626816	403.7	15	0
2454.94	3346733	706943	3346733	13939425280	9742626816	399.8	15	0
2455.94	3346733	706943	3346733	13939527680	9742626816	403.8	15	0
2456.94	3346733	706943	3346733	13938798592	9742626816	399.8	15	0
2457.95	3346733	706943	3346733	13938831360	9742626816	399.8	15	0
2458.95	3346733	706943	3346733	13938913280	9742626816	403.8	15	0
2459.95	3346733	706943	3346733	13938741248	9742626816	399.7	15	0
2460.96	3346733	706943	3346733	13938962432	9742626816	403.7	15	0
2461.96	3346733	706943	3346733	13939056640	9742626816	399.7	15	0
2462.97	3346733	706943	3346733	13938937856	9742626816	399.8	15	0
2463.97	3346733	706943	3346733	13938790400	9742626816	403.9	15	0
2464.97	3346733	706943	3346733	13939404800	9742626816	399.8	15	0
2465.98	3346733	706943	3346733	13939404800	9742626816	403.7	15	0
2466.98	3346733	706943	3346733	13939003392	9742626816	399.8	15	0
2467.99	3346733	706943	3346733	13939097600	9742626816	399.8	15	0
2468.99	3346733	706943	3346733	13939240960	9742626816	403.7	15	0
2469.99	3346733	706943	3346733	13939519488	9742626816	399.8	15	0
2471.00	3346733	706943	3346733	13939507200	9742626816	399.8	15	0
2472.00	3346733	706943	3346733	13939105792	9742626816	403.7	15	0
2473.00	3346733	706943	3346733	13939257344	9742626816	399.8	15	0
2474.01	3346733	706943	3346733	13939486720	9742626816	403.8	15	0
2475.01	3346733	706943	3346733	13939814400	9742626816	399.7	15	0
2476.02	3346733	706943	3346733	13939531776	9742626816	399.8	15	0
2477.02	3346733	706943	3346733	13939429376	9742626816	403.7	15	0
2478.02	3346733	706943	3346733	13939363840	9742626816	399.7	15	0
2479.03	3346733	706943	3346733	13939859456	9742635008	403.8	15	0
2480.03	3346733	706943	3346733	13939400704	9742635008	399.8	15	0
2481.04	3346733	706943	3346733	13939380224	9742635008	399.8	15	0
2482.04	3346733	706943	3346733	13939208192	9742635008	403.6	15	0
2483.04	3346733	706943	3346733	13939240960	9742635008	399.7	15	0
2484.05	3346733	706943	3346733	13939228672	9742635008	403.6	15	0
2485.05	3346733	706943	3346733	13939224576	9742635008	399.8	15	0
2486.06	3346733	706943	3346733	13939462144	9742635008	399.7	15	0
2487.06	3346733	706943	3346733	13939339264	9742635008	403.8	15	0
2488.06	3346733	706943	3346733	13938851840	9742635008	399.8	15	0
2489.07	3346733	706943	3346733	13939093504	9742639104	403.8	15	0
2490.07	3346733	706943	3346733	13939159040	9742639104	399.7	15	0
2491.08	3346733	706943	3346733	13939421184	9742639104	399.8	15	0
2492.08	3346733	706943	3346733	13939277824	9742639104	403.7	15	0
2493.08	3346733	706943	3346733	13939183616	9742639104	399.7	15	0
2494.09	3346733	706943	3346733	13939134464	9742639104	399.8	15	0
2495.09	3346733	706943	3346733	13939200000	9742639104	403.8	15	0
2496.09	3346733	706943	3346733	13939204096	9742639104	399.8	15	0
2497.10	3346733	706943	3346733	13939183616	9742639104	403.7	15	0
2498.10	3346733	706943	3346733	13939097600	9742639104	399.7	15	0
2499.11	3346733	706943	3346733	13939417088	9742639104	399.8	15	0
2500.11	3346733	706943	3346733	13939601408	9742639104	403.8	15	0
2501.11	3346733	706943	3346733	13939646464	9742639104	400.3	15	0
2502.12	3346733	706943	3346733	13939245056	9742639104	403.3	15	0
2503.12	3346733	706943	3346733	13939412992	9742639104	399.9	15	0
2504.13	3346733	706943	3346733	13939863552	9742639104	399.8	15	0
2505.13	3346733	706943	3346733	13939781632	9742639104	403.7	15	0
2506.13	3346733	706943	3346733	13939249152	9742639104	399.8	15	0
2507.14	3346733	706943	3346733	13938843648	9742639104	403.7	15	0
2508.14	3346733	706943	3346733	13938991104	9742639104	399.8	15	0
2509.15	3346733	706943	3346733	13938733056	9742643200	399.9	15	0
2510.15	3346733	706943	3346733	13939073024	9742643200	403.7	15	0
2511.15	3346733	706943	3346733	13939064832	9742643200	399.8	15	0
2512.16	3346733	706943	3346733	13939015680	9742647296	399.8	15	0
2513.16	3346733	706943	3346733	13938896896	9742647296	403.8	15	0
2514.17	3346733	706943	3346733	13939171328	9742647296	399.9	15	0
2515.17	3346733	706943	3346733	13939441664	9742655488	403.7	15	0
2516.17	3346733	706943	3346733	13939195904	9742655488	399.8	15	0
2517.18	3346733	706943	3346733	13938851840	9742655488	399.7	15	0
2518.18	3346733	706943	3346733	13938638848	9742655488	403.8	15	0
2519.18	3346733	706943	3346733	13938774016	9742655488	399.8	15	0
2520.19	3346733	706943	3346733	13939077120	9742655488	403.8	15	0
2521.19	3346733	706943	3346733	13939032064	9742655488	399.8	15	0
2522.20	3346733	706943	3346733	13939359744	9742655488	399.8	15	0
2523.20	3346733	706943	3346733	13938966528	9742655488	403.7	15	0
2524.20	3346733	706943	3346733	13939163136	9742655488	399.7	15	0
2525.21	3346733	706943	3346733	13939412992	9742655488	403.7	15	0
2526.21	3346733	706943	3346733	13939122176	9742655488	399.8	15	0
2527.22	3346733	706943	3346733	13939126272	9742655488	399.7	15	0
2528.22	3346733	706943	3346733	13939302400	9742663680	403.9	15	0
2529.22	3346733	706943	3346733	13939376128	9742663680	399.8	15	0
2530.23	3346733	706943	3346733	13939642368	9742663680	403.7	15	0
2531.23	3346733	706943	3346733	13939552256	9742663680	399.8	15	0
2532.24	3346733	706943	3346733	13939253248	9742663680	399.7	15	0
2533.24	3346733	706943	3346733	13938835456	9742663680	403.8	15	0
2534.24	3346733	706943	3346733	13939441664	9742667776	399.8	15	0
2535.25	3346733	706943	3346733	13939412992	9742667776	399.8	15	0
2536.25	3346733	706943	3346733	13939662848	9742671872	403.8	15	0
2537.25	3346733	706943	3346733	13939404800	9742671872	399.7	15	0
2538.26	3346733	706943	3346733	13939404800	9742671872	403.7	15	0
2539.26	3346733	706943	3346733	13939458048	9742671872	399.7	15	0
2540.27	3346733	706943	3346733	13939789824	9742671872	399.9	15	0
2541.27	3346733	706943	3346733	13939232768	9742671872	403.9	15	0
2542.27	3346733	706943	3346733	13939113984	9742671872	399.9	15	0
2543.28	3346733	706943	3346733	13939212288	9742671872	403.8	15	0
2544.28	3346733	706943	3346733	13939126272	9742675968	399.7	15	0
2545.29	3346733	706943	3346733	13939642368	9742675968	399.8	15	0
2546.29	3346733	706943	3346733	13939650560	9742675968	403.8	15	0
2547.29	3346733	706943	3346733	13939056640	9742675968	399.9	15	0
2548.30	3346733	706943	3346733	13939724288	9742675968	403.9	15	0
2549.30	3346733	706943	3346733	13939208192	9742675968	399.9	15	0
2550.31	3346733	706943	3346733	13938995200	9742675968	399.8	15	0
2551.31	3346733	706943	3346733	13939322880	9742675968	403.8	15	0
2552.31	3346733	706943	3346733	13939200000	9742675968	399.9	15	0
2553.32	3346733	706943	3346733	13939314688	9742680064	403.8	15	0
2554.32	3346733	706943	3346733	13939290112	9742692352	399.8	15	0
2555.33	3346733	706943	3346733	13939699712	9742692352	399.7	15	0
2556.33	3346733	706943	3346733	13939228672	9742692352	403.9	15	0
2557.33	3346733	706943	3346733	13939134464	9742696448	399.8	15	0
2558.34	3346733	706943	3346733	13939146752	9742696448	399.8	15	0
2559.34	3346733	706943	3346733	13939781632	9742696448	403.8	15	0
2560.34	3346733	706943	3346733	13939761152	9742696448	399.8	15	0
2561.35	3346733	706943	3346733	13940301824	9742757888	403.8	15	0
2562.35	3346733	706943	3346733	13940297728	9742757888	399.8	15	0
2563.36	3346733	706943	3346733	13939970048	9742757888	399.7	15	0
2564.36	3346733	710993	3346733	13944918016	9742757888	474.1	15	0
2565.36	3346733	716961	3346733	13950775296	9742757888	503.1	15	0
2566.37	3346733	722931	3346733	13957124096	9742757888	508.4	15	0
2567.37	3346733	728931	3346733	13963001856	9742757888	503.4	15	0
2568.38	3346733	734899	3346733	13969362944	9742757888	503.5	15	0
2569.38	3346733	740871	3346733	13975674880	9742757888	508.0	15	0
2570.38	3346733	744935	3346733	13979684864	9742757888	470.7	15	0
2571.39	3346733	744935	3346733	13979549696	9742757888	399.7	15	0
2572.39	3346733	744935	3346733	13979123712	9742757888	403.7	15	0
2573.40	3346733	744935	3346733	13978783744	9742757888	399.7	15	0
2574.40	3346733	744935	3346733	13979443200	9742757888	403.6	15	0
2575.40	3346733	744935	3346733	13979471872	9742757888	399.8	15	0
2576.41	3346733	744935	3346733	13979586560	9742757888	399.8	15	0
2577.41	3346733	744935	3346733	13978771456	9742757888	403.7	15	0
2578.41	3346733	744935	3346733	13979295744	9742757888	399.8	15	0
2579.42	3346733	744935	3346733	13979033600	9742757888	403.7	15	0
2580.42	3346733	744935	3346733	13979500544	9742757888	399.9	15	0
2581.43	3346733	744935	3346733	13979435008	9742757888	399.8	15	0
2582.43	3346733	744935	3346733	13979197440	9742757888	403.8	15	0
2583.43	3346733	744935	3346733	13979217920	9742757888	399.8	15	0
2584.44	3346733	744935	3346733	13979467776	9742757888	403.8	15	0
2585.44	3346733	744935	3346733	13979525120	9742757888	399.8	15	0
2586.45	3346733	744935	3346733	13979721728	9742757888	399.8	15	0
2587.45	3346733	744935	3346733	13978935296	9742757888	403.8	15	0
2588.45	3346733	744935	3346733	13978877952	9742757888	399.8	15	0
2589.46	3346733	744935	3346733	13979275264	9742757888	403.8	15	0
2590.46	3346733	744935	3346733	13979009024	9742757888	399.9	15	0
2591.47	3346733	744935	3346733	13979222016	9742761984	399.8	15	0
2592.47	3346733	744935	3346733	13978845184	9742761984	403.8	15	0
2593.47	3346733	744935	3346733	13978959872	9742761984	399.8	15	0
2594.48	3346733	744935	3346733	13979308032	9742761984	403.8	15	0
2595.48	3346733	744935	3346733	13979287552	9742761984	399.8	15	0
2596.49	3346733	744935	3346733	13979033600	9742761984	399.8	15	0
2597.49	3346733	744935	3346733	13979070464	9742761984	403.8	15	0
2598.49	3346733	744935	3346733	13979631616	9742761984	399.8	15	0
2599.50	3346733	744935	3346733	13979643904	9742761984	399.7	15	0
2600.50	3346733	744935	3346733	13978910720	9742761984	403.8	15	0
2601.51	3346733	744935	3346733	13979443200	9742761984	399.8	15	0
2602.51	3346733	744935	3346733	13978509312	9742761984	403.8	15	0
2603.51	3346733	744935	3346733	13978296320	9742761984	399.7	15	0
2604.52	3346733	744935	3346733	13978460160	9742761984	399.8	15	0
2605.52	3346733	744935	3346733	13979045888	9742761984	403.7	15	0
2606.53	3346733	744935	3346733	13978767360	9742761984	399.8	15	0
2607.53	3346733	744935	3346733	13978677248	9742761984	403.8	15	0
2608.53	3346733	744935	3346733	13978865664	9742761984	399.8	15	0
2609.54	3346733	744935	3346733	13979181056	9742761984	399.8	15	0
2610.54	3346733	744935	3346733	13978615808	9742761984	404.0	15	0
2611.54	3346733	744935	3346733	13978865664	9742761984	399.7	15	0
2612.55	3346733	744935	3346733	13978787840	9742761984	403.8	15	0
2613.55	3346733	744935	3346733	13978238976	9742761984	399.8	15	0
2614.56	3346733	744935	3346733	13978222592	9742761984	399.8	15	0
2615.56	3346733	744935	3346733	13978345472	9742761984	403.7	15	0
2616.56	3346733	744935	3346733	13979262976	9742790656	399.8	15	0
2617.57	3346733	744935	3346733	13978480640	9742790656	403.8	15	0
2618.57	3346733	744935	3346733	13978284032	9742790656	399.8	15	0
2619.58	3346733	744935	3346733	13978574848	9742790656	399.8	15	0
2620.58	3346733	744935	3346733	13978480640	9742790656	403.8	15	0
2621.58	3346733	744935	3346733	13978714112	9742790656	399.8	15	0
2622.59	3346733	744935	3346733	13978460160	9742790656	403.8	15	0
2623.59	3346733	744935	3346733	13978796032	9742790656	399.8	15	0
2624.60	3346733	744935	3346733	13978779648	9742790656	400.6	15	0
2625.60	3346733	744935	3346733	13978918912	9742790656	403.0	15	0
2626.60	3346733	744935	3346733	13979066368	9742790656	399.7	15	0
2627.61	3346733	744935	3346733	13978513408	9742790656	403.8	15	0
2628.61	3346733	744935	3346733	13978259456	9742790656	399.8	15	0
2629.62	3346733	744935	3346733	13978865664	9742790656	399.7	15	0
2630.62	3346733	744935	3346733	13978828800	9742790656	403.8	15	0
2631.62	3346733	744935	3346733	13978468352	9742790656	399.7	15	0
2632.63	3346733	744935	3346733	13978570752	9742790656	399.7	15	0
2633.63	3346733	744935	3346733	13978329088	9742790656	403.9	15	0
2634.63	3346733	744935	3346733	13978509312	9742790656	399.6	15	0
2635.64	3346733	744935	3346733	13978685440	9742790656	403.7	15	0
2636.64	3346733	744935	3346733	13978480640	9742790656	400.0	15	0
2637.65	3346733	744935	3346733	13978955776	9742790656	399.7	15	0
2638.65	3346733	744935	3346733	13979021312	9742790656	403.8	15	0
2639.65	3346733	744935	3346733	13978918912	9742790656	399.8	15	0
2640.66	3346733	744935	3346733	13978939392	9742790656	403.8	15	0
2641.66	3346733	744935	3346733	13978607616	9742790656	399.8	15	0
2642.67	3346733	744935	3346733	13978542080	9742790656	399.7	15	0
2643.67	3346733	744935	3346733	13978750976	9742790656	403.8	15	0
2644.67	3346733	744935	3346733	13978722304	9742790656	399.9	15	0
2645.68	3346733	744935	3346733	13978963968	9742790656	403.8	15	0
2646.68	3346733	744935	3346733	13978927104	9742790656	399.7	15	0
2647.69	3346733	744935	3346733	13979189248	9742790656	399.8	15	0
2648.69	3346733	744935	3346733	13978472448	9742790656	403.8	15	0
2649.69	3346733	744935	3346733	13978804224	9742790656	399.8	15	0
2650.70	3346733	744935	3346733	13978931200	9742790656	403.8	15	0
2651.70	3346733	744935	3346733	13979000832	9742790656	399.6	15	0
2652.71	3346733	744935	3346733	13978927104	9742794752	399.8	15	0
2653.71	3346733	744935	3346733	13978890240	9742794752	403.8	15	0
2654.71	3346733	744935	3346733	13979176960	9742794752	399.8	15	0
2655.72	3346733	744935	3346733	13979168768	9742794752	403.8	15	0
2656.72	3346733	744935	3346733	13979312128	9742794752	399.7	15	0
2657.73	3346733	744935	3346733	13979131904	9742794752	399.8	15	0
2658.73	3346733	744935	3346733	13979357184	9742794752	403.9	15	0
2659.73	3346733	744935	3346733	13979590656	9742979072	399.7	15	0
2660.74	3346733	744935	3346733	13979320320	9742979072	399.9	15	0
2661.74	3346733	744935	3346733	13978763264	9742979072	403.8	15	0
2662.75	3346733	744935	3346733	13978394624	9742979072	399.9	15	0
2663.75	3346733	744935	3346733	13978554368	9742979072	403.8	15	0
2664.75	3346733	744935	3346733	13978800128	9742979072	399.8	15	0
2665.76	3346733	744935	3346733	13978902528	9742979072	399.8	15	0
2666.76	3346733	744935	3346733	13978931200	9742979072	403.8	15	0
2667.76	3346733	744935	3346733	13978980352	9742979072	399.8	15	0
2668.77	3346733	744935	3346733	13979271168	9742979072	403.8	15	0
2669.77	3346733	744935	3346733	13978890240	9742979072	399.8	15	0
2670.78	3346733	744935	3346733	13978992640	9742979072	399.7	15	0
2671.78	3346733	744935	3346733	13978517504	9742979072	403.8	15	0
2672.78	3346733	744935	3346733	13978763264	9742979072	399.8	15	0
2673.79	3346733	744935	3346733	13979303936	9742979072	403.8	15	0
2674.79	3346733	744935	3346733	13979299840	9742979072	399.8	15	0
2675.80	3346733	744935	3346733	13979627520	9742979072	399.9	15	0
2676.80	3346733	744935	3346733	13979332608	9742979072	403.8	15	0
2677.80	3346733	744935	3346733	13978730496	9742979072	399.7	15	0
2678.81	3346733	744935	3346733	13978488832	9742979072	403.8	15	0
2679.81	3346733	744935	3346733	13979004928	9742979072	399.7	15	0
2680.82	3346733	744935	3346733	13979516928	9742979072	399.8	15	0
2681.82	3346733	744935	3346733	13978660864	9742979072	403.8	15	0
2682.82	3346733	744935	3346733	13978402816	9742979072	399.8	15	0
2683.83	3346733	744935	3346733	13978574848	9742979072	399.7	15	0
2684.83	3346733	744935	3346733	13978816512	9742979072	403.7	15	0
2685.84	3346733	744935	3346733	13978529792	9742979072	399.7	15	0
2686.84	3346733	744935	3346733	13978656768	9742979072	403.7	15	0
2687.84	3346733	744935	3346733	13978628096	9742979072	399.8	15	0
2688.85	3346733	744935	3346733	13978812416	9742979072	399.7	15	0
2689.85	3346733	744935	3346733	13978402816	9742979072	403.7	15	0
2690.86	3346733	744935	3346733	13978910720	9742979072	399.7	15	0
2691.86	3346733	744935	3346733	13978898432	9742979072	403.6	15	0
2692.86	3346733	744935	3346733	13978849280	9742979072	399.8	15	0
2693.87	3346733	744935	3346733	13978587136	9742979072	399.8	15	0
2694.87	3346733	744935	3346733	13978841088	9742979072	403.7	15	0
2695.88	3346733	744935	3346733	13978390528	9742979072	399.7	15	0
2696.88	3346733	744935	3346733	13977931776	9742979072	403.9	15	0
2697.88	3346733	744935	3346733	13977886720	9742979072	399.6	15	0
2698.89	3346733	744935	3346733	13977931776	9742979072	403.8	15	0
2699.89	3346733	744935	3346733	13977702400	9742979072	399.6	15	0
2700.90	3346733	744935	3346733	13977927680	9742979072	399.7	15	0
2701.90	3346733	744935	3346733	13978243072	9742979072	403.6	15	0
2702.91	3346733	744935	3346733	13978165248	9742979072	399.7	15	0
2703.91	3346733	744935	3346733	13978394624	9742979072	403.7	15	0
2704.91	3346733	744935	3346733	13978591232	9742979072	399.7	15	0
2705.92	3346733	744935	3346733	13978300416	9742979072	403.7	15	0
2706.92	3346733	744935	3346733	13978148864	9742979072	399.6	15	0
2707.93	3346733	744935	3346733	13978312704	9742979072	399.7	15	0
2708.93	3346733	744935	3346733	13978144768	9742991360	403.7	15	0
2709.93	3346733	744935	3346733	13978640384	9742991360	399.6	15	0
2710.94	3346733	744935	3346733	13978099712	9742991360	403.6	15	0
2711.94	3346733	744935	3346733	13977886720	9742991360	399.6	15	0
2712.95	3346733	744935	3346733	13978034176	9742991360	399.6	15	0
2713.95	3346733	744935	3346733	13978279936	9742991360	403.7	15	0
2714.95	3346733	744935	3346733	13978505216	9742995456	399.7	15	0
2715.96	3346733	744935	3346733	13978791936	9742995456	403.8	15	0
2716.96	3346733	744935	3346733	13978652672	9742995456	399.7	15	0
2717.97	3346733	744935	3346733	13978906624	9742995456	399.9	15	0
2718.97	3346733	744935	3346733	13978787840	9742995456	403.7	15	0
2719.97	3346733	744935	3346733	13978890240	9742995456	399.8	15	0
2720.98	3346733	744935	3346733	13978923008	9742995456	403.6	15	0
2721.98	3346733	744935	3346733	13978939392	9742999552	399.6	15	0
2722.99	3346733	744935	3346733	13978816512	9742999552	399.7	15	0
2723.99	3346733	744935	3346733	13978243072	9742999552	403.7	15	0
2724.99	3346733	744935	3346733	13978464256	9742999552	399.7	15	0
2726.00	3346733	744935	3346733	13978624000	9742999552	403.6	15	0
2727.00	3346733	744935	3346733	13978988544	9742999552	399.8	15	0
2728.01	3346733	744935	3346733	13978730496	9742999552	399.7	15	0
2729.01	3346733	744935	3346733	13978693632	9742999552	403.7	15	0
2730.02	3346733	744935	3346733	13978648576	9742999552	399.7	15	0
2731.02	3346733	744935	3346733	13979123712	9743003648	403.8	15	0
2732.02	3346733	744935	3346733	13979492352	9743003648	399.7	15	0
2733.03	3346733	744935	3346733	13978574848	9743003648	403.8	15	0
2734.03	3346733	744935	3346733	13978890240	9743003648	399.8	15	0
2735.04	3346733	744935	3346733	13978890240	9743003648	399.7	15	0
2736.04	3346733	744935	3346733	13978771456	9743003648	403.6	15	0
2737.04	3346733	744935	3346733	13978406912	9743003648	399.7	15	0
2738.05	3346733	744935	3346733	13978300416	9743003648	403.6	15	0
2739.05	3346733	744935	3346733	13978509312	9743003648	399.7	15	0
2740.06	3346733	744935	3346733	13978349568	9743003648	399.7	15	0
2741.06	3346733	744935	3346733	13978324992	9743003648	403.5	15	0
2742.06	3346733	744935	3346733	13978501120	9743003648	399.6	15	0
2743.07	3346733	744935	3346733	13978882048	9743007744	403.7	15	0
2744.07	3346733	744935	3346733	13979443200	9743007744	399.7	15	0
2745.08	3346733	744935	3346733	13979426816	9743007744	399.7	15	0
2746.08	3346733	744935	3346733	13979783168	9743007744	403.7	15	0
2747.09	3346733	744935	3346733	13978763264	9743007744	399.7	15	0
2748.09	3346733	744935	3346733	13978513408	9743007744	403.7	15	0
2749.09	3346733	744935	3346733	13978263552	9743007744	399.7	15	0
2750.10	3346733	744935	3346733	13978755072	9743007744	403.6	15	0
2751.10	3346733	744935	3346733	13978353664	9743007744	399.8	15	0
2752.11	3346733	744935	3346733	13978517504	9743007744	399.7	15	0
2753.11	3346733	744935	3346733	13978411008	9743007744	403.7	15	0
2754.11	3346733	744935	3346733	13978570752	9743007744	399.9	15	0
2755.12	3346733	744935	3346733	13978566656	9743007744	403.9	15	0
2756.12	3346733	744935	3346733	13978820608	9743007744	399.7	15	0
2757.13	3346733	744935	3346733	13978443776	9743007744	399.8	15	0
2758.13	3346733	744935	3346733	13978660864	9743007744	403.8	15	0
2759.13	3346733	744935	3346733	13978161152	9743007744	399.8	15	0
2760.14	3346733	744935	3346733	13978329088	9743007744	399.8	15	0
2761.14	3346733	744935	3346733	13978574848	9743007744	403.7	15	0
2762.14	3346733	744935	3346733	13978779648	9743007744	399.8	15	0
2763.15	3346733	744935	3346733	13978521600	9743007744	403.8	15	0
2764.15	3346733	744935	3346733	13978509312	9743007744	399.6	15	0
2765.16	3346733	744935	3346733	13978779648	9743007744	399.6	15	0
2766.16	3346733	744935	3346733	13978746880	9743007744	403.8	15	0
2767.17	3346733	744935	3346733	13978886144	9743007744	399.7	15	0
2768.17	3346733	744935	3346733	13979099136	9743007744	403.6	15	0
2769.17	3346733	744935	3346733	13978554368	9743007744	399.6	15	0
2770.18	3346733	744935	3346733	13979144192	9743007744	399.7	15	0
2771.18	3346733	744935	3346733	13979385856	9743007744	403.7	15	0
2772.19	3346733	744935	3346733	13978566656	9743007744	399.7	15	0
2773.19	3346733	744935	3346733	13978279936	9743007744	403.7	15	0
2774.19	3346733	744935	3346733	13978525696	9743007744	399.8	15	0
2775.20	3346733	744935	3346733	13978595328	9743007744	403.7	15	0
2776.20	3346733	744935	3346733	13979095040	9743007744	399.7	15	0
2777.21	3346733	744935	3346733	13978521600	9743007744	399.8	15	0
2778.21	3346733	744935	3346733	13978742784	9743007744	403.7	15	0
2779.21	3346733	744935	3346733	13978755072	9743007744	399.7	15	0
2780.22	3346733	744935	3346733	13979013120	9743007744	403.6	15	0
2781.22	3346733	744935	3346733	13978824704	9743007744	399.7	15	0
2782.23	3346733	744935	3346733	13978296320	9743007744	399.7	15	0
2783.23	3346733	744935	3346733	13978062848	9743007744	403.7	15	0
2784.23	3346733	744935	3346733	13978337280	9743007744	399.8	15	0
2785.24	3346733	744935	3346733	13978349568	9743007744	403.5	15	0
2786.24	3346733	744935	3346733	13978877952	9743007744	399.7	15	0
2787.25	3346733	744935	3346733	13978587136	9743007744	399.7	15	0
2788.25	3346733	744935	3346733	13978464256	9743007744	403.7	15	0
2789.25	3346733	744935	3346733	13978525696	9743007744	399.7	15	0
2790.26	3346733	744935	3346733	13978296320	9743007744	403.7	15	0
2791.26	3346733	744935	3346733	13978296320	9743007744	399.7	15	0
2792.27	3346733	744935	3346733	13978337280	9743007744	399.7	15	0
2793.27	3346733	744935	3346733	13978435584	9743007744	403.6	15	0
2794.28	3346733	744935	3346733	13978701824	9743007744	399.6	15	0
2795.28	3346733	744935	3346733	13978333184	9743007744	403.6	15	0
2796.28	3346733	744935	3346733	13978370048	9743007744	399.7	15	0
2797.29	3346733	744935	3346733	13978279936	9743007744	403.8	15	0
2798.29	3346733	744935	3346733	13978243072	9743007744	399.6	15	0
2799.30	3346733	744935	3346733	13978419200	9743007744	399.7	15	0
2800.30	3346733	744935	3346733	13978411008	9743007744	403.6	15	0
2801.30	3346733	744935	3346733	13978439680	9743007744	399.7	15	0
2802.31	3346733	744935	3346733	13978533888	9743007744	403.7	15	0
2803.31	3346733	744935	3346733	13978488832	9743007744	399.7	15	0
2804.32	3346733	744935	3346733	13977985024	9743007744	399.6	15	0
2805.32	3346733	744935	3346733	13978140672	9743007744	403.7	15	0
2806.32	3346733	744935	3346733	13978116096	9743007744	399.7	15	0
2807.33	3346733	744935	3346733	13978066944	9743007744	403.7	15	0
2808.33	3346733	744935	3346733	13978025984	9743007744	399.6	15	0
2809.34	3346733	744935	3346733	13977993216	9743007744	399.8	15	0
2810.34	3346733	744935	3346733	13978480640	9743007744	403.7	15	0
2811.34	3346733	744935	3346733	13978451968	9743007744	399.7	15	0
2812.35	3346733	744935	3346733	13978578944	9743007744	403.6	15	0
2813.35	3346733	744935	3346733	13978943488	9743015936	399.7	15	0
2814.36	3346733	744935	3346733	13978968064	9743015936	399.7	15	0
2815.36	3346733	744935	3346733	13978939392	9743015936	403.6	15	0
2816.37	3346733	744935	3346733	13979176960	9743020032	399.8	15	0
2817.37	3346733	744935	3346733	13979074560	9743020032	403.6	15	0
2818.37	3346733	746300	3346733	13980823552	9743020032	422.4	15	0
2819.38	3346733	752286	3346733	13986779136	9743020032	508.1	15	0
2820.38	3346733	758332	3346733	13993263104	9743020032	503.0	15	0
2821.39	3346733	764373	3346733	13999452160	9743020032	503.3	15	0
2822.39	3346733	770444	3346733	14005399552	9743020032	508.2	15	0
2823.39	3346733	776528	3346733	14011625472	9743020032	503.0	15	0
2824.40	3346733	782615	3346733	14017843200	9743020032	508.3	15	0
2825.40	3346733	788653	3346733	14023954432	9743020032	503.0	15	0
2826.41	3346733	794692	3346733	14030495744	9743020032	503.1	15	0
2827.41	3346733	800714	3346733	14036271104	9743020032	508.1	15	0
2828.41	3346733	806736	3346733	14042669056	9743020032	503.2	15	0
2829.42	3346733	812773	3346733	14048366592	9743020032	508.1	15	0
2830.42	3346733	818791	3346733	14054682624	9743020032	502.9	15	0
2831.43	3346733	821059	3346733	14056824832	9743020032	439.7	15	0
2832.43	3346733	821059	3346733	14056689664	9743020032	403.7	15	0
2833.44	3346733	821059	3346733	14056685568	9743020032	399.7	15	0
2834.44	3346733	821059	3346733	14057197568	9743020032	403.8	15	0
2835.44	3346733	821059	3346733	14057635840	9743024128	399.7	15	0
2836.45	3346733	821059	3346733	14057402368	9743024128	403.7	15	0
2837.45	3346733	821059	3346733	14057066496	9743024128	399.6	15	0
2838.46	3346733	821059	3346733	14056542208	9743024128	399.7	15	0
2839.46	3346733	821059	3346733	14056857600	9743024128	403.7	15	0
2840.46	3346733	821059	3346733	14057013248	9743024128	399.9	15	0
2841.47	3346733	821059	3346733	14057009152	9743024128	403.6	15	0
2842.47	3346733	821059	3346733	14056251392	9743024128	399.9	15	0
2843.48	3346733	821059	3346733	14056419328	9743024128	399.7	15	0
2844.48	3346733	821059	3346733	14056280064	9743024128	403.8	15	0
2845.48	3346733	821059	3346733	14056574976	9743024128	399.8	15	0
2846.49	3346733	821059	3346733	14056804352	9743024128	403.7	15	0
2847.49	3346733	821059	3346733	14056747008	9743024128	399.8	15	0
2848.50	3346733	821059	3346733	14056517632	9743024128	399.7	15	0
2849.50	3346733	821059	3346733	14056615936	9743024128	403.6	15	0
2850.51	3346733	821059	3346733	14056665088	9743024128	399.8	15	0
2851.51	3346733	821059	3346733	14056763392	9743024128	403.7	15	0
2852.51	3346733	821059	3346733	14056083456	9743024128	399.7	15	0
2853.52	3346733	821059	3346733	14055940096	9743024128	403.7	15	0
2854.52	3346733	821059	3346733	14055997440	9743024128	399.7	15	0
2855.53	3346733	821059	3346733	14056165376	9743024128	399.7	15	0
2856.53	3346733	821059	3346733	14056427520	9743024128	403.7	15	0
2857.53	3346733	821059	3346733	14056169472	9743024128	399.7	15	0
2858.54	3346733	821059	3346733	14056214528	9743024128	403.7	15	0
2859.54	3346733	821059	3346733	14056128512	9743024128	399.6	15	0
2860.55	3346733	821059	3346733	14056239104	9743024128	399.7	15	0
2861.55	3346733	821059	3346733	14056484864	9743024128	403.7	15	0
2862.55	3346733	821059	3346733	14056583168	9743028224	399.7	15	0
2863.56	3346733	821059	3346733	14056247296	9743028224	403.7	15	0
2864.56	3346733	821059	3346733	14056251392	9743028224	399.7	15	0
2865.57	3346733	821059	3346733	14056751104	9743028224	399.7	15	0
2866.57	3346733	821059	3346733	14056771584	9743028224	403.7	15	0
2867.58	3346733	821059	3346733	14056517632	9743028224	399.7	15	0
2868.58	3346733	821059	3346733	14056763392	9743028224	403.6	15	0
2869.58	3346733	821059	3346733	14056505344	9743028224	399.8	15	0
2870.59	3346733	821059	3346733	14056337408	9743028224	403.7	15	0
2871.59	3346733	821059	3346733	14056542208	9743028224	399.7	15	0
2872.60	3346733	821059	3346733	14056472576	9743028224	399.7	15	0
2873.60	3346733	821059	3346733	14056595456	9743028224	403.7	15	0
2874.60	3346733	821059	3346733	14057054208	9743028224	399.7	15	0
2875.61	3346733	821059	3346733	14056968192	9743028224	403.6	15	0
2876.61	3346733	821059	3346733	14056955904	9743028224	399.7	15	0
2877.62	3346733	821059	3346733	14056472576	9743028224	399.9	15	0
2878.62	3346733	821059	3346733	14056718336	9743028224	403.7	15	0
2879.62	3346733	821059	3346733	14056632320	9743028224	399.6	15	0
2880.63	3346733	821059	3346733	14056370176	9743028224	403.7	15	0
2881.63	3346733	821059	3346733	14056157184	9743028224	399.8	15	0
2882.64	3346733	821059	3346733	14056587264	9743028224	399.7	15	0
2883.64	3346733	821059	3346733	14056730624	9743028224	403.7	15	0
2884.65	3346733	821059	3346733	14057242624	9743028224	399.8	15	0
2885.65	3346733	821059	3346733	14056861696	9743028224	403.5	15	0
2886.65	3346733	821059	3346733	14056943616	9743028224	399.7	15	0
2887.66	3346733	821059	3346733	14056914944	9743028224	403.7	15	0
2888.66	3346733	821059	3346733	14056669184	9743028224	399.8	15	0
2889.67	3346733	821059	3346733	14057152512	9743028224	399.7	15	0
2890.67	3346733	821059	3346733	14057447424	9743028224	403.8	15	0
2891.67	3346733	821059	3346733	14056534016	9743028224	399.8	15	0
2892.68	3346733	821059	3346733	14056587264	9743028224	403.7	15	0
2893.68	3346733	821059	3346733	14056415232	9743028224	399.6	15	0
2894.69	3346733	821059	3346733	14056927232	9743028224	399.8	15	0
2895.69	3346733	821059	3346733	14056452096	9743028224	403.7	15	0
2896.69	3346733	821059	3346733	14056902656	9743028224	399.7	15	0
2897.70	3346733	821059	3346733	14056755200	9743028224	403.7	15	0
2898.70	3346733	821059	3346733	14056808448	9743028224	399.6	15	0
2899.71	3346733	821059	3346733	14056521728	9743028224	399.7	15	0
2900.71	3346733	821059	3346733	14056542208	9743028224	403.6	15	0
2901.72	3346733	821059	3346733	14056198144	9743028224	399.6	15	0
2902.72	3346733	821059	3346733	14056722432	9743028224	403.7	15	0
2903.72	3346733	821059	3346733	14056239104	9743028224	399.6	15	0
2904.73	3346733	821059	3346733	14056480768	9743028224	403.7	15	0
2905.73	3346733	821059	3346733	14056783872	9743028224	399.7	15	0
2906.74	3346733	821059	3346733	14056837120	9743028224	399.7	15	0
2907.74	3346733	821059	3346733	14056599552	9743028224	403.6	15	0
2908.74	3346733	821059	3346733	14056828928	9743028224	399.8	15	0
2909.75	3346733	821059	3346733	14056345600	9743028224	403.6	15	0
2910.75	3346733	821059	3346733	14056370176	9743028224	399.8	15	0
2911.76	3346733	821059	3346733	14056644608	9743028224	399.7	15	0
2912.76	3346733	821059	3346733	14056140800	9743028224	403.7	15	0
2913.76	3346733	821059	3346733	14056312832	9743028224	399.7	15	0
2914.77	3346733	821059	3346733	14056280064	9743028224	403.7	15	0
2915.77	3346733	821059	3346733	14056247296	9743028224	399.7	15	0
2916.78	3346733	821059	3346733	14056464384	9743028224	399.9	15	0
2917.78	3346733	821059	3346733	14056660992	9743028224	403.7	15	0
2918.79	3346733	821059	3346733	14056337408	9743028224	399.8	15	0
2919.79	3346733	821059	3346733	14056857600	9743028224	403.6	15	0
2920.79	3346733	821059	3346733	14056751104	9743028224	399.7	15	0
2921.80	3346733	821059	3346733	14056108032	9743028224	399.8	15	0
2922.80	3346733	821059	3346733	14056079360	9743028224	403.7	15	0
2923.81	3346733	821059	3346733	14056333312	9743028224	399.8	15	0
2924.81	3346733	821059	3346733	14055723008	9743028224	403.7	15	0
2925.81	3346733	821059	3346733	14055636992	9743028224	399.7	15	0
2926.82	3346733	821059	3346733	14056136704	9743028224	403.8	15	0
2927.82	3346733	821059	3346733	14055878656	9743028224	399.7	15	0
2928.83	3346733	821059	3346733	14056214528	9743028224	399.8	15	0
2929.83	3346733	821059	3346733	14055927808	9743028224	403.7	15	0
2930.83	3346733	821059	3346733	14056181760	9743028224	399.6	15	0
2931.84	3346733	821059	3346733	14056235008	9743028224	403.7	15	0
2932.84	3346733	825646	3346733	10862526464	6550720512	116.6	10	0
2933.85	3346733	831678	3346733	10868813824	6550720512	103.7	10	0
2934.85	3346733	837682	3346733	10875289600	6550720512	104.7	10	0
2935.85	3346733	843687	3346733	10881183744	6550720512	103.7	10	0
2936.86	3346733	849703	3346733	10888011776	6550720512	104.7	10	0
2937.86	3346733	855717	3346733	10893549568	6550720512	103.6	10	0
