t_s	temp_kb	out_kb	converted_kb	mem_bytes	anon_bytes	cpu_pct	pids	fifos
0.00	0	0	0	6422528	323584	65.0	2	0
1.00	0	0	0	647241728	631934976	98.3	2	0
2.01	0	0	0	897540096	873795584	101.0	2	0
3.01	0	1	0	1339813888	1308925952	100.0	2	0
4.02	0	1	0	1718988800	1678430208	101.0	2	0
5.02	0	1	0	2038030336	1996025856	100.0	2	0
6.02	0	1	0	2489700352	2446950400	101.1	2	0
7.03	0	1	0	2615152640	2571685888	100.0	2	0
8.03	0	2	0	4099375104	4048351232	148.0	30	8
9.04	0	2	0	11442593792	11377475584	402.8	30	8
10.04	0	86	0	15814778880	15730302976	893.6	50	8
11.05	0	285	0	15838134272	15753375744	1637.6	50	8
12.05	0	418	0	15853858816	15770181632	1621.6	50	8
13.06	0	567	0	15878717440	15793328128	1635.4	50	8
14.06	0	767	0	15907315712	15821365248	1435.7	50	8
15.07	0	1347	0	15923417088	15837388800	1482.6	50	8
16.07	0	1645	0	15938433024	15852240896	1424.1	50	8
17.08	0	1645	0	15954313216	15868162048	1472.1	50	8
18.08	0	1728	0	15967629312	15880146944	1460.5	50	8
19.09	0	2489	0	15983042560	15894863872	1457.8	50	8
20.09	0	2489	0	15994777600	15907368960	1473.7	50	8
21.10	0	2489	0	16005799936	15918747648	1402.5	50	8
22.11	0	2869	0	16018141184	15930273792	1514.6	50	8
23.11	0	3167	0	16031399936	15943364608	1482.2	50	8
24.12	0	3167	0	16043028480	15955386368	1487.4	50	8
25.12	0	3167	0	16055947264	15968645120	1474.5	50	8
26.13	0	3167	0	16068108288	15981551616	1451.7	50	8
27.13	0	3167	0	16082829312	15996276736	1443.0	50	8
28.14	0	3167	0	16097812480	16010760192	1506.7	50	8
29.14	0	3167	0	16111607808	16024711168	1443.5	50	8
30.15	0	3167	0	16125517824	16038928384	1511.0	50	8
31.15	0	3647	0	16132853760	16046157824	1478.2	50	8
32.16	0	4011	0	16135634944	16047910912	1461.5	50	8
33.17	0	4011	0	16132263936	16044859392	1463.2	50	8
34.17	0	4011	0	16145920000	16058351616	1406.7	50	8
35.17	0	4011	0	16185090048	16097554432	1473.3	50	8
36.18	0	4011	0	16230662144	16143106048	1514.2	50	8
37.19	0	4011	0	16246038528	16158101504	1468.7	50	8
38.19	0	4011	0	16259809280	16171982848	1443.5	50	8
39.20	0	4856	0	16274698240	16185651200	1529.5	50	8
40.20	0	8269	0	16288772096	16196710400	1556.9	50	8
41.21	0	8269	0	16299663360	16207523840	1409.7	50	8
42.21	0	8269	0	16313241600	16220733440	1474.0	50	8
43.22	0	8269	0	16324677632	16231845888	1485.1	50	8
44.22	0	8269	0	16336527360	16244236288	1478.6	50	8
45.23	0	8269	0	16348348416	16256454656	1463.0	50	8
46.23	0	8269	0	16361238528	16268918784	1418.3	50	8
47.23	0	8269	0	16386306048	16293957632	1481.3	50	8
48.24	0	8650	0	16399380480	16307163136	1526.2	50	8
49.24	0	8650	0	16412057600	16319664128	1435.4	50	8
50.25	0	8650	0	16423231488	16331399168	1439.9	50	8
51.25	0	8650	0	16440778752	16348405760	1454.8	50	8
52.26	0	8650	0	16453382144	16360538112	1430.4	50	8
53.26	0	8650	0	16465776640	16372568064	1447.1	50	8
54.27	0	8650	0	16477626368	16384544768	1432.3	50	8
55.27	0	8650	0	16489873408	16396603392	1497.8	50	8
56.28	0	11387	0	16502726656	16406937600	1523.8	50	8
57.28	0	12907	0	16515440640	16417705984	1523.0	50	8
58.29	0	12907	0	16525635584	16428744704	1431.4	50	8
59.30	0	12907	0	16537194496	16439939072	1492.1	50	8
60.30	0	12907	0	16553152512	16456134656	1433.8	50	8
61.31	0	12907	0	16564371456	16467144704	1442.1	50	8
62.31	0	12907	0	16575324160	16477560832	1432.8	50	8
63.32	0	12907	0	16585498624	16488144896	1473.2	50	8
64.32	0	13138	0	16596844544	16498450432	1442.5	50	8
65.33	0	13270	0	16606310400	16509382656	1438.7	50	8
66.33	0	13270	0	16617832448	16520282112	1499.8	50	8
67.34	0	13270	0	16628543488	16531140608	1475.4	50	8
68.34	0	13270	0	16638140416	16541163520	1435.6	50	8
69.35	0	13270	0	16648290304	16551661568	1429.7	50	8
70.35	0	13270	0	16660389888	16562524160	1438.9	50	8
71.36	0	13270	0	16670806016	16573161472	1480.6	50	8
72.37	0	14870	0	16683356160	16583589888	1524.9	50	8
73.37	0	17481	0	16697712640	16594223104	1536.8	50	8
74.38	0	17498	0	16708546560	16605286400	1460.3	50	8
75.38	0	17498	0	16718864384	16615907328	1437.9	50	8
76.39	0	17498	0	16728518656	16626249728	1495.9	50	8
77.39	0	17498	0	16739086336	16636919808	1432.4	50	8
78.40	0	17498	0	16749527040	16647712768	1492.7	50	8
79.40	0	17498	0	16759832576	16658423808	1440.5	50	8
80.41	0	17498	0	16770879488	16668733440	1446.5	50	8
81.41	0	17876	0	16782094336	16679387136	1488.4	50	8
82.42	0	17876	0	16792797184	16689684480	1447.1	50	8
83.42	0	17876	0	16803307520	16699908096	1450.6	50	8
84.43	0	17876	0	16813895680	16710545408	1465.2	50	8
85.43	0	17876	0	16824537088	16721031168	1465.4	50	8
86.44	0	17876	0	16835407872	16731938816	1435.2	50	8
87.44	0	17876	0	16845873152	16742699008	1505.8	50	8
88.45	0	17876	0	16856100864	16753045504	1469.8	50	8
89.45	0	19773	0	16868515840	16763473920	1517.4	50	8
90.46	0	22003	0	16881762304	16774262784	1491.3	50	8
91.46	0	22003	0	16893411328	16785248256	1430.5	50	8
92.47	0	22003	0	16904507392	16795942912	1484.2	50	8
93.48	0	22003	0	16914423808	16807780352	1458.6	50	8
94.48	0	22003	0	16926273536	16818540544	1469.5	50	8
95.49	0	22003	0	16936730624	16829329408	1439.2	50	8
96.49	0	22003	0	16947650560	16840257536	1436.7	50	8
97.50	0	22003	0	16957657088	16850964480	1560.9	50	8
98.50	0	22383	0	16968507392	16860934144	1421.6	50	8
99.51	0	22383	0	16979832832	16871350272	1415.2	50	8
100.51	0	22383	0	16989954048	16882040832	1445.9	50	8
101.52	0	22383	0	17000345600	16892710912	1438.2	50	8
102.52	0	22383	0	17011384320	16903647232	1381.4	50	8
103.53	0	22383	0	17022443520	16914608128	1474.6	50	8
104.53	0	22383	0	17033478144	16925265920	1422.0	50	8
105.54	0	23158	0	17044729856	16935927808	1545.6	50	8
106.54	0	25252	0	17055875072	16944640000	1477.6	50	8
107.55	0	26655	0	17058160640	16946073600	1480.9	50	8
108.55	0	26655	0	17058250752	16946163712	1462.5	50	8
109.56	0	26655	0	17057931264	16946196480	1460.9	50	8
110.56	0	26655	0	17058144256	16946204672	1407.4	50	8
111.57	0	26655	0	17058185216	16946237440	1447.1	50	8
112.58	0	26655	0	17057910784	16946241536	1437.8	50	8
113.58	0	26655	0	17058045952	16946262016	1460.3	50	8
114.59	0	27035	0	17058697216	16946282496	1461.4	50	8
115.59	0	27035	0	17059078144	16946601984	1403.4	50	8
116.60	0	27035	0	17058967552	16946634752	1445.3	50	8
117.60	0	27035	0	17059110912	16946679808	1454.5	50	8
118.61	0	27035	0	17058856960	16946692096	1478.9	50	8
119.61	0	27035	0	17059364864	16946716672	1456.7	50	8
120.62	0	27035	0	17059008512	16946757632	1431.2	50	8
121.62	0	27035	0	17059381248	16946790400	1477.3	50	8
122.63	0	29050	0	17065820160	16950792192	1523.7	50	8
123.63	0	31245	0	17067393024	16950870016	1492.7	50	8
124.64	0	31245	0	17067819008	16950882304	1479.0	50	8
125.64	0	31245	0	17073770496	16955969536	1438.3	50	8
126.65	0	31245	0	17084309504	16967045120	1409.6	50	8
127.65	0	31245	0	17095372800	16977776640	1489.4	50	8
128.66	0	31245	0	17105367040	16988717056	1550.5	50	8
129.66	0	31245	0	17117712384	17000366080	1451.9	50	8
130.67	0	31245	0	17127813120	17011048448	1430.3	50	8
131.67	0	31607	0	17139011584	17021337600	1427.7	50	8
132.68	0	31607	0	17148633088	17031553024	1425.8	50	8
133.68	0	31607	0	17159991296	17042087936	1495.6	50	8
134.69	0	31607	0	17169821696	17052872704	1421.3	50	8
135.69	0	31607	0	17181450240	17063735296	1451.7	50	8
136.70	0	31607	0	17191313408	17074675712	1423.5	50	8
137.71	0	31607	0	17202614272	17085247488	1432.4	50	8
138.71	0	31607	0	17213272064	17095663616	1442.0	50	8
139.72	0	33096	0	17225621504	17106001920	1522.5	50	8
140.72	0	35820	0	17239302144	17116344320	1527.1	50	8
141.73	0	35820	0	17248444416	17126645760	1425.6	50	8
142.73	0	35820	0	17259495424	17137283072	1432.4	50	8
143.74	0	35820	0	17269972992	17147633664	1503.5	50	8
144.74	0	35820	0	17435340800	17313083392	1431.5	50	8
145.75	0	35820	0	17291669504	17168961536	1389.7	50	8
146.75	0	35820	0	17301782528	17180053504	1422.0	50	8
147.76	0	35820	0	17312423936	17192853504	1425.1	50	8
148.76	0	36216	0	17323466752	17203474432	1507.5	50	8
149.77	0	36216	0	17334603776	17214636032	1464.5	50	8
150.77	0	36216	0	17345048576	17225572352	1417.3	50	8
151.78	0	36216	0	17356054528	17236480000	1418.4	50	8
152.78	0	36216	0	17367400448	17247129600	1440.7	50	8
153.79	0	36216	0	17377771520	17257775104	1404.6	50	8
154.79	0	36216	0	17388322816	17268408320	1409.7	50	8
155.80	0	36216	0	17399549952	17279451136	1508.0	50	8
156.80	0	39175	0	17414184960	17289920512	1524.0	50	8
157.81	0	40496	0	17425158144	17300070400	1533.1	50	8
158.81	0	40496	0	17434738688	17310859264	1485.6	50	8
159.82	0	40496	0	17447096320	17321836544	1450.8	50	8
160.82	0	40496	0	17457532928	17332690944	1427.0	50	8
161.83	0	40496	0	17468444672	17343750144	1380.8	50	8
162.83	0	40496	0	17479880704	17355018240	1419.5	50	8
163.84	0	40496	0	17490964480	17365868544	1481.2	50	8
164.84	0	40496	0	17501417472	17377001472	1476.9	50	8
165.85	0	40907	0	17513484288	17387823104	1431.9	50	8
166.86	0	40907	0	17524477952	17398407168	1472.1	50	8
167.86	0	40907	0	17534754816	17409183744	1442.9	50	8
168.87	0	40907	0	17545662464	17419943936	1469.7	50	8
169.87	0	40907	0	17556770816	17431076864	1437.0	50	8
170.88	0	40907	0	17567805440	17442123776	1506.2	50	8
171.88	0	40907	0	17578737664	17453015040	1477.7	50	8
172.89	0	40907	0	17589121024	17463558144	1434.4	50	8
173.89	0	43912	0	17603661824	17473986560	1560.8	50	8
174.90	0	45200	0	17615577088	17485045760	1522.2	50	8
175.90	0	45200	0	17626943488	17495797760	1408.7	50	8
176.91	0	45200	0	17637244928	17506619392	1479.0	50	8
177.91	0	45200	0	17647603712	17517264896	1452.6	50	8
178.92	0	45200	0	17658155008	17528004608	1454.5	50	8
179.92	0	45200	0	17669513216	17538871296	1480.8	50	8
180.93	0	45200	0	17679036416	17549750272	1456.7	50	8
181.93	0	45200	0	17977167872	17847115776	1477.3	50	8
182.94	0	45595	0	17699180544	17567924224	1511.3	50	8
183.95	0	45595	0	17709801472	17579159552	1510.2	50	8
184.95	0	45595	0	17721618432	17590042624	1460.5	50	8
185.96	0	45595	0	17732186112	17600946176	1452.8	50	8
186.96	0	45595	0	17742856192	17611739136	1420.3	50	8
187.97	0	45595	0	17753477120	17622564864	1442.4	50	8
188.97	0	45595	0	17764786176	17633439744	1418.4	50	8
189.98	0	45595	0	17776029696	17644331008	1465.8	50	8
190.98	0	49341	0	17789923328	17654362112	1505.3	50	8
191.99	0	49871	0	17801117696	17665024000	1474.4	50	8
192.99	0	49871	0	17811517440	17675894784	1436.2	50	8
194.00	0	49871	0	17822572544	17687142400	1442.8	50	8
195.00	0	49871	0	17833844736	17698050048	1481.9	50	8
196.01	0	49871	0	17844539392	17709334528	1491.6	50	8
197.01	0	49871	0	17854943232	17719869440	1462.2	50	8
198.02	0	49871	0	17866633216	17730547712	1458.4	50	8
199.02	0	49871	0	17877184512	17741611008	1398.4	50	8
200.03	0	50267	0	17888571392	17752723456	1490.3	50	8
201.04	0	50267	0	17900429312	17763917824	1444.3	50	8
202.04	0	50267	0	17911599104	17774804992	1433.6	50	8
203.05	0	50267	0	17922924544	17785819136	1465.4	50	8
204.05	0	50267	0	17933422592	17797013504	1424.7	50	8
205.05	0	50267	0	17944010752	17807876096	1428.0	50	8
206.06	0	50267	0	17955889152	17819086848	1427.6	50	8
207.06	0	50267	0	17967165440	17830268928	1471.5	50	8
208.07	0	52164	0	17979621376	17841414144	1558.9	50	8
209.08	0	52164	0	17992548352	17854005248	1488.4	50	8
210.08	0	52164	0	18004660224	17866776576	1422.8	50	8
211.09	0	52164	0	18017804288	17879511040	1459.1	50	8
212.09	0	52164	0	18030964736	17892306944	1434.0	50	8
213.10	0	52164	0	18043957248	17904975872	1456.9	50	8
214.10	0	52164	0	18055524352	17917460480	1503.3	50	8
215.11	0	52164	0	18067886080	17929527296	1478.4	50	8
216.11	0	52164	0	18079473664	17941434368	1455.9	50	8
217.12	0	54857	0	18093719552	17952387072	1511.2	50	8
218.12	0	54857	0	18103873536	17963110400	1462.0	50	8
219.13	0	54857	0	18114265088	17973645312	1474.0	50	8
220.13	0	54857	0	18125881344	17984524288	1433.1	50	8
221.14	0	54857	0	18136748032	17995591680	1465.7	50	8
222.14	0	54857	0	18148007936	18006626304	1428.8	50	8
223.15	0	54857	0	18158579712	18017939456	1435.1	50	8
224.15	0	55254	0	18171293696	18029060096	1529.4	50	8
225.16	0	56788	0	18184294400	18040745984	1546.9	50	8
226.16	0	56788	0	18195763200	18052751360	1431.0	50	8
227.17	0	56788	0	18208432128	18064580608	1491.0	50	8
228.17	0	56788	0	18220359680	18076524544	1462.5	50	8
229.18	0	56788	0	18233049088	18090831872	1472.6	50	8
230.18	0	56788	0	18245046272	18103361536	1418.9	50	8
231.19	0	56788	0	18257510400	18115858432	1475.4	50	8
232.19	0	56788	0	18269769728	18128392192	1441.6	50	8
233.20	0	57514	0	18282676224	18140684288	1534.4	50	8
234.20	0	59509	0	18296213504	18151350272	1533.7	50	8
235.21	0	59509	0	18308100096	18162577408	1438.7	50	8
236.22	0	59509	0	18318475264	18173652992	1479.0	50	8
237.22	0	59509	0	18329071616	18184867840	1510.5	50	8
238.23	0	59509	0	18340548608	18196140032	1477.1	50	8
239.23	0	59509	0	18352095232	18207358976	1430.8	50	8
240.24	0	59509	0	18362449920	18218336256	1454.6	50	8
241.24	0	59791	0	18373902336	18229112832	1462.7	50	8
242.25	0	61428	0	18387484672	18239946752	1481.3	50	8
243.26	0	61428	0	18396925952	18250719232	1448.6	50	8
244.26	0	61428	0	18407608320	18261278720	1496.1	50	8
245.27	0	61428	0	18418462720	18271842304	1410.0	50	8
246.27	0	61428	0	18428588032	18282344448	1483.6	50	8
247.28	0	61428	0	18440269824	18293059584	1453.8	50	8
248.28	0	61428	0	18450251776	18303578112	1573.9	50	8
249.29	0	61428	0	18461462528	18314530816	1473.1	50	8
250.29	0	61428	0	18471702528	18325073920	1362.6	50	8
251.30	0	64102	0	18486579200	18336534528	1503.2	50	8
252.30	0	64102	0	18496831488	18347474944	1476.8	50	8
253.31	0	64102	0	18507898880	18358575104	1474.3	50	8
254.31	0	64102	0	18518437888	18369867776	1485.8	50	8
255.32	0	64102	0	18530439168	18381017088	1421.7	50	8
256.33	0	64102	0	18540974080	18391633920	1518.0	50	8
257.33	0	64102	0	19163615232	19012976640	1452.3	50	8
258.34	0	64102	0	18556174336	18407505920	1434.4	50	8
259.34	0	66002	0	18569269248	18418352128	1490.9	50	8
260.34	0	66002	0	18581127168	18429489152	1433.2	50	8
261.35	0	66002	0	18591129600	18440630272	1419.8	50	8
262.35	0	66002	0	18602672128	18451755008	1458.3	50	8
263.36	0	66002	0	18613501952	18462814208	1475.5	50	8
264.37	0	66002	0	18624704512	18473349120	1434.1	50	8
265.37	0	66002	0	18635997184	18484109312	1430.2	50	8
266.38	0	66002	0	18646405120	18495262720	1497.5	50	8
267.38	0	66002	0	18658033664	18506100736	1483.1	50	8
268.39	0	68742	0	18670915584	18516930560	1515.3	50	8
269.39	0	68742	0	18681278464	18527506432	1453.0	50	8
270.40	0	68742	0	18692833280	18538262528	1438.9	50	8
271.40	0	68742	0	18703208448	18549346304	1405.6	50	8
272.41	0	68742	0	18714738688	18560409600	1486.3	50	8
273.41	0	68742	0	18726055936	18571395072	1476.0	50	8
274.42	0	68742	0	18736197632	18581917696	1454.4	50	8
275.43	0	69038	0	18747228160	18592432128	1443.3	50	8
276.43	0	70687	0	18759778304	18603257856	1490.4	50	8
277.44	0	70687	0	18770264064	18614177792	1397.3	50	8
278.44	0	70687	0	18780958720	18624835584	1457.4	50	8
279.44	0	70687	0	18790969344	18634977280	1433.0	50	8
280.45	0	70687	0	18801995776	18645819392	1452.5	50	8
281.46	0	70687	0	18812936192	18656522240	1453.9	50	8
282.46	0	70687	0	18823782400	18667479040	1461.7	50	8
283.47	0	70687	0	18834407424	18678337536	1428.7	50	8
284.47	0	70687	0	18846126080	18688835584	1423.7	50	8
285.48	0	73432	0	18859106304	18699104256	1522.0	50	8
286.48	0	73432	0	18870169600	18710155264	1462.3	50	8
287.49	0	73432	0	18880364544	18720792576	1447.1	50	8
288.49	0	73432	0	18891489280	18731798528	1437.2	50	8
289.50	0	73432	0	18902990848	18742910976	1432.4	50	8
290.50	0	73432	0	18913009664	18753384448	1464.1	50	8
291.51	0	73432	0	18922680320	18763784192	1495.1	50	8
292.51	0	73432	0	18931208192	18772566016	1495.8	50	8
293.52	0	75395	0	18943377408	18781696000	1480.3	50	8
294.52	0	75395	0	18952126464	18790932480	1493.1	50	8
295.53	0	75395	0	18961670144	18801049600	1523.5	50	8
296.53	0	75395	0	18972184576	18811387904	1388.5	50	8
297.54	0	75395	0	18984398848	18822307840	1463.1	50	8
298.54	0	75395	0	18995286016	18833461248	1470.4	50	8
299.54	0	75395	0	19005014016	18843783168	1447.7	50	8
300.55	0	75395	0	19015098368	18853851136	1451.2	50	8
301.55	0	75395	0	19025825792	18864537600	1446.8	50	8
302.56	0	75808	0	19038355456	18875629568	1491.1	50	8
303.56	0	78122	0	19050594304	18886369280	1555.0	50	8
304.57	0	78122	0	19061903360	18897494016	1483.3	50	8
305.57	0	78122	0	19073290240	18908422144	1471.6	50	8
306.58	0	78122	0	19084574720	18919735296	1433.1	50	8
307.58	0	78122	0	19095085056	18930397184	1450.9	50	8
308.59	0	78122	0	19106238464	18941468672	1492.4	50	8
309.59	0	78122	0	19118452736	18952429568	1495.5	50	8
310.60	0	80037	0	19130580992	18963496960	1563.9	50	8
311.60	0	80037	0	19141812224	18974629888	1499.1	50	8
312.61	0	80037	0	19153424384	18985807872	1502.8	50	8
313.61	0	80037	0	19164659712	18996768768	1450.4	50	8
314.62	0	80037	0	19174842368	19007602688	1464.8	50	8
315.62	0	80037	0	19186565120	19018772480	1423.3	50	8
316.63	0	80037	0	19197435904	19029848064	1490.2	50	8
317.63	0	80037	0	19207790592	19040563200	1467.8	50	8
318.64	0	80037	0	19218509824	19051397120	1458.7	50	8
319.64	0	80631	0	19230633984	19062386688	1475.2	50	8
320.65	0	82779	0	19242938368	19072925696	1547.1	50	8
321.65	0	82779	0	19253436416	19083354112	1471.6	50	8
322.66	0	82779	0	19264450560	19094278144	1407.8	50	8
323.66	0	82779	0	19274723328	19105181696	1436.1	50	8
324.67	0	82779	0	19286499328	19116236800	1508.4	50	8
325.67	0	82779	0	19296759808	19127078912	1552.8	50	8
326.68	0	82779	0	19307622400	19138052096	1450.2	50	8
327.68	0	83836	0	19319840768	19149225984	1414.6	50	8
328.69	0	84710	0	19331784704	19160203264	1453.6	50	8
329.69	0	84710	0	19343151104	19171287040	1420.6	50	8
330.70	0	84710	0	19354427392	19181973504	1426.6	50	8
331.70	0	84710	0	19364282368	19194974208	1504.4	50	8
332.71	0	84710	0	19375419392	19205521408	1472.1	50	8
333.71	0	84710	0	19386023936	19216478208	1456.1	50	8
334.72	0	84710	0	19397742592	19227623424	1438.5	50	8
335.73	0	84710	0	19409371136	19239100416	1429.9	50	8
336.73	0	84710	0	19420794880	19250270208	1446.1	50	8
337.74	0	87438	0	19433988096	19261042688	1545.6	50	8
338.74	0	87438	0	19444264960	19271794688	1483.8	50	8
339.75	0	87438	0	19455377408	19283185664	1422.3	50	8
340.75	0	87438	0	19467939840	19294384128	1414.9	50	8
341.76	0	87438	0	19478626304	19305603072	1461.4	50	8
342.76	0	87438	0	19489247232	19316805632	1434.5	50	8
343.77	0	87438	0	19500036096	19327545344	1442.0	50	8
344.77	0	87438	0	19511324672	19338289152	1440.5	50	8
345.78	0	89366	0	19524800512	19349127168	1469.9	50	8
346.78	0	89366	0	19534852096	19359895552	1514.1	50	8
347.78	0	89366	0	19546316800	19370725376	1508.0	50	8
348.79	0	89366	0	19556495360	19381190656	1495.8	50	8
349.79	0	89366	0	19567190016	19391885312	1418.1	50	8
350.80	0	89366	0	19579170816	19402858496	1412.7	50	8
351.80	0	89366	0	19589193728	19413970944	1503.4	50	8
352.81	0	89366	0	19600613376	19425251328	1458.9	50	8
353.82	0	90452	0	19612758016	19435978752	1467.0	50	8
354.82	0	92112	0	19625590784	19446579200	1527.9	50	8
355.83	0	92112	0	19636924416	19457474560	1495.9	50	8
356.83	0	92112	0	19646742528	19468574720	1462.5	50	8
357.83	0	92112	0	19657297920	19479433216	1538.7	50	8
358.84	0	92112	0	19669147648	19490865152	1450.3	50	8
359.84	0	92112	0	19680743424	19502723072	1432.4	50	8
360.85	0	92112	0	19692441600	19514232832	1442.4	50	8
361.85	0	94056	0	19705700352	19525033984	1529.4	50	8
362.86	0	94056	0	19716521984	19536441344	1457.7	50	8
363.86	0	94056	0	19727138816	19547713536	1428.5	50	8
364.87	0	94056	0	19739320320	19558920192	1479.5	50	8
365.88	0	94056	0	19750457344	19570147328	1510.7	50	8
366.88	0	94056	0	19761647616	19581485056	1456.9	50	8
367.89	0	94056	0	19772624896	19592597504	1453.6	50	8
368.89	0	94056	0	19783991296	19603304448	1449.3	50	8
369.90	0	94056	0	19794620416	19614302208	1499.6	50	8
370.90	0	96805	0	19808256000	19624841216	1608.9	50	8
371.91	0	96805	0	19818733568	19635568640	1494.6	50	8
372.91	0	96805	0	19829653504	19646369792	1423.9	50	8
373.92	0	96805	0	19840626688	19657084928	1434.0	50	8
374.92	0	96805	0	19851321344	19667558400	1437.0	50	8
375.93	0	96805	0	19862429696	19678576640	1524.9	50	8
376.93	0	96805	0	19873308672	19689238528	1443.0	50	8
377.94	0	97002	0	19884433408	19700277248	1440.1	50	8
378.94	0	98730	0	19897438208	19711070208	1530.6	50	8
379.95	0	98730	0	19907039232	19721998336	1486.0	50	8
380.96	0	98730	0	19917996032	19732709376	1433.1	50	8
381.96	0	98730	0	19929677824	19743973376	1458.5	50	8
382.97	0	98730	0	19941253120	19755364352	1478.4	50	8
383.97	0	98730	0	19951972352	19766525952	1466.5	50	8
384.97	0	98730	0	19964608512	19777818624	1454.6	50	8
385.98	0	98730	0	19975065600	19788537856	1446.2	50	8
386.99	0	98730	0	19985858560	19799261184	1459.5	50	8
387.99	0	100903	0	19998404608	19809976320	1522.9	50	8
388.99	0	101396	0	20009394176	19820797952	1441.7	50	8
390.00	0	101396	0	20020658176	19831488512	1423.1	50	8
391.01	0	101396	0	20030541824	19842117632	1435.4	50	8
392.01	0	101396	0	20040732672	19852505088	1435.9	50	8
393.01	0	101396	0	20051951616	19863322624	1436.0	50	8
394.02	0	101396	0	20063363072	19874500608	1435.2	50	8
395.02	0	101396	0	20073750528	19885477888	1420.0	50	8
396.03	0	102956	0	20086833152	19896299520	1500.4	50	8
397.03	0	103252	0	20097445888	19906875392	1436.0	50	8
398.04	0	103252	0	20108328960	19918041088	1415.3	50	8
399.04	0	103252	0	20119715840	19929128960	1447.3	50	8
400.05	0	103252	0	20130201600	19939864576	1452.8	50	8
401.05	0	103252	0	20141408256	19950428160	1489.4	50	8
402.06	0	103252	0	20152721408	19961409536	1452.2	50	8
403.07	0	103252	0	20163325952	19972317184	1466.8	50	8
404.07	0	103252	0	20174147584	19985522688	1447.7	50	8
405.08	0	104421	0	20187750400	19996811264	1475.3	50	8
406.08	0	105919	0	20199514112	20007919616	1496.6	50	8
407.08	0	105919	0	21923725312	21728923648	1436.5	50	8
408.09	0	105919	0	20207992832	20016898048	1427.8	50	8
409.09	0	105919	0	20220194816	20028211200	1461.7	50	8
410.10	0	105919	0	20231925760	20039303168	1404.4	50	8
411.10	0	105919	0	20242919424	20050415616	1461.4	50	8
412.11	0	105919	0	20253691904	20061163520	1428.2	50	8
413.11	0	106412	0	20264947712	20072263680	1440.5	50	8
414.12	0	107760	0	20277825536	20083666944	1517.9	50	8
415.12	0	107760	0	20287619072	20094259200	1468.3	50	8
416.13	0	107760	0	20297011200	20103180288	1419.3	50	8
417.13	0	107760	0	20303028224	20108894208	1434.3	50	8
418.14	0	107760	0	20308041728	20114137088	1395.3	50	8
419.14	0	107760	0	20315250688	20121624576	1478.5	50	8
420.15	0	107760	0	20322668544	20129079296	1445.0	50	8
421.15	0	107760	0	20331245568	20137754624	1416.0	50	8
422.16	0	107760	0	20341841920	20147920896	1415.6	50	8
423.16	0	110259	0	20354732032	20157837312	1535.0	50	8
424.17	0	110423	0	20366241792	20168638464	1428.3	50	8
425.17	0	110423	0	20376616960	20179451904	1470.4	50	8
426.18	0	110423	0	20387147776	20190474240	1453.1	50	8
427.18	0	110423	0	20398026752	20201308160	1460.4	50	8
428.19	0	110423	0	20408221696	20212039680	1397.1	50	8
429.20	0	110423	0	20418752512	20222472192	1493.2	50	8
430.20	0	110423	0	20429148160	20232892416	1466.0	50	8
431.21	0	112326	0	20442742784	20243439616	1506.5	50	8
432.21	0	112326	0	20453163008	20254281728	1393.8	50	8
433.22	0	112326	0	20464955392	20265885696	1475.8	50	8
434.22	0	112326	0	20476563456	20277256192	1473.2	50	8
435.23	0	112326	0	20487127040	20288180224	1492.4	50	8
436.23	0	112326	0	20498399232	20299804672	1425.7	50	8
437.24	0	112326	0	20509859840	20311298048	1434.0	50	8
438.24	0	112326	0	20520923136	20322492416	1432.8	50	8
439.25	0	112326	0	20532817920	20333985792	1427.0	50	8
440.25	0	112703	0	20545417216	20345470976	1457.2	50	8
441.26	0	114361	0	20557856768	20356726784	1499.2	50	8
442.26	0	114361	0	20568805376	20367777792	1457.0	50	8
443.27	0	114361	0	20577808384	20377559040	1460.2	50	8
444.27	0	114361	0	20588683264	20387758080	1469.3	50	8
445.27	0	114361	0	20599611392	20398555136	1459.8	50	8
446.28	0	114361	0	20611047424	20409774080	1443.6	50	8
447.28	0	114361	0	20622159872	20420743168	1485.6	50	8
448.29	0	114361	0	20632965120	20432330752	1398.3	50	8
449.29	0	114361	0	20645949440	20445081600	1440.5	50	8
450.30	0	114361	0	20659290112	20458168320	1489.6	50	8
451.30	0	114361	0	20671660032	20471197696	1518.1	50	8
452.31	0	114361	0	20684128256	20484001792	1446.2	50	8
453.31	0	114361	0	20696752128	20496482304	1413.7	50	8
454.31	0	114361	0	20710236160	20509437952	1415.3	50	8
455.32	0	114361	0	20722814976	20521934848	1388.3	50	8
456.32	0	114361	0	20735438848	20534603776	1470.4	50	8
457.33	0	114361	0	20748427264	20547706880	1464.9	50	8
458.34	0	114361	0	20762267648	20561207296	1470.3	50	8
459.34	0	114361	0	20774785024	20574048256	1456.6	50	8
460.35	0	114361	0	20788899840	20587839488	1436.5	50	8
461.35	0	114361	0	20801798144	20601298944	1387.0	50	8
462.36	0	114361	0	20816326656	20615401472	1524.1	50	8
463.36	0	114361	0	20831076352	20630188032	1502.5	50	8
464.37	0	114361	0	20845064192	20644696064	1468.3	50	8
465.37	0	114361	0	20860661760	20659359744	1464.1	50	8
466.38	0	114361	0	20874240000	20673609728	1470.5	50	8
467.38	0	114361	0	20890402816	20688769024	1508.8	50	8
468.39	0	114361	0	20903960576	20702437376	1460.9	50	8
469.39	0	114361	0	20917784576	20716535808	1449.9	50	8
470.40	0	114361	0	20933398528	20731686912	1511.6	50	8
471.40	0	114361	0	20947623936	20746362880	1471.8	50	8
472.41	0	114361	0	20961214464	20760231936	1399.4	50	8
473.41	0	114361	0	20975992832	20774326272	1486.6	50	8
474.42	0	114361	0	20989120512	20788310016	1470.0	50	8
475.42	0	114361	0	21004345344	20802461696	1434.6	50	8
476.43	0	114361	0	21016969216	20816080896	1442.4	50	8
477.43	0	114361	0	21031321600	20830183424	1405.8	50	8
478.43	0	114361	0	21044740096	20843991040	1445.3	50	8
479.44	0	114361	0	21059407872	20857978880	1425.0	50	8
480.44	0	114361	0	21073973248	20871983104	1457.3	50	8
481.45	0	114361	0	21087522816	20886028288	1498.5	50	8
482.45	0	114361	0	21101826048	20899921920	1400.0	50	8
483.46	0	114361	0	21115428864	20913774592	1417.3	50	8
484.46	0	114361	0	21129981952	20928438272	1483.3	50	8
485.47	0	114361	0	21143113728	20943925248	1407.1	50	8
486.47	0	114361	0	21157314560	20957798400	1462.4	50	8
487.48	0	114361	0	21170892800	20972060672	1453.1	50	8
488.48	0	114361	0	21186953216	20986335232	1465.8	50	8
489.49	0	114361	0	21200187392	20999987200	1432.0	50	8
490.50	0	114361	0	21215350784	21014437888	1480.7	50	8
491.50	0	114361	0	21228920832	21028675584	1419.9	50	8
492.50	0	114361	0	21241139200	21042606080	1447.2	50	8
493.51	0	114361	0	21256843264	21056647168	1460.2	50	8
494.51	0	114361	0	21270417408	21070782464	1500.9	50	8
495.52	0	114361	0	21284962304	21084565504	1429.8	50	8
496.53	0	114361	0	21298343936	21098692608	1437.7	50	8
497.53	0	114361	0	21312991232	21112807424	1461.0	50	8
498.54	0	114361	0	21327093760	21126791168	1484.5	50	8
499.54	0	114361	0	21341536256	21140926464	1493.8	50	8
500.55	0	114361	0	21355495424	21154746368	1532.7	50	8
501.55	0	114361	0	21368094720	21168046080	1426.7	50	8
502.56	0	114361	0	21382369280	21181685760	1444.9	50	8
503.56	0	114361	0	21398003712	21196673024	1441.4	50	8
504.57	0	114361	0	21412556800	21211041792	1436.3	50	8
505.57	0	114361	0	21426319360	21225881600	1528.0	50	8
506.58	0	114361	0	21441282048	21240016896	1451.8	50	8
507.58	0	114361	0	21454536704	21254111232	1400.6	50	8
508.59	0	114361	0	21469302784	21268336640	1477.5	50	8
509.59	0	114361	0	21483888640	21282983936	1520.3	50	8
510.60	0	114361	0	21497786368	21297094656	1454.2	50	8
511.60	0	114361	0	21511786496	21311176704	1499.2	50	8
512.61	0	114361	0	21525893120	21325275136	1550.5	50	8
513.61	0	114361	0	21539282944	21339054080	1481.0	50	8
514.62	0	114361	0	21553840128	21352894464	1464.3	50	8
515.62	0	114361	0	21567938560	21366841344	1438.6	50	8
516.62	0	114361	0	21582417920	21380968448	1510.7	50	8
517.63	0	114361	0	21595967488	21395173376	1468.3	50	8
518.63	0	114361	0	21610663936	21409234944	1478.5	50	8
519.64	0	114361	0	21624532992	21423812608	1495.8	50	8
520.64	0	114361	0	21637513216	21437382656	1515.4	50	8
521.65	0	114361	0	21652553728	21451386880	1537.6	50	8
522.65	0	114361	0	21666312192	21465010176	1495.4	50	8
523.66	0	114361	0	21680156672	21478232064	1424.2	50	8
524.66	0	114361	0	21692764160	21491929088	1503.4	50	8
525.67	0	114361	0	21706993664	21506129920	1454.5	50	8
526.68	0	114361	0	21721309184	21520388096	1475.3	50	8
527.68	0	114361	0	21735976960	21534388224	1473.1	50	8
528.69	0	114361	0	21749878784	21548199936	1438.5	50	8
529.69	0	114361	0	21763088384	21561446400	1431.1	50	8
530.70	0	114361	0	21776510976	21575241728	1421.5	50	8
531.70	0	114361	0	21791240192	21589254144	1430.4	50	8
532.70	0	114361	0	21804412928	21603155968	1485.7	50	8
533.71	0	114361	0	21818335232	21617029120	1504.3	50	8
534.72	0	114361	0	21832728576	21631021056	1484.8	50	8
535.72	0	114361	0	21846175744	21644759040	1523.9	50	8
536.73	0	114361	0	21859659776	21657948160	1429.3	50	8
537.73	0	114361	0	21872472064	21671387136	1455.1	50	8
538.74	0	114361	0	21886410752	21685329920	1481.0	50	8
539.74	0	114361	0	21900656640	21698961408	1469.5	50	8
540.75	0	114361	0	21914939392	21712760832	1450.9	50	8
541.76	0	114361	0	21928341504	21726265344	1491.7	50	8
542.76	0	114361	0	21942820864	21741072384	1496.6	50	8
543.77	0	114361	0	21957251072	21755404288	1463.0	50	8
544.77	0	114361	0	21971681280	21769363456	1381.6	50	8
545.78	0	114361	0	21985816576	21783339008	1513.7	50	8
546.78	0	114361	0	21999591424	21797318656	1432.5	50	8
547.79	0	114361	0	22012370944	21810823168	1453.8	50	8
548.79	0	114361	0	22026907648	21825044480	1463.0	50	8
549.80	0	114361	0	22040449024	21839441920	1507.5	50	8
550.80	0	114361	0	22054694912	21853335552	1438.5	50	8
551.81	0	114361	0	22069964800	21867327488	1430.5	50	8
552.81	0	114361	0	22083366912	21881442304	1455.1	50	8
553.82	0	114361	0	22097813504	21895380992	1496.7	50	8
554.82	0	114361	0	22111207424	21909200896	1460.8	50	8
555.83	0	114361	0	22124056576	21922267136	1385.0	50	8
556.83	0	114361	0	22138421248	21936181248	1463.4	50	8
557.84	0	114361	0	22151614464	21950038016	1422.4	50	8
558.85	0	114361	0	22166290432	21963870208	1450.4	50	8
559.85	0	114361	0	22179344384	21977268224	1399.0	50	8
560.86	0	114361	0	22193594368	21991010304	1440.0	50	8
561.86	0	114361	0	22207696896	22005252096	1422.7	50	8
562.87	0	114361	0	22221037568	22019244032	1449.7	50	8
563.87	0	114361	0	22236123136	22033428480	1513.4	50	8
564.88	0	114361	0	22250713088	22047498240	1406.8	50	8
565.88	0	114361	0	22263230464	22061289472	1486.0	50	8
566.89	0	114361	0	22278037504	22075846656	1477.6	50	8
567.89	0	114361	0	22292156416	22089371648	1468.0	50	8
568.90	0	114361	0	22305603584	22103470080	1439.7	50	8
569.90	0	114361	0	22318841856	22116855808	1454.1	50	8
570.91	0	114361	0	22333317120	22130688000	1472.8	50	8
571.91	0	114361	0	22347067392	22144757760	1431.9	50	8
572.92	0	114361	0	22362181632	22159454208	1447.9	50	8
573.92	0	114361	0	22377168896	22173794304	1438.6	50	8
574.93	0	114361	0	22390808576	22187847680	1413.6	50	8
575.93	0	114361	0	22404579328	22202155008	1435.1	50	8
576.94	0	114361	0	22419677184	22217035776	1494.8	50	8
577.94	0	114361	0	22434004992	22233251840	1445.0	50	8
578.95	0	114361	0	22447992832	22247628800	1430.0	50	8
579.96	0	114361	0	22462697472	22261661696	1464.0	50	8
580.96	0	114361	0	22476275712	22275604480	1402.2	50	8
581.97	0	114361	0	22490349568	22289653760	1425.2	50	8
582.97	0	114361	0	22504685568	22304428032	1508.6	50	8
583.98	0	114361	0	22519234560	22318350336	1461.8	50	8
584.98	0	114361	0	22532481024	22332837888	1499.9	50	8
585.99	0	114361	0	22547423232	22346715136	1428.3	50	8
586.99	0	114361	0	22561804288	22361124864	1507.9	50	8
588.00	0	114361	0	22575915008	22375415808	1516.0	50	8
589.00	0	114361	0	22589984768	22389305344	1460.7	50	8
590.01	0	114361	0	22603464704	22402887680	1460.6	50	8
591.01	0	114361	0	22616961024	22416449536	1440.0	50	8
592.02	0	114361	0	22627983360	22428893184	1520.1	50	8
593.03	0	114361	0	22638436352	22439424000	1478.0	50	8
594.03	0	114361	0	22650437632	22450159616	1487.8	50	8
595.04	0	114361	0	22663688192	22463041536	1463.6	50	8
596.04	0	114361	0	22676701184	22476734464	1462.1	50	8
597.05	0	114361	0	22691815424	22490468352	1452.4	50	8
598.05	0	114361	0	22705508352	22504828928	1512.6	50	8
599.06	0	114361	0	22721044480	22519377920	1559.1	50	8
600.06	0	114361	0	22734872576	22532931584	1518.2	50	8
601.07	0	114361	0	22747619328	22547222528	1520.7	50	8
602.07	0	114361	0	22762708992	22561189888	1450.4	50	8
603.08	0	114361	0	22776516608	22575562752	1514.9	50	8
604.08	0	114361	0	22790627328	22589411328	1433.4	50	8
605.09	0	114361	0	22803955712	22603247616	1462.4	50	8
606.09	0	114361	0	22818607104	22617468928	1535.9	50	8
607.10	0	114361	0	22832418816	22631067648	1451.3	50	8
608.10	0	114361	0	22845964288	22645100544	1476.5	50	8
609.11	0	114361	0	22860627968	22659227648	1505.1	50	8
610.11	0	114361	0	22874513408	22673076224	1488.3	50	8
611.12	0	114361	0	22888353792	22686756864	1455.1	50	8
612.12	0	114361	0	22902140928	22700736512	1427.1	50	8
613.13	0	114361	0	22916235264	22714716160	1444.9	50	8
614.13	0	114361	0	22930763776	22728892416	1469.2	50	8
615.14	0	114361	0	22944808960	22742888448	1418.7	50	8
616.15	0	114361	0	22957617152	22756823040	1504.5	50	8
617.15	0	114361	0	22973112320	22771101696	1420.1	50	8
618.16	0	114361	0	22986272768	22785331200	1416.7	50	8
619.16	0	114361	0	23001387008	22799749120	1500.4	50	8
620.17	0	114361	0	23015911424	22814195712	1529.3	50	8
621.17	0	114361	0	23029035008	22827671552	1406.5	50	8
622.17	0	114361	0	23041859584	22841761792	1456.8	50	8
623.18	0	114361	0	23058055168	22856048640	1462.3	50	8
624.18	0	114361	0	23072489472	22870630400	1491.5	50	8
625.19	0	114361	0	23086886912	22884728832	1405.8	50	8
626.20	0	114361	0	23101677568	22899191808	1490.6	50	8
627.20	0	114361	0	23113969664	22912860160	1480.8	50	8
628.20	0	114361	0	23128748032	22926766080	1479.7	50	8
629.21	0	114361	0	23142866944	22940418048	1427.3	50	8
630.21	0	114361	0	23156625408	22954196992	1464.4	50	8
631.22	0	114361	0	23170265088	22967562240	1485.5	50	8
632.22	0	114361	0	23182512128	22981242880	1447.4	50	8
633.23	0	114361	0	23198236672	22995935232	1484.2	50	8
634.23	0	114361	0	23212011520	23010095104	1460.1	50	8
635.24	0	114361	0	23225688064	23023951872	1419.4	50	8
636.24	0	114361	0	23239716864	23037849600	1454.8	50	8
637.25	0	114361	0	23252959232	23052161024	1424.6	50	8
638.25	0	114361	0	23268499456	23066505216	1490.5	50	8
639.26	0	114361	0	23282049024	23082639360	1458.2	50	8
640.26	0	114361	0	23296262144	23096561664	1406.7	50	8
641.27	0	114361	0	23310311424	23110414336	1438.9	50	8
642.27	0	114361	0	23324549120	23124643840	1506.4	50	8
643.28	0	114361	0	23338528768	23139164160	1458.6	50	8
644.28	0	114361	0	23353544704	23153123328	1431.7	50	8
645.29	0	114361	0	23368069120	23167422464	1489.1	50	8
646.29	0	114361	0	23382274048	23181332480	1450.6	50	8
647.30	0	114361	0	23395512320	23195320320	1420.8	50	8
648.30	0	114361	0	23410835456	23209521152	1414.5	50	8
649.31	0	114361	0	23423082496	23223508992	1472.8	50	8
650.31	0	114361	0	23438123008	23237824512	1497.3	50	8
651.32	0	114361	0	23452545024	23252021248	1443.7	50	8
652.32	0	114361	0	23465897984	23265832960	1426.9	50	8
653.33	0	114361	0	23480991744	23280451584	1503.4	50	8
654.33	0	114361	0	23496187904	23295164416	1457.5	50	8
655.34	0	114361	0	23510495232	23309524992	1475.7	50	8
656.34	0	114361	0	23524683776	23323639808	1486.8	50	8
657.35	0	114361	0	23538950144	23338008576	1396.8	50	8
658.35	0	114361	0	23553019904	23352254464	1443.3	50	8
659.36	0	114361	0	23566082048	23367061504	1462.6	50	8
660.37	0	114361	0	23580135424	23381188608	1445.1	50	8
661.37	0	114361	0	23594983424	23395901440	1497.7	50	8
662.38	0	114361	0	23608131584	23410184192	1429.4	50	8
663.38	0	114361	0	23622164480	23423709184	1445.8	50	8
664.38	0	114361	0	23636156416	23437582336	1416.5	50	8
665.39	0	114361	0	23649980416	23451140096	1473.6	50	8
666.40	0	114361	0	23663611904	23465107456	1527.3	50	8
667.40	0	114361	0	23677849600	23478890496	1445.7	50	8
668.41	0	114361	0	23690952704	23492485120	1450.8	50	8
669.41	0	114361	0	23706054656	23506829312	1504.0	50	8
670.42	0	114361	0	23720644608	23524216832	1485.4	50	8
671.42	0	114361	0	23734591488	23538221056	1428.7	50	8
672.43	0	114361	0	23748284416	23552167936	1439.2	50	8
673.43	0	114361	0	23763066880	23566770176	1491.8	50	8
674.44	0	114361	0	23776903168	23581122560	1475.4	50	8
675.44	0	114361	0	23790759936	23595008000	1476.1	50	8
676.45	0	114361	0	23805984768	23609036800	1475.5	50	8
677.45	0	114361	0	23819812864	23622914048	1456.1	50	8
678.46	0	114361	0	23833456640	23636996096	1549.8	50	8
679.46	0	114361	0	23846649856	23650742272	1411.2	50	8
680.47	0	114361	0	23861809152	23664660480	1465.7	50	8
681.47	0	114361	0	23875375104	23679062016	1508.1	50	8
682.48	0	114361	0	23889485824	23692947456	1455.7	50	8
683.48	0	114361	0	23904305152	23707058176	1478.4	50	8
684.49	0	114361	0	23917486080	23721046016	1486.4	50	8
685.49	0	114361	0	23931990016	23734853632	1474.6	50	8
686.50	0	114361	0	23945240576	23748222976	1469.6	50	8
687.50	0	114361	0	23957901312	23761547264	1441.7	50	8
688.51	0	114361	0	23971692544	23775784960	1475.1	50	8
689.51	0	114361	0	23985897472	23789649920	1485.4	50	8
690.52	0	114361	0	24001589248	23804313600	1444.6	50	8
691.52	0	114361	0	24014233600	23817859072	1445.3	50	8
692.53	0	114361	0	24027480064	23831646208	1470.7	50	8
693.53	0	114361	0	24041586688	23844933632	1437.4	50	8
694.54	0	114361	0	24058679296	23858593792	1506.1	50	8
695.54	0	114361	0	24069677056	23873015808	1492.9	50	8
696.55	0	114361	0	24083603456	23887421440	1431.2	50	8
697.55	0	114361	0	24098197504	23901696000	1457.9	50	8
698.56	0	114361	0	24112701440	23916371968	1431.4	50	8
699.56	0	114361	0	24127823872	23930384384	1489.5	50	8
700.57	0	114361	0	24140836864	23944642560	1516.5	50	8
701.57	0	114361	0	24154791936	23958560768	1474.5	50	8
702.58	0	114361	0	24169422848	23972794368	1401.9	50	8
703.58	0	114361	0	24182960128	23986335744	1492.1	50	8
704.59	0	114361	0	24197419008	24000233472	1391.0	50	8
705.59	0	114361	0	24211169280	24014131200	1492.7	50	8
706.60	0	114377	0	24221466624	24024244224	1430.0	50	8
707.60	0	115071	0	24224645120	24026963968	1435.4	50	8
708.61	0	115071	0	24227385344	24029757440	1438.9	50	8
709.61	0	115071	0	24230035456	24032763904	1428.1	50	8
710.62	0	115071	0	24233230336	24035565568	1428.7	50	8
711.62	0	115071	0	24235491328	24038498304	1444.4	50	8
712.63	0	115071	0	24238923776	24041512960	1464.3	50	8
713.63	0	115071	0	24242081792	24044564480	1432.9	50	8
714.64	0	115071	0	24244850688	24047607808	1483.5	50	8
715.64	0	115071	0	24248360960	24050966528	1473.7	50	8
716.65	0	115071	0	24251170816	24053948416	1447.8	50	8
717.65	0	115071	0	24254328832	24057163776	1499.0	50	8
718.66	0	115071	0	24257175552	24059678720	1386.4	50	8
719.67	0	115071	0	24259641344	24062480384	1451.3	50	8
720.67	0	115071	0	24262647808	24065556480	1418.4	50	8
721.68	0	115071	0	24266444800	24068751360	1458.3	50	8
722.68	0	115071	0	24269324288	24071946240	1442.0	50	8
723.69	0	115071	0	24271511552	24074919936	1464.5	50	8
724.69	0	115071	0	18517827584	18305658880	1055.8	34	8
725.70	0	115071	0	17885339648	17702014976	677.0	34	8
726.70	0	115071	0	17888862208	17705766912	676.6	34	8
727.70	0	115071	0	17891532800	17708744704	601.6	34	8
728.71	0	115071	0	17895186432	17711706112	603.9	34	8
729.71	0	115071	0	17897775104	17714794496	631.9	34	8
730.72	0	115071	0	17900929024	17718054912	644.2	34	8
731.72	0	115071	0	17904414720	17721577472	670.2	34	8
732.73	0	115071	0	17907937280	17724547072	636.0	34	8
733.73	0	115071	0	17911459840	17727889408	634.6	34	8
734.73	0	115071	0	17915535360	17731321856	657.2	34	8
735.74	0	115071	0	17918701568	17734307840	613.6	34	8
736.74	0	115071	0	17921347584	17737420800	635.4	34	8
737.75	0	115071	0	17924894720	17740910592	717.2	34	8
738.75	0	115071	0	17927426048	17744101376	642.9	34	8
739.76	0	115071	0	17930514432	17747103744	591.8	34	8
740.76	0	115071	0	17933725696	17750372352	615.2	34	8
741.76	0	115071	0	17937596416	17756286976	707.9	34	8
742.77	0	115071	0	17941307392	17759395840	613.3	34	8
743.77	0	115071	0	17946161152	17762951168	692.9	34	8
744.78	0	115071	0	17948205056	17766268928	630.9	34	8
745.78	0	115071	0	17951215616	17769316352	596.3	34	8
746.78	0	115071	0	17954545664	17772339200	661.7	34	8
747.79	0	115071	0	17957498880	17775910912	703.5	34	8
748.79	0	115071	0	17960988672	17778941952	653.1	34	8
749.80	0	115071	0	17964654592	17782358016	664.1	34	8
750.80	0	115071	0	17967177728	17785380864	626.8	34	8
751.81	0	115071	0	17969836032	17788239872	653.7	34	8
752.81	0	115071	0	17973190656	17791655936	637.3	34	8
753.81	0	115071	0	17976102912	17794506752	627.9	34	8
754.82	0	115071	0	17979785216	17797824512	641.6	34	8
755.82	0	115071	0	17982439424	17800904704	652.7	34	8
756.83	0	115071	0	17985716224	17804177408	650.6	34	8
757.83	0	115071	0	17977921536	17793568768	616.2	34	8
758.83	0	115071	0	17980981248	17796526080	636.9	34	8
759.84	0	115071	0	17984909312	17800138752	722.9	34	8
760.84	0	115071	0	17988759552	17803354112	665.9	34	8
761.85	0	115071	0	17991454720	17806503936	633.8	34	8
762.85	0	115071	0	17994129408	17810022400	684.8	34	8
763.85	0	115071	0	17998020608	17813405696	670.3	34	8
764.86	0	115071	0	18001248256	17816416256	648.2	34	8
765.86	0	115071	0	18004971520	17820012544	694.1	34	8
766.87	0	115071	0	18008346624	17823232000	630.7	34	8
767.87	0	115071	0	18011648000	17826430976	608.1	34	8
768.87	0	115071	0	18013855744	17829470208	643.3	34	8
769.88	0	115071	0	18017116160	17832296448	647.1	34	8
770.88	0	115071	0	18020081664	17835462656	660.2	34	8
771.89	0	115071	0	18022981632	17838501888	640.8	34	8
772.89	0	115071	0	18026483712	17841717248	640.7	34	8
773.90	0	115071	0	18029776896	17844686848	640.2	34	8
774.90	0	115071	0	18032439296	17847627776	638.8	34	8
775.90	0	115071	0	18035589120	17850437632	632.4	34	8
776.91	0	115071	0	18037788672	17853300736	609.6	34	8
777.91	0	115071	0	18039963648	17856028672	621.5	34	8
778.92	0	115071	0	18043453440	17859047424	614.6	34	8
779.92	0	115071	0	18046222336	17862180864	657.4	34	8
780.92	0	115071	0	18049912832	17865154560	625.6	34	8
781.93	0	115071	0	18053120000	17868300288	649.5	34	8
782.93	0	115071	0	18055786496	17871486976	644.2	34	8
783.94	0	115071	0	18059493376	17874518016	606.7	34	8
784.94	0	115071	0	18062585856	17878102016	680.1	34	8
785.94	0	115071	0	18066415616	17881505792	613.6	34	8
786.95	0	115071	0	18068938752	17884811264	631.9	34	8
787.95	0	115071	0	18072944640	17888272384	693.9	34	8
788.96	0	115071	0	18076450816	17891450880	679.1	34	8
789.96	0	115071	0	18079518720	17894838272	668.9	34	8
790.96	0	115071	0	18082807808	17897889792	646.7	34	8
791.97	0	115071	0	18085400576	17901146112	608.1	34	8
792.97	0	115071	0	18088570880	17904201728	589.5	34	8
793.98	0	115071	0	18091708416	17907478528	653.4	34	8
794.98	0	115071	0	18095906816	17910996992	648.8	34	8
795.98	0	115071	0	18098745344	17914003456	599.2	34	8
796.99	0	115071	0	18101772288	17917132800	668.1	34	8
797.99	0	115071	0	18105995264	17920925696	679.3	34	8
799.00	0	115071	0	18109906944	17923768320	651.9	34	8
800.00	0	115071	0	18112176128	17926955008	614.3	34	8
801.01	0	115071	0	18114818048	17929748480	620.7	34	8
802.01	0	115071	0	18117443584	17932640256	616.1	34	8
803.01	0	115071	0	18121637888	17938153472	695.2	34	8
804.02	0	115071	0	18124668928	17941655552	658.2	34	8
805.02	0	115071	0	18128011264	17944551424	602.2	34	8
806.03	0	115071	0	18130870272	17947729920	707.7	34	8
807.03	0	115071	0	18134749184	17951137792	655.9	34	8
808.03	0	115071	0	18136604672	17954406400	627.0	34	8
809.04	0	115071	0	18139820032	17957335040	583.1	34	8
810.04	0	115071	0	18143711232	17960796160	697.6	34	8
811.05	0	115071	0	18146017280	17964007424	661.9	34	8
812.05	0	115071	0	18150264832	17966927872	620.2	34	8
813.06	0	115071	0	18152439808	17969942528	618.1	34	8
814.06	0	115071	0	18156384256	17972879360	675.3	34	8
815.06	0	115071	0	18159763456	17976430592	682.4	34	8
816.07	0	115071	0	18162278400	17979555840	623.6	34	8
817.07	0	115071	0	18166296576	17982574592	587.0	34	8
818.08	0	115071	0	18168266752	17985581056	623.4	34	8
819.08	0	115071	0	18172674048	17989537792	722.4	34	8
820.08	0	115071	0	18175635456	17992491008	626.0	34	8
821.09	0	115071	0	18179174400	17995898880	672.0	34	8
822.09	0	115071	0	18182680576	17999499264	687.4	34	8
823.10	0	115071	0	18185424896	18002632704	646.1	34	8
824.10	0	115071	0	18189508608	18005860352	690.7	34	8
825.11	0	115071	0	18192580608	18009280512	696.9	34	8
826.11	0	115071	0	18195345408	18012139520	653.4	34	8
827.11	0	115071	0	18197925888	18015002624	616.2	34	8
828.12	0	115071	0	18201468928	18018226176	670.2	34	8
829.12	0	115071	0	18205331456	18021769216	686.7	34	8
830.13	0	115071	0	18208366592	18024792064	632.6	34	8
831.13	0	115071	0	18211094528	18027667456	646.2	34	8
832.13	0	115071	0	18214322176	18030723072	662.8	34	8
833.14	0	115071	0	18217562112	18034102272	679.9	34	8
834.14	0	115071	0	18221035520	18037334016	642.1	34	8
835.15	0	115071	0	18223611904	18040336384	624.8	34	8
836.15	0	115071	0	18226929664	18043817984	696.9	34	8
837.15	0	115071	0	18230063104	18047066112	687.6	34	8
838.16	0	115071	0	18232778752	18049937408	633.9	34	8
839.16	0	115071	0	18235944960	18053013504	638.5	34	8
840.17	0	115071	0	18239164416	18056327168	675.0	34	8
841.17	0	115071	0	18242670592	18059800576	692.7	34	8
842.17	0	115071	0	18245726208	18062770176	620.0	34	8
843.18	0	115071	0	18248282112	18065788928	627.4	34	8
844.18	0	115071	0	18251468800	18068946944	617.9	34	8
845.19	0	115071	0	18255024128	18072432640	674.6	34	8
846.19	0	115071	0	18258128896	18075516928	632.1	34	8
847.20	0	115071	0	18261962752	18078957568	687.9	34	8
848.20	0	115071	0	18265223168	18082181120	658.8	34	8
849.20	0	115071	0	18268569600	18085601280	628.8	34	8
850.21	0	115071	0	18272923648	18089332736	722.3	34	8
851.21	0	115071	0	18275467264	18092560384	648.5	34	8
852.22	0	115071	0	18278662144	18095718400	619.5	34	8
853.22	0	115071	0	18281496576	18099318784	684.3	34	8
854.22	0	115071	0	18285850624	18102333440	580.0	34	8
855.23	0	115071	0	18289479680	18105868288	646.1	34	8
856.23	0	115071	0	18292113408	18109329408	622.3	34	8
857.24	0	115071	0	18295308288	18112704512	626.5	34	8
858.24	0	115071	0	18299277312	18116124672	657.5	34	8
859.24	0	115071	0	18302451712	18119585792	639.6	34	8
860.25	0	115071	0	18306007040	18123407360	702.2	34	8
861.25	0	115071	0	18309914624	18126979072	661.5	34	8
862.26	0	115071	0	18313383936	18130812928	655.6	34	8
863.26	0	115071	0	18317217792	18134155264	668.8	34	8
864.27	0	115071	0	18320777216	18137604096	681.3	34	8
865.27	0	115071	0	18324254720	18140995584	682.7	34	8
866.27	0	115071	0	18327650304	18144419840	704.3	34	8
867.28	0	115071	0	18330472448	18147610624	624.5	34	8
868.28	0	115071	0	18335371264	18151489536	664.5	34	8
869.29	0	115071	0	18337701888	18154745856	611.9	34	8
870.29	0	115071	0	18341425152	18158686208	720.8	34	8
871.29	0	115071	0	18344615936	18161717248	596.3	34	8
872.30	0	115071	0	18347827200	18165055488	669.2	34	8
873.30	0	115071	0	18351616000	18168471552	631.2	34	8
874.31	0	115071	0	18354700288	18171375616	587.6	34	8
875.31	0	115071	0	18357690368	18174509056	627.2	34	8
876.31	0	115071	0	18360705024	18178068480	688.0	34	8
877.32	0	115071	0	18364407808	18181541888	614.5	34	8
878.32	0	115071	0	18368344064	18185584640	719.7	34	8
879.33	0	115071	0	18372907008	18189795328	703.0	34	8
880.33	0	115071	0	18376716288	18193203200	669.2	34	8
881.34	0	115071	0	18380484608	18197000192	651.9	34	8
882.34	0	115071	0	18383732736	18200240128	651.8	34	8
883.34	0	115071	0	18387509248	18203947008	660.8	34	8
884.35	0	115071	0	18390241280	18207309824	615.0	34	8
885.35	0	115071	0	18394009600	18210684928	651.2	34	8
886.36	0	115071	0	18397839360	18214780928	669.1	34	8
887.36	0	115071	0	18400931840	18218237952	664.8	34	8
888.37	0	115071	0	18404556800	18221690880	676.9	34	8
889.37	0	115071	0	18408660992	18225152000	628.1	34	8
890.37	0	115071	0	18412564480	18228555776	617.9	34	8
891.38	0	115071	0	18415144960	18232176640	658.1	34	8
892.38	0	115071	0	18416906240	18235183104	682.0	34	8
893.39	0	115071	0	18421309440	18238881792	737.0	34	8
894.39	0	115071	0	18424438784	18242244608	685.5	34	8
895.40	0	115071	0	18428059648	18245255168	705.2	34	8
896.40	0	115071	0	18431295488	18248282112	598.1	34	8
897.40	0	115071	0	18434019328	18251120640	640.5	34	8
898.41	0	115071	0	18438025216	18254548992	648.3	34	8
899.41	0	115071	0	18441678848	18257768448	676.1	34	8
900.42	0	115071	0	18444800000	18260779008	634.5	34	8
901.42	0	115071	0	18448637952	18264227840	659.6	34	8
902.43	0	115071	0	18450505728	18267496448	666.2	34	8
903.43	0	115071	0	18453561344	18270691328	652.6	34	8
904.43	0	115071	0	18457174016	18273812480	639.2	34	8
905.44	0	115071	0	18460852224	18277130240	632.8	34	8
906.44	0	115071	0	18463887360	18280189952	637.6	34	8
907.45	0	115071	0	18467737600	18283905024	698.4	34	8
908.45	0	115071	0	18470989824	18287292416	658.5	34	8
909.45	0	115071	0	18473857024	18290421760	622.6	34	8
910.46	0	115071	0	18477359104	18293370880	644.0	34	8
911.46	0	115071	0	18480537600	18296823808	630.7	34	8
912.47	0	115071	0	18482909184	18299379712	611.9	34	8
913.47	0	115071	0	18486509568	18303000576	697.0	34	8
914.47	0	115071	0	18489704448	18305753088	631.0	34	8
915.48	0	115071	0	18491920384	18312548352	616.1	34	8
916.48	0	115071	0	18494607360	18315616256	636.1	34	8
917.49	0	115071	0	18498998272	18319032320	701.4	34	8
918.49	0	115071	0	18501734400	18321793024	606.8	34	8
919.49	0	115071	0	18505224192	18325233664	679.6	34	8
920.50	0	115071	0	18507984896	18328055808	640.6	34	8
921.50	0	115071	0	18511020032	18331197440	651.4	34	8
922.51	0	115071	0	18514083840	18334638080	687.8	34	8
923.51	0	115071	0	18517639168	18337652736	614.0	34	8
924.52	0	115071	0	18521034752	18340962304	632.4	34	8
925.52	0	115071	0	18524844032	18344407040	701.1	34	8
926.52	0	115071	0	18527657984	18347552768	660.8	34	8
927.53	0	115071	0	18530189312	18350628864	672.0	34	8
928.53	0	115071	0	18534043648	18353561600	645.9	34	8
929.54	0	115071	0	18536808448	18356379648	641.4	34	8
930.54	0	115071	0	18540109824	18359734272	642.1	34	8
931.54	0	115071	0	18542952448	18362888192	654.7	34	8
932.55	0	115071	0	18546544640	18366189568	664.6	34	8
933.55	0	115071	0	18549501952	18369368064	606.3	34	8
934.56	0	115071	0	18552832000	18372464640	665.8	34	8
935.56	0	115071	0	18556223488	18376224768	652.7	34	8
936.56	0	115071	0	18559102976	18379259904	607.7	34	8
937.57	0	115071	0	18562822144	18383159296	683.4	34	8
938.57	0	115071	0	18566262784	18386489344	597.5	34	8
939.58	0	115071	0	18569428992	18390061056	682.0	34	8
940.58	0	115071	0	18573189120	18393452544	613.4	34	8
941.59	0	115071	0	18576232448	18396651520	659.7	34	8
942.59	0	115071	0	18579722240	18400165888	644.0	34	8
943.59	0	115071	0	18583314432	18403188736	619.2	34	8
944.60	0	115071	0	18586378240	18406424576	615.4	34	8
945.60	0	115714	0	18589409280	18409324544	660.1	34	8
946.61	0	116996	0	18593308672	18411085824	645.2	34	8
947.61	0	116996	0	18593558528	18412879872	678.5	34	8
948.61	0	116996	0	18596278272	18414718976	672.0	34	8
949.62	0	116996	0	18597044224	18416246784	606.6	34	8
950.62	0	116996	0	18598563840	18417922048	685.0	34	8
951.63	0	116996	0	18600906752	18419736576	641.1	34	8
952.63	0	116996	0	18602287104	18421297152	679.6	34	8
953.64	0	117161	0	18605125632	18422841344	675.7	34	8
954.64	0	122264	0	18609885184	18422841344	741.4	34	8
955.64	0	127351	0	18615721984	18422841344	715.6	34	8
956.65	0	132437	0	18620301312	18422841344	809.7	34	8
957.65	0	137523	0	18626072576	18422841344	773.2	34	8
958.66	0	142608	0	18631081984	18422845440	765.2	34	8
959.66	0	147695	0	18635714560	18422853632	736.7	34	8
960.67	0	152795	0	18641596416	18423054336	791.8	34	8
961.67	0	157907	0	18648297472	18424455168	727.0	34	8
962.67	0	163024	0	18656092160	18426384384	808.5	34	8
963.68	0	168111	0	18662002688	18427998208	729.7	34	8
964.68	0	173199	0	18669060096	18429661184	759.3	34	8
965.69	0	178301	0	18677116928	18431508480	784.3	34	8
966.69	0	183436	0	18682863616	18432827392	726.1	34	8
967.69	0	188555	0	18690809856	18434355200	740.1	34	8
968.70	0	193676	0	18696028160	18435764224	743.6	34	8
969.70	0	198794	0	18704601088	18438324224	771.1	34	8
970.71	0	203923	0	18713038848	18441654272	751.7	34	8
971.71	0	209056	0	18721644544	18444689408	737.4	34	8
972.71	0	214191	0	18729267200	18447912960	709.2	34	8
973.72	0	219343	0	18738769920	18451156992	725.7	34	8
974.72	0	224480	0	18747269120	18454585344	771.1	34	8
975.73	0	229534	0	18755444736	18457649152	715.7	34	8
976.73	0	234622	0	18763468800	18460811264	810.1	34	8
977.74	0	239695	0	18773082112	18464399360	811.7	34	8
978.74	0	244801	0	18780962816	18467315712	751.9	34	8
979.74	0	249867	0	18789392384	18470277120	714.1	34	8
980.75	0	254956	0	18797576192	18473164800	744.8	34	8
981.75	0	260059	0	18805321728	18475962368	701.2	34	8
982.76	0	264009	0	18812096512	18479136768	756.0	34	8
983.76	0	264009	0	18815942656	18482454528	690.6	34	8
984.76	0	264009	0	18818441216	18485243904	628.9	34	8
985.77	0	264009	0	18821750784	18488197120	668.4	34	8
986.77	0	264009	0	18824388608	18491441152	639.3	34	8
987.78	0	264009	0	18826035200	18494259200	634.1	34	8
988.78	0	264009	0	18830413824	18497466368	604.5	34	8
989.78	0	264009	0	18834038784	18500988928	670.1	34	8
990.79	0	264009	0	18837262336	18504179712	657.9	34	8
991.79	0	264009	0	18839568384	18507214848	600.6	34	8
992.80	0	264009	0	18843664384	18510635008	679.4	34	8
993.80	0	264009	0	18846552064	18514104320	664.7	34	8
994.80	0	264009	0	18849656832	18517094400	634.7	34	8
995.81	0	264009	0	18852327424	18519904256	612.4	34	8
996.81	0	264009	0	18856484864	18523529216	651.4	34	8
997.82	0	264009	0	18859343872	18526879744	665.0	34	8
998.82	0	264009	0	18862542848	18530029568	658.8	34	8
999.83	0	264009	0	18865516544	18533515264	679.7	34	8
1000.83	0	264009	0	18869481472	18536857600	627.0	34	8
1001.83	0	264009	0	18872086528	18539888640	633.5	34	8
1002.84	0	264009	0	18876162048	18543722496	698.4	34	8
1003.84	0	264009	0	18879512576	18546765824	614.2	34	8
1004.85	0	264009	0	18883710976	18550661120	710.4	34	8
1005.85	0	264009	0	18886643712	18553540608	622.1	34	8
1006.85	0	264009	0	18888663040	18556481536	630.8	34	8
1007.86	0	264009	0	18892300288	18559459328	624.2	34	8
1008.86	0	266032	0	18896429056	18561511424	679.2	34	8
1009.87	0	266032	0	18898395136	18563055616	593.3	34	8
1010.87	0	266032	0	18899898368	18564624384	695.2	34	8
1011.87	0	266032	0	18900525056	18566242304	653.7	34	8
1012.88	0	266032	0	18902364160	18567856128	669.8	34	8
1013.88	0	266032	0	18904109056	18569383936	636.4	34	8
1014.89	0	266032	0	18905755648	18570817536	644.6	34	8
1015.89	0	266032	0	18907242496	18572529664	690.4	34	8
1016.89	0	266593	0	18910310400	18573930496	670.8	34	8
1017.90	0	271577	0	18914660352	18573934592	781.8	34	8
1018.90	0	276665	0	18920235008	18573934592	822.9	34	8
1019.91	0	281721	0	18925666304	18573934592	755.7	34	8
1020.91	0	282840	0	18926485504	18573934592	633.3	34	8
1021.92	0	282840	0	18926161920	18573934592	638.8	34	8
1022.92	0	282840	0	18926309376	18573938688	677.1	34	8
1023.92	0	282840	0	18926526464	18573938688	696.9	34	8
1024.93	0	282840	0	18926100480	18573938688	633.2	34	8
1025.93	0	282840	0	18926485504	18573938688	591.1	34	8
1026.94	0	282840	0	18926268416	18573938688	687.4	34	8
1027.94	0	282840	0	18926051328	18573938688	642.8	34	8
1028.94	0	282840	0	18925682688	18573938688	617.5	34	8
1029.95	0	282840	0	18926141440	18573938688	708.5	34	8
1030.95	0	282840	0	18926551040	18573938688	642.8	34	8
1031.96	0	282840	0	18925875200	18573938688	610.9	34	8
1032.96	0	282840	0	18925633536	18573938688	672.8	34	8
1033.97	0	282840	0	18926297088	18573955072	684.3	34	8
1034.97	0	282840	0	18925977600	18573963264	648.7	34	8
1035.97	0	282840	0	18925838336	18573963264	695.1	34	8
1036.98	0	282840	0	18925871104	18573967360	615.9	34	8
1037.98	0	282840	0	18925780992	18573971456	616.0	34	8
1038.99	0	282840	0	18925531136	18573971456	653.1	34	8
1039.99	0	282840	0	18926010368	18573971456	683.0	34	8
1040.99	0	282840	0	18926055424	18573971456	647.8	34	8
1042.00	0	282840	0	18925797376	18573975552	675.8	34	8
1043.00	0	282840	0	18926043136	18573975552	700.2	34	8
1044.01	0	282840	0	18926465024	18573975552	686.0	34	8
1045.01	0	282840	0	18926108672	18573975552	637.0	34	8
1046.02	0	282840	0	18926460928	18573979648	640.4	34	8
1047.02	0	282840	0	18926235648	18573983744	622.6	34	8
1048.02	0	282840	0	18926088192	18573983744	688.4	34	8
1049.03	0	282840	0	18925989888	18574004224	637.5	34	8
1050.03	0	282840	0	18926497792	18574016512	633.1	34	8
1051.04	0	282840	0	18926530560	18574016512	586.9	34	8
1052.04	0	282840	0	18926403584	18574016512	650.9	34	8
1053.04	0	282840	0	18925678592	18574016512	616.6	34	8
1054.05	0	282840	0	18926182400	18574020608	641.1	34	8
1055.05	0	282840	0	18926596096	18574020608	660.7	34	8
1056.06	0	282840	0	18926956544	18574020608	656.1	34	8
1057.06	0	282840	0	18927104000	18574020608	580.7	34	8
1058.06	0	282840	0	18926514176	18574020608	639.4	34	8
1059.07	0	282840	0	18926096384	18574020608	588.7	34	8
1060.07	0	282840	0	18926092288	18574020608	648.2	34	8
1061.08	0	282840	0	18926026752	18574020608	616.8	34	8
1062.08	0	282840	0	18926264320	18574020608	591.4	34	8
1063.09	0	282840	0	18926202880	18574020608	634.1	34	8
1064.09	0	282840	0	18926055424	18574020608	608.1	34	8
1065.09	0	282840	0	18925981696	18574020608	677.2	34	8
1066.10	0	282840	0	18926088192	18574020608	592.3	34	8
1067.10	0	282840	0	18925801472	18574020608	660.2	34	8
1068.11	0	282840	0	18925555712	18574028800	662.7	34	8
1069.11	0	282840	0	18926321664	18574028800	657.2	34	8
1070.11	0	282840	0	18926342144	18574028800	704.4	34	8
1071.12	0	282840	0	18926407680	18574028800	605.0	34	8
1072.12	0	282840	0	18926477312	18574028800	660.9	34	8
1073.13	0	282840	0	18927222784	18574028800	656.0	34	8
1074.13	0	282840	0	18927054848	18574028800	655.3	34	8
1075.14	0	282840	0	18927124480	18574028800	663.7	34	8
1076.14	0	282840	0	18926444544	18574032896	631.1	34	8
1077.14	0	282840	0	18925694976	18574032896	673.2	34	8
1078.15	0	282840	0	18925985792	18574036992	634.6	34	8
1079.15	0	282840	0	18926186496	18574041088	669.5	34	8
1080.16	0	282840	0	18926190592	18574041088	618.9	34	8
1081.16	0	282840	0	18925834240	18574041088	696.8	34	8
1082.16	0	282840	0	18926010368	18574049280	637.6	34	8
1083.17	0	282840	0	18925453312	18574061568	652.4	34	8
1084.17	0	282840	0	18926309376	18574061568	675.2	34	8
1085.18	0	282840	0	18926309376	18574069760	627.1	34	8
1086.18	0	282840	0	18926145536	18574082048	687.5	34	8
1087.19	0	282840	0	18926157824	18574082048	650.6	34	8
1088.19	0	282840	0	18925416448	18574086144	607.8	34	8
1089.19	0	282840	0	18925285376	18574086144	644.0	34	8
1090.20	0	282840	0	18925649920	18574086144	685.8	34	8
1091.20	0	282840	0	18925568000	18574086144	645.8	34	8
1092.21	0	282840	0	18925051904	18574086144	619.6	34	8
1093.21	0	282840	0	18926284800	18574086144	687.9	34	8
1094.22	0	282840	0	18926002176	18574086144	664.7	34	8
1095.22	0	282840	0	18926137344	18574094336	617.9	34	8
1096.22	0	282840	0	18925883392	18574094336	627.7	34	8
1097.23	0	282840	0	18925629440	18574094336	646.0	34	8
1098.23	0	282840	0	18925338624	18574094336	622.1	34	8
1099.24	0	282840	0	18925436928	18574098432	673.1	34	8
1100.24	0	282840	0	18925711360	18574098432	622.6	34	8
1101.24	0	282840	0	18925252608	18574106624	657.0	34	8
1102.25	0	282840	0	18925805568	18574106624	652.8	34	8
1103.25	0	282840	0	18925850624	18574106624	603.6	34	8
1104.26	0	282840	0	18926059520	18574106624	657.6	34	8
1105.26	0	282840	0	18925838336	18574106624	681.9	34	8
1106.27	0	282840	0	18925785088	18574106624	671.5	34	8
1107.27	0	282840	0	18925355008	18574106624	674.2	34	8
1108.27	0	282840	0	18925629440	18574106624	640.5	34	8
1109.28	0	282840	0	18925965312	18574106624	659.7	34	8
1110.28	0	282840	0	18926239744	18574106624	662.4	34	8
1111.29	0	282840	0	18925481984	18574106624	602.5	34	8
1112.29	0	282840	0	18925867008	18574106624	615.1	34	8
1113.29	0	282840	0	18925461504	18574106624	677.6	34	8
1114.30	0	282840	0	18926309376	18574114816	668.9	34	8
1115.30	0	282840	0	18926157824	18574114816	614.0	34	8
1116.31	0	282840	0	18926112768	18574114816	641.3	34	8
1117.31	0	282840	0	18925834240	18574118912	647.1	34	8
1118.31	0	282840	0	18925654016	18574118912	664.1	34	8
1119.32	0	282840	0	18925191168	18574118912	651.9	34	8
1120.32	0	282840	0	18925481984	18574118912	657.2	34	8
1121.33	0	282840	0	18925932544	18574118912	720.0	34	8
1122.33	0	282840	0	18925498368	18574118912	613.3	34	8
1123.34	0	282840	0	18925641728	18574127104	650.1	34	8
1124.34	0	282840	0	18926084096	18574127104	658.8	34	8
1125.34	0	282840	0	18925731840	18574127104	636.5	34	8
1126.35	0	282840	0	18925322240	18574127104	628.8	34	8
1127.35	0	282840	0	18925785088	18574139392	680.0	34	8
1128.36	0	282840	0	18925568000	18574139392	632.2	34	8
1129.36	0	282840	0	18925453312	18574139392	627.3	34	8
1130.36	0	282840	0	18925318144	18574139392	638.0	34	8
1131.37	0	282840	0	18925588480	18574139392	631.1	34	8
1132.37	0	282840	0	18925342720	18574139392	618.4	34	8
1133.38	0	282840	0	18925649920	18574139392	623.7	34	8
1134.38	0	282840	0	18926034944	18574139392	650.8	34	8
1135.39	0	282840	0	18926223360	18574139392	620.8	34	8
1136.39	0	282840	0	18925256704	18574139392	614.1	34	8
1137.39	0	282840	0	18926006272	18574155776	700.4	34	8
1138.40	0	282840	0	18925813760	18574155776	682.8	34	8
1139.40	0	282840	0	18926252032	18574155776	622.4	34	8
1140.41	0	282840	0	18926096384	18574155776	605.0	34	8
1141.41	0	282840	0	18925543424	18574155776	646.2	34	8
1142.41	0	282840	0	18925232128	18574155776	678.3	34	8
1143.42	0	282840	0	18925191168	18574155776	661.7	34	8
1144.42	0	282840	0	18925559808	18574163968	646.4	34	8
1145.43	0	282840	0	18925834240	18574163968	633.0	34	8
1146.43	0	282840	0	18925326336	18574163968	664.8	34	8
1147.43	0	282840	0	18924929024	18574163968	672.1	34	8
1148.44	0	282840	0	18925133824	18574163968	603.2	34	8
1149.44	0	282840	0	18925527040	18574163968	669.4	34	8
1150.45	0	282840	0	18925326336	18574163968	663.0	34	8
1151.45	0	282840	0	18925473792	18574163968	645.7	34	8
1152.46	0	282840	0	18925445120	18574163968	628.1	34	8
1153.46	0	282840	0	18925391872	18574163968	628.8	34	8
1154.46	0	282840	0	18925465600	18574163968	631.1	34	8
1155.47	0	282840	0	18925416448	18574163968	639.9	34	8
1156.47	0	282840	0	18925666304	18574163968	664.8	34	8
1157.48	0	282840	0	18925158400	18574163968	661.1	34	8
1158.48	0	282840	0	18924998656	18574163968	626.7	34	8
1159.48	0	282840	0	18925117440	18574163968	629.0	34	8
1160.49	0	282840	0	18925522944	18574163968	713.3	34	8
1161.49	0	282840	0	18925346816	18574163968	654.5	34	8
1162.50	0	282840	0	18925273088	18574163968	625.7	34	8
1163.50	0	282840	0	18925580288	18574163968	679.6	34	8
1164.50	0	282840	0	18925400064	18574163968	651.0	34	8
1165.51	0	282840	0	18925518848	18574163968	607.8	34	8
1166.51	0	282840	0	18925383680	18574168064	678.2	34	8
1167.52	0	282840	0	18924896256	18574168064	641.8	34	8
1168.52	0	282840	0	18924838912	18574168064	618.7	34	8
1169.53	0	282840	0	18925154304	18574168064	674.7	34	8
1170.53	0	282840	0	18926084096	18574172160	637.9	34	8
1171.53	0	282840	0	18925207552	18574172160	650.1	34	8
1172.54	0	282840	0	18925158400	18574172160	591.1	34	8
1173.54	0	282840	0	18925477888	18574172160	698.0	34	8
1174.55	0	282840	0	18925670400	18574176256	720.2	34	8
1175.55	0	282840	0	18925428736	18574176256	637.1	34	8
1176.55	0	282840	0	18925330432	18574176256	605.3	34	8
1177.56	0	282840	0	18925424640	18574176256	700.2	34	8
1178.56	0	282840	0	18925428736	18574188544	732.1	34	8
1179.57	0	282840	0	18925436928	18574188544	659.9	34	8
1180.57	0	282840	0	18926170112	18574192640	634.7	34	8
1181.57	0	282840	0	18925555712	18574196736	644.4	34	8
1182.58	0	282840	0	18925432832	18574209024	658.3	34	8
1183.58	0	282840	0	18926047232	18574213120	657.6	34	8
1184.59	0	282840	0	18925834240	18574213120	645.6	34	8
1185.59	0	282840	0	18925768704	18574213120	618.4	34	8
1186.60	0	282840	0	18925457408	18574213120	691.6	34	8
1187.60	0	282840	0	18925940736	18574213120	581.5	34	8
1188.60	0	282840	0	18926030848	18574213120	617.4	34	8
1189.61	0	282840	0	18926006272	18574213120	666.1	34	8
1190.61	0	282840	0	18925568000	18574213120	592.4	34	8
1191.62	0	282840	0	18924810240	18574213120	661.7	34	8
1192.62	0	282840	0	18924748800	18574213120	655.7	34	8
1193.62	0	282840	0	18924584960	18574213120	684.0	34	8
1194.63	0	282840	0	18924310528	18574213120	652.9	34	8
1195.63	0	282840	0	18924855296	18574213120	619.6	34	8
1196.64	0	282840	0	18924675072	18574213120	634.4	34	8
1197.64	0	282840	0	18924830720	18574213120	641.1	34	8
1198.65	0	282840	0	18925215744	18574213120	599.5	34	8
1199.65	0	282840	0	18925572096	18574213120	668.3	34	8
1200.65	0	282840	0	18925391872	18574213120	622.8	34	8
1201.66	0	282840	0	18925010944	18574213120	611.8	34	8
1202.66	0	282840	0	18925084672	18574213120	660.9	34	8
1203.67	0	282840	0	18924961792	18574213120	609.9	34	8
1204.67	0	282840	0	18925232128	18574213120	699.9	34	8
1205.68	0	282840	0	18925539328	18574213120	596.5	34	8
1206.68	0	282840	0	18924670976	18574213120	657.9	34	8
1207.68	0	282840	0	18925023232	18574213120	660.6	34	8
1208.69	0	282840	0	18924863488	18574213120	625.4	34	8
1209.69	0	282840	0	18924789760	18574213120	679.0	34	8
1210.70	0	282840	0	18925367296	18574213120	618.1	34	8
1211.70	0	282840	0	18924666880	18574213120	644.3	34	8
1212.70	0	282840	0	18924855296	18576244736	667.7	34	8
1213.71	0	282840	0	18925133824	18576244736	605.6	34	8
1214.71	0	282840	0	18924613632	18576244736	639.7	34	8
1215.72	0	282840	0	18924965888	18576244736	670.5	34	8
1216.72	0	282840	0	18924916736	18576244736	632.3	34	8
1217.72	0	282840	0	18925101056	18576248832	667.4	34	8
1218.73	0	282840	0	18924916736	18576248832	579.1	34	8
1219.73	0	282840	0	18925568000	18576252928	644.2	34	8
1220.74	0	282840	0	18925715456	18576257024	687.2	34	8
1221.74	0	282840	0	18925481984	18576257024	587.0	34	8
1222.75	0	282840	0	18925334528	18576265216	658.0	34	8
1223.75	0	282840	0	18925690880	18576265216	635.7	34	8
1224.75	0	282840	0	18925707264	18576265216	624.7	34	8
1225.76	0	282840	0	18925834240	18576265216	646.8	34	8
1226.76	0	282840	0	18925895680	18576265216	648.5	34	8
1227.77	0	282840	0	18925096960	18576265216	652.6	34	8
1228.77	0	282840	0	18925268992	18576265216	648.6	34	8
1229.78	0	282840	0	18925654016	18576265216	686.9	34	8
1230.78	0	282840	0	18925690880	18576265216	597.7	34	8
1231.78	0	282840	0	18925191168	18576265216	639.1	34	8
1232.79	0	282840	0	18925592576	18576265216	658.3	34	8
1233.79	0	282840	0	18925707264	18576281600	685.7	34	8
1234.80	0	282840	0	18925805568	18576281600	608.2	34	8
1235.80	0	282840	0	18925948928	18576281600	668.7	34	8
1236.80	0	282840	0	18925559808	18576281600	642.6	34	8
1237.81	0	282840	0	18925453312	18576281600	639.4	34	8
1238.81	0	282840	0	18925006848	18576281600	664.8	34	8
1239.82	0	282840	0	18925350912	18576289792	637.6	34	8
1240.82	0	282840	0	18925932544	18576289792	610.8	34	8
1241.82	0	282840	0	18925047808	18576289792	718.5	34	8
1242.83	0	282840	0	18925174784	18576289792	615.0	34	8
1243.83	0	282840	0	18925305856	18576289792	581.7	34	8
1244.84	0	282840	0	18925547520	18576289792	673.4	34	8
1245.84	0	282840	0	18925494272	18576293888	640.5	34	8
1246.85	0	282840	0	18925613056	18576293888	727.4	34	8
1247.85	0	282840	0	18925551616	18576293888	638.4	34	8
1248.85	0	282840	0	18925355008	18576293888	695.1	34	8
1249.86	0	282840	0	18925633536	18576293888	588.8	34	8
1250.86	0	282840	0	18925674496	18576293888	659.0	34	8
1251.87	0	282840	0	18925285376	18576293888	655.6	34	8
1252.87	0	282840	0	18925154304	18576293888	637.1	34	8
1253.87	0	282840	0	18925576192	18576297984	720.8	34	8
1254.88	0	282840	0	18925846528	18576302080	645.6	34	8
1255.88	0	282840	0	18926186496	18576302080	641.8	34	8
1256.89	0	282840	0	18925985792	18576302080	652.6	34	8
1257.89	0	282840	0	18926350336	18576302080	639.6	34	8
1258.89	0	282840	0	18926174208	18576302080	698.5	34	8
1259.90	0	282840	0	18926051328	18576302080	641.2	34	8
1260.90	0	282840	0	18925883392	18576302080	612.1	34	8
1261.91	0	282840	0	18925826048	18576306176	690.1	34	8
1262.91	0	282840	0	18925768704	18576306176	636.0	34	8
1263.92	0	282840	0	18925891584	18576310272	658.0	34	8
1264.92	0	282840	0	18925608960	18576310272	637.6	34	8
1265.92	0	282840	0	18925719552	18576310272	601.2	34	8
1266.93	0	282840	0	18925543424	18576310272	699.2	34	8
1267.93	0	282840	0	18925703168	18576310272	642.3	34	8
1268.94	0	282840	0	18925858816	18576318464	657.9	34	8
1269.94	0	282840	0	18925531136	18576318464	674.6	34	8
1270.94	0	282840	0	18925359104	18576318464	665.4	34	8
1271.95	0	282840	0	18925641728	18576322560	691.8	34	8
1272.95	0	282840	0	18925883392	18576322560	638.2	34	8
1273.96	0	282840	0	18926047232	18576322560	671.7	34	8
1274.96	0	282840	0	18926116864	18576322560	630.9	34	8
1275.96	0	282840	0	18926366720	18576322560	626.2	34	8
1276.97	0	282840	0	18925858816	18576322560	694.4	34	8
1277.97	0	282840	0	18925514752	18576322560	632.9	34	8
1278.98	0	282840	0	18925633536	18576322560	690.6	34	8
1279.98	0	282840	0	18926153728	18576322560	647.1	34	8
1280.99	0	282840	0	18925957120	18576322560	601.6	34	8
1281.99	0	282840	0	18925727744	18576322560	629.2	34	8
1282.99	0	282840	0	18925871104	18576404480	612.2	34	8
1284.00	0	282840	0	18926047232	18576404480	618.6	34	8
1285.00	0	282840	0	18926649344	18576408576	692.7	34	8
1286.01	0	282840	0	18926514176	18576412672	635.1	34	8
1287.01	0	282840	0	18926477312	18576412672	576.1	34	8
1288.01	0	282840	0	18926100480	18576412672	605.0	34	8
1289.02	0	282840	0	18926043136	18576412672	682.7	34	8
1290.02	0	282840	0	18926583808	18576420864	651.5	34	8
1291.03	0	282840	0	18926723072	18576420864	644.0	34	8
1292.03	0	282840	0	18926686208	18576420864	636.6	34	8
1293.03	0	282840	0	18926948352	18576420864	684.6	34	8
1294.04	0	282840	0	18926665728	18576420864	647.2	34	8
1295.04	0	282840	0	18926800896	18576420864	605.5	34	8
1296.05	0	282840	0	18926194688	18576420864	703.3	34	8
1297.05	0	282840	0	18926759936	18576420864	597.6	34	8
1298.05	0	282840	0	18926133248	18576420864	695.0	34	8
1299.06	0	282840	0	18926235648	18576420864	614.2	34	8
1300.06	0	282840	0	18926436352	18576420864	621.4	34	8
1301.07	0	282840	0	18926501888	18576420864	689.5	34	8
1302.07	0	282840	0	18926014464	18576424960	580.5	34	8
1303.07	0	282840	0	18925830144	18576424960	689.5	34	8
1304.08	0	282840	0	18925543424	18576424960	627.0	34	8
1305.08	0	282840	0	18925752320	18576424960	659.8	34	8
1306.09	0	282840	0	18925993984	18576424960	661.6	34	8
1307.09	0	282840	0	18926219264	18576424960	614.1	34	8
1308.10	0	282840	0	18925854720	18576424960	672.5	34	8
1309.10	0	282840	0	18925658112	18576424960	647.2	34	8
1310.10	0	282840	0	18926084096	18576424960	680.2	34	8
1311.11	0	282840	0	18925289472	18576424960	685.6	34	8
1312.11	0	282840	0	18925867008	18576424960	601.6	34	8
1313.12	0	282840	0	18925903872	18576474112	643.5	34	8
1314.12	0	282840	0	18926186496	18576474112	671.0	34	8
1315.12	0	282840	0	18926469120	18576539648	646.2	34	8
1316.13	0	282840	0	18926596096	18576613376	676.6	34	8
1317.13	0	282840	0	18926374912	18576613376	684.2	34	8
1318.14	0	282840	0	18926424064	18576621568	602.4	34	8
1319.14	0	282840	0	18926530560	18576621568	677.1	34	8
1320.15	0	282840	0	18926678016	18576633856	684.8	34	8
1321.15	0	282840	0	18926514176	18576633856	641.0	34	8
1322.15	0	282840	0	18926952448	18576637952	697.0	34	8
1323.16	0	282840	0	18926526464	18576642048	645.8	34	8
1324.16	0	282840	0	18926628864	18576642048	620.4	34	8
1325.17	0	282840	0	18926731264	18576650240	651.1	34	8
1326.17	0	282840	0	18926706688	18576650240	626.4	34	8
1327.17	0	282840	0	18926768128	18576650240	633.3	34	8
1328.18	0	282840	0	18926944256	18576670720	624.2	34	8
1329.18	0	282840	0	18926919680	18576670720	582.0	34	8
1330.19	0	282840	0	18927038464	18576670720	637.1	34	8
1331.19	0	282840	0	18926432256	18576670720	646.8	34	8
1332.19	0	282840	0	18926690304	18576670720	658.2	34	8
1333.20	0	282840	0	18926215168	18576674816	607.6	34	8
1334.20	0	282840	0	18926014464	18576752640	594.3	34	8
1335.21	0	282840	0	18926256128	18576752640	616.4	34	8
1336.21	0	282840	0	18926546944	18576838656	654.3	34	8
1337.22	0	282840	0	18926415872	18576838656	651.1	34	8
1338.22	0	282840	0	18926616576	18576838656	678.2	34	8
1339.22	0	282840	0	18926489600	18576855040	669.7	34	8
1340.23	0	282840	0	18926628864	18576855040	653.9	34	8
1341.23	0	282840	0	18926661632	18576855040	597.2	34	8
1342.24	0	282840	0	18926338048	18576867328	678.3	34	8
1343.24	0	282840	0	18926977024	18576871424	652.5	34	8
1344.24	0	282840	0	18927509504	18576883712	713.2	34	8
1345.25	0	282840	0	18927239168	18576883712	695.9	34	8
1346.25	0	282840	0	18926452736	18576883712	652.8	34	8
1347.26	0	282840	0	18926317568	18576883712	600.2	34	8
1348.26	0	282840	0	18926637056	18576883712	643.4	34	8
1349.26	0	282840	0	18926977024	18576887808	672.2	34	8
1350.27	0	282840	0	18927132672	18576887808	651.6	34	8
1351.27	0	282840	0	18927230976	18576887808	636.3	34	8
1352.28	0	282840	0	18927316992	18576887808	681.9	34	8
1353.28	0	282840	0	18926911488	18576891904	595.2	34	8
1354.29	0	282840	0	18926784512	18576891904	676.9	34	8
1355.29	0	282840	0	18927333376	18576891904	667.5	34	8
1356.29	0	282840	0	18926981120	18576891904	622.1	34	8
1357.30	0	282840	0	18926764032	18576908288	629.1	34	8
1358.30	0	282840	0	18926866432	18576908288	677.9	34	8
1359.31	0	282840	0	18927034368	18576908288	657.9	34	8
1360.31	0	282840	0	18926473216	18576908288	675.1	34	8
1361.31	0	282840	0	18926411776	18576908288	668.2	34	8
1362.32	0	282840	0	18926563328	18576908288	675.1	34	8
1363.32	0	282840	0	18926899200	18576916480	624.2	34	8
1364.33	0	282840	0	18927128576	18576916480	635.9	34	8
1365.33	0	282840	0	18927362048	18576920576	652.1	34	8
1366.33	0	282840	0	18927120384	18576920576	623.0	34	8
1367.34	0	282840	0	18926870528	18576920576	670.5	34	8
1368.34	0	282840	0	18926931968	18576920576	632.4	34	8
1369.35	0	282840	0	18926923776	18576924672	615.6	34	8
1370.35	0	282840	0	18927165440	18576928768	660.3	34	8
1371.36	0	282840	0	18927431680	18576928768	641.4	34	8
1372.36	0	282840	0	18927091712	18576928768	634.9	34	8
1373.36	0	282840	0	18927779840	18576928768	657.3	34	8
1374.37	0	282840	0	18927181824	18576928768	619.2	34	8
1375.37	0	282840	0	18927329280	18576928768	628.6	34	8
1376.38	0	282840	0	18927411200	18576928768	620.1	34	8
1377.38	0	282840	0	18927570944	18576928768	641.8	34	8
1378.38	0	282840	0	18927263744	18576928768	656.0	34	8
1379.39	0	282840	0	18927300608	18576928768	673.1	34	8
1380.39	0	282840	0	18927521792	18576936960	652.2	34	8
1381.40	0	282840	0	18927349760	18576936960	590.9	34	8
1382.40	0	282840	0	18926956544	18576936960	653.4	34	8
1383.41	0	282840	0	18927169536	18576941056	666.9	34	8
1384.41	0	282840	0	18927398912	18576941056	656.0	34	8
1385.41	0	282840	0	18927149056	18576941056	601.1	34	8
1386.42	0	282840	0	18927046656	18576949248	639.3	34	8
1387.42	0	282840	0	18927222784	18576953344	651.8	34	8
1388.43	0	282840	0	18927087616	18576953344	673.3	34	8
1389.43	0	282840	0	18927276032	18576953344	627.4	34	8
1390.43	0	282840	0	18927124480	18576953344	633.9	34	8
1391.44	0	282840	0	18927341568	18576953344	659.5	34	8
1392.44	0	282840	0	18927030272	18576957440	637.9	34	8
1393.45	0	282840	0	18926632960	18576961536	675.6	34	8
1394.45	0	282840	0	18927177728	18576973824	649.2	34	8
1395.46	0	282840	0	18926596096	18576973824	632.9	34	8
1396.46	0	282840	0	18925924352	18576977920	679.2	34	8
1397.46	0	282840	0	18926202880	18576977920	621.3	34	8
1398.47	0	282840	0	18926473216	18576977920	635.3	34	8
1399.47	0	282840	0	18926178304	18576977920	678.6	34	8
1400.48	0	282840	0	18927079424	18576982016	637.1	34	8
1401.48	0	282840	0	18926243840	18576982016	627.9	34	8
1402.48	0	282840	0	18926415872	18576982016	643.0	34	8
1403.49	0	282840	0	18927505408	18577014784	666.1	34	8
1404.49	0	282840	0	18927456256	18577014784	672.1	34	8
1405.50	0	282840	0	18927644672	18577014784	647.6	34	8
1406.50	0	282840	0	18927321088	18577014784	660.6	34	8
1407.51	0	282840	0	18927419392	18577018880	651.7	34	8
1408.51	0	282840	0	18927099904	18577018880	649.7	34	8
1409.51	0	282840	0	18927407104	18577039360	648.9	34	8
1410.52	0	282840	0	18927259648	18577039360	670.1	34	8
1411.52	0	282840	0	18927439872	18577039360	645.6	34	8
1412.53	0	282840	0	18927439872	18577043456	604.5	34	8
1413.53	0	282840	0	18927177728	18577047552	644.3	34	8
1414.53	0	282840	0	18927837184	18577047552	628.0	34	8
1415.54	0	282840	0	18927706112	18577047552	616.2	34	8
1416.54	0	282840	0	18927276032	18577051648	602.3	34	8
1417.55	0	282840	0	18927087616	18577051648	646.5	34	8
1418.55	0	282840	0	18927284224	18577096704	588.9	34	8
1419.56	0	282840	0	18927452160	18577096704	668.0	34	8
1420.56	0	282840	0	18927587328	18577096704	646.0	34	8
1421.56	0	282840	0	18927595520	18577096704	595.0	34	8
1422.57	0	282840	0	18927181824	18577096704	670.1	34	8
1423.57	0	282840	0	18926993408	18577096704	602.4	34	8
1424.58	0	282840	0	18927566848	18577096704	717.7	34	8
1425.58	0	282840	0	18927489024	18577096704	704.8	34	8
1426.58	0	282840	0	18927251456	18577096704	677.5	34	8
1427.59	0	282840	0	18927341568	18577096704	690.1	34	8
1428.59	0	282840	0	18926755840	18577104896	678.1	34	8
1429.60	0	282840	0	18926899200	18577104896	647.3	34	8
1430.60	0	282840	0	18927136768	18577108992	630.4	34	8
1431.60	0	282840	0	18927013888	18577108992	709.7	34	8
1432.61	0	282840	0	18926669824	18577108992	692.0	34	8
1433.61	0	282840	0	18927161344	18577108992	694.2	34	8
1434.62	0	282840	0	18927644672	18577113088	611.1	34	8
1435.62	0	282840	0	18927542272	18577117184	645.7	34	8
1436.62	0	282840	0	18927808512	18577117184	640.4	34	8
1437.63	0	282840	0	18927673344	18577117184	613.8	34	8
1438.63	0	282840	0	18927484928	18577117184	682.8	34	8
1439.64	0	282840	0	18927620096	18577117184	642.4	34	8
1440.64	0	282840	0	18927181824	18577117184	648.0	34	8
1441.65	0	282840	0	18926968832	18577117184	670.8	34	8
1442.65	0	282840	0	18927063040	18577117184	621.6	34	8
1443.65	0	282840	0	18926505984	18577117184	598.3	34	8
1444.66	0	282840	0	18926764032	18577117184	602.2	34	8
1445.66	0	282840	0	18927435776	18577117184	775.5	34	8
1446.67	0	282840	0	18926927872	18577117184	653.2	34	8
1447.67	0	282840	0	18927247360	18577133568	645.7	34	8
1448.67	0	282840	0	18926858240	18577133568	750.2	34	8
1449.68	0	282840	0	18927071232	18577133568	711.5	34	8
1450.68	0	282840	0	18927218688	18577133568	687.9	34	8
1451.69	0	282840	0	18926923776	18577133568	732.7	34	8
1452.69	0	282840	0	18926989312	18577133568	610.5	34	8
1453.69	0	282840	0	18927468544	18577137664	672.4	34	8
1454.70	0	282840	0	18927415296	18577137664	681.9	34	8
1455.70	0	282840	0	18927206400	18577137664	628.5	34	8
1456.71	0	282840	0	18927382528	18577137664	648.4	34	8
1457.71	0	282840	0	18927267840	18577145856	615.6	34	8
1458.72	0	282840	0	18927288320	18577149952	673.7	34	8
1459.72	0	282840	0	18927562752	18577149952	623.5	34	8
1460.72	0	282840	0	18927669248	18577149952	643.6	34	8
1461.73	0	282840	0	18927030272	18577149952	660.7	34	8
1462.73	0	282840	0	18926649344	18577149952	606.2	34	8
1463.74	0	282840	0	18927054848	18577149952	665.3	34	8
1464.74	0	282840	0	18927300608	18577149952	621.0	34	8
1465.74	0	282840	0	18927517696	18577149952	670.4	34	8
1466.75	0	282840	0	18927484928	18577149952	606.4	34	8
1467.75	0	282840	0	18926923776	18577149952	713.7	34	8
1468.76	0	282840	0	18926792704	18577149952	607.6	34	8
1469.76	0	282840	0	18927403008	18577154048	599.6	34	8
1470.77	0	282840	0	18927591424	18577154048	668.7	34	8
1471.77	0	282840	0	18927144960	18577162240	642.7	34	8
1472.77	0	282840	0	18927009792	18577162240	657.8	34	8
1473.78	0	282840	0	18927017984	18577162240	638.7	34	8
1474.78	0	282840	0	18927083520	18577162240	579.6	34	8
1475.79	0	282840	0	18927185920	18577162240	671.5	34	8
1476.79	0	282840	0	18926862336	18577162240	652.3	34	8
1477.79	0	282840	0	18927034368	18577162240	655.4	34	8
1478.80	0	282840	0	18927460352	18577231872	629.4	34	8
1479.80	0	282840	0	18927632384	18577231872	634.1	34	8
1480.81	0	282840	0	18928136192	18577231872	601.5	34	8
1481.81	0	282840	0	18927411200	18577231872	592.9	34	8
1482.81	0	282840	0	18927652864	18577235968	633.0	34	8
1483.82	0	282840	0	18927288320	18577235968	658.6	34	8
1484.82	0	282840	0	18927214592	18577240064	620.1	34	8
1485.83	0	282840	0	18926927872	18577240064	640.7	34	8
1486.83	0	282840	0	18927378432	18577248256	663.6	34	8
1487.84	0	282840	0	18927345664	18577256448	600.1	34	8
1488.84	0	282840	0	18927349760	18577256448	657.7	34	8
1489.84	0	282840	0	18927788032	18577260544	640.6	34	8
1490.85	0	282840	0	18926493696	18577260544	595.3	34	8
1491.85	0	282840	0	18925752320	18577260544	625.9	34	8
1492.86	0	282840	0	18925912064	18577260544	643.2	34	8
1493.86	0	282840	0	18925686784	18577260544	596.6	34	8
1494.87	0	282840	0	18925985792	18577260544	629.7	34	8
1495.87	0	282840	0	18925592576	18577260544	619.8	34	8
1496.87	0	282840	0	18925748224	18577264640	630.2	34	8
1497.88	0	282840	0	18925678592	18577264640	598.5	34	8
1498.88	0	284818	0	18928697344	18577264640	615.8	34	8
1499.89	0	284818	0	18928205824	18577272832	638.8	34	8
1500.89	0	284818	0	18928254976	18577272832	670.5	34	8
1501.90	0	284818	0	18928431104	18577272832	581.5	34	8
1502.90	0	284818	0	18928205824	18577272832	624.6	34	8
1503.90	0	284818	0	18928910336	18577272832	672.5	34	8
1504.91	0	284818	0	18928541696	18577272832	618.6	34	8
1505.91	0	284818	0	18928513024	18577272832	575.6	34	8
1506.92	0	286430	0	18930331648	18577272832	642.7	34	8
1507.92	0	291466	0	18935693312	18577272832	753.3	34	8
1508.92	0	296481	0	18940600320	18577272832	740.5	34	8
1509.93	0	301657	0	18946211840	18577272832	762.5	34	8
1510.93	0	306743	0	18951716864	18577272832	716.6	34	8
1511.94	0	311779	0	18957279232	18577272832	781.4	34	8
1512.94	0	316931	0	18962440192	18577272832	784.8	34	8
1513.95	0	322084	0	18967752704	18577272832	748.7	34	8
1514.95	0	327205	0	18972307456	18577272832	790.3	34	8
1515.95	0	332357	0	18977484800	18577272832	718.0	34	8
1516.96	0	337492	0	18983059456	18577272832	747.4	34	8
1517.96	0	342620	0	18988503040	18577272832	764.8	34	8
1518.97	0	347802	0	18993602560	18577272832	753.1	34	8
1519.97	0	353004	0	18999177216	18577272832	740.7	34	8
1520.97	0	358156	0	19004039168	18577272832	741.9	34	8
1521.98	0	363257	0	19008897024	18577272832	734.1	34	8
1522.98	0	368390	0	19014606848	18577272832	796.5	34	8
1523.99	0	373583	0	19019968512	18577272832	723.8	34	8
1524.99	0	378780	0	19025555456	18577276928	800.8	34	8
1526.00	0	383946	0	19029929984	18577276928	745.9	34	8
1527.00	0	389156	0	19035770880	18577276928	720.5	34	8
1528.00	0	394336	0	19041550336	18577276928	711.8	34	8
1529.01	0	399519	0	19046203392	18577276928	800.2	34	8
1530.01	0	404638	0	19052240896	18577285120	740.7	34	8
1531.02	0	409734	0	19057352704	18577285120	696.1	34	8
1532.02	0	414863	0	19062595584	18577285120	741.8	34	8
1533.02	0	419701	0	19070038016	18579382272	739.6	34	8
1534.03	0	424789	0	19074883584	18579386368	758.8	34	8
1535.03	0	429957	0	19078791168	18575192064	769.5	34	8
1536.04	0	434840	0	19083784192	18575192064	715.5	34	8
1537.04	0	434840	0	19083984896	18575192064	621.3	34	8
1538.04	0	434840	0	19083177984	18575192064	647.9	34	8
1539.05	0	434840	0	19082534912	18575192064	618.2	34	8
1540.05	0	434840	0	19082620928	18575192064	652.3	34	8
1541.06	0	434840	0	19082887168	18575192064	657.2	34	8
1542.06	0	434840	0	19082739712	18575192064	652.9	34	8
1543.07	0	434840	0	19082424320	18575192064	653.8	34	8
1544.07	0	434840	0	19083063296	18575196160	612.7	34	8
1545.07	0	434840	0	19082420224	18575196160	666.4	34	8
1546.08	0	434840	0	19082526720	18575196160	642.9	34	8
1547.08	0	434840	0	19082940416	18575196160	686.4	34	8
1548.09	0	434840	0	19082575872	18575196160	628.7	34	8
1549.09	0	434840	0	19082596352	18575196160	687.4	34	8
1550.10	0	434840	0	19082989568	18575196160	645.5	34	8
1551.10	0	434840	0	19083157504	18575196160	690.0	34	8
1552.10	0	434840	0	19082817536	18575196160	642.5	34	8
1553.11	0	434840	0	19082993664	18575196160	626.1	34	8
1554.11	0	434840	0	19082928128	18575196160	647.9	34	8
1555.12	0	434840	0	19083079680	18575196160	687.1	34	8
1556.12	0	434840	0	19083010048	18575200256	638.5	34	8
1557.13	0	434840	0	19082780672	18575200256	629.5	34	8
1558.13	0	434840	0	19082792960	18575200256	681.0	34	8
1559.13	0	434840	0	19083485184	18575200256	657.0	34	8
1560.14	0	436908	0	19085901824	18575200256	704.4	34	8
1561.14	0	436908	0	19085193216	18575200256	668.9	34	8
1562.15	0	436908	0	19085271040	18575200256	629.4	34	8
1563.15	0	436908	0	19085086720	18575204352	620.7	34	8
1564.15	0	436908	0	19084541952	18575224832	692.7	34	8
1565.16	0	436908	0	19085254656	18575224832	633.3	34	8
1566.16	0	436908	0	19085123584	18575224832	645.8	34	8
1567.17	0	436908	0	19085148160	18575233024	640.2	34	8
1568.17	0	440101	0	19088584704	18575233024	669.8	34	8
1569.18	0	445253	0	19094253568	18575237120	751.5	34	8
1570.18	0	450412	0	19099262976	18575241216	843.7	34	8
1571.18	0	453953	0	19102441472	18575241216	673.1	34	8
1572.19	0	453953	0	19102433280	18575241216	595.1	34	8
1573.19	0	453953	0	19102060544	18575241216	606.9	34	8
1574.20	0	453953	0	19102576640	18575249408	705.6	34	8
1575.20	0	453953	0	19102740480	18575249408	590.3	34	8
1576.21	0	453953	0	19102183424	18575249408	632.0	34	8
1577.21	0	453953	0	19102642176	18575249408	722.6	34	8
1578.21	0	453953	0	19102654464	18575249408	648.6	34	8
1579.22	0	453953	0	19102617600	18575249408	620.7	34	8
1580.22	0	453953	0	19102707712	18575249408	630.4	34	8
1581.23	0	453953	0	19101974528	18575249408	669.9	34	8
1582.23	0	453953	0	19101982720	18575249408	623.1	34	8
1583.23	0	453953	0	19101741056	18575249408	596.5	34	8
1584.24	0	453953	0	19101417472	18575249408	614.2	34	8
1585.24	0	453953	0	19102113792	18575249408	669.0	34	8
1586.25	0	453953	0	19101814784	18575249408	629.1	34	8
1587.25	0	453953	0	19101782016	18575249408	661.1	34	8
1588.26	0	453953	0	19102351360	18575249408	639.3	34	8
1589.26	0	453953	0	19102535680	18575249408	636.6	34	8
1590.26	0	453953	0	19102187520	18575249408	650.2	34	8
1591.27	0	453953	0	19101708288	18575249408	650.3	34	8
1592.27	0	453953	0	19101659136	18575249408	601.3	34	8
1593.28	0	453953	0	19102007296	18575249408	614.6	34	8
1594.28	0	453953	0	19102187520	18575249408	660.6	34	8
1595.29	0	453953	0	19102113792	18575265792	678.0	34	8
1596.29	0	453953	0	19101982720	18575323136	595.6	34	8
1597.29	0	453953	0	19101892608	18575323136	686.4	34	8
1598.30	0	453953	0	19102228480	18575323136	634.0	34	8
1599.30	0	453953	0	19102162944	18575323136	642.8	34	8
1600.31	0	453953	0	19102584832	18575327232	662.7	34	8
1601.31	0	453953	0	19102629888	18575327232	620.5	34	8
1602.31	0	453953	0	19102625792	18575327232	648.7	34	8
1603.32	0	453953	0	19102961664	18575327232	604.4	34	8
1604.32	0	453953	0	19102683136	18575327232	673.5	34	8
1605.33	0	453953	0	19102806016	18575327232	610.5	34	8
1606.33	0	453953	0	19102810112	18575327232	667.2	34	8
1607.34	0	453953	0	19103059968	18575327232	616.5	34	8
1608.34	0	453953	0	19102658560	18575327232	660.6	34	8
1609.34	0	453953	0	19102806016	18575327232	628.0	34	8
1610.35	0	453953	0	19103096832	18575327232	659.0	34	8
1611.35	0	453953	0	19102851072	18575327232	690.7	34	8
1612.36	0	453953	0	19103371264	18575331328	628.0	34	8
1613.36	0	453953	0	19103145984	18575331328	641.8	34	8
1614.37	0	453953	0	19103166464	18575331328	660.4	34	8
1615.37	0	453953	0	19103350784	18575331328	663.6	34	8
1616.37	0	453953	0	19103444992	18575331328	627.9	34	8
1617.38	0	453953	0	19103006720	18575331328	636.2	34	8
1618.38	0	453953	0	19102986240	18575331328	606.1	34	8
1619.39	0	453953	0	19103027200	18575433728	670.2	34	8
1620.39	0	453953	0	19103305728	18575433728	680.1	34	8
1621.40	0	453953	0	19103457280	18575433728	659.5	34	8
1622.40	0	453953	0	19103301632	18575433728	632.1	34	8
1623.40	0	453953	0	19103105024	18575433728	605.8	34	8
1624.41	0	453953	0	19103105024	18575433728	643.0	34	8
1625.41	0	453953	0	19102744576	18575433728	704.5	34	8
1626.42	0	453953	0	19102564352	18575433728	631.9	34	8
1627.42	0	453953	0	19102748672	18575433728	652.7	34	8
1628.43	0	453953	0	19102904320	18575433728	650.0	34	8
1629.43	0	453953	0	19103252480	18575437824	628.5	34	8
1630.43	0	453953	0	19103248384	18575446016	652.1	34	8
1631.44	0	453953	0	19103666176	18575446016	637.4	34	8
1632.44	0	453953	0	19103227904	18575446016	607.5	34	8
1633.45	0	453953	0	19103137792	18575446016	693.9	34	8
1634.45	0	453953	0	19103289344	18575446016	696.6	34	8
1635.45	0	453953	0	19103248384	18575470592	635.4	34	8
1636.46	0	453953	0	19103178752	18575470592	585.3	34	8
1637.46	0	453953	0	19102863360	18575470592	688.4	34	8
1638.47	0	453953	0	19103195136	18575470592	574.9	34	8
1639.47	0	453953	0	19103072256	18575470592	617.1	34	8
1640.48	0	453953	0	19103006720	18575470592	706.6	34	8
1641.48	0	453953	0	19102662656	18575470592	639.0	34	8
1642.48	0	453953	0	19102769152	18575470592	661.3	34	8
1643.49	0	453953	0	19103166464	18575470592	615.8	34	8
1644.49	0	453953	0	19103522816	18575470592	605.9	34	8
1645.50	0	453953	0	19102179328	18575470592	610.3	34	8
1646.50	0	453953	0	19102072832	18575470592	622.3	34	8
1647.50	0	453953	0	19101954048	18575470592	642.1	34	8
1648.51	0	453953	0	19102367744	18575470592	666.9	34	8
1649.51	0	453953	0	19102904320	18575470592	622.9	34	8
1650.52	0	453953	0	19102662656	18575474688	698.6	34	8
1651.52	0	453953	0	19102797824	18575474688	576.8	34	8
1652.53	0	453953	0	19102781440	18575474688	652.0	34	8
1653.53	0	453953	0	19103047680	18575474688	655.3	34	8
1654.53	0	453953	0	19103129600	18575474688	584.3	34	8
1655.54	0	453953	0	19102978048	18575474688	666.5	34	8
1656.54	0	453953	0	19102806016	18575474688	633.0	34	8
1657.55	0	453953	0	19102658560	18575474688	715.6	34	8
1658.55	0	453953	0	19103092736	18575474688	631.5	34	8
1659.56	0	453953	0	19102969856	18575474688	615.6	34	8
1660.56	0	453953	0	19103125504	18575474688	692.0	34	8
1661.56	0	453953	0	19102539776	18575474688	641.9	34	8
1662.57	0	453953	0	19102539776	18575474688	589.9	34	8
1663.57	0	453953	0	19102773248	18575474688	633.3	34	8
1664.58	0	453953	0	19102900224	18575474688	668.2	34	8
1665.58	0	453953	0	19103125504	18575499264	617.0	34	8
1666.58	0	453953	0	19103006720	18575577088	718.0	34	8
1667.59	0	453953	0	19102441472	18575577088	735.6	34	8
1668.59	0	453953	0	19102683136	18575577088	737.2	34	8
1669.60	0	453953	0	19102670848	18575577088	598.0	34	8
1670.60	0	453953	0	19103064064	18575577088	665.8	34	8
1671.61	0	453953	0	19102621696	18575577088	807.3	34	8
1672.61	0	453953	0	19102535680	18575577088	799.2	34	8
1673.61	0	453953	0	19102908416	18575577088	764.7	34	8
1674.62	0	453953	0	19102793728	18575577088	574.7	34	8
1675.62	0	453953	0	19102552064	18575577088	698.0	34	8
1676.63	0	453953	0	19102867456	18575593472	637.5	34	8
1677.63	0	453953	0	19102683136	18575593472	677.9	34	8
1678.64	0	453953	0	19103064064	18575593472	624.2	34	8
1679.64	0	453953	0	19102822400	18575597568	644.9	34	8
1680.64	0	453953	0	19102732288	18575597568	782.9	34	8
1681.65	0	453953	0	19102449664	18575597568	741.7	34	8
1682.65	0	453953	0	19102457856	18575597568	540.8	34	8
1683.66	0	453953	0	19102392320	18575597568	637.1	34	8
1684.66	0	453953	0	19102564352	18575597568	638.5	34	8
1685.67	0	453953	0	19103019008	18575597568	652.9	34	8
1686.67	0	453953	0	19102466048	18575597568	683.6	34	8
1687.67	0	453953	0	19102322688	18575597568	670.8	34	8
1688.68	0	453953	0	19102203904	18575597568	600.2	34	8
1689.68	0	453953	0	19102511104	18575597568	626.2	34	8
1690.69	0	453953	0	19102433280	18575597568	691.7	34	8
1691.69	0	453953	0	19102146560	18575597568	677.4	34	8
1692.69	0	453953	0	19102224384	18575597568	631.9	34	8
1693.70	0	453953	0	19102642176	18575597568	600.3	34	8
1694.70	0	453953	0	19102801920	18575597568	605.9	34	8
1695.71	0	453953	0	19103543296	18575601664	595.4	34	8
1696.71	0	453953	0	19102056448	18575609856	646.6	34	8
1697.72	0	453953	0	19102781440	18575609856	691.3	34	8
1698.72	0	453953	0	19102240768	18575609856	606.4	34	8
1699.72	0	453953	0	19102720000	18575609856	659.4	34	8
1700.73	0	453953	0	19102875648	18575609856	676.1	34	8
1701.73	0	453953	0	19102584832	18575613952	637.6	34	8
1702.74	0	453953	0	19102793728	18575613952	634.7	34	8
1703.74	0	453953	0	19102687232	18575613952	632.5	34	8
1704.74	0	453953	0	19103068160	18575613952	626.0	34	8
1705.75	0	453953	0	19103133696	18575613952	693.9	34	8
1706.75	0	453953	0	19103756288	18575704064	682.2	34	8
1707.76	0	453953	0	19103043584	18575704064	603.9	34	8
1708.76	0	453953	0	19102523392	18575704064	631.8	34	8
1709.77	0	453953	0	19102498816	18575704064	616.8	34	8
1710.77	0	453953	0	19103010816	18575704064	639.5	34	8
1711.77	0	453953	0	19102875648	18575704064	660.9	34	8
1712.78	0	453953	0	19102859264	18575704064	558.9	34	8
1713.78	0	453953	0	19103326208	18575704064	606.7	34	8
1714.79	0	453953	0	19102949376	18575704064	623.7	34	8
1715.79	0	453953	0	19102945280	18575704064	694.6	34	8
1716.80	0	453953	0	19103096832	18575704064	626.0	34	8
1717.80	0	453953	0	19102851072	18575704064	614.9	34	8
1718.80	0	453953	0	19102851072	18575716352	654.1	34	8
1719.81	0	453953	0	19102683136	18575716352	632.9	34	8
1720.81	0	453953	0	19102801920	18575716352	650.5	34	8
1721.82	0	453953	0	19102486528	18575716352	588.1	34	8
1722.82	0	453953	0	19102560256	18575716352	633.6	34	8
1723.82	0	453953	0	19102707712	18575716352	651.7	34	8
1724.83	0	453953	0	19102412800	18575716352	648.5	34	8
1725.83	0	453953	0	19102879744	18575716352	680.3	34	8
1726.84	0	453953	0	19102912512	18575716352	759.6	34	8
1727.84	0	453953	0	19102965760	18575716352	681.8	34	8
1728.85	0	453953	0	19103145984	18575716352	673.5	34	8
1729.85	0	453953	0	19103092736	18575716352	647.2	34	8
1730.85	0	453953	0	19103248384	18575716352	677.0	34	8
1731.86	0	453953	0	19102404608	18575716352	639.0	34	8
1732.86	0	453953	0	19102728192	18575716352	651.2	34	8
1733.87	0	453953	0	19103252480	18575724544	612.4	34	8
1734.87	0	453953	0	19103141888	18575724544	613.9	34	8
1735.87	0	453953	0	19103178752	18575724544	649.5	34	8
1736.88	0	453953	0	19103293440	18575724544	622.5	34	8
1737.88	0	453953	0	19103494144	18575728640	622.8	34	8
1738.89	0	453953	0	19102973952	18575728640	688.6	34	8
1739.89	0	453953	0	19103485952	18575728640	697.3	34	8
1740.89	0	453953	0	19103547392	18575728640	591.7	34	8
1741.90	0	453953	0	19103399936	18575728640	602.6	34	8
1742.90	0	453953	0	19103240192	18575728640	684.7	34	8
1743.91	0	453953	0	19102302208	18575728640	631.0	34	8
1744.91	0	453953	0	19103027200	18575728640	693.2	34	8
1745.91	0	453953	0	19102683136	18575728640	662.2	34	8
1746.92	0	453953	0	19102937088	18575728640	675.5	34	8
1747.92	0	453953	0	19103014912	18575732736	671.8	34	8
1748.93	0	453953	0	19102752768	18575732736	662.3	34	8
1749.93	0	453953	0	19102949376	18575732736	592.6	34	8
1750.94	0	453953	0	19102892032	18575732736	696.5	34	8
1751.94	0	453953	0	19103010816	18575732736	674.0	34	8
1752.94	0	453953	0	19102494720	18575732736	620.2	34	8
1753.95	0	453953	0	19102728192	18575732736	648.6	34	8
1754.95	0	453953	0	19102859264	18575732736	638.1	34	8
1755.96	0	453953	0	19103019008	18575740928	621.3	34	8
1756.96	0	453953	0	19102892032	18575740928	583.9	34	8
1757.96	0	453953	0	19102842880	18575740928	573.2	34	8
1758.97	0	453953	0	19102384128	18575740928	661.0	34	8
1759.97	0	453953	0	19103027200	18575740928	663.8	34	8
1760.98	0	453953	0	19102687232	18575740928	686.9	34	8
1761.98	0	453953	0	19103313920	18575826944	699.6	34	8
1762.98	0	453953	0	19103322112	18575826944	646.2	34	8
1763.99	0	453953	0	19103244288	18575826944	601.8	34	8
1764.99	0	453953	0	19103703040	18575826944	682.4	34	8
1766.00	0	453953	0	19103600640	18575912960	597.8	34	8
1767.00	0	453953	0	19103588352	18575921152	610.9	34	8
1768.01	0	453953	0	19103473664	18575921152	655.2	34	8
1769.01	0	453953	0	19103477760	18575921152	585.1	34	8
1770.01	0	453953	0	19103657984	18575925248	689.8	34	8
1771.02	0	453953	0	19103424512	18575925248	656.5	34	8
1772.02	0	453953	0	19103563776	18575925248	651.2	34	8
1773.03	0	453953	0	19102969856	18575925248	708.6	34	8
1774.03	0	453953	0	19103526912	18575925248	621.7	34	8
1775.03	0	453953	0	19103649792	18575925248	660.9	34	8
1776.04	0	453953	0	19103551488	18575925248	633.3	34	8
1777.04	0	453953	0	19103621120	18575925248	691.0	34	8
1778.05	0	453953	0	19103236096	18575925248	652.1	34	8
1779.05	0	453953	0	19102916608	18575925248	654.3	34	8
1780.05	0	453953	0	19103117312	18575925248	665.3	34	8
1781.06	0	453953	0	19102806016	18575925248	683.8	34	8
1782.06	0	453953	0	19103420416	18575925248	672.8	34	8
1783.07	0	453953	0	19102928896	18575925248	623.2	34	8
1784.07	0	453953	0	19102908416	18575925248	617.4	34	8
1785.07	0	453953	0	19102949376	18575925248	604.3	34	8
1786.08	0	453953	0	19103129600	18575925248	696.7	34	8
1787.08	0	453953	0	19103551488	18575925248	649.0	34	8
1788.09	0	453953	0	19103064064	18575925248	622.4	34	8
1789.09	0	453953	0	19103088640	18575925248	663.0	34	8
1790.10	0	453953	0	19103186944	18575925248	631.6	34	8
1791.10	0	453953	0	19102498816	18575925248	625.2	34	8
1792.10	0	453953	0	19101872128	18575925248	669.1	34	8
1793.11	0	453953	0	19101941760	18575925248	647.7	34	8
1794.11	0	453953	0	19101704192	18575925248	677.0	34	8
1795.12	0	453953	0	19101515776	18575925248	629.7	34	8
1796.12	0	453953	0	19102097408	18575925248	641.1	34	8
1797.13	0	453953	0	19102068736	18575925248	652.2	34	8
1798.13	0	453953	0	19102294016	18575925248	629.6	34	8
1799.13	0	453953	0	19103072256	18575929344	770.7	34	8
1800.14	0	453953	0	19103260672	18575929344	684.8	34	8
1801.14	0	453953	0	19102543872	18575929344	705.1	34	8
1802.15	0	453953	0	19102564352	18575929344	626.6	34	8
1803.15	0	453953	0	19102646272	18575929344	665.6	34	8
1804.16	0	453953	0	19102760960	18575929344	678.2	34	8
1805.16	0	453953	0	19102920704	18575933440	703.5	34	8
1806.16	0	453953	0	19102855168	18575933440	673.7	34	8
1807.17	0	453953	0	19103141888	18575933440	629.5	34	8
1808.17	0	453953	0	19102695424	18575933440	605.5	34	8
1809.18	0	453953	0	19102543872	18575933440	643.8	34	8
1810.18	0	453953	0	19102334976	18575933440	683.2	34	8
1811.19	0	453953	0	19102650368	18575933440	640.0	34	8
1812.19	0	453953	0	19102855168	18575933440	656.9	34	8
1813.19	0	453953	0	19103236096	18575933440	635.5	34	8
1814.20	0	453953	0	19103096832	18575933440	583.5	34	8
1815.20	0	453953	0	19103526912	18575933440	655.7	34	8
1816.21	0	453953	0	19102896128	18575933440	694.8	34	8
1817.21	0	453953	0	19102740480	18575933440	621.4	34	8
1818.21	0	453953	0	19102605312	18575933440	642.1	34	8
1819.22	0	453953	0	19102945280	18575933440	618.9	34	8
1820.22	0	453953	0	19102973952	18575933440	722.4	34	8
1821.23	0	453953	0	19102912512	18575933440	615.4	34	8
1822.23	0	453953	0	19102912512	18575933440	708.3	34	8
1823.24	0	453953	0	19103125504	18575937536	609.9	34	8
1824.24	0	453953	0	19102908416	18575937536	695.3	34	8
1825.24	0	453953	0	19103309824	18575937536	657.3	34	8
1826.25	0	453953	0	19103465472	18575937536	598.2	34	8
1827.25	0	453953	0	19103109120	18575937536	628.0	34	8
1828.26	0	453953	0	19103105024	18575937536	644.5	34	8
1829.26	0	453953	0	19103117312	18575937536	642.7	34	8
1830.27	0	453953	0	19103019008	18575937536	609.9	34	8
1831.27	0	453953	0	19102535680	18575937536	593.4	34	8
1832.27	0	453953	0	19102482432	18575937536	663.1	34	8
1833.28	0	453953	0	19102646272	18575945728	595.1	34	8
1834.28	0	453953	0	19102945280	18575945728	652.0	34	8
1835.29	0	453953	0	19103305728	18575945728	640.6	34	8
1836.29	0	453953	0	19101851648	18575945728	622.4	34	8
1837.29	0	453953	0	19101790208	18575945728	669.0	34	8
1838.30	0	453953	0	19101822976	18575945728	665.2	34	8
1839.30	0	453953	0	19102298112	18575945728	616.7	34	8
1840.31	0	453953	0	19102863360	18575945728	622.4	34	8
1841.31	0	453953	0	19102691328	18575978496	661.8	34	8
1842.32	0	453953	0	19102543872	18575978496	624.1	34	8
1843.32	0	453953	0	19102248960	18575978496	646.0	34	8
1844.32	0	453953	0	19102257152	18575978496	617.7	34	8
1845.33	0	453953	0	19102425088	18575978496	609.2	34	8
1846.33	0	453953	0	19102494720	18575978496	643.4	34	8
1847.34	0	453953	0	19102834688	18575978496	639.5	34	8
1848.34	0	453953	0	19103043584	18575978496	660.6	34	8
1849.34	0	453953	0	19102658560	18575978496	609.9	34	8
1850.35	0	453953	0	19102384128	18575978496	631.3	34	8
1851.35	0	453953	0	19102334976	18575978496	616.6	34	8
1852.36	0	453953	0	19102531584	18575994880	637.1	34	8
1853.36	0	453953	0	19103227904	18575994880	668.4	34	8
1854.37	0	453953	0	19102892032	18575994880	665.3	34	8
1855.37	0	453953	0	19103551488	18575994880	648.2	34	8
1856.37	0	453953	0	19102855168	18575994880	600.9	34	8
1857.38	0	453953	0	19103027200	18575998976	590.0	34	8
1858.38	0	453953	0	19102781440	18575998976	687.3	34	8
1859.39	0	453953	0	19103264768	18575998976	637.4	34	8
1860.39	0	453953	0	19103645696	18575998976	646.3	34	8
1861.40	0	453953	0	19103272960	18575998976	703.4	34	8
1862.40	0	453953	0	19103383552	18575998976	614.0	34	8
1863.40	0	453953	0	19103232000	18575998976	646.2	34	8
1864.41	0	453953	0	19103072256	18575998976	655.4	34	8
1865.41	0	453953	0	19103207424	18575998976	578.4	34	8
1866.42	0	453953	0	19102724096	18575998976	639.7	34	8
1867.42	0	453953	0	19102932992	18575998976	612.6	34	8
1868.42	0	453953	0	19102945280	18575998976	605.6	34	8
1869.43	0	453953	0	19103031296	18575998976	633.1	34	8
1870.43	0	453953	0	19103277056	18575998976	656.1	34	8
1871.44	0	453953	0	19102994432	18575998976	645.0	34	8
1872.44	0	453953	0	19103182848	18575998976	598.1	34	8
1873.44	0	453953	0	19103387648	18575998976	688.0	34	8
1874.45	0	453953	0	19103776768	18575998976	639.2	34	8
1875.45	0	453953	0	19103936512	18575998976	620.3	34	8
1876.46	0	453953	0	19103346688	18575998976	702.7	34	8
1877.46	0	453953	0	19103432704	18575998976	614.5	34	8
1878.46	0	453953	0	19102687232	18575998976	664.0	34	8
1879.47	0	453953	0	19102851072	18575998976	625.2	34	8
1880.47	0	453953	0	19103117312	18575998976	605.0	34	8
1881.48	0	453953	0	19103019008	18575998976	645.0	34	8
1882.48	0	453953	0	19103133696	18575998976	697.9	34	8
1883.49	0	453953	0	19103326208	18575998976	603.5	34	8
1884.49	0	453953	0	19103150080	18576003072	597.9	34	8
1885.49	0	453953	0	19102957568	18576003072	612.8	34	8
1886.50	0	453953	0	19102969856	18576003072	647.5	34	8
1887.50	0	453953	0	19102797824	18576003072	647.1	34	8
1888.51	0	453953	0	19103051776	18576003072	607.1	34	8
1889.51	0	453953	0	19103145984	18576003072	604.7	34	8
1890.51	0	453953	0	19103805440	18576003072	619.4	34	8
1891.52	0	453953	0	19103158272	18576003072	602.6	34	8
1892.52	0	453953	0	19102732288	18576003072	627.8	34	8
1893.53	0	453953	0	19102932992	18576003072	594.8	34	8
1894.53	0	453953	0	19102818304	18576003072	645.6	34	8
1895.53	0	453953	0	19103240192	18576003072	663.9	34	8
1896.54	0	453953	0	19102998528	18576003072	577.2	34	8
1897.54	0	453953	0	19103150080	18576003072	627.6	34	8
1898.55	0	453953	0	19102818304	18576003072	660.8	34	8
1899.55	0	453953	0	19102535680	18576003072	625.6	34	8
1900.56	0	453953	0	19102613504	18576003072	614.0	34	8
1901.56	0	453953	0	19102371840	18576007168	645.5	34	8
1902.56	0	453953	0	19102482432	18576007168	674.5	34	8
1903.57	0	453953	0	19102474240	18576007168	632.0	34	8
1904.57	0	453953	0	19102982144	18576007168	616.8	34	8
1905.58	0	453953	0	19102752768	18576015360	636.0	34	8
1906.58	0	453953	0	19102670848	18576015360	591.0	34	8
1907.58	0	453953	0	19102556160	18576015360	629.3	34	8
1908.59	0	453953	0	19101995008	18576015360	636.4	34	8
1909.59	0	453953	0	19102724096	18576015360	612.3	34	8
1910.60	0	453953	0	19102650368	18576015360	640.5	34	8
1911.60	0	453953	0	19102453760	18576015360	636.3	34	8
1912.60	0	453953	0	19102785536	18576023552	682.5	34	8
1913.61	0	453953	0	19102732288	18576023552	606.4	34	8
1914.61	0	453953	0	19102662656	18576023552	622.1	34	8
1915.62	0	453953	0	19102969856	18576035840	672.6	34	8
1916.62	0	453953	0	19102318592	18576035840	713.2	34	8
1917.63	0	453953	0	19102416896	18576035840	696.1	34	8
1918.63	0	453953	0	19102724096	18576035840	627.0	34	8
1919.63	0	453953	0	19102781440	18576035840	595.9	34	8
1920.64	0	453953	0	19102535680	18576035840	634.0	34	8
1921.64	0	453953	0	19102097408	18576035840	613.3	34	8
1922.65	0	453953	0	19102928896	18576035840	670.7	34	8
1923.65	0	453953	0	19102961664	18576035840	690.6	34	8
1924.65	0	453953	0	19103006720	18576035840	612.7	34	8
1925.66	0	453953	0	19103236096	18576035840	695.0	34	8
1926.66	0	453953	0	19103375360	18576039936	659.2	34	8
1927.67	0	453953	0	19102777344	18576039936	624.7	34	8
1928.67	0	453953	0	19102617600	18576039936	644.7	34	8
1929.67	0	453953	0	19102760960	18576039936	613.3	34	8
1930.68	0	453953	0	19103371264	18576039936	570.0	34	8
1931.68	0	453953	0	19103145984	18576039936	677.7	34	8
1932.69	0	453953	0	19102556160	18576044032	646.2	34	8
1933.69	0	453953	0	19103232000	18576044032	617.1	34	8
1934.70	0	453953	0	19103363072	18576044032	667.0	34	8
1935.70	0	453953	0	19103404032	18576044032	695.2	34	8
1936.70	0	453953	0	19102777344	18576044032	640.9	34	8
1937.71	0	453953	0	19102986240	18576048128	612.4	34	8
1938.71	0	453953	0	19103047680	18576048128	640.6	34	8
1939.72	0	453953	0	19103039488	18576048128	697.2	34	8
1940.72	0	453953	0	19103649792	18576056320	611.9	34	8
1941.72	0	453953	0	19103236096	18576060416	613.3	34	8
1942.73	0	453953	0	19103318016	18576060416	641.5	34	8
1943.73	0	453953	0	19104137216	18576076800	612.2	34	8
1944.74	0	453953	0	19104317440	18576076800	680.3	34	8
1945.74	0	453953	0	19104239616	18576076800	696.5	34	8
1946.75	0	453953	0	19103977472	18576076800	631.1	34	8
1947.75	0	453953	0	19104002048	18576076800	622.8	34	8
1948.75	0	453953	0	19103375360	18576076800	684.7	34	8
1949.76	0	453953	0	19103576064	18576076800	662.3	34	8
1950.76	0	453953	0	19103256576	18576076800	638.3	34	8
1951.77	0	453953	0	19103059968	18576076800	634.1	34	8
1952.77	0	453953	0	19103764480	18576076800	639.7	34	8
1953.78	0	453953	0	19103617024	18576076800	656.9	34	8
1954.78	0	453953	0	19103563776	18576076800	677.2	34	8
1955.78	0	453953	0	19103399936	18576076800	658.0	34	8
1956.79	0	453953	0	19103694848	18576076800	681.3	34	8
1957.79	0	453953	0	19103698944	18576076800	690.0	34	8
1958.80	0	453953	0	19103547392	18576076800	637.7	34	8
1959.80	0	453953	0	19103531008	18576093184	687.6	34	8
1960.81	0	453953	0	19103117312	18576097280	686.0	34	8
1961.81	0	453953	0	19103731712	18576097280	623.4	34	8
1962.81	0	453953	0	19102064640	18576097280	612.3	34	8
1963.82	0	453953	0	19102318592	18576097280	598.0	34	8
1964.82	0	453953	0	19102408704	18576097280	618.9	34	8
1965.83	0	453953	0	19103064064	18576097280	702.2	34	8
1966.83	0	453953	0	19103281152	18576105472	683.2	34	8
1967.83	0	453953	0	19102994432	18576105472	634.1	34	8
1968.84	0	453953	0	19102756864	18576105472	639.3	34	8
1969.84	0	453953	0	19102765056	18576105472	614.6	34	8
1970.85	0	453953	0	19103051776	18576105472	666.5	34	8
1971.85	0	453953	0	19102961664	18576105472	671.9	34	8
1972.86	0	453953	0	19102752768	18576105472	669.0	34	8
1973.86	0	453953	0	19103129600	18576105472	614.6	34	8
1974.86	0	453953	0	19102773248	18576105472	689.0	34	8
1975.87	0	453953	0	19103031296	18576105472	643.4	34	8
1976.87	0	453953	0	19102789632	18576117760	583.7	34	8
1977.88	0	453953	0	19102896128	18576117760	677.0	34	8
1978.88	0	453953	0	19103399936	18576121856	661.5	34	8
1979.89	0	453953	0	19103526912	18576134144	595.8	34	8
1980.89	0	453953	0	19103719424	18576134144	711.8	34	8
1981.89	0	453953	0	19103109120	18576134144	687.6	34	8
1982.90	0	453953	0	19103543296	18576134144	620.3	34	8
1983.90	0	453953	0	19102920704	18576134144	603.7	34	8
1984.91	0	453953	0	19103662080	18576134144	630.8	34	8
1985.91	0	453953	0	19103838208	18576134144	669.4	34	8
1986.91	0	453953	0	19103666176	18576134144	610.8	34	8
1987.92	0	453953	0	19103526912	18576134144	611.2	34	8
1988.92	0	453953	0	19103748096	18576142336	683.9	34	8
1989.93	0	453953	0	19103412224	18576142336	700.1	34	8
1990.93	0	453953	0	19103019008	18576142336	662.6	34	8
1991.94	0	453953	0	19103449088	18576150528	634.4	34	8
1992.94	0	453953	0	19103236096	18576150528	622.4	34	8
1993.94	0	453953	0	19103674368	18576150528	629.2	34	8
1994.95	0	453953	0	19103801344	18576150528	640.1	34	8
1995.95	0	453953	0	19103453184	18576150528	681.4	34	8
1996.96	0	453953	0	19103404032	18576158720	672.7	34	8
1997.96	0	453953	0	19103023104	18576158720	613.5	34	8
1998.97	0	453953	0	19102846976	18576158720	609.1	34	8
1999.97	0	453953	0	19103485952	18576158720	675.3	34	8
2000.97	0	453953	0	19103502336	18576158720	610.8	34	8
2001.98	0	453953	0	19103166464	18576158720	650.0	34	8
2002.98	0	453953	0	19103191040	18576158720	637.1	34	8
2003.99	0	453953	0	19103145984	18576158720	593.2	34	8
2004.99	0	453953	0	19103141888	18576158720	618.3	34	8
2005.99	0	453953	0	19103412224	18576158720	662.5	34	8
2007.00	0	453953	0	19103653888	18576158720	630.1	34	8
2008.00	0	453953	0	19103285248	18576166912	649.6	34	8
2009.01	0	453953	0	19103387648	18576166912	634.4	34	8
2010.01	0	453953	0	19103780864	18576166912	603.7	34	8
2011.02	0	453953	0	19103870976	18576166912	630.3	34	8
2012.02	0	453953	0	19102683136	18576171008	645.1	34	8
2013.02	0	453953	0	19102711808	18576171008	613.7	34	8
2014.03	0	453953	0	19102994432	18576171008	635.2	34	8
2015.03	0	453953	0	19103608832	18576171008	622.3	34	8
2016.04	0	453953	0	19103985664	18576171008	610.1	34	8
2017.04	0	453953	0	19103555584	18576171008	734.0	34	8
2018.05	0	453953	0	19103633408	18576175104	659.4	34	8
2019.05	0	453953	0	19102920704	18576175104	603.3	34	8
2020.05	0	453953	0	19103395840	18576175104	633.0	34	8
2021.06	0	453953	0	19103567872	18576175104	620.0	34	8
2022.06	0	453953	0	19103399936	18576175104	720.0	34	8
2023.07	0	453953	0	19102461952	18576175104	585.7	34	8
2024.07	0	453953	0	19102560256	18576175104	603.0	34	8
2025.08	0	453953	0	19102769152	18576175104	635.3	34	8
2026.08	0	453953	0	19103191040	18576175104	598.7	34	8
2027.08	0	453953	0	19103158272	18576175104	686.3	34	8
2028.09	0	453953	0	19102625792	18576175104	692.0	34	8
2029.09	0	453953	0	19102699520	18576175104	635.7	34	8
2030.10	0	453953	0	19103158272	18576175104	630.0	34	8
2031.10	0	453953	0	19102576640	18576175104	640.2	34	8
2032.11	0	453953	0	19102875648	18576175104	656.4	34	8
2033.11	0	453953	0	19102707712	18576175104	596.5	34	8
2034.12	0	453953	0	19103379456	18576179200	662.8	34	8
2035.12	0	453953	0	19103510528	18576179200	625.4	34	8
2036.12	0	453953	0	19103358976	18576179200	704.1	34	8
2037.13	0	453953	0	19103453184	18576179200	679.8	34	8
2038.13	0	453953	0	19102998528	18576183296	643.5	34	8
2039.14	0	453953	0	19103555584	18576183296	630.3	34	8
2040.14	0	453953	0	19102994432	18576183296	619.9	34	8
2041.15	0	453953	0	19103535104	18576187392	682.1	34	8
2042.15	0	453953	0	19103920128	18576187392	612.4	34	8
2043.15	0	453953	0	19103686656	18576195584	587.9	34	8
2044.16	0	453953	0	19104182272	18576195584	596.5	34	8
2045.16	0	453953	0	19103965184	18576195584	614.7	34	8
2046.17	0	453953	0	19103940608	18576195584	660.6	34	8
2047.17	0	453953	0	19103588352	18576195584	681.9	34	8
2048.17	0	453953	0	19104219136	18576195584	614.5	34	8
2049.18	0	453953	0	19104026624	18576195584	622.8	34	8
2050.18	0	453953	0	19104202752	18576195584	632.9	34	8
2051.19	0	453953	0	19103506432	18576195584	634.1	34	8
2052.19	0	453953	0	19103666176	18576195584	589.7	34	8
2053.20	0	453953	0	19103551488	18576195584	612.9	34	8
2054.20	0	453953	0	19103473664	18576195584	621.3	34	8
2055.20	0	453953	0	19103858688	18576199680	576.6	34	8
2056.21	0	453953	0	19103645696	18576199680	634.3	34	8
2057.21	0	453953	0	19103375360	18576199680	634.8	34	8
2058.22	0	453953	0	19103731712	18576199680	663.5	34	8
2059.22	0	453953	0	19103809536	18576199680	646.7	34	8
2060.22	0	453953	0	19104256000	18576199680	584.8	34	8
2061.23	0	453953	0	19102924800	18576199680	618.4	34	8
2062.23	0	453953	0	19103002624	18576199680	609.2	34	8
2063.24	0	453953	0	19103412224	18576199680	644.5	34	8
2064.24	0	453953	0	19103375360	18576199680	630.0	34	8
2065.24	0	453953	0	19103334400	18576199680	619.8	34	8
2066.25	0	453953	0	19103481856	18576199680	617.7	34	8
2067.25	0	453953	0	19103698944	18576199680	617.6	34	8
2068.26	0	453953	0	19103178752	18576199680	622.6	34	8
2069.26	0	453953	0	19103244288	18576199680	617.7	34	8
2070.27	0	453953	0	19103387648	18576199680	667.2	34	8
2071.27	0	453953	0	19103150080	18576199680	643.5	34	8
2072.27	0	453953	0	19103551488	18576199680	672.9	34	8
2073.28	0	455992	0	19105767424	18576199680	683.9	34	8
2074.28	0	455992	0	19106062336	18576199680	638.8	34	8
2075.29	0	455992	0	19105656832	18576199680	647.5	34	8
2076.29	0	455992	0	19105705984	18576199680	679.0	34	8
2077.30	0	455992	0	19105497088	18576199680	701.1	34	8
2078.30	0	455992	0	19105718272	18576199680	626.3	34	8
2079.30	0	455992	0	19105779712	18576203776	580.2	34	8
2080.31	0	455992	0	19106455552	18576203776	652.0	34	8
2081.31	0	455992	0	19105959936	18576203776	662.4	34	8
2082.32	0	460209	0	19110150144	18576203776	814.5	34	8
2083.32	0	465346	0	19115368448	18576203776	825.7	34	8
2084.32	0	470465	0	19120975872	18576203776	752.7	34	8
2085.33	0	475565	0	19126423552	18576203776	703.5	34	8
2086.33	0	480665	0	19131297792	18576203776	781.1	34	8
2087.34	0	485802	0	19136745472	18576203776	732.4	34	8
2088.34	0	490662	0	19141349376	18576203776	730.7	34	8
2089.34	0	495764	0	19146817536	18576207872	769.9	34	8
2090.35	0	500874	0	19152396288	18576207872	788.7	34	8
2091.35	0	505729	0	19155947520	18576207872	765.7	34	8
2092.36	0	509637	0	19161235456	18576207872	749.1	34	8
2093.36	0	514083	0	19166326784	18576207872	646.5	34	8
2094.37	0	518530	0	19169165312	18576207872	734.8	34	8
2095.37	0	523438	0	19174617088	18576211968	739.8	34	8
2096.38	0	528410	0	19179593728	18576211968	756.5	34	8
2097.38	0	533459	0	19184988160	18576211968	826.7	34	8
2098.38	0	538412	0	19190108160	18576220160	766.6	34	8
2099.39	0	543257	0	19195535360	18576220160	729.3	34	8
2100.39	0	548229	0	19200868352	18576224256	759.5	34	8
2101.40	0	553235	0	19206017024	18576224256	749.1	34	8
2102.40	0	558205	0	19211231232	18576236544	719.3	34	8
2103.40	0	563240	0	19216109568	18576236544	724.1	34	8
2104.41	0	568291	0	19222016000	18576236544	749.0	34	8
2105.41	0	573311	0	19227291648	18576236544	769.5	34	8
2106.42	0	578398	0	19232501760	18576236544	826.2	34	8
2107.42	0	583482	0	19237695488	18576236544	745.0	34	8
2108.43	0	588533	0	19242487808	18576236544	732.3	34	8
2109.43	0	593620	0	19247276032	18576236544	738.1	34	8
2110.43	0	597781	0	19251331072	18576236544	727.7	34	8
2111.44	0	597781	0	19251281920	18576236544	680.7	34	8
2112.44	0	597781	0	19251310592	18576236544	598.9	34	8
2113.45	0	597781	0	19251847168	18576236544	634.7	34	8
2114.45	0	597781	0	19252273152	18576236544	628.6	34	8
2115.45	0	597781	0	19252056064	18576236544	633.7	34	8
2116.46	0	597781	0	19251814400	18576236544	609.4	34	8
2117.46	0	597781	0	19251392512	18576236544	622.8	34	8
2118.47	0	597781	0	19251376128	18576236544	725.5	34	8
2119.47	0	597781	0	19251781632	18576236544	651.1	34	8
2120.47	0	597781	0	19252011008	18576236544	634.1	34	8
2121.48	0	597781	0	19252039680	18576236544	666.9	34	8
2122.48	0	597781	0	19251961856	18576236544	608.0	34	8
2123.49	0	597781	0	19252101120	18576236544	674.0	34	8
2124.49	0	597781	0	19251847168	18576236544	620.4	34	8
2125.49	0	597781	0	19251482624	18576236544	632.3	34	8
2126.50	0	597781	0	19251077120	18576236544	629.4	34	8
2127.50	0	597781	0	19251101696	18576236544	644.8	34	8
2128.51	0	597781	0	19251523584	18576236544	635.8	34	8
2129.51	0	597781	0	19251654656	18576236544	590.2	34	8
2130.52	0	597781	0	19251650560	18576236544	668.7	34	8
2131.52	0	597781	0	19251646464	18576236544	666.0	34	8
2132.52	0	597781	0	19251900416	18576236544	662.1	34	8
2133.53	0	597781	0	19251572736	18576236544	617.7	34	8
2134.53	0	597781	0	19251535872	18576240640	661.9	34	8
2135.54	0	597781	0	19251945472	18576240640	678.6	34	8
2136.54	0	597781	0	19251449856	18576240640	564.8	34	8
2137.54	0	597781	0	19251175424	18576240640	677.0	34	8
2138.55	0	598076	0	19252740096	18576244736	649.8	34	8
2139.55	0	599790	0	19254095872	18576244736	651.2	34	8
2140.56	0	599790	0	19254009856	18576244736	650.1	34	8
2141.56	0	599790	0	19253915648	18576244736	646.8	34	8
2142.57	0	599790	0	19253260288	18576252928	675.2	34	8
2143.57	0	599790	0	19253211136	18576257024	604.2	34	8
2144.57	0	599790	0	19253833728	18576257024	616.6	34	8
2145.58	0	599790	0	19253805056	18576257024	602.6	34	8
2146.58	0	599790	0	19253309440	18576257024	654.5	34	8
2147.59	0	599790	0	19253526528	18576257024	694.6	34	8
2148.59	0	601091	0	19254378496	18576257024	635.2	34	8
2149.59	0	606091	0	19259756544	18576257024	729.5	34	8
2150.60	0	611126	0	19265413120	18576273408	742.7	34	8
2151.60	0	616129	0	19270340608	18576273408	726.3	34	8
2152.61	0	616441	0	19270742016	18576273408	672.8	34	8
2153.61	0	616441	0	19271426048	18576273408	640.4	34	8
2154.62	0	616441	0	19271311360	18576273408	601.6	34	8
2155.62	0	616441	0	19270549504	18576273408	648.7	34	8
2156.62	0	616441	0	19270299648	18576277504	615.5	34	8
2157.63	0	616441	0	19270328320	18576277504	645.7	34	8
2158.63	0	616441	0	19270356992	18576277504	625.8	34	8
2159.64	0	616441	0	19270778880	18576277504	685.9	34	8
2160.64	0	616441	0	19269804032	18576277504	719.5	34	8
2161.64	0	616441	0	19270180864	18576277504	622.1	34	8
2162.65	0	616441	0	19270062080	18576293888	614.3	34	8
2163.65	0	616441	0	19270184960	18576293888	641.2	34	8
2164.66	0	616441	0	19270402048	18576293888	674.0	34	8
2165.66	0	616441	0	19270508544	18576293888	615.5	34	8
2166.66	0	616441	0	19270934528	18576293888	631.2	34	8
2167.67	0	616441	0	19270995968	18576293888	586.8	34	8
2168.67	0	616441	0	19270033408	18576293888	625.5	34	8
2169.68	0	616441	0	19270623232	18576306176	619.2	34	8
2170.68	0	616441	0	19270365184	18576306176	620.4	34	8
2171.69	0	616441	0	19270483968	18576306176	622.5	34	8
2172.69	0	616441	0	19270291456	18576306176	624.9	34	8
2173.69	0	616441	0	19270381568	18576306176	701.7	34	8
2174.70	0	616441	0	19270942720	18576306176	613.3	34	8
2175.70	0	616441	0	19270365184	18576306176	639.4	34	8
2176.71	0	616441	0	19270307840	18576306176	635.1	34	8
2177.71	0	616441	0	19270971392	18576310272	624.5	34	8
2178.71	0	616441	0	19270197248	18576310272	620.6	34	8
2179.72	0	616441	0	19270447104	18576314368	630.8	34	8
2180.72	0	616441	0	19270610944	18576314368	610.9	34	8
2181.73	0	616441	0	19270787072	18576314368	664.5	34	8
2182.73	0	616441	0	19270492160	18576314368	588.2	34	8
2183.73	0	616441	0	19270770688	18576318464	687.9	34	8
2184.74	0	616441	0	19271053312	18576318464	637.6	34	8
2185.74	0	616441	0	19270610944	18576318464	640.5	34	8
2186.75	0	616441	0	19270242304	18576318464	589.8	34	8
2187.75	0	616441	0	19270373376	18576318464	602.3	34	8
2188.76	0	616441	0	19270393856	18576318464	663.8	34	8
2189.76	0	616441	0	19270991872	18576318464	649.1	34	8
2190.76	0	616441	0	19270377472	18576318464	617.0	34	8
2191.77	0	616441	0	19270004736	18576318464	620.4	34	8
2192.77	0	616441	0	19270660096	18576318464	679.1	34	8
2193.78	0	616441	0	19270053888	18576318464	632.5	34	8
2194.78	0	616441	0	19270406144	18576351232	653.4	34	8
2195.78	0	616441	0	19270217728	18576351232	617.9	34	8
2196.79	0	616441	0	19270221824	18576351232	622.5	34	8
2197.79	0	616441	0	19270242304	18576351232	641.5	34	8
2198.80	0	616441	0	19270098944	18576351232	665.0	34	8
2199.80	0	616441	0	19270823936	18576355328	635.2	34	8
2200.80	0	616441	0	19270168576	18576355328	614.7	34	8
2201.81	0	616441	0	19270270976	18576355328	648.7	34	8
2202.81	0	616441	0	19270520832	18576355328	650.8	34	8
2203.82	0	616441	0	19270557696	18576355328	659.4	34	8
2204.82	0	616441	0	19270590464	18576355328	747.6	34	8
2205.83	0	616441	0	19270328320	18576355328	641.6	34	8
2206.83	0	616441	0	19270627328	18576355328	603.0	34	8
2207.83	0	616441	0	19270361088	18576355328	614.2	34	8
2208.84	0	616441	0	19270537216	18576355328	632.9	34	8
2209.84	0	616441	0	19270680576	18576355328	663.7	34	8
2210.85	0	616441	0	19270807552	18576355328	620.4	34	8
2211.85	0	616441	0	19270582272	18576363520	623.3	34	8
2212.85	0	616441	0	19270213632	18576363520	636.4	34	8
2213.86	0	616441	0	19270049792	18576363520	595.1	34	8
2214.86	0	616441	0	19270213632	18576363520	648.0	34	8
2215.87	0	616441	0	19270197248	18576363520	690.0	34	8
2216.87	0	616441	0	19270381568	18576363520	641.9	34	8
2217.88	0	616441	0	19270164480	18576363520	659.5	34	8
2218.88	0	616441	0	19270209536	18576363520	620.5	34	8
2219.88	0	616441	0	19270717440	18576363520	639.3	34	8
2220.89	0	616441	0	19270852608	18576371712	629.1	34	8
2221.89	0	616441	0	19270352896	18576379904	618.2	34	8
2222.90	0	616441	0	19269988352	18576379904	601.8	34	8
2223.90	0	616441	0	19270017024	18576379904	682.7	34	8
2224.91	0	616441	0	19270402048	18576379904	641.6	34	8
2225.91	0	616441	0	19270492160	18576379904	659.0	34	8
2226.91	0	616441	0	19270430720	18576379904	677.5	34	8
2227.92	0	616441	0	19270221824	18576384000	594.6	34	8
2228.92	0	616441	0	19270283264	18576429056	623.7	34	8
2229.93	0	616441	0	19270311936	18576433152	656.0	34	8
2230.93	0	616441	0	19270438912	18576461824	596.9	34	8
2231.94	0	616441	0	19270352896	18576461824	643.9	34	8
2232.94	0	616441	0	19270496256	18576461824	643.6	34	8
2233.94	0	616441	0	19270909952	18576461824	671.4	34	8
2234.95	0	616441	0	19271069696	18576461824	651.5	34	8
2235.95	0	616441	0	19270402048	18576461824	630.4	34	8
2236.96	0	616441	0	19270508544	18576461824	615.0	34	8
2237.96	0	616441	0	19270582272	18576461824	649.4	34	8
2238.97	0	616441	0	19270467584	18576461824	688.6	34	8
2239.97	0	616441	0	19270762496	18576461824	670.3	34	8
2240.97	0	616441	0	19270922240	18576461824	605.2	34	8
2241.98	0	616441	0	19270561792	18576461824	592.9	34	8
2242.98	0	616441	0	19270647808	18576461824	617.4	34	8
2243.99	0	616441	0	19270557696	18576461824	646.2	34	8
2244.99	0	616441	0	19270451200	18576461824	634.5	34	8
2245.99	0	616441	0	19270418432	18576461824	615.6	34	8
2247.00	0	616441	0	19270557696	18576461824	604.6	34	8
2248.00	0	616441	0	19270430720	18576461824	612.0	34	8
2249.01	0	616441	0	19270332416	18576461824	656.5	34	8
2250.01	0	616441	0	19270299648	18576461824	650.8	34	8
2251.01	0	616441	0	19270201344	18576461824	643.1	34	8
2252.02	0	616441	0	19270336512	18576461824	607.2	34	8
2253.02	0	616441	0	19270692864	18576461824	611.2	34	8
2254.03	0	616441	0	19270524928	18576461824	656.5	34	8
2255.03	0	616441	0	19271204864	18576461824	651.4	34	8
2256.03	0	616441	0	19270983680	18576461824	594.5	34	8
2257.04	0	616441	0	19270037504	18576461824	612.5	34	8
2258.04	0	616441	0	19270045696	18576461824	626.5	34	8
2259.05	0	616441	0	19270295552	18576461824	673.0	34	8
2260.05	0	616441	0	19270434816	18576461824	631.3	34	8
2261.06	0	616441	0	19270144000	18576461824	637.2	34	8
2262.06	0	616441	0	19269779456	18576461824	600.3	34	8
2263.06	0	616441	0	19269890048	18576461824	631.3	34	8
2264.07	0	616441	0	19270127616	18576461824	701.6	34	8
2265.07	0	616441	0	19270262784	18576461824	631.4	34	8
2266.08	0	616441	0	19270385664	18576461824	600.1	34	8
2267.08	0	616441	0	19269722112	18576461824	652.5	34	8
2268.08	0	616441	0	19269644288	18576461824	653.6	34	8
2269.09	0	616441	0	19270041600	18576461824	626.6	34	8
2270.09	0	616441	0	19270148096	18576461824	615.0	34	8
2271.10	0	616441	0	19269828608	18576461824	603.7	34	8
2272.10	0	616441	0	19269709824	18576461824	666.1	34	8
2273.10	0	616441	0	19270094848	18576461824	718.6	34	8
2274.11	0	616441	0	19270193152	18576461824	609.5	34	8
2275.11	0	616441	0	19270610944	18576461824	628.4	34	8
2276.12	0	616441	0	19269234688	18576461824	591.4	34	8
2277.12	0	616441	0	19270037504	18576461824	634.4	34	8
2278.13	0	616441	0	19269718016	18576461824	656.7	34	8
2279.13	0	616441	0	19269480448	18576461824	653.3	34	8
2280.13	0	616441	0	19269836800	18576461824	641.0	34	8
2281.14	0	616441	0	19269738496	18576461824	593.0	34	8
2282.14	0	616441	0	19270119424	18576461824	613.2	34	8
2283.15	0	616441	0	19269672960	18576461824	643.3	34	8
2284.15	0	616441	0	19269754880	18576461824	628.1	34	8
2285.15	0	616441	0	19269853184	18576461824	670.6	34	8
2286.16	0	616441	0	19269836800	18576470016	621.8	34	8
2287.16	0	616441	0	19269885952	18576470016	611.4	34	8
2288.17	0	616441	0	19269832704	18576470016	671.5	34	8
2289.17	0	616441	0	19270148096	18576470016	646.0	34	8
2290.18	0	616441	0	19269640192	18576470016	623.9	34	8
2291.18	0	616441	0	19269238784	18576470016	623.4	34	8
2292.18	0	616441	0	19269230592	18576470016	628.2	34	8
2293.19	0	616441	0	19269263360	18576470016	673.8	34	8
2294.19	0	616441	0	19269324800	18576470016	642.8	34	8
2295.20	0	616441	0	19269844992	18576474112	661.8	34	8
2296.20	0	616441	0	19269443584	18576474112	594.2	34	8
2297.20	0	616441	0	19269464064	18576474112	613.9	34	8
2298.21	0	616441	0	19269459968	18576474112	609.8	34	8
2299.21	0	616441	0	19269705728	18576474112	659.6	34	8
2300.22	0	616441	0	19269914624	18576474112	628.3	34	8
2301.22	0	616441	0	19269988352	18576474112	646.5	34	8
2302.22	0	616441	0	19269795840	18576474112	586.6	34	8
2303.23	0	616441	0	19270082560	18576474112	622.7	34	8
2304.23	0	616441	0	19269849088	18576474112	600.6	34	8
2305.24	0	616441	0	19269804032	18576474112	650.4	34	8
2306.24	0	616441	0	19269939200	18576474112	661.5	34	8
2307.25	0	616441	0	19270094848	18576474112	644.4	34	8
2308.25	0	616441	0	19270365184	18576474112	628.9	34	8
2309.25	0	616441	0	19270434816	18576478208	641.3	34	8
2310.26	0	616441	0	19269570560	18576478208	629.9	34	8
2311.26	0	616441	0	19269533696	18576478208	657.6	34	8
2312.27	0	616441	0	19269599232	18576478208	671.3	34	8
2313.27	0	616441	0	19269701632	18576478208	622.1	34	8
2314.27	0	616441	0	19269779456	18576478208	637.4	34	8
2315.28	0	616441	0	19270471680	18576478208	588.1	34	8
2316.28	0	616441	0	19270135808	18576478208	602.5	34	8
2317.29	0	616441	0	19270324224	18576478208	679.6	34	8
2318.29	0	616441	0	19270856704	18576478208	658.6	34	8
2319.29	0	616441	0	19270688768	18576478208	614.4	34	8
2320.30	0	616441	0	19270455296	18576478208	705.4	34	8
2321.30	0	616441	0	19270402048	18576478208	668.1	34	8
2322.31	0	616441	0	19270471680	18576478208	641.0	34	8
2323.31	0	616441	0	19270709248	18576478208	677.5	34	8
2324.32	0	616441	0	19270656000	18576478208	695.8	34	8
2325.32	0	616441	0	19270414336	18576478208	656.9	34	8
2326.32	0	616441	0	19270234112	18576478208	633.7	34	8
2327.33	0	616441	0	19269914624	18576478208	608.0	34	8
2328.33	0	616441	0	19270062080	18576478208	642.0	34	8
2329.34	0	616441	0	19270025216	18576478208	695.0	34	8
2330.34	0	616441	0	19270492160	18576478208	658.3	34	8
2331.34	0	616441	0	19270316032	18576478208	626.0	34	8
2332.35	0	616441	0	19269926912	18576478208	660.4	34	8
2333.35	0	616441	0	19269857280	18576478208	660.3	34	8
2334.36	0	616441	0	19269926912	18576478208	638.0	34	8
2335.36	0	616441	0	19270459392	18576478208	646.6	34	8
2336.36	0	616441	0	19270053888	18576478208	623.0	34	8
2337.37	0	616441	0	19270553600	18576486400	695.2	34	8
2338.37	0	616441	0	19269959680	18576486400	661.6	34	8
2339.38	0	616441	0	19270496256	18576486400	646.3	34	8
2340.38	0	616441	0	19270545408	18576486400	614.7	34	8
2341.39	0	616441	0	19269656576	18576486400	636.1	34	8
2342.39	0	616441	0	19269632000	18576486400	648.9	34	8
2343.39	0	616441	0	19269767168	18576486400	641.0	34	8
2344.40	0	616441	0	19270074368	18576486400	658.3	34	8
2345.40	0	616441	0	19270348800	18576490496	660.0	34	8
2346.41	0	616441	0	19270332416	18576490496	689.0	34	8
2347.41	0	616441	0	19270008832	18576490496	636.4	34	8
2348.41	0	616441	0	19269656576	18576490496	613.4	34	8
2349.42	0	616441	0	19270074368	18576490496	647.3	34	8
2350.42	0	616441	0	19270217728	18576490496	656.4	34	8
2351.43	0	616441	0	19270443008	18576490496	672.4	34	8
2352.43	0	616441	0	19270467584	18576490496	621.5	34	8
2353.44	0	616441	0	19270500352	18576490496	666.9	34	8
2354.44	0	616441	0	19270656000	18576490496	667.1	34	8
2355.44	0	616441	0	19270262784	18576490496	653.5	34	8
2356.45	0	616441	0	19270004736	18576490496	619.6	34	8
2357.45	0	616441	0	19270336512	18576580608	666.5	34	8
2358.46	0	616441	0	19269935104	18576580608	675.0	34	8
2359.46	0	616441	0	19270397952	18576580608	629.0	34	8
2360.46	0	616441	0	19270582272	18576580608	617.0	34	8
2361.47	0	616441	0	19270557696	18576580608	594.1	34	8
2362.47	0	616441	0	19270098944	18576580608	609.5	34	8
2363.48	0	616441	0	19270754304	18576580608	649.3	34	8
2364.48	0	616441	0	19270623232	18576580608	654.9	34	8
2365.49	0	616441	0	19270750208	18576580608	663.1	34	8
2366.49	0	616441	0	19270725632	18576580608	598.9	34	8
2367.49	0	616441	0	19270422528	18576580608	591.9	34	8
2368.50	0	616441	0	19270381568	18576580608	662.6	34	8
2369.50	0	616441	0	19270680576	18576580608	683.5	34	8
2370.51	0	616441	0	19270774784	18576580608	647.0	34	8
2371.51	0	616441	0	19270619136	18576580608	599.7	34	8
2372.51	0	616441	0	19270447104	18576580608	648.0	34	8
2373.52	0	616441	0	19270545408	18576580608	626.3	34	8
2374.52	0	616441	0	19270258688	18576580608	651.5	34	8
2375.53	0	616441	0	19270402048	18576580608	589.9	34	8
2376.53	0	616441	0	19270172672	18576580608	627.9	34	8
2377.53	0	616441	0	19270193152	18576580608	675.5	34	8
2378.54	0	616441	0	19270008832	18576580608	650.1	34	8
2379.54	0	616441	0	19270209536	18576580608	639.3	34	8
2380.55	0	616441	0	19270344704	18576580608	611.9	34	8
2381.55	0	616441	0	19270451200	18576580608	663.7	34	8
2382.55	0	616441	0	19270467584	18576584704	647.5	34	8
2383.56	0	616441	0	19270578176	18576584704	616.1	34	8
2384.56	0	616441	0	19271077888	18576584704	619.0	34	8
2385.57	0	616441	0	19270598656	18576584704	668.7	34	8
2386.57	0	616441	0	19270496256	18576584704	613.2	34	8
2387.58	0	616441	0	19270709248	18576584704	601.2	34	8
2388.58	0	616441	0	19270533120	18576584704	613.0	34	8
2389.58	0	616441	0	19270627328	18576584704	635.5	34	8
2390.59	0	616441	0	19270377472	18576584704	606.7	34	8
2391.59	0	616441	0	19269677056	18576584704	643.9	34	8
2392.60	0	616441	0	19269570560	18576584704	672.0	34	8
2393.60	0	616441	0	19269500928	18576584704	673.9	34	8
2394.61	0	616441	0	19269267456	18576596992	637.0	34	8
2395.61	0	616441	0	19269632000	18576596992	579.3	34	8
2396.61	0	616441	0	19269685248	18576596992	642.8	34	8
2397.62	0	616441	0	19269971968	18576596992	641.6	34	8
2398.62	0	616441	0	19270135808	18576596992	644.0	34	8
2399.63	0	616441	0	19270868992	18576596992	606.8	34	8
2400.63	0	616441	0	19270180864	18576596992	637.3	34	8
2401.64	0	616441	0	19269492736	18576596992	623.4	34	8
2402.64	0	616441	0	19269595136	18576596992	637.0	34	8
2403.64	0	616441	0	19269873664	18576596992	625.6	34	8
2404.65	0	616441	0	19270139904	18576596992	618.1	34	8
2405.65	0	616441	0	19270516736	18576596992	608.5	34	8
2406.66	0	616441	0	19270266880	18576596992	670.3	34	8
2407.66	0	616441	0	19270062080	18576596992	613.1	34	8
2408.66	0	616441	0	19269869568	18576596992	621.3	34	8
2409.67	0	616441	0	19269836800	18576596992	619.4	34	8
2410.67	0	616441	0	19269726208	18576596992	642.9	34	8
2411.68	0	616441	0	19270205440	18576596992	670.7	34	8
2412.68	0	616441	0	19270045696	18576596992	693.5	34	8
2413.69	0	616441	0	19270217728	18576596992	605.0	34	8
2414.69	0	616441	0	19270651904	18576596992	626.2	34	8
2415.69	0	616441	0	19270868992	18576596992	665.4	34	8
2416.70	0	616441	0	19270098944	18576596992	694.5	34	8
2417.70	0	616441	0	19269857280	18576605184	652.4	34	8
2418.71	0	616441	0	19270221824	18576605184	630.8	34	8
2419.71	0	616441	0	19270496256	18576605184	640.7	34	8
2420.71	0	616441	0	19270897664	18576605184	654.6	34	8
2421.72	0	616441	0	19270803456	18576605184	623.1	34	8
2422.72	0	616441	0	19270029312	18576605184	663.8	34	8
2423.73	0	616441	0	19270369280	18576605184	643.0	34	8
2424.73	0	616441	0	19270434816	18576605184	606.3	34	8
2425.73	0	616441	0	19270213632	18576605184	652.7	34	8
2426.74	0	616441	0	19270758400	18576605184	630.4	34	8
2427.74	0	616441	0	19270361088	18576605184	599.2	34	8
2428.75	0	616441	0	19270668288	18576605184	688.7	34	8
2429.75	0	616441	0	19270832128	18576605184	622.8	34	8
2430.75	0	616441	0	19270574080	18576605184	656.8	34	8
2431.76	0	616441	0	19270066176	18576609280	638.1	34	8
2432.76	0	616441	0	19270230016	18576609280	604.8	34	8
2433.77	0	616441	0	19269705728	18576609280	688.9	34	8
2434.77	0	616441	0	19270070272	18576609280	706.7	34	8
2435.78	0	616441	0	19270488064	18576613376	677.4	34	8
2436.78	0	616441	0	19270017024	18576613376	643.3	34	8
2437.78	0	616441	0	19270352896	18576613376	610.4	34	8
2438.79	0	616441	0	19269971968	18576613376	632.7	34	8
2439.79	0	616441	0	19269910528	18576613376	606.6	34	8
2440.80	0	616441	0	19269849088	18576613376	633.2	34	8
2441.80	0	616441	0	19269603328	18576613376	660.9	34	8
2442.80	0	616441	0	19269787648	18576613376	642.3	34	8
2443.81	0	616441	0	19270197248	18576613376	617.9	34	8
2444.81	0	616441	0	19269877760	18576613376	612.3	34	8
2445.82	0	616441	0	19269914624	18576613376	674.2	34	8
2446.82	0	616441	0	19269947392	18576613376	636.1	34	8
2447.82	0	616441	0	19269959680	18576613376	642.0	34	8
2448.83	0	616441	0	19269844992	18576613376	596.7	34	8
2449.83	0	616441	0	19269754880	18576613376	633.4	34	8
2450.84	0	616441	0	19269935104	18576613376	633.6	34	8
2451.84	0	616441	0	19269586944	18576613376	642.3	34	8
2452.85	0	616441	0	19270017024	18576678912	705.4	34	8
2453.85	0	616441	0	19270410240	18576748544	665.0	34	8
2454.85	0	616441	0	19270725632	18576748544	668.6	34	8
2455.86	0	616441	0	19271053312	18576748544	637.6	34	8
2456.86	0	616441	0	19270635520	18576748544	626.3	34	8
2457.87	0	616441	0	19270230016	18576748544	626.8	34	8
2458.87	0	616441	0	19270578176	18576756736	691.7	34	8
2459.87	0	616441	0	19270746112	18576756736	675.3	34	8
2460.88	0	616441	0	19270959104	18576756736	634.1	34	8
2461.88	0	616441	0	19270373376	18576756736	658.3	34	8
2462.89	0	616441	0	19270144000	18576756736	620.9	34	8
2463.89	0	616441	0	19270500352	18576756736	655.9	34	8
2464.89	0	616441	0	19271114752	18576756736	629.6	34	8
2465.90	0	616441	0	19270938624	18576756736	635.2	34	8
2466.90	0	616441	0	19270283264	18576756736	614.3	34	8
2467.91	0	616441	0	19270524928	18576756736	715.3	34	8
2468.91	0	616441	0	19270598656	18576760832	666.8	34	8
2469.91	0	616441	0	19270123520	18576760832	627.6	34	8
2470.92	0	616441	0	19270848512	18576760832	681.9	34	8
2471.92	0	616441	0	19270254592	18576760832	648.5	34	8
2472.93	0	616441	0	19270516736	18576760832	668.5	34	8
2473.93	0	616441	0	19270356992	18576760832	625.6	34	8
2474.94	0	616441	0	19270623232	18576760832	652.6	34	8
2475.94	0	616441	0	19270516736	18576760832	601.5	34	8
2476.94	0	616441	0	19270500352	18576760832	681.9	34	8
2477.95	0	616441	0	19270610944	18576760832	627.3	34	8
2478.95	0	616441	0	19270656000	18576760832	662.1	34	8
2479.96	0	616441	0	19270905856	18576760832	652.8	34	8
2480.96	0	616441	0	19270758400	18576769024	635.4	34	8
2481.96	0	616441	0	19270688768	18576769024	628.5	34	8
2482.97	0	616441	0	19271356416	18576769024	598.8	34	8
2483.97	0	616441	0	19271053312	18576769024	692.7	34	8
2484.98	0	616441	0	19271049216	18576769024	609.3	34	8
2485.98	0	616441	0	19271270400	18576773120	685.2	34	8
2486.98	0	616441	0	19271266304	18576773120	650.0	34	8
2487.99	0	616441	0	19270508544	18576773120	676.4	34	8
2488.99	0	616441	0	19270586368	18576773120	611.5	34	8
2490.00	0	616441	0	19271266304	18576773120	610.7	34	8
2491.00	0	616441	0	19271258112	18576773120	664.3	34	8
2492.01	0	616441	0	19270889472	18576773120	708.9	34	8
2493.01	0	616441	0	19271008256	18576773120	574.3	34	8
2494.01	0	616441	0	19270889472	18576773120	661.3	34	8
2495.02	0	616441	0	19271176192	18576773120	624.1	34	8
2496.02	0	616441	0	19271540736	18576773120	644.7	34	8
2497.03	0	616441	0	19270848512	18576773120	635.5	34	8
2498.03	0	616441	0	19270975488	18576773120	632.7	34	8
2499.03	0	616441	0	19270578176	18576777216	610.1	34	8
2500.04	0	616441	0	19270529024	18576777216	614.3	34	8
2501.04	0	616441	0	19270385664	18576777216	622.6	34	8
2502.05	0	616441	0	19270627328	18576777216	666.0	34	8
2503.05	0	616441	0	19270565888	18576777216	645.9	34	8
2504.05	0	616441	0	19270569984	18576777216	652.2	34	8
2505.06	0	616441	0	19270602752	18576777216	595.6	34	8
2506.06	0	616441	0	19270819840	18576777216	630.8	34	8
2507.07	0	616441	0	19270664192	18576777216	616.9	34	8
2508.07	0	616441	0	19270443008	18576777216	652.0	34	8
2509.08	0	616441	0	19270660096	18576777216	718.1	34	8
2510.08	0	616441	0	19270803456	18576777216	605.5	34	8
2511.08	0	616441	0	19270934528	18576781312	639.9	34	8
2512.09	0	616441	0	19271000064	18576781312	621.7	34	8
2513.09	0	616441	0	19270516736	18576781312	649.6	34	8
2514.10	0	616441	0	19270352896	18576781312	609.5	34	8
2515.10	0	616441	0	19270668288	18576781312	627.0	34	8
2516.10	0	616441	0	19270803456	18576781312	663.5	34	8
2517.11	0	616441	0	19270504448	18576781312	624.3	34	8
2518.11	0	616441	0	19270045696	18576781312	623.9	34	8
2519.12	0	616441	0	19270352896	18576781312	606.4	34	8
2520.12	0	616441	0	19270529024	18576781312	660.7	34	8
2521.13	0	616441	0	19270455296	18576781312	645.3	34	8
2522.13	0	616441	0	19270266880	18576781312	637.1	34	8
2523.13	0	616441	0	19270512640	18576781312	627.7	34	8
2524.14	0	616441	0	19270107136	18576781312	635.5	34	8
2525.14	0	616441	0	19270000640	18576781312	605.9	34	8
2526.15	0	616441	0	19270459392	18576781312	665.2	34	8
2527.15	0	616441	0	19270635520	18576781312	629.9	34	8
2528.15	0	616441	0	19270017024	18576781312	607.5	34	8
2529.16	0	616441	0	19270266880	18576781312	646.0	34	8
2530.16	0	616441	0	19270217728	18576781312	611.0	34	8
2531.17	0	616441	0	19270131712	18576781312	596.1	34	8
2532.17	0	616441	0	19270184960	18576781312	654.5	34	8
2533.17	0	616441	0	19270541312	18576785408	668.2	34	8
2534.18	0	616441	0	19270635520	18576785408	622.0	34	8
2535.18	0	616441	0	19270742016	18576785408	656.7	34	8
2536.19	0	616441	0	19271471104	18576789504	626.1	34	8
2537.19	0	616441	0	19271073792	18576801792	666.1	34	8
2538.20	0	616441	0	19271188480	18576801792	617.2	34	8
2539.20	0	616441	0	19271135232	18576801792	593.9	34	8
2540.20	0	616441	0	19271069696	18576801792	615.6	34	8
2541.21	0	616441	0	19271237632	18576809984	654.7	34	8
2542.21	0	616441	0	19271352320	18576809984	687.4	34	8
2543.22	0	616441	0	19271897088	18576809984	640.3	34	8
2544.22	0	616441	0	19271512064	18576809984	588.7	34	8
2545.22	0	616441	0	19271901184	18576809984	651.9	34	8
2546.23	0	616441	0	19270893568	18576809984	634.6	34	8
2547.23	0	616441	0	19270877184	18576809984	607.7	34	8
2548.24	0	616441	0	19271073792	18576809984	634.7	34	8
2549.24	0	616441	0	19271540736	18576809984	646.6	34	8
2550.25	0	616441	0	19271131136	18576809984	691.5	34	8
2551.25	0	616441	0	19270983680	18576809984	670.2	34	8
2552.25	0	616441	0	19271258112	18576809984	620.5	34	8
2553.26	0	616441	0	19270991872	18576809984	638.3	34	8
2554.26	0	616441	0	19271098368	18576809984	677.2	34	8
2555.27	0	616441	0	19271278592	18576809984	689.7	34	8
2556.27	0	616441	0	19271598080	18576809984	665.6	34	8
2557.28	0	616441	0	19271540736	18576809984	635.8	34	8
2558.28	0	616441	0	19271401472	18576814080	608.4	34	8
2559.28	0	616441	0	19271991296	18576814080	604.1	34	8
2560.29	0	616441	0	19271970816	18576814080	600.1	34	8
2561.29	0	616441	0	19271098368	18576814080	600.8	34	8
2562.30	0	616441	0	19270934528	18576814080	724.8	34	8
2563.30	0	616441	0	19270922240	18576814080	671.5	34	8
2564.30	0	616441	0	19271065600	18576814080	673.0	34	8
2565.31	0	616441	0	19271053312	18576814080	632.5	34	8
2566.31	0	616441	0	19270950912	18576814080	595.6	34	8
2567.32	0	616441	0	19270766592	18576814080	675.6	34	8
2568.32	0	616441	0	19270991872	18576814080	637.4	34	8
2569.33	0	616441	0	19270668288	18576814080	624.2	34	8
2570.33	0	616441	0	19270672384	18576814080	668.4	34	8
2571.33	0	616441	0	19270873088	18576814080	610.7	34	8
2572.34	0	616441	0	19270938624	18576814080	654.2	34	8
2573.34	0	616441	0	19271319552	18576814080	631.6	34	8
2574.35	0	616441	0	19271319552	18576814080	618.9	34	8
2575.35	0	616441	0	19271397376	18576814080	632.8	34	8
2576.35	0	616441	0	19271127040	18576814080	642.9	34	8
2577.36	0	616441	0	19271098368	18576814080	650.3	34	8
2578.36	0	616441	0	19271331840	18576814080	681.3	34	8
2579.37	0	616441	0	19271270400	18576814080	623.5	34	8
2580.37	0	616441	0	19271344128	18576814080	613.8	34	8
2581.38	0	616441	0	19271131136	18576814080	608.8	34	8
2582.38	0	616441	0	19270844416	18576814080	686.2	34	8
2583.38	0	616441	0	19271086080	18576842752	680.9	34	8
2584.39	0	616441	0	19271200768	18576842752	605.0	34	8
2585.39	0	616441	0	19270959104	18576842752	631.5	34	8
2586.40	0	616441	0	19271118848	18576850944	625.0	34	8
2587.40	0	616441	0	19270897664	18576850944	609.1	34	8
2588.41	0	616441	0	19271249920	18576850944	647.0	34	8
2589.41	0	616441	0	19271217152	18576850944	687.8	34	8
2590.41	0	616441	0	19270602752	18576850944	594.2	34	8
2591.42	0	616441	0	19270492160	18576850944	642.4	34	8
2592.42	0	616441	0	19270787072	18576850944	680.9	34	8
2593.43	0	616441	0	19271106560	18576850944	655.6	34	8
2594.43	0	616441	0	19271213056	18576855040	656.7	34	8
2595.43	0	616441	0	19270975488	18576855040	613.7	34	8
2596.44	0	616441	0	19270955008	18576859136	622.4	34	8
2597.44	0	616441	0	19270377472	18576859136	673.2	34	8
2598.45	0	616441	0	19270303744	18576859136	627.8	34	8
2599.45	0	616441	0	19270574080	18576859136	615.2	34	8
2600.46	0	616441	0	19270983680	18576859136	611.4	34	8
2601.46	0	616441	0	19270778880	18576859136	595.5	34	8
2602.46	0	616441	0	19270651904	18576859136	672.5	34	8
2603.47	0	616441	0	19271081984	18576859136	671.9	34	8
2604.47	0	616441	0	19270602752	18576859136	629.4	34	8
2605.48	0	616441	0	19271168000	18576863232	639.6	34	8
2606.48	0	616441	0	19271073792	18576863232	681.8	34	8
2607.49	0	616441	0	19271327744	18576863232	612.1	34	8
2608.49	0	616441	0	19271245824	18576863232	626.5	34	8
2609.49	0	616441	0	19270995968	18576863232	677.7	34	8
2610.50	0	616441	0	19271254016	18576863232	637.8	34	8
2611.50	0	616441	0	19270500352	18576863232	610.3	34	8
2612.51	0	616441	0	19270402048	18576863232	702.4	34	8
2613.51	0	616441	0	19271000064	18576863232	591.9	34	8
2614.51	0	616441	0	19270803456	18576863232	674.4	34	8
2615.52	0	616441	0	19271233536	18576863232	657.6	34	8
2616.52	0	616441	0	19270643712	18576863232	639.2	34	8
2617.53	0	616441	0	19270508544	18576863232	656.0	34	8
2618.53	0	616441	0	19270729728	18576863232	697.5	34	8
2619.54	0	616441	0	19270512640	18576863232	662.4	34	8
2620.54	0	616441	0	19270098944	18576867328	640.8	34	8
2621.54	0	616441	0	19270856704	18576867328	615.0	34	8
2622.55	0	616441	0	19270619136	18576867328	685.2	34	8
2623.55	0	616441	0	19271004160	18576867328	649.9	34	8
2624.56	0	616441	0	19270725632	18576867328	633.6	34	8
2625.56	0	616441	0	19270922240	18576867328	622.3	34	8
2626.57	0	616441	0	19271561216	18576867328	689.0	34	8
2627.57	0	616441	0	19271020544	18576867328	635.4	34	8
2628.58	0	616441	0	19270709248	18576867328	656.9	34	8
2629.58	0	616441	0	19270787072	18576867328	619.5	34	8
2630.58	0	616441	0	19270893568	18576867328	644.8	34	8
2631.59	0	616441	0	19271331840	18576867328	671.4	34	8
2632.59	0	616441	0	19270328320	18576871424	661.6	34	8
2633.60	0	616441	0	19270889472	18576871424	681.8	34	8
2634.60	0	616441	0	19270742016	18576871424	652.3	34	8
2635.61	0	616441	0	19270840320	18576879616	672.1	34	8
2636.61	0	616441	0	19270832128	18576879616	644.2	34	8
2637.61	0	616441	0	19270942720	18576879616	607.4	34	8
2638.62	0	616441	0	19270926336	18576879616	693.3	34	8
2639.62	0	616441	0	19270909952	18576879616	661.5	34	8
2640.63	0	616441	0	19270561792	18576879616	606.3	34	8
2641.63	0	616441	0	19270549504	18576879616	635.0	34	8
2642.64	0	616441	0	19270955008	18576879616	689.7	34	8
2643.64	0	616441	0	19270508544	18576879616	623.7	34	8
2644.65	0	616441	0	19271200768	18576879616	644.6	34	8
2645.65	0	616441	0	19270889472	18576879616	649.0	34	8
2646.65	0	616441	0	19270225920	18578685952	698.4	34	8
2647.66	0	616441	0	19270279168	18578690048	668.8	34	8
2648.66	0	616441	0	19270090752	18578690048	611.0	34	8
2649.67	0	616441	0	19270504448	18578690048	649.8	34	8
2650.67	0	616441	0	19270029312	18578690048	667.2	34	8
2651.68	0	616441	0	19270234112	18578690048	720.0	34	8
2652.68	0	616441	0	19270021120	18578690048	642.2	34	8
2653.68	0	616441	0	19270414336	18578690048	682.8	34	8
2654.69	0	616441	0	19270078464	18578690048	626.4	34	8
2655.69	0	616441	0	19269890048	18578690048	650.0	34	8
2656.70	0	616441	0	19269881856	18580000768	588.6	34	8
2657.70	0	616441	0	19270303744	18580000768	631.8	34	8
2658.71	0	616441	0	19270172672	18580000768	644.9	34	8
2659.71	0	618402	0	19272683520	18580000768	724.4	34	8
2660.71	0	618402	0	19273076736	18580008960	601.8	34	8
2661.72	0	618402	0	19272933376	18580008960	688.7	34	8
2662.72	0	618402	0	19271806976	18580008960	634.4	34	8
2663.73	0	618402	0	19272019968	18580008960	676.6	34	8
2664.73	0	618402	0	19272470528	18580008960	642.1	34	8
2665.74	0	618402	0	19272142848	18580008960	617.6	34	8
2666.74	0	618402	0	19272372224	18580205568	632.0	34	8
2667.75	0	618402	0	19271999488	18580205568	685.4	34	8
2668.75	0	622922	0	19277737984	18580205568	748.5	34	8
2669.75	0	627971	0	19282522112	18580205568	701.9	34	8
2670.76	0	632989	0	19287695360	18580205568	796.9	34	8
2671.76	0	638024	0	19293716480	18580205568	734.4	34	8
2672.77	0	643044	0	19298934784	18580205568	776.6	34	8
2673.77	0	648178	0	19303473152	18580205568	747.6	34	8
2674.78	0	653344	0	19310247936	18580205568	756.8	34	8
2675.78	0	658506	0	19314561024	18580205568	722.1	34	8
2676.78	0	663658	0	19319758848	18580209664	761.5	34	8
2677.79	0	668807	0	19325235200	18580213760	787.9	34	8
2678.79	0	673922	0	19330478080	18580213760	689.6	34	8
2679.80	0	679054	0	19335417856	18580213760	716.2	34	8
2680.80	0	684189	0	19340804096	18580213760	713.1	34	8
2681.81	0	689343	0	19346202624	18580213760	764.8	34	8
2682.81	0	694490	0	19351355392	18580213760	722.4	34	8
2683.81	0	699657	0	19356377088	18580213760	757.6	34	8
2684.82	0	704790	0	19362066432	18580213760	748.4	34	8
2685.82	0	709941	0	19367477248	18580213760	699.0	34	8
2686.83	0	715072	0	19373129728	18580213760	734.6	34	8
2687.83	0	720235	0	19377836032	18580213760	773.5	34	8
2688.84	0	725397	0	19382784000	18580213760	733.1	34	8
2689.84	0	730590	0	19388858368	18580213760	757.5	34	8
2690.85	0	735738	0	19393118208	18580213760	766.6	34	8
2691.85	0	740625	0	19398488064	18580213760	691.5	34	8
2692.85	0	745281	0	19403243520	18580213760	759.8	34	8
2693.86	0	749773	0	19407167488	18580213760	682.0	34	8
2694.86	0	754906	0	19412099072	18580213760	757.6	34	8
2695.87	0	759995	0	19417452544	18580213760	735.2	34	8
2696.87	0	765079	0	19422916608	18580213760	731.8	34	8
2697.88	0	767086	0	19424546816	18580213760	710.9	34	8
2698.88	0	767086	0	19424432128	18580213760	635.8	34	8
2699.89	0	767086	0	19424792576	18580213760	665.2	34	8
2700.89	0	767086	0	19424325632	18580213760	660.1	34	8
2701.89	0	767086	0	19424292864	18580213760	616.2	34	8
2702.90	0	767086	0	19424256000	18580213760	631.6	34	8
2703.90	0	767086	0	19424141312	18580213760	616.3	34	8
2704.91	0	767086	0	19424043008	18580213760	729.9	34	8
2705.91	0	767086	0	19424178176	18580213760	625.9	34	8
2706.91	0	767086	0	19424313344	18580213760	604.0	34	8
2707.92	0	767086	0	19424362496	18580213760	618.9	34	8
2708.92	0	767086	0	19423817728	18580213760	673.2	34	8
2709.93	0	767086	0	19423911936	18580213760	656.4	34	8
2710.93	0	767086	0	19423956992	18580213760	641.4	34	8
2711.94	0	767086	0	19424002048	18580213760	634.8	34	8
2712.94	0	767086	0	19424120832	18580213760	604.7	34	8
2713.94	0	767086	0	19424530432	18580213760	624.8	34	8
2714.95	0	767086	0	19424518144	18580213760	600.9	34	8
2715.95	0	767086	0	19424407552	18580213760	612.6	34	8
2716.96	0	767086	0	19424432128	18580213760	650.1	34	8
2717.96	0	767086	0	19424202752	18580213760	645.8	34	8
2718.97	0	767086	0	19424153600	18580213760	651.9	34	8
2719.97	0	767086	0	19424448512	18580213760	653.6	34	8
2720.97	0	767086	0	19424505856	18580226048	633.5	34	8
2721.98	0	767086	0	19424714752	18580226048	610.1	34	8
2722.98	0	767086	0	19424952320	18580226048	618.9	34	8
2723.99	0	769112	0	19427540992	18580230144	677.5	34	8
2724.99	0	769112	0	19427323904	18580230144	655.4	34	8
2726.00	0	769112	0	19427274752	18580230144	669.2	34	8
2727.00	0	769112	0	19427647488	18580230144	642.1	34	8
2728.00	0	769112	0	19427266560	18580230144	668.6	34	8
2729.01	0	769112	0	19427115008	18580230144	665.1	34	8
2730.01	0	769112	0	19427213312	18580234240	627.7	34	8
2731.02	0	769112	0	19426820096	18580234240	662.0	34	8
2732.02	0	769112	0	19426738176	18580234240	622.9	34	8
2733.03	0	772548	0	19431096320	18580254720	694.4	34	8
2734.03	0	777711	0	19436027904	18580254720	718.3	34	8
2735.03	0	782878	0	19442171904	18580262912	743.7	34	8
2736.04	0	786102	0	19445305344	18580262912	684.7	34	8
2737.04	0	786102	0	19444424704	18580262912	605.4	34	8
2738.05	0	786102	0	19444080640	18580262912	608.2	34	8
2739.05	0	786102	0	19444555776	18580262912	662.0	34	8
2740.06	0	786102	0	19443859456	18580262912	640.2	34	8
2741.06	0	786102	0	19443941376	18580262912	622.8	34	8
2742.06	0	786102	0	19444084736	18580262912	666.0	34	8
2743.07	0	786102	0	19443806208	18580262912	665.0	34	8
2744.07	0	786102	0	19443662848	18580262912	667.4	34	8
2745.08	0	786102	0	19443589120	18580262912	631.7	34	8
2746.08	0	786102	0	19443638272	18580275200	602.1	34	8
2747.08	0	786102	0	19443789824	18580275200	607.0	34	8
2748.09	0	786102	0	19443937280	18580275200	615.3	34	8
2749.09	0	786102	0	19444322304	18580275200	659.3	34	8
2750.10	0	786102	0	19444441088	18580275200	615.3	34	8
2751.10	0	786102	0	19444203520	18580275200	600.9	34	8
2752.10	0	786102	0	19444248576	18580275200	639.9	34	8
2753.11	0	786102	0	19444396032	18580275200	625.6	34	8
2754.11	0	786102	0	19444011008	18580275200	687.0	34	8
2755.12	0	786102	0	19444240384	18580275200	676.7	34	8
2756.12	0	786102	0	19444424704	18580275200	669.5	34	8
2757.13	0	786102	0	19444269056	18580275200	625.5	34	8
2758.13	0	786102	0	19443687424	18580283392	657.5	34	8
2759.13	0	786102	0	19443896320	18580283392	657.1	34	8
2760.14	0	786102	0	19444654080	18580283392	638.5	34	8
2761.14	0	786102	0	19444224000	18580283392	609.3	34	8
2762.15	0	786102	0	19444072448	18580283392	625.5	34	8
2763.15	0	786102	0	19443879936	18580283392	610.0	34	8
2764.15	0	786102	0	19443871744	18580287488	693.0	34	8
2765.16	0	786102	0	19444289536	18580287488	609.7	34	8
2766.16	0	786102	0	19443986432	18580287488	646.9	34	8
2767.17	0	786102	0	19444133888	18580287488	633.8	34	8
2768.17	0	786102	0	19444461568	18580287488	638.8	34	8
2769.18	0	786102	0	19444211712	18580299776	632.7	34	8
2770.18	0	786102	0	19444064256	18580299776	679.0	34	8
2771.18	0	786102	0	19443625984	18580299776	698.1	34	8
2772.19	0	786102	0	19444101120	18580299776	656.6	34	8
2773.19	0	786102	0	19444256768	18580299776	611.7	34	8
2774.20	0	786102	0	19443847168	18580299776	631.6	34	8
2775.20	0	786102	0	19443892224	18580299776	704.8	34	8
2776.20	0	786102	0	19443642368	18580299776	667.1	34	8
2777.21	0	786102	0	19443875840	18580299776	605.0	34	8
2778.21	0	786102	0	19443851264	18580299776	643.1	34	8
2779.22	0	786102	0	19444367360	18580299776	684.5	34	8
2780.22	0	786102	0	19444219904	18580299776	632.2	34	8
2781.23	0	786102	0	19443843072	18580299776	594.4	34	8
2782.23	0	786102	0	19444301824	18580299776	610.8	34	8
2783.23	0	786102	0	19444301824	18580299776	652.8	34	8
2784.24	0	786102	0	19444457472	18580299776	666.9	34	8
2785.24	0	786102	0	19443847168	18580299776	655.9	34	8
2786.25	0	786102	0	19444219904	18580299776	673.4	34	8
2787.25	0	786102	0	19443978240	18580299776	648.6	34	8
2788.26	0	786102	0	19443986432	18580299776	616.3	34	8
2789.26	0	786102	0	19443658752	18580299776	580.9	34	8
2790.26	0	786102	0	19444174848	18580299776	662.7	34	8
2791.27	0	786102	0	19443679232	18580299776	629.3	34	8
2792.27	0	786102	0	19443855360	18580299776	630.0	34	8
2793.28	0	786102	0	19444097024	18580299776	608.1	34	8
2794.28	0	786102	0	19443744768	18580299776	682.3	34	8
2795.28	0	786102	0	19444137984	18580312064	723.9	34	8
2796.29	0	786102	0	19443937280	18580316160	626.3	34	8
2797.29	0	786102	0	19444527104	18580320256	588.7	34	8
2798.30	0	786102	0	19444953088	18580320256	633.2	34	8
2799.30	0	786102	0	19444973568	18580320256	638.1	34	8
2800.31	0	786102	0	19444510720	18580320256	700.9	34	8
2801.31	0	786102	0	19443924992	18580320256	716.9	34	8
2802.31	0	786102	0	19443802112	18580320256	624.1	34	8
2803.32	0	786102	0	19443793920	18580320256	596.6	34	8
2804.32	0	786102	0	19444273152	18580320256	666.0	34	8
2805.33	0	786102	0	19444412416	18580320256	613.0	34	8
2806.33	0	786102	0	19444121600	18580320256	664.8	34	8
2807.34	0	786102	0	19443798016	18580320256	661.7	34	8
2808.34	0	786102	0	19444346880	18580320256	628.3	34	8
2809.34	0	786102	0	19443961856	18580320256	668.2	34	8
2810.35	0	786102	0	19444637696	18580320256	641.7	34	8
2811.35	0	786102	0	19443806208	18580320256	637.8	34	8
2812.36	0	786102	0	19444572160	18580320256	626.4	34	8
2813.36	0	786102	0	19444330496	18580320256	619.4	34	8
2814.37	0	786102	0	19444240384	18580320256	642.6	34	8
2815.37	0	786102	0	19444113408	18580320256	647.2	34	8
2816.37	0	786102	0	19443990528	18580320256	673.2	34	8
2817.38	0	786102	0	19444174848	18580320256	628.5	34	8
2818.38	0	786102	0	19444064256	18580328448	633.9	34	8
2819.39	0	786102	0	19444334592	18580328448	641.2	34	8
2820.39	0	786102	0	19444248576	18580328448	607.5	34	8
2821.39	0	786102	0	19444523008	18580328448	645.1	34	8
2822.40	0	786102	0	19444469760	18580328448	616.4	34	8
2823.40	0	786102	0	19444461568	18580328448	650.0	34	8
2824.41	0	786102	0	19444543488	18580328448	643.5	34	8
2825.41	0	786102	0	19444183040	18580328448	589.2	34	8
2826.42	0	786102	0	19444428800	18580328448	632.1	34	8
2827.42	0	786102	0	19444645888	18580328448	611.9	34	8
2828.42	0	786102	0	19444039680	18580328448	629.7	34	8
2829.43	0	786102	0	19444240384	18580328448	599.0	34	8
2830.43	0	786102	0	19444609024	18580328448	676.1	34	8
2831.44	0	786102	0	19443838976	18580328448	682.2	34	8
2832.44	0	786102	0	19444105216	18580328448	599.6	34	8
2833.44	0	786102	0	19443933184	18580328448	609.8	34	8
2834.45	0	786102	0	19444133888	18580328448	689.2	34	8
2835.45	0	786102	0	19444097024	18580328448	662.9	34	8
2836.46	0	786102	0	19443728384	18580328448	614.6	34	8
2837.46	0	786102	0	19443511296	18580328448	595.1	34	8
2838.47	0	786102	0	19443871744	18580332544	643.7	34	8
2839.47	0	786102	0	19443699712	18580332544	626.3	34	8
2840.47	0	786102	0	19444170752	18580332544	643.0	34	8
2841.48	0	786102	0	19444035584	18580332544	637.9	34	8
2842.48	0	786102	0	19444322304	18580344832	647.8	34	8
2843.49	0	786102	0	19444817920	18580344832	610.0	34	8
2844.49	0	786102	0	19444834304	18580344832	619.9	34	8
2845.49	0	786102	0	19444228096	18580344832	685.2	34	8
2846.50	0	786102	0	19443761152	18580344832	643.1	34	8
2847.50	0	786102	0	19444080640	18580344832	614.1	34	8
2848.51	0	786102	0	19443806208	18580344832	617.7	34	8
2849.51	0	786102	0	19444101120	18580344832	627.1	34	8
2850.52	0	786102	0	19444260864	18580344832	676.1	34	8
2851.52	0	786102	0	19444248576	18580344832	595.8	34	8
2852.52	0	786102	0	19444240384	18580344832	615.7	34	8
2853.53	0	786102	0	19444277248	18580344832	670.9	34	8
2854.53	0	786102	0	19444281344	18580344832	658.6	34	8
2855.54	0	786102	0	19443908608	18580344832	665.0	34	8
2856.54	0	786102	0	19444314112	18580344832	640.6	34	8
2857.55	0	786102	0	19444203520	18580344832	642.3	34	8
2858.55	0	786102	0	19444322304	18580344832	586.6	34	8
2859.55	0	786102	0	19444506624	18580344832	673.5	34	8
2860.56	0	786102	0	19444551680	18580348928	665.7	34	8
2861.56	0	786102	0	19444076544	18580348928	624.2	34	8
2862.57	0	786102	0	19444121600	18580348928	647.2	34	8
2863.57	0	786102	0	19444326400	18580353024	603.2	34	8
2864.58	0	786102	0	19444060160	18580353024	633.9	34	8
2865.58	0	786102	0	19444240384	18580353024	609.2	34	8
2866.58	0	786102	0	19444023296	18580353024	646.1	34	8
2867.59	0	786102	0	19443634176	18580353024	630.7	34	8
2868.59	0	786102	0	19444199424	18580353024	667.5	34	8
2869.60	0	786102	0	19444203520	18580353024	702.0	34	8
2870.60	0	786102	0	19444723712	18580353024	604.7	34	8
2871.60	0	786102	0	19444457472	18580353024	669.1	34	8
2872.61	0	786102	0	19444555776	18580353024	726.0	34	8
2873.61	0	786102	0	19444330496	18580353024	638.0	34	8
2874.62	0	786102	0	19444527104	18580353024	664.5	34	8
2875.62	0	786102	0	19444649984	18580353024	662.1	34	8
2876.63	0	786102	0	19443748864	18580353024	665.7	34	8
2877.63	0	786102	0	19443777536	18580353024	641.5	34	8
2878.63	0	786102	0	19443707904	18580353024	594.9	34	8
2879.64	0	786102	0	19444183040	18580353024	632.9	34	8
2880.64	0	786102	0	19443228672	18580353024	661.3	34	8
2881.65	0	786102	0	19443748864	18580361216	666.7	34	8
2882.65	0	786102	0	19443691520	18580361216	672.5	34	8
2883.66	0	786102	0	19443544064	18580361216	640.7	34	8
2884.66	0	786102	0	19443937280	18580361216	617.1	34	8
2885.66	0	786102	0	19444609024	18580361216	612.2	34	8
2886.67	0	786102	0	19443920896	18580361216	636.8	34	8
2887.67	0	786102	0	19444559872	18580365312	630.1	34	8
2888.68	0	786102	0	19443773440	18580365312	643.4	34	8
2889.68	0	786102	0	19444011008	18580365312	623.1	34	8
2890.68	0	786102	0	19444002816	18580365312	689.5	34	8
2891.69	0	786102	0	19443732480	18580365312	634.6	34	8
2892.69	0	786102	0	19443965952	18580365312	708.6	34	8
2893.70	0	786102	0	19443855360	18580365312	636.3	34	8
2894.70	0	786102	0	19444244480	18580365312	653.7	34	8
2895.71	0	786102	0	19444084736	18580365312	642.5	34	8
2896.71	0	786102	0	19444264960	18580365312	591.3	34	8
2897.71	0	786102	0	19443941376	18580365312	661.5	34	8
2898.72	0	786102	0	19443933184	18580365312	656.7	34	8
2899.72	0	786102	0	19444056064	18580365312	638.8	34	8
2900.73	0	786102	0	19444338688	18580365312	640.2	34	8
2901.73	0	786102	0	19443843072	18580365312	637.1	34	8
2902.74	0	786102	0	19444039680	18580365312	648.6	34	8
2903.74	0	786102	0	19444383744	18580365312	672.3	34	8
2904.74	0	786102	0	19444178944	18580365312	705.9	34	8
2905.75	0	786102	0	19444592640	18580369408	615.7	34	8
2906.75	0	786102	0	19444568064	18580369408	613.2	34	8
2907.76	0	786102	0	19444187136	18580369408	654.4	34	8
2908.76	0	786102	0	19443822592	18580369408	635.9	34	8
2909.76	0	786102	0	19444084736	18580369408	659.7	34	8
2910.77	0	786102	0	19444244480	18580369408	648.9	34	8
2911.77	0	786102	0	19444027392	18580369408	617.0	34	8
2912.78	0	786102	0	19444207616	18580377600	652.4	34	8
2913.78	0	786102	0	19443875840	18580381696	720.9	34	8
2914.79	0	786102	0	19444039680	18580381696	631.0	34	8
2915.79	0	786102	0	19444097024	18580381696	609.0	34	8
2916.79	0	786102	0	19444088832	18580381696	710.7	34	8
2917.80	0	786102	0	19444039680	18580381696	668.9	34	8
2918.80	0	786102	0	19444322304	18580381696	645.7	34	8
2919.81	0	786102	0	19444211712	18580381696	649.4	34	8
2920.81	0	786102	0	19444260864	18580381696	674.2	34	8
2921.82	0	786102	0	19443212288	18580381696	619.8	34	8
2922.82	0	786102	0	19443908608	18580381696	673.7	34	8
2923.82	0	786102	0	19443990528	18580381696	630.9	34	8
2924.83	0	786102	0	19444256768	18580381696	623.1	34	8
2925.83	0	786102	0	19443965952	18580381696	629.4	34	8
2926.84	0	786102	0	19443937280	18580381696	651.9	34	8
2927.84	0	786102	0	19444322304	18580381696	619.1	34	8
2928.84	0	786102	0	19443654656	18580381696	611.5	34	8
2929.85	0	786102	0	19444068352	18580389888	647.1	34	8
2930.85	0	786102	0	19444170752	18580389888	654.7	34	8
2931.86	0	786102	0	19444002816	18580389888	642.2	34	8
2932.86	0	786102	0	19443376128	18580389888	625.9	34	8
2933.87	0	786102	0	19444191232	18580389888	618.9	34	8
2934.87	0	786102	0	19444699136	18580389888	626.9	34	8
2935.87	0	786102	0	19444621312	18580389888	604.3	34	8
2936.88	0	786102	0	19443965952	18580389888	606.2	34	8
2937.88	0	786102	0	19444191232	18580389888	616.3	34	8
2938.89	0	786102	0	19444178944	18580389888	635.2	34	8
2939.89	0	786102	0	19443998720	18580389888	608.9	34	8
2940.89	0	786102	0	19444539392	18580389888	604.9	34	8
2941.90	0	786102	0	19444215808	18580393984	652.7	34	8
2942.90	0	786102	0	19444224000	18580393984	641.7	34	8
2943.91	0	786102	0	19444645888	18580398080	650.1	34	8
2944.91	0	786102	0	19444371456	18580398080	623.6	34	8
2945.92	0	786102	0	19444563968	18580398080	611.7	34	8
2946.92	0	786102	0	19444613120	18580398080	589.9	34	8
2947.92	0	786102	0	19444518912	18580406272	666.2	34	8
2948.93	0	786102	0	19444342784	18580406272	618.8	34	8
2949.93	0	786102	0	19444375552	18580406272	626.4	34	8
2950.94	0	786102	0	19444322304	18580406272	627.1	34	8
2951.94	0	786102	0	19444428800	18580406272	708.2	34	8
2952.95	0	786102	0	19444523008	18580406272	681.8	34	8
2953.95	0	786102	0	19444719616	18580406272	598.4	34	8
2954.95	0	786102	0	19444801536	18580406272	646.3	34	8
2955.96	0	786266	0	16243650560	15385718784	646.9	25	8
2956.96	0	788175	0	16245395456	15385718784	442.6	25	8
2957.97	0	788175	0	16245264384	15385718784	403.8	23	8
2958.97	0	791448	0	13040902144	12178460672	158.6	18	8
2959.97	0	796648	0	13046652928	12178395136	107.0	18	8
2960.98	0	801830	0	13052297216	12178395136	106.4	18	8
2961.98	0	807030	0	13056770048	12178395136	105.7	18	8
2962.99	0	812219	0	13062352896	12178395136	106.8	18	8
2963.99	0	817406	0	13067337728	12178395136	105.6	18	8
2964.99	0	822617	0	13072683008	12178395136	107.3	18	8
2966.00	0	827829	0	13078417408	12178395136	106.2	18	8
2967.00	0	833022	0	13084110848	12178395136	105.8	18	8
2968.01	0	838189	0	13086973952	12177059840	106.6	18	8
2969.01	0	843355	0	13092986880	12177059840	106.1	18	8
2970.01	0	848548	0	13098270720	12177059840	105.5	18	8
2971.02	0	853726	0	13103308800	12177059840	106.8	18	8
