t_s	temp_kb	out_kb	converted_kb	mem_bytes	anon_bytes	cpu_pct	pids	fifos
0.00	0	0	0	6189056	327680	60.4	2	0
1.00	0	0	0	647131136	631939072	98.7	2	0
2.01	0	0	0	898502656	874909696	100.0	2	0
3.01	0	0	0	1335345152	1301999616	101.0	2	0
4.01	0	1	0	1747140608	1702637568	100.0	2	0
5.02	0	1	0	2203799552	2157744128	101.1	2	0
6.02	0	1	0	2555387904	2508951552	100.0	2	0
7.03	0	1	0	2793259008	2745901056	100.0	2	0
8.03	82728	2	82728	2921418752	2786082816	101.0	2	0
9.03	352469	2	352469	3198181376	2783428608	100.0	2	0
10.04	623008	2	623008	3476271104	2783428608	100.0	2	0
11.04	892169	2	892169	3752755200	2783428608	101.0	2	0
12.04	1162812	2	1162812	4030836736	2783428608	100.0	2	0
13.05	1433420	2	1433420	4308103168	2783428608	101.0	2	0
14.05	1703988	2	1703988	4585877504	2783428608	100.0	2	0
15.06	1974486	2	1974486	4863950848	2783428608	100.0	2	0
16.06	2245653	2	2245653	5142462464	2783428608	101.0	2	0
17.06	2517580	2	2517580	5420888064	2783428608	100.0	2	0
18.07	2779905	2	2779905	5689839616	2783428608	101.0	2	0
19.07	3036217	2	3036217	5952593920	2783428608	100.0	2	0
20.08	3302666	2	3302666	6229233664	2790522880	100.0	2	0
21.08	3572129	2	3572129	6506483712	2790522880	101.0	2	0
22.08	3842427	2	3842427	6784049152	2790522880	100.0	2	0
23.09	4112820	2	4112820	7060897792	2790522880	101.0	2	0
24.09	4383225	2	4383225	7338639360	2790522880	100.0	2	0
25.10	4653782	2	4653782	7616339968	2790522880	100.0	2	0
26.10	4923943	2	4923943	7893839872	2790522880	101.0	2	0
27.10	5193451	2	5193451	8170143744	2790522880	100.0	2	0
28.11	5463715	2	5463715	8447877120	2790522880	101.0	2	0
29.11	5733981	2	5733981	8725590016	2790522880	100.0	2	0
30.12	6003763	2	6003763	9002446848	2790522880	100.0	2	0
31.12	6273359	2	6273359	9280872448	2793799680	101.0	2	0
32.12	6542428	2	6542428	9556619264	2793799680	100.0	2	0
33.13	6693466	3	6693466	10473451520	3551842304	100.8	6	0
34.13	6693466	3	6693466	12321030144	5396054016	100.0	6	0
35.14	6693466	3	6693466	14142742528	7212457984	374.6	15	0
36.14	6693466	3	6693466	15971020800	9037180928	504.3	15	0
37.14	6693466	3	6693466	17841557504	10903502848	868.3	24	0
38.15	6693466	3	6693466	19694096384	12751462400	979.5	33	0
39.15	6693466	3	6693466	21526241280	14581043200	1303.9	33	0
40.16	6693466	3	6693466	22709493760	15759683584	1441.5	38	0
41.16	6693466	3	6693466	22736629760	15787327488	1608.5	38	0
42.17	6693466	3	6693466	22769295360	15819636736	1623.6	38	0
43.17	6693466	20	6693466	22801993728	15851741184	1608.2	38	0
44.18	6693466	20	6693466	22819233792	15870304256	1624.4	38	0
45.19	6693466	1148	6693466	22840578048	15889801216	1646.9	38	0
46.19	6693466	2323	6693466	22859116544	15906463744	1663.6	38	0
47.20	6693466	2770	6693466	22871457792	15919505408	1640.4	38	0
48.20	6693466	2770	6693466	22883377152	15930961920	1608.9	38	0
49.21	6693466	2770	6693466	22894215168	15942508544	1623.8	38	0
50.21	6693466	2902	6693466	22902640640	15950438400	1612.6	38	0
51.22	6693466	3465	6693466	22909227008	15956209664	1643.5	38	0
52.23	6693466	3465	6693466	22912700416	15959117824	1609.0	38	0
53.23	6693466	3465	6693466	22929297408	15975567360	1623.2	38	0
54.24	6693466	3465	6693466	22948397056	15995310080	1608.0	38	0
55.24	6693466	3813	6693466	22988488704	16034201600	1635.4	38	0
56.25	6693466	5287	6693466	23003774976	16047849472	1673.4	38	0
57.25	6693466	5552	6693466	23014731776	16059314176	1617.6	38	0
58.26	6693466	5552	6693466	23025971200	16070422528	1623.9	38	0
59.26	6693466	5784	6693466	23034527744	16078663680	1615.9	38	0
60.27	6693466	6945	6693466	23041118208	16084410368	1662.2	38	0
61.28	6693466	6945	6693466	23046418432	16089731072	1608.1	38	0
62.28	6693466	6945	6693466	23054049280	16097419264	1623.1	38	0
63.29	6693466	6945	6693466	23065309184	16108756992	1624.8	38	0
64.29	6693466	6945	6693466	23076499456	16119595008	1607.5	38	0
65.30	6693466	6945	6693466	23090352128	16133910528	1623.8	38	0
66.31	6693466	6945	6693466	23103807488	16147664896	1608.0	38	0
67.31	6693466	6945	6693466	23117189120	16161492992	1624.6	38	0
68.32	6693466	7525	6693466	23161851904	16204820480	1630.4	38	0
69.32	6693466	7525	6693466	23152721920	16195624960	1620.8	38	0
70.33	6693466	7525	6693466	23166865408	16209387520	1623.5	38	0
71.33	6693466	7525	6693466	23181807616	16223698944	1607.9	38	0
72.34	6693466	7525	6693466	23202787328	16245366784	1624.6	38	0
73.34	6693466	7525	6693466	23218012160	16260349952	1609.6	38	0
74.35	6693466	7525	6693466	23233236992	16275406848	1622.5	38	0
75.36	6693466	7525	6693466	23248830464	16290729984	1609.1	38	0
76.36	6693466	8038	6693466	23266869248	16307593216	1640.1	38	0
77.37	6693466	9243	6693466	23280295936	16319954944	1665.3	38	0
78.37	6693466	9243	6693466	23292973056	16332914688	1608.1	38	0
79.38	6693466	9243	6693466	23307821056	16347033600	1623.4	38	0
80.38	6693466	9243	6693466	23319085056	16359297024	1608.2	38	0
81.39	6693466	9243	6693466	23332450304	16371892224	1623.1	38	0
82.40	6693466	9243	6693466	23345197056	16385228800	1608.4	38	0
83.40	6693466	9243	6693466	23359991808	16399839232	1623.1	38	0
84.41	6693466	10397	6693466	23376179200	16414449664	1663.1	38	0
85.41	6693466	13550	6693466	23393443840	16427761664	1713.8	38	0
86.42	6693466	13880	6693466	23407546368	16441778176	1635.4	38	0
87.42	6693466	13880	6693466	23443619840	16477872128	1608.1	38	0
88.43	6693466	13880	6693466	23450603520	16485785600	1623.2	38	0
89.44	6693466	13880	6693466	23459254272	16493862912	1607.5	38	0
90.44	6693466	13880	6693466	23466733568	16502345728	1624.9	38	0
91.45	6693466	13880	6693466	23476420608	16510439424	1622.8	38	0
92.45	6693466	13880	6693466	23484014592	16518594560	1607.4	38	0
93.46	6693466	16207	6693466	23495290880	16526962688	1701.8	38	0
94.46	6693466	16207	6693466	23502479360	16535142400	1609.5	38	0
95.47	6693466	16207	6693466	23510831104	16542760960	1621.9	38	0
96.48	6693466	16207	6693466	23558742016	16591589376	1610.0	38	0
97.48	6693466	16207	6693466	23532048384	16564580352	1621.2	38	0
98.49	6693466	16207	6693466	23545864192	16578281472	1623.6	38	0
99.49	6693466	16207	6693466	23559311360	16591618048	1607.9	38	0
100.50	6693466	16207	6693466	23573499904	16604987392	1623.6	38	0
101.50	6693466	16207	6693466	23587246080	16618614784	1608.6	38	0
102.51	6693466	16207	6693466	23599501312	16631853056	1622.6	38	0
103.52	6693466	16207	6693466	23613157376	16645431296	1608.5	38	0
104.52	6693466	16207	6693466	23627161600	16659333120	1623.2	38	0
105.53	6693466	16207	6693466	23639912448	16672489472	1623.4	38	0
106.53	6693466	16207	6693466	23653371904	16685391872	1607.1	38	0
107.54	6693466	16207	6693466	23666360320	16698736640	1623.8	38	0
108.54	6693466	16207	6693466	23678930944	16711598080	1608.5	38	0
109.55	6693466	16538	6693466	23692726272	16724414464	1633.9	38	0
110.56	6693466	16770	6693466	23707324416	16737947648	1616.2	38	0
111.56	6693466	16770	6693466	23718875136	16751239168	1623.6	38	0
112.57	6693466	16770	6693466	23732531200	16764026880	1608.4	38	0
113.57	6693466	16770	6693466	23745642496	16777183232	1622.0	38	0
114.58	6693466	16770	6693466	23759572992	16790904832	1623.5	38	0
115.58	6693466	16770	6693466	23773646848	16804298752	1608.0	38	0
116.59	6693466	17482	6693466	23786278912	16817029120	1647.8	38	0
117.59	6693466	20632	6693466	23799689216	16827465728	1712.8	38	0
118.60	6693466	20714	6693466	23812288512	16839856128	1627.7	38	0
119.61	6693466	20714	6693466	23824220160	16852271104	1608.3	38	0
120.61	6693466	20714	6693466	23837163520	16864964608	1623.0	38	0
121.62	6693466	20714	6693466	23850655744	16877367296	1623.9	38	0
122.62	6693466	20714	6693466	23862165504	16889692160	1608.4	38	0
123.63	6693466	20714	6693466	23873359872	16901574656	1622.4	38	0
124.63	6693466	20714	6693466	23886008320	16914034688	1608.3	38	0
125.64	6693466	20714	6693466	23898611712	16925503488	1623.1	38	0
126.65	6693466	22813	6693466	23911776256	16936968192	1679.2	38	0
127.65	6693466	25318	6693466	23925305344	16947658752	1709.1	38	0
128.66	6693466	25318	6693466	23935807488	16958304256	1624.1	38	0
129.66	6693466	25318	6693466	23946756096	16969052160	1607.7	38	0
130.67	6693466	25318	6693466	23957143552	16979812352	1623.1	38	0
131.67	6693466	25318	6693466	23968067584	16990896128	1608.1	38	0
132.68	6693466	25318	6693466	23978364928	17000267776	1622.9	38	0
133.69	6693466	25318	6693466	23988330496	17011310592	1608.8	38	0
134.69	6693466	25318	6693466	23999533056	17022484480	1623.6	38	0
135.70	6693466	25318	6693466	24011173888	17033404416	1608.4	38	0
136.70	6693466	25318	6693466	24023420928	17045942272	1623.4	38	0
137.71	6693466	25318	6693466	24036315136	17059061760	1623.4	38	0
138.71	6693466	25318	6693466	24050614272	17072513024	1608.1	38	0
139.72	6693466	25318	6693466	24064200704	17085878272	1623.7	38	0
140.72	6693466	25318	6693466	24078372864	17099665408	1608.4	38	0
141.73	6693466	25318	6693466	24092012544	17113001984	1623.4	38	0
142.74	6693466	25318	6693466	24104022016	17126096896	1608.1	38	0
143.74	6693466	27631	6693466	24119906304	17138966528	1701.9	38	0
144.75	6693466	27631	6693466	24133345280	17152802816	1623.8	38	0
145.75	6693466	27631	6693466	24146087936	17165934592	1608.5	38	0
146.76	6693466	27631	6693466	24159051776	17179033600	1622.5	38	0
147.76	6693466	27631	6693466	24172363776	17192390656	1609.4	38	0
148.77	6693466	27631	6693466	24186335232	17206214656	1621.4	38	0
149.78	6693466	27631	6693466	24200548352	17219805184	1609.7	38	0
150.78	6693466	27631	6693466	24213082112	17233195008	1622.7	38	0
151.79	6693466	27631	6693466	24227569664	17246732288	1623.6	38	0
152.79	6693466	27631	6693466	24239755264	17259732992	1608.3	38	0
153.80	6693466	27631	6693466	24253992960	17275219968	1622.9	38	0
154.80	6693466	27631	6693466	24267440128	17288511488	1607.9	38	0
155.81	6693466	27631	6693466	24280449024	17301684224	1623.1	38	0
156.82	6693466	27631	6693466	24293838848	17315172352	1609.4	38	0
157.82	6693466	27631	6693466	24307290112	17328480256	1622.1	38	0
158.83	6693466	27631	6693466	24320147456	17341689856	1607.5	38	0
159.83	6693466	27631	6693466	24333918208	17355255808	1624.2	38	0
160.84	6693466	27631	6693466	24347508736	17369374720	1622.9	38	0
161.84	6693466	27631	6693466	24363532288	17384095744	1607.8	38	0
162.85	6693466	27631	6693466	24376967168	17398493184	1622.9	38	0
163.85	6693466	27631	6693466	24389988352	17411657728	1607.2	38	0
164.86	6693466	27631	6693466	24405364736	17426153472	1622.5	38	0
165.87	6693466	27631	6693466	24420364288	17441058816	1609.1	38	0
166.87	6693466	27631	6693466	24434847744	17455452160	1623.5	38	0
167.88	6693466	27631	6693466	24448667648	17470042112	1621.6	38	0
168.88	6693466	27631	6693466	24463785984	17485070336	1608.6	38	0
169.89	6693466	27631	6693466	24478187520	17499549696	1622.7	38	0
170.89	6693466	27631	6693466	24493670400	17514045440	1607.8	38	0
171.90	6693466	27631	6693466	24508788736	17529057280	1623.4	38	0
172.91	6693466	27631	6693466	24522756096	17543811072	1608.8	38	0
173.91	6693466	27631	6693466	24537944064	17558802432	1622.4	38	0
174.92	6693466	27631	6693466	24552005632	17573666816	1624.0	38	0
175.92	6693466	27631	6693466	24568561664	17588273152	1607.5	38	0
176.93	6693466	27631	6693466	24581652480	17602994176	1623.6	38	0
177.93	6693466	27631	6693466	24596684800	17617608704	1609.2	38	0
178.94	6693466	27631	6693466	24611778560	17632796672	1622.2	38	0
179.95	6693466	27631	6693466	24626765824	17647431680	1608.2	38	0
180.95	6693466	27631	6693466	24642420736	17662304256	1623.1	38	0
181.96	6693466	27631	6693466	24656068608	17677131776	1607.8	38	0
182.96	6693466	27631	6693466	24671977472	17692332032	1623.1	38	0
183.97	6693466	27631	6693466	24687378432	17707581440	1624.2	38	0
184.97	6693466	27631	6693466	24702107648	17722019840	1607.5	38	0
185.98	6693466	27631	6693466	24716500992	17736843264	1623.4	38	0
186.99	6693466	27631	6693466	24730341376	17751490560	1607.7	38	0
187.99	6693466	27631	6693466	24745705472	17765933056	1623.7	38	0
189.00	6693466	27631	6693466	24760377344	17780998144	1608.0	38	0
190.00	6693466	27631	6693466	24775114752	17795809280	1623.8	38	0
191.01	6693466	27631	6693466	24790315008	17810563072	1623.6	38	0
192.01	6693466	27631	6693466	24806178816	17826729984	1608.4	38	0
193.02	6693466	27631	6693466	24821669888	17841860608	1624.4	38	0
194.02	6693466	27631	6693466	24836489216	17857339392	1609.7	38	0
195.03	6693466	27631	6693466	24851177472	17872297984	1622.3	38	0
196.04	6693466	27631	6693466	24866516992	17886834688	1607.4	38	0
197.04	6693466	27631	6693466	24881819648	17902014464	1624.7	38	0
198.05	6693466	27631	6693466	24896741376	17916702720	1622.6	38	0
199.05	6693466	27631	6693466	24910618624	17931427840	1607.9	38	0
200.06	6693466	27631	6693466	24927076352	17946501120	1623.5	38	0
201.06	6693466	27631	6693466	24942297088	17961418752	1607.8	38	0
202.07	6693466	27631	6693466	24956678144	17976389632	1623.6	38	0
203.08	6693466	27631	6693466	24971702272	17991581696	1608.2	38	0
204.08	6693466	27631	6693466	24986198016	18006495232	1623.5	38	0
205.09	6693466	27631	6693466	25000890368	18021593088	1608.0	38	0
206.09	6693466	28803	6693466	25016344576	18034503680	1663.1	38	0
207.10	6693466	29909	6693466	25026588672	18043473920	1662.3	38	0
208.10	6693466	29909	6693466	25035067392	18052993024	1607.9	38	0
209.11	6693466	29909	6693466	25044611072	18062548992	1623.5	38	0
210.11	6693466	29909	6693466	25053769728	18071547904	1607.8	38	0
211.12	6693466	29909	6693466	25063841792	18080944128	1623.5	38	0
212.13	6693466	32914	6693466	25074352128	18088820736	1709.2	38	0
213.13	6693466	35095	6693466	25084772352	18097111040	1697.5	38	0
214.14	6693466	35095	6693466	25092513792	18104819712	1623.7	38	0
215.14	6693466	35095	6693466	25101238272	18112786432	1608.0	38	0
216.15	6693466	35095	6693466	25110179840	18121101312	1624.2	38	0
217.15	6693466	35095	6693466	25116573696	18128744448	1607.6	38	0
218.16	6693466	35095	6693466	25124569088	18136784896	1623.6	38	0
219.17	6693466	35095	6693466	25132199936	18144694272	1608.1	38	0
220.17	6693466	35095	6693466	25140166656	18152435712	1623.7	38	0
221.18	6693466	35095	6693466	25148141568	18159857664	1608.3	38	0
222.18	6693466	35095	6693466	25155244032	18167627776	1623.3	38	0
223.19	6693466	35095	6693466	25163079680	18175451136	1623.8	38	0
224.19	6693466	35095	6693466	25172713472	18184925184	1607.7	38	0
225.20	6693466	35095	6693466	25186852864	18198507520	1623.7	38	0
226.20	6693466	35095	6693466	25198919680	18211467264	1609.0	38	0
227.21	6693466	35095	6693466	25213087744	18225258496	1622.2	38	0
228.22	6693466	35095	6693466	25226092544	18238570496	1607.9	38	0
229.22	6693466	35095	6693466	25241931776	18253320192	1624.4	38	0
230.23	6693466	35095	6693466	25256886272	18268151808	1623.4	38	0
231.23	6693466	35095	6693466	25271242752	18283008000	1607.8	38	0
232.24	6693466	35095	6693466	25286959104	18298294272	1624.1	38	0
233.24	6693466	35095	6693466	25302855680	18313949184	1610.0	38	0
234.25	6693466	35095	6693466	25316982784	18328682496	1622.7	38	0
235.26	6693466	35095	6693466	25332469760	18345504768	1607.6	38	0
236.26	6693466	35095	6693466	25346883584	18360340480	1623.9	38	0
237.27	6693466	35095	6693466	25361256448	18375548928	1624.1	38	0
238.27	6693466	35095	6693466	25376526336	18390695936	1608.4	38	0
239.28	6693466	35095	6693466	25789984768	18803023872	1622.0	38	0
240.28	6693466	35095	6693466	25403703296	18417446912	1606.3	38	0
241.29	6693466	35095	6693466	25419702272	18432827392	1624.2	38	0
242.30	6693466	35095	6693466	25433833472	18447429632	1608.9	38	0
243.30	6693466	35095	6693466	25449533440	18462449664	1623.2	38	0
244.31	6693466	35095	6693466	25464832000	18477887488	1609.9	38	0
245.31	6693466	35095	6693466	25478459392	18492633088	1621.3	38	0
246.32	6693466	35095	6693466	25493786624	18507243520	1623.4	38	0
247.32	6693466	35095	6693466	25508143104	18522402816	1607.7	38	0
248.33	6693466	35095	6693466	25523085312	18536824832	1623.4	38	0
249.33	6693466	35095	6693466	25538654208	18551685120	1607.8	38	0
250.34	6693466	35095	6693466	25553620992	18567102464	1624.2	38	0
251.35	6693466	35095	6693466	25569153024	18582032384	1610.8	38	0
252.35	6693466	35095	6693466	25583521792	18596999168	1621.5	38	0
253.36	6693466	35095	6693466	25599672320	18612355072	1623.9	38	0
254.36	6693466	35095	6693466	25613516800	18627231744	1608.3	38	0
255.37	6693466	35095	6693466	25628934144	18642186240	1623.5	38	0
256.37	6693466	35095	6693466	25643581440	18657062912	1608.5	38	0
257.38	6693466	35095	6693466	25657233408	18671112192	1622.4	38	0
258.39	6693466	35095	6693466	25672769536	18686246912	1609.0	38	0
259.39	6693466	35095	6693466	25688756224	18701570048	1623.6	38	0
260.40	6693466	35095	6693466	25703604224	18716512256	1608.2	38	0
261.40	6693466	35095	6693466	25718771712	18731323392	1623.6	38	0
262.41	6693466	35095	6693466	25734119424	18746478592	1624.0	38	0
263.41	6693466	35095	6693466	25747918848	18760744960	1607.6	38	0
264.42	6693466	35095	6693466	25762402304	18775293952	1623.1	38	0
265.42	6693466	35095	6693466	25777840128	18790375424	1607.7	38	0
266.43	6693466	35095	6693466	25792061440	18804961280	1623.2	38	0
267.44	6693466	35095	6693466	25807036416	18819932160	1609.0	38	0
268.44	6693466	35095	6693466	25822588928	18835103744	1623.4	38	0
269.45	6693466	35095	6693466	25837568000	18850545664	1608.9	38	0
270.45	6693466	35095	6693466	25852088320	18865401856	1623.2	38	0
271.46	6693466	35095	6693466	25868386304	18881044480	1624.3	38	0
272.46	6693466	35095	6693466	25883615232	18895912960	1608.7	38	0
273.47	6693466	35095	6693466	25898291200	18911105024	1623.3	38	0
274.47	6693466	35095	6693466	25913208832	18925940736	1608.9	38	0
275.48	6693466	35095	6693466	25928318976	18940874752	1622.9	38	0
276.49	6693466	35095	6693466	25943257088	18955718656	1607.8	38	0
277.49	6693466	35095	6693466	25957568512	18970382336	1623.4	38	0
278.50	6693466	35095	6693466	26350882816	19362955264	1622.1	38	0
279.50	6693466	35095	6693466	25985859584	18998788096	1607.4	38	0
280.51	6693466	37141	6693466	26001780736	19012182016	1694.4	38	0
281.51	6693466	40298	6693466	26018127872	19024752640	1713.7	38	0
282.52	6693466	43450	6693466	26033446912	19037073408	1730.3	38	0
283.53	6693466	46568	6693466	26049617920	19049562112	1713.0	38	0
284.53	6693466	48548	6693466	26064056320	19062194176	1691.1	38	0
285.54	6693466	48548	6693466	26076139520	19074895872	1623.5	38	0
286.54	6693466	48548	6693466	26088886272	19087171584	1609.4	38	0
287.55	6693466	48548	6693466	26100961280	19099623424	1622.1	38	0
288.55	6693466	48548	6693466	26113155072	19112226816	1608.7	38	0
289.56	6693466	48548	6693466	26125594624	19124490240	1623.1	38	0
290.57	6693466	48548	6693466	26138333184	19137499136	1608.3	38	0
291.57	6693466	48548	6693466	26151784448	19150057472	1623.6	38	0
292.58	6693466	48548	6693466	26165161984	19163111424	1624.6	38	0
293.58	6693466	48548	6693466	26176872448	19175194624	1607.2	38	0
294.59	6693466	48548	6693466	26189283328	19187429376	1622.6	38	0
295.59	6693466	48548	6693466	26202673152	19200118784	1608.3	38	0
296.60	6693466	48548	6693466	26214174720	19212394496	1623.2	38	0
297.61	6693466	48548	6693466	26226565120	19224674304	1608.1	38	0
298.61	6693466	48548	6693466	26238529536	19236974592	1622.9	38	0
299.62	6693466	48548	6693466	26250649600	19249307648	1607.7	38	0
300.62	6693466	48548	6693466	26263777280	19261865984	1623.8	38	0
301.63	6693466	48548	6693466	26276888576	19274465280	1623.6	38	0
302.63	6693466	48548	6693466	26288455680	19286827008	1608.1	38	0
303.64	6693466	48548	6693466	26300829696	19298959360	1622.8	38	0
304.65	6693466	48548	6693466	26313310208	19311288320	1607.5	38	0
305.65	6693466	48548	6693466	26325729280	19323858944	1623.8	38	0
306.66	6693466	48548	6693466	26337599488	19336339456	1609.0	38	0
307.66	6693466	48548	6693466	26350714880	19348910080	1623.5	38	0
308.67	6693466	48548	6693466	26362990592	19361148928	1623.4	38	0
309.67	6693466	48548	6693466	26374774784	19373441024	1609.0	38	0
310.68	6693466	48548	6693466	26387652608	19385851904	1623.1	38	0
311.68	6693466	48548	6693466	26400043008	19398860800	1609.1	38	0
312.69	6693466	48548	6693466	26412888064	19411116032	1623.0	38	0
313.70	6693466	48548	6693466	26425970688	19423502336	1607.9	38	0
314.70	6693466	48548	6693466	26438021120	19435958272	1624.0	38	0
315.71	6693466	48548	6693466	26450284544	19448389632	1623.1	38	0
316.71	6693466	48548	6693466	26462060544	19460608000	1607.8	38	0
317.72	6693466	48548	6693466	26473779200	19471937536	1622.2	38	0
318.72	6693466	48548	6693466	26483208192	19482218496	1604.5	38	0
319.73	6693466	48548	6693466	26493898752	19492970496	1621.0	38	0
320.73	6693466	48548	6693466	26505981952	19504349184	1603.1	38	0
321.74	6693466	48548	6693466	26520219648	19518201856	1623.7	38	0
322.75	6693466	48548	6693466	26534752256	19533099008	1608.7	38	0
323.75	6693466	48548	6693466	26550697984	19548180480	1623.0	38	0
324.76	6693466	48548	6693466	26566164480	19563556864	1609.8	38	0
325.76	6693466	48548	6693466	26581323776	19578228736	1622.1	38	0
326.77	6693466	48548	6693466	26595971072	19593240576	1623.5	38	0
327.77	6693466	48548	6693466	26610647040	19607977984	1607.5	38	0
328.78	6693466	48548	6693466	26626011136	19623362560	1624.0	38	0
329.79	6693466	48548	6693466	26640994304	19638235136	1608.2	38	0
330.79	6693466	48548	6693466	26655920128	19653283840	1623.5	38	0
331.80	6693466	48548	6693466	26671153152	19668414464	1608.6	38	0
332.80	6693466	48548	6693466	26686529536	19683557376	1623.3	38	0
333.81	6693466	48548	6693466	26701090816	19698610176	1623.9	38	0
334.81	6693466	48548	6693466	26717118464	19714314240	1609.0	38	0
335.82	6693466	48548	6693466	26733158400	19729145856	1623.5	38	0
336.82	6693466	48548	6693466	26746798080	19744239616	1608.0	38	0
337.83	6693466	48548	6693466	26762240000	19761291264	1623.7	38	0
338.84	6693466	48548	6693466	26777612288	19776139264	1608.6	38	0
339.84	6693466	48548	6693466	26792767488	19790999552	1623.5	38	0
340.85	6693466	48548	6693466	26806820864	19805876224	1623.3	38	0
341.85	6693466	48548	6693466	26821550080	19820777472	1608.9	38	0
342.86	6693466	48548	6693466	26837012480	19835863040	1622.6	38	0
343.86	6693466	48548	6693466	26850967552	19850444800	1607.8	38	0
344.87	6693466	48548	6693466	26867113984	19866050560	1624.4	38	0
345.88	6693466	48548	6693466	26882052096	19881299968	1608.5	38	0
346.88	6693466	48548	6693466	26896543744	19895656448	1623.0	38	0
347.89	6693466	48548	6693466	26910986240	19910230016	1608.2	38	0
348.89	6693466	48548	6693466	26925649920	19924889600	1623.7	38	0
349.90	6693466	50382	6693466	26942627840	19938816000	1684.5	38	0
350.90	6693466	53518	6693466	26958741504	19951472640	1713.6	38	0
351.91	6693466	56656	6693466	26974826496	19964776448	1729.3	38	0
352.91	6693466	58339	6693466	26986491904	19975278592	1662.6	38	0
353.92	6693466	58339	6693466	27000107008	19989049344	1622.8	38	0
354.93	6693466	58339	6693466	27013824512	20002406400	1609.5	38	0
355.93	6693466	58339	6693466	27026677760	20015632384	1621.5	38	0
356.94	6693466	58339	6693466	27039526912	20028940288	1623.0	38	0
357.94	6693466	58339	6693466	27053817856	20042674176	1608.4	38	0
358.95	6693466	58339	6693466	27068313600	20056408064	1623.5	38	0
359.95	6693466	58339	6693466	27081101312	20069916672	1609.3	38	0
360.96	6693466	58339	6693466	27094327296	20083273728	1622.4	38	0
361.97	6693466	58339	6693466	27108175872	20096561152	1608.1	38	0
362.97	6693466	58339	6693466	27121672192	20109996032	1623.0	38	0
363.98	6693466	58339	6693466	27135614976	20123488256	1608.6	38	0
364.98	6693466	58339	6693466	27148656640	20137357312	1623.5	38	0
365.99	6693466	58339	6693466	27161845760	20150960128	1623.7	38	0
366.99	6693466	58339	6693466	27174817792	20164132864	1607.5	38	0
368.00	6693466	58339	6693466	27188236288	20177899520	1623.9	38	0
369.01	6693466	58339	6693466	27202564096	20191330304	1608.9	38	0
370.01	6693466	58339	6693466	27217219584	20205260800	1623.2	38	0
371.02	6693466	58339	6693466	27231096832	20219232256	1611.0	38	0
372.02	6693466	58339	6693466	27244429312	20232867840	1621.4	38	0
373.03	6693466	58339	6693466	27257233408	20246540288	1623.8	38	0
374.03	6693466	58339	6693466	27270967296	20260188160	1608.4	38	0
375.04	6693466	58339	6693466	27284676608	20273672192	1623.8	38	0
376.04	6693466	58339	6693466	27299106816	20287770624	1611.6	38	0
377.05	6693466	58339	6693466	27312697344	20301807616	1622.2	38	0
378.06	6693466	58339	6693466	27327127552	20315811840	1609.2	38	0
379.06	6693466	58339	6693466	27340488704	20329189376	1622.9	38	0
380.07	6693466	58339	6693466	27354669056	20342829056	1624.0	38	0
381.07	6693466	58339	6693466	27369078784	20356796416	1608.3	38	0
382.08	6693466	58339	6693466	27381972992	20370665472	1624.4	38	0
383.08	6693466	58339	6693466	27395670016	20384768000	1608.8	38	0
384.09	6693466	58339	6693466	27410513920	20398579712	1623.5	38	0
385.10	6693466	58339	6693466	27424321536	20412473344	1608.4	38	0
386.10	6693466	58339	6693466	27437846528	20426100736	1623.8	38	0
387.11	6693466	58339	6693466	27451019264	20439564288	1624.0	38	0
388.11	6693466	58339	6693466	27464491008	20452900864	1608.2	38	0
389.12	6693466	58339	6693466	27478425600	20466585600	1623.6	38	0
390.12	6693466	58965	6693466	27491786752	20479680512	1629.2	38	0
391.13	6693466	62089	6693466	27502829568	20487397376	1729.8	38	0
392.14	6693466	65241	6693466	27514281984	20495278080	1713.0	38	0
393.14	6693466	68412	6693466	27526160384	20503080960	1730.3	38	0
394.15	6693466	71548	6693466	27535347712	20510711808	1713.6	38	0
395.15	6693466	74752	6693466	27547312128	20518514688	1729.1	38	0
396.16	6693466	77925	6693466	27558367232	20526329856	1730.1	38	0
397.16	6693466	81076	6693466	27569086464	20533932032	1712.8	38	0
398.17	6693466	84265	6693466	27580600320	20542013440	1730.2	38	0
399.17	6693466	85712	6693466	27590172672	20550201344	1658.0	38	0
400.18	6693466	85712	6693466	27599126528	20558700544	1623.4	38	0
401.19	6693466	85712	6693466	27607642112	20566716416	1608.1	38	0
402.19	6693466	85712	6693466	27615232000	20574752768	1623.7	38	0
403.20	6693466	85712	6693466	27621842944	20582514688	1608.9	38	0
404.20	6693466	85712	6693466	27630571520	20590759936	1622.3	38	0
405.21	6693466	85712	6693466	27638267904	20598919168	1623.8	38	0
406.21	6693466	85712	6693466	27646574592	20606767104	1609.2	38	0
407.22	6693466	85712	6693466	27654520832	20614701056	1622.0	38	0
408.22	6693466	85712	6693466	27662827520	20622917632	1608.5	38	0
409.23	6693466	85712	6693466	27670921216	20630798336	1623.6	38	0
410.24	6693466	85712	6693466	27679293440	20638924800	1607.7	38	0
411.24	6693466	85712	6693466	27686793216	20647190528	1623.6	38	0
412.25	6693466	85712	6693466	27695681536	20655472640	1624.3	38	0
413.25	6693466	85712	6693466	27703836672	20663304192	1608.1	38	0
414.26	6693466	85712	6693466	27711770624	20671795200	1623.9	38	0
415.26	6693466	85712	6693466	27720716288	20679909376	1607.7	38	0
416.27	6693466	85712	6693466	27728056320	20688076800	1623.5	38	0
417.28	6693466	85712	6693466	27736412160	20696227840	1608.5	38	0
418.28	6693466	88609	6693466	27748302848	20704276480	1720.1	38	0
419.29	6693466	91767	6693466	27759464448	20711911424	1729.0	38	0
420.29	6693466	94961	6693466	27770265600	20722135040	1713.4	38	0
421.30	6693466	98203	6693466	27782811648	20730511360	1729.3	38	0
422.30	6693466	101397	6693466	27794509824	20738560000	1714.4	38	0
423.31	6693466	104224	6693466	27804676096	20746579968	1716.3	38	0
424.31	6693466	104224	6693466	27812319232	20755103744	1608.8	38	0
425.32	6693466	104224	6693466	27820904448	20763693056	1623.7	38	0
426.33	6693466	104224	6693466	27829215232	20771815424	1609.1	38	0
427.33	6693466	104224	6693466	27960418304	20902715392	1623.3	38	0
428.34	6693466	104224	6693466	27851534336	20794114048	1622.8	38	0
429.34	6693466	104224	6693466	27864920064	20808032256	1608.4	38	0
430.35	6693466	104224	6693466	27877113856	20820471808	1622.6	38	0
431.35	6693466	104224	6693466	27889840128	20832903168	1606.8	38	0
432.36	6693466	104224	6693466	27900579840	20843073536	1620.3	38	0
433.37	6693466	104224	6693466	27912298496	20854292480	1607.4	38	0
434.37	6693466	104224	6693466	27924336640	20866387968	1620.3	38	0
435.38	6693466	104224	6693466	27936305152	20878860288	1623.0	38	0
436.38	6693466	104224	6693466	27949682688	20891594752	1607.4	38	0
437.39	6693466	104224	6693466	27962540032	20904890368	1623.3	38	0
438.39	6693466	104224	6693466	27975938048	20918296576	1608.1	38	0
439.40	6693466	104224	6693466	27989946368	20931657728	1623.6	38	0
440.41	6693466	104224	6693466	28003688448	20945248256	1608.0	38	0
441.41	6693466	104224	6693466	28016766976	20958666752	1623.3	38	0
442.42	6693466	104224	6693466	28029726720	20971421696	1623.0	38	0
443.42	6693466	104224	6693466	28043300864	20984885248	1608.1	38	0
444.43	6693466	104224	6693466	28056227840	20998037504	1622.7	38	0
445.43	6693466	104224	6693466	28068290560	21010370560	1606.7	38	0
446.44	6693466	104224	6693466	28080398336	21021560832	1621.5	38	0
447.45	6693466	104224	6693466	28090376192	21032321024	1605.2	38	0
448.45	6693466	104224	6693466	28102840320	21043798016	1621.3	38	0
449.46	6693466	104224	6693466	28113051648	21055426560	1622.0	38	0
450.46	6693466	104224	6693466	28126392320	21068140544	1607.3	38	0
451.47	6693466	104224	6693466	28140208128	21081452544	1623.6	38	0
452.47	6693466	104224	6693466	28152893440	21094248448	1607.3	38	0
453.48	6693466	104224	6693466	28166270976	21107765248	1623.6	38	0
454.49	6693466	104224	6693466	28179505152	21121478656	1607.7	38	0
455.49	6693466	104224	6693466	28193882112	21135425536	1624.2	38	0
456.50	6693466	104224	6693466	28207251456	21148561408	1624.0	38	0
457.50	6693466	104224	6693466	28219666432	21161775104	1607.4	38	0
458.51	6693466	104224	6693466	28232404992	21174140928	1622.6	38	0
459.51	6693466	104224	6693466	28245241856	21187432448	1608.5	38	0
460.52	6693466	104224	6693466	28259049472	21200809984	1622.8	38	0
461.53	6693466	104224	6693466	28273074176	21214171136	1608.9	38	0
462.53	6693466	104224	6693466	28285665280	21228036096	1623.2	38	0
463.54	6693466	104224	6693466	28300021760	21242175488	1624.1	38	0
464.54	6693466	104224	6693466	28314398720	21256085504	1608.0	38	0
465.55	6693466	104224	6693466	28328951808	21270007808	1624.0	38	0
466.55	6693466	104224	6693466	28342607872	21283319808	1608.4	38	0
467.56	6693466	104224	6693466	28353998848	21295267840	1622.1	38	0
468.57	6693466	104224	6693466	28367962112	21309054976	1609.1	38	0
469.57	6693466	104224	6693466	28382351360	21323034624	1623.8	38	0
470.58	6693466	104224	6693466	28396658688	21337124864	1609.7	38	0
471.58	6693466	104224	6693466	28410810368	21351129088	1624.7	38	0
472.59	6693466	104224	6693466	28423106560	21363990528	1622.0	38	0
473.59	6693466	104224	6693466	28434763776	21376606208	1608.5	38	0
474.60	6693466	104224	6693466	28448309248	21390065664	1622.4	38	0
475.60	6693466	104224	6693466	28462493696	21403869184	1608.2	38	0
476.61	6693466	104224	6693466	28476588032	21417590784	1623.9	38	0
477.62	6693466	104224	6693466	28489990144	21431726080	1608.8	38	0
478.62	6693466	104224	6693466	28504756224	21445824512	1624.8	38	0
479.63	6693466	104224	6693466	28517904384	21460054016	1624.3	38	0
480.63	6693466	104224	6693466	28532174848	21473816576	1608.7	38	0
481.64	6693466	104224	6693466	28547223552	21488209920	1623.7	38	0
482.64	6693466	104224	6693466	28560846848	21501865984	1609.5	38	0
483.65	6693466	104224	6693466	28574830592	21516001280	1623.8	38	0
484.66	6693466	104224	6693466	28588511232	21529866240	1608.6	38	0
485.66	6693466	104224	6693466	28602765312	21543792640	1624.7	38	0
486.67	6693466	104224	6693466	28616130560	21557129216	1623.7	38	0
487.67	6693466	104224	6693466	28629491712	21570355200	1609.4	38	0
488.68	6693466	104224	6693466	28642349056	21583679488	1622.6	38	0
489.68	6693466	104224	6693466	28655181824	21596385280	1608.0	38	0
490.69	6693466	104224	6693466	28668370944	21609689088	1623.7	38	0
491.70	6693466	104224	6693466	28681936896	21623242752	1608.4	38	0
492.70	6693466	104224	6693466	28695666688	21636468736	1623.3	38	0
493.71	6693466	104224	6693466	28708605952	21650137088	1624.2	38	0
494.71	6693466	104224	6693466	28722700288	21663612928	1608.5	38	0
495.72	6693466	104224	6693466	28736331776	21677056000	1624.5	38	0
496.72	6693466	104224	6693466	28749713408	21690425344	1608.8	38	0
497.73	6693466	104224	6693466	28762550272	21704077312	1623.9	38	0
498.74	6693466	104224	6693466	28776783872	21717569536	1608.3	38	0
499.74	6693466	104224	6693466	30117138432	23055876096	1620.2	38	0
500.75	6693466	104224	6693466	28798455808	21738758144	1620.6	38	0
501.75	6693466	104224	6693466	28811784192	21754646528	1608.8	38	0
502.76	6693466	104224	6693466	28825391104	21768683520	1623.7	38	0
503.76	6693466	104224	6693466	28839333888	21781852160	1607.0	38	0
504.77	6693466	104224	6693466	28852850688	21795540992	1623.6	38	0
505.78	6693466	104224	6693466	28866674688	21809389568	1608.5	38	0
506.78	6693466	104224	6693466	28880134144	21822910464	1623.2	38	0
507.79	6693466	104224	6693466	28894191616	21836996608	1610.1	38	0
508.79	6693466	104224	6693466	28908572672	21850710016	1622.4	38	0
509.80	6693466	104224	6693466	28921942016	21864280064	1624.1	38	0
510.80	6693466	104224	6693466	28936433664	21878366208	1609.5	38	0
511.81	6693466	104224	6693466	28948598784	21891698688	1623.3	38	0
512.81	6693466	104224	6693466	28962152448	21905321984	1609.6	38	0
513.82	6693466	104224	6693466	28975837184	21919019008	1622.7	38	0
514.83	6693466	104224	6693466	28989779968	21932638208	1608.2	38	0
515.83	6693466	104224	6693466	29003137024	21946015744	1623.6	38	0
516.84	6693466	104224	6693466	29017284608	21959565312	1624.4	38	0
517.84	6693466	104224	6693466	29030285312	21972946944	1609.0	38	0
518.85	6693466	104224	6693466	29042647040	21986525184	1623.2	38	0
519.85	6693466	104224	6693466	29056282624	22000156672	1608.5	38	0
520.86	6693466	104224	6693466	29071118336	22013861888	1623.7	38	0
521.87	6693466	104224	6693466	29085089792	22027624448	1610.4	38	0
522.87	6693466	104224	6693466	29097631744	22041092096	1621.5	38	0
523.88	6693466	104224	6693466	29111787520	22054723584	1623.7	38	0
524.88	6693466	104224	6693466	29126508544	22069100544	1610.4	38	0
525.89	6693466	104224	6693466	29140381696	22082957312	1622.5	38	0
526.89	6693466	104224	6693466	29153677312	22096371712	1608.7	38	0
527.90	6693466	104224	6693466	29167353856	22109868032	1623.2	38	0
528.91	6693466	104224	6693466	29181263872	22123450368	1609.0	38	0
529.91	6693466	104224	6693466	29194506240	22137430016	1623.1	38	0
530.92	6693466	104224	6693466	29208027136	22150668288	1624.0	38	0
531.92	6693466	104224	6693466	29221646336	22163652608	1608.0	38	0
532.93	6693466	104224	6693466	29234307072	22176788480	1623.6	38	0
533.93	6693466	104224	6693466	29247614976	22189940736	1608.5	38	0
534.94	6693466	104224	6693466	29260419072	22202994688	1623.3	38	0
535.95	6693466	104224	6693466	29273960448	22216409088	1608.2	38	0
536.95	6693466	104224	6693466	29287845888	22229782528	1623.4	38	0
537.96	6693466	104224	6693466	29300682752	22243471360	1623.2	38	0
538.96	6693466	104224	6693466	29314777088	22256988160	1609.7	38	0
539.97	6693466	104224	6693466	29327646720	22270099456	1622.3	38	0
540.97	6693466	104224	6693466	29341011968	22283513856	1609.9	38	0
541.98	6693466	104224	6693466	29518483456	22460248064	1622.8	38	0
542.99	6693466	104224	6693466	29362429952	22307270656	1605.3	38	0
543.99	6693466	104224	6693466	29376073728	22320304128	1622.2	38	0
545.00	6693466	104224	6693466	29389496320	22333542400	1624.2	38	0
546.00	6693466	104224	6693466	29402877952	22346809344	1607.7	38	0
547.01	6693466	104224	6693466	29415739392	22360317952	1624.3	38	0
548.01	6693466	104224	6693466	29429448704	22374100992	1609.1	38	0
549.02	6693466	104224	6693466	29442502656	22387339264	1623.3	38	0
550.03	6693466	104224	6693466	29456207872	22400200704	1608.3	38	0
551.03	6693466	104224	6693466	29469323264	22413475840	1622.9	38	0
552.04	6693466	104224	6693466	29482962944	22426382336	1623.8	38	0
553.04	6693466	104224	6693466	29495685120	22439518208	1607.8	38	0
554.05	6693466	104224	6693466	29509128192	22453284864	1624.2	38	0
555.05	6693466	104768	6693466	29523415040	22466748416	1625.9	38	0
556.06	6693466	107892	6693466	29540020224	22480527360	1730.2	38	0
557.07	6693466	109306	6693466	29555384320	22494048256	1658.0	38	0
558.07	6693466	109306	6693466	29568581632	22507630592	1624.1	38	0
559.08	6693466	109306	6693466	29582065664	22520950784	1623.3	38	0
560.08	6693466	109306	6693466	29595742208	22534512640	1608.6	38	0
561.09	6693466	109306	6693466	29608869888	22547722240	1623.3	38	0
562.09	6693466	109306	6693466	29622325248	22561001472	1608.8	38	0
563.10	6693466	109306	6693466	29635043328	22573985792	1623.0	38	0
564.11	6693466	109306	6693466	29649334272	22587727872	1606.7	38	0
565.11	6693466	109306	6693466	29662441472	22600781824	1623.5	38	0
566.12	6693466	109306	6693466	29676032000	22614339584	1623.1	38	0
567.12	6693466	109306	6693466	29689643008	22628364288	1608.6	38	0
568.13	6693466	109306	6693466	29703049216	22641569792	1623.8	38	0
569.13	6693466	109306	6693466	29716717568	22654644224	1608.8	38	0
570.14	6693466	109306	6693466	29728960512	22667784192	1622.9	38	0
571.15	6693466	109306	6693466	29742829568	22681362432	1609.1	38	0
572.15	6693466	109306	6693466	29756727296	22694465536	1623.2	38	0
573.16	6693466	109306	6693466	29770809344	22707920896	1623.7	38	0
574.16	6693466	109306	6693466	29783212032	22721331200	1608.6	38	0
575.17	6693466	109306	6693466	29796933632	22735376384	1623.7	38	0
576.17	6693466	109306	6693466	29812072448	22749343744	1610.3	38	0
577.18	6693466	109306	6693466	29824536576	22762926080	1622.4	38	0
578.19	6693466	109306	6693466	29837361152	22776324096	1608.4	38	0
579.19	6693466	109306	6693466	29851934720	22790029312	1623.2	38	0
580.20	6693466	109306	6693466	29865570304	22803447808	1623.2	38	0
581.20	6693466	109306	6693466	29879201792	22816571392	1607.6	38	0
582.21	6693466	109306	6693466	29892395008	22830039040	1623.6	38	0
583.22	6693466	109306	6693466	29904920576	22845235200	1607.7	38	0
584.22	6693466	109306	6693466	29918199808	22858088448	1623.3	38	0
585.23	6693466	109306	6693466	29931126784	22871498752	1609.4	38	0
586.23	6693466	109306	6693466	29944762368	22885232640	1622.6	38	0
587.24	6693466	109306	6693466	29958684672	22898438144	1623.9	38	0
588.24	6693466	109306	6693466	29971828736	22911868928	1608.9	38	0
589.25	6693466	109306	6693466	29985669120	22925426688	1623.7	38	0
590.25	6693466	109306	6693466	30000025600	22939742208	1609.7	38	0
591.26	6693466	109306	6693466	30013657088	22953205760	1622.7	38	0
592.27	6693466	109306	6693466	30027710464	22967164928	1608.4	38	0
593.27	6693466	109306	6693466	30039822336	22979960832	1623.4	38	0
594.28	6693466	109306	6693466	30053580800	22993424384	1624.0	38	0
595.28	6693466	109306	6693466	30067224576	23007002624	1607.9	38	0
596.29	6693466	109306	6693466	30081134592	23020470272	1624.0	38	0
597.29	6693466	109306	6693466	30093885440	23033597952	1607.6	38	0
598.30	6693466	109306	6693466	30107611136	23047172096	1623.6	38	0
599.31	6693466	109306	6693466	30120677376	23060865024	1608.9	38	0
600.31	6693466	109306	6693466	30134550528	23074234368	1623.0	38	0
601.32	6693466	110079	6693466	30148673536	23087026176	1633.2	38	0
602.32	6693466	113245	6693466	30163243008	23097479168	1729.3	38	0
603.33	6693466	116405	6693466	30176727040	23108030464	1729.2	38	0
604.33	6693466	119563	6693466	30191091712	23119060992	1713.2	38	0
605.34	6693466	122725	6693466	30204604416	23129784320	1729.4	38	0
606.34	6693466	125886	6693466	30218833920	23140753408	1713.7	38	0
607.35	6693466	129013	6693466	30232535040	23151947776	1729.3	38	0
608.36	6693466	132174	6693466	30247092224	23163088896	1715.7	38	0
609.36	6693466	135332	6693466	30261358592	23174266880	1729.4	38	0
610.37	6693466	138493	6693466	30275866624	23185620992	1730.9	38	0
611.37	6693466	141158	6693466	30290223104	23196831744	1697.3	38	0
612.38	6693466	141158	6693466	30300946432	23208189952	1624.6	38	0
613.38	6693466	141158	6693466	30312443904	23219163136	1609.8	38	0
614.39	6693466	141158	6693466	30323310592	23230312448	1622.4	38	0
615.40	6693466	141158	6693466	30334619648	23241633792	1609.8	38	0
616.40	6693466	141158	6693466	30345838592	23252475904	1622.5	38	0
617.41	6693466	141158	6693466	30354411520	23262486528	1622.8	38	0
618.41	6693466	141158	6693466	30363467776	23271383040	1604.2	38	0
619.42	6693466	141158	6693466	30372618240	23280381952	1619.0	38	0
620.42	6693466	141158	6693466	30382215168	23289552896	1606.0	38	0
621.43	6693466	141158	6693466	30392184832	23299915776	1621.8	38	0
622.44	6693466	142922	6693466	30404595712	23309991936	1665.5	38	0
623.44	6693466	146097	6693466	30418853888	23320657920	1730.7	38	0
624.45	6693466	149275	6693466	30432346112	23331368960	1727.6	38	0
625.45	6693466	152433	6693466	30447685632	23342059520	1713.6	38	0
626.46	6693466	155592	6693466	30460592128	23352389632	1729.9	38	0
627.46	6693466	158747	6693466	30474600448	23362854912	1713.6	38	0
628.47	6693466	159736	6693466	30484836352	23373484032	1657.2	38	0
629.48	6693466	159736	6693466	30495297536	23384584192	1608.5	38	0
630.48	6693466	159736	6693466	30507716608	23395823616	1623.7	38	0
631.49	6693466	159736	6693466	30519341056	23407325184	1609.5	38	0
632.49	6693466	159736	6693466	30530465792	23418630144	1624.4	38	0
633.50	6693466	159736	6693466	30541529088	23429394432	1623.4	38	0
634.50	6693466	159736	6693466	30552080384	23440683008	1608.5	38	0
635.51	6693466	159736	6693466	30563966976	23451856896	1624.1	38	0
636.51	6693466	159736	6693466	30574968832	23463055360	1608.9	38	0
637.52	6693466	159736	6693466	30585835520	23474081792	1623.7	38	0
638.53	6693466	159736	6693466	30596939776	23485235200	1608.7	38	0
639.53	6693466	159736	6693466	30607937536	23495806976	1622.9	38	0
640.54	6693466	159736	6693466	30618509312	23506755584	1623.5	38	0
641.54	6693466	159736	6693466	30629289984	23517642752	1608.2	38	0
642.55	6693466	159736	6693466	30641254400	23528595456	1624.0	38	0
643.55	6693466	159736	6693466	30652108800	23539351552	1608.3	38	0
644.56	6693466	159736	6693466	30662397952	23550173184	1623.5	38	0
645.57	6693466	159736	6693466	30673813504	23561273344	1608.0	38	0
646.57	6693466	159736	6693466	30685347840	23572746240	1624.2	38	0
647.58	6693466	159736	6693466	30695743488	23583547392	1609.1	38	0
648.58	6693466	159736	6693466	30707355648	23594565632	1623.8	38	0
649.59	6693466	159736	6693466	30718550016	23605993472	1623.7	38	0
650.59	6693466	159736	6693466	30729318400	23616811008	1608.3	38	0
651.60	6693466	159736	6693466	30740885504	23627997184	1624.5	38	0
652.60	6693466	159736	6693466	30751592448	23638745088	1609.0	38	0
653.61	6693466	159736	6693466	30762438656	23649779712	1623.8	38	0
654.62	6693466	159736	6693466	30773932032	23660732416	1608.9	38	0
655.62	6693466	159736	6693466	30784999424	23673659392	1623.3	38	0
656.63	6693466	159736	6693466	30795628544	23684661248	1623.4	38	0
657.63	6693466	159736	6693466	30806269952	23695695872	1608.2	38	0
658.64	6693466	159736	6693466	30817804288	23706796032	1623.2	38	0
659.64	6693466	159736	6693466	30829121536	23718027264	1608.9	38	0
660.65	6693466	159736	6693466	30840524800	23729049600	1623.3	38	0
661.66	6693466	159736	6693466	30851923968	23740067840	1610.0	38	0
662.66	6693466	159736	6693466	30862667776	23750995968	1621.7	38	0
663.67	6693466	159736	6693466	30872875008	23761952768	1623.5	38	0
664.67	6693466	159736	6693466	30884065280	23773057024	1608.2	38	0
665.68	6693466	159736	6693466	30895771648	23784243200	1624.1	38	0
666.68	6693466	159736	6693466	30907052032	23795384320	1608.5	38	0
667.69	6693466	159736	6693466	30917701632	23806709760	1623.9	38	0
668.70	6693466	159736	6693466	30929195008	23817936896	1608.1	38	0
669.70	6693466	159736	6693466	30940442624	23829024768	1624.3	38	0
670.71	6693466	159736	6693466	30951628800	23840190464	1609.2	38	0
671.71	6693466	159736	6693466	30963167232	23851679744	1623.4	38	0
672.72	6693466	159736	6693466	30974386176	23862996992	1624.1	38	0
673.72	6693466	159736	6693466	30985080832	23874019328	1608.9	38	0
674.73	6693466	159736	6693466	30996000768	23884894208	1622.8	38	0
675.74	6693466	159736	6693466	31004975104	23898677248	1608.9	38	0
676.74	6693466	159736	6693466	31015616512	23909568512	1622.5	38	0
677.75	6693466	159736	6693466	31026466816	23920570368	1608.4	38	0
678.75	6693466	159736	6693466	31037607936	23931674624	1624.4	38	0
679.76	6693466	159736	6693466	31048216576	23942598656	1623.2	38	0
680.76	6693466	159736	6693466	31060586496	23953604608	1608.4	38	0
681.77	6693466	159736	6693466	31071088640	23964635136	1624.5	38	0
682.77	6693466	159736	6693466	31082369024	23975882752	1609.1	38	0
683.78	6693466	159736	6693466	31093252096	23986782208	1621.9	38	0
684.79	6693466	159736	6693466	31103848448	23997935616	1608.0	38	0
685.79	6693466	159736	6693466	31114788864	24008871936	1623.8	38	0
686.80	6693466	159736	6693466	31126249472	24019918848	1624.2	38	0
687.80	6693466	159736	6693466	31137800192	24031223808	1608.5	38	0
688.81	6693466	159736	6693466	31149314048	24042471424	1624.6	38	0
689.81	6693466	159736	6693466	31160135680	24053800960	1608.2	38	0
690.82	6693466	159736	6693466	31171780608	24064864256	1624.2	38	0
691.83	6693466	159736	6693466	31182012416	24075988992	1608.7	38	0
692.83	6693466	159736	6693466	31192817664	24087019520	1623.1	38	0
693.84	6693466	159736	6693466	31203991552	24098095104	1624.5	38	0
694.84	6693466	159736	6693466	32648314880	25539002368	1604.5	38	0
695.85	6693466	159736	6693466	31220133888	24113885184	1620.0	38	0
696.85	6693466	159736	6693466	31231471616	24125112320	1608.2	38	0
697.86	6693466	159736	6693466	31242391552	24135786496	1623.5	38	0
698.87	6693466	159736	6693466	31253536768	24146804736	1607.9	38	0
699.87	6693466	159736	6693466	31264165888	24157536256	1624.1	38	0
700.88	6693466	159736	6693466	31275433984	24168730624	1608.5	38	0
701.88	6693466	159736	6693466	31286181888	24179490816	1623.7	38	0
702.89	6693466	159736	6693466	31296954368	24190496768	1623.6	38	0
703.89	6693466	159736	6693466	31308341248	24201502720	1608.2	38	0
704.90	6693466	159736	6693466	31318417408	24212217856	1623.7	38	0
705.90	6693466	159736	6693466	31330172928	24223490048	1608.7	38	0
706.91	6693466	159736	6693466	31341694976	24234618880	1623.6	38	0
707.92	6693466	159736	6693466	31352819712	24245895168	1610.2	38	0
708.92	6693466	159736	6693466	31364182016	24257327104	1622.4	38	0
709.93	6693466	159736	6693466	31374454784	24268300288	1624.1	38	0
710.93	6693466	159736	6693466	31385612288	24279314432	1608.6	38	0
711.94	6693466	159736	6693466	31396909056	24290410496	1624.1	38	0
712.94	6693466	159736	6693466	31407661056	24301617152	1609.2	38	0
713.95	6693466	159736	6693466	31418826752	24312475648	1623.0	38	0
714.96	6693466	159736	6693466	31430754304	24323629056	1609.2	38	0
715.96	6693466	159736	6693466	31441506304	24334446592	1622.4	38	0
716.97	6693466	159736	6693466	31452573696	24345636864	1624.0	38	0
717.97	6693466	159736	6693466	31463874560	24356757504	1608.8	38	0
718.98	6693466	159736	6693466	31475314688	24367878144	1623.3	38	0
719.98	6693466	159736	6693466	31485566976	24378781696	1608.5	38	0
720.99	6693466	159736	6693466	31496577024	24389689344	1623.0	38	0
722.00	6693466	159736	6693466	31508049920	24400429056	1607.7	38	0
723.00	6693466	159736	6693466	31518191616	24411181056	1623.4	38	0
724.01	6693466	159736	6693466	31529799680	24422563840	1623.8	38	0
725.01	6693466	159736	6693466	31539941376	24433598464	1608.0	38	0
726.02	6693466	159736	6693466	31552077824	24444923904	1624.2	38	0
727.02	6693466	159736	6693466	31563460608	24456130560	1609.9	38	0
728.03	6693466	159736	6693466	31573401600	24466894848	1621.6	38	0
729.04	6693466	159736	6693466	31584722944	24477847552	1608.1	38	0
730.04	6693466	159736	6693466	31595712512	24488968192	1624.0	38	0
731.05	6693466	159736	6693466	31606419456	24499961856	1607.8	38	0
732.05	6693466	159736	6693466	31618809856	24511447040	1624.6	38	0
733.06	6693466	159736	6693466	31629332480	24522391552	1623.9	38	0
734.06	6693466	159736	6693466	28442279936	21341351936	1468.3	33	0
735.07	6693466	159736	6693466	28447772672	21346832384	1216.2	33	0
736.07	6693466	159736	6693466	28453773312	21352259584	1203.7	33	0
737.08	6693466	159736	6693466	28459548672	21357633536	1216.1	33	0
738.08	6693466	159736	6693466	28465037312	21363372032	1204.8	33	0
739.09	6693466	159736	6693466	28470095872	21368905728	1203.5	33	0
740.09	6693466	159736	6693466	28475641856	21374504960	1213.9	33	0
741.10	6693466	159736	6693466	28481622016	21379899392	1201.5	33	0
742.10	6693466	159736	6693466	28487020544	21385605120	1213.6	33	0
743.10	6693466	159736	6693466	28492267520	21391220736	1202.4	33	0
744.11	6693466	159736	6693466	28498186240	21396709376	1212.4	33	0
745.11	6693466	159736	6693466	28503654400	21402349568	1201.6	33	0
746.12	6693466	159736	6693466	28509663232	21407977472	1213.4	33	0
747.12	6693466	159736	6693466	28514373632	21415452672	1201.4	33	0
748.13	6693466	159736	6693466	28519702528	21420941312	1213.6	33	0
749.13	6693466	159736	6693466	28525056000	21426696192	1202.0	33	0
750.14	6693466	159736	6693466	28530597888	21432434688	1201.9	33	0
751.14	6693466	159736	6693466	28536508416	21437853696	1213.6	33	0
752.15	6693466	161956	6693466	28544987136	21443371008	1255.6	33	0
753.15	6693466	167042	6693466	28556124160	21449027584	1322.9	33	0
754.15	6693466	172114	6693466	28566720512	21454426112	1310.0	33	0
755.16	6693466	177198	6693466	28577271808	21459898368	1322.9	33	0
756.16	6693466	182301	6693466	28588068864	21465317376	1310.8	33	0
757.17	6693466	187438	6693466	28599422976	21470789632	1322.7	33	0
758.17	6693466	192523	6693466	28609564672	21476605952	1309.2	33	0
759.18	6693466	197032	6693466	28622155776	21484204032	1299.1	33	0
760.18	6693466	197032	6693466	25430364160	18299707392	1090.8	28	0
761.19	6693466	197032	6693466	25433276416	18302144512	799.2	28	0
762.19	6693466	197032	6693466	25435652096	18304581632	807.4	28	0
763.19	6693466	197032	6693466	25438035968	18307121152	799.6	28	0
764.20	6693466	197032	6693466	25440243712	18309591040	807.3	28	0
765.20	6693466	197032	6693466	25443323904	18312323072	799.6	28	0
766.21	6693466	197032	6693466	25446375424	18315071488	799.7	28	0
767.21	6693466	197032	6693466	25449054208	18318159872	807.7	28	0
768.21	6693466	197032	6693466	25451851776	18321178624	799.8	28	0
769.22	6693466	197032	6693466	25455259648	18324213760	808.0	28	0
770.22	6693466	197032	6693466	25458565120	18327236608	799.9	28	0
771.23	6693466	197032	6693466	25460924416	18330112000	799.7	28	0
772.23	6693466	197032	6693466	25464532992	18333261824	807.8	28	0
773.23	6693466	197032	6693466	25467011072	18335973376	800.5	28	0
774.24	6693466	197032	6693466	25469771776	18338959360	807.0	28	0
775.24	6693466	197032	6693466	25472946176	18342064128	799.9	28	0
776.25	6693466	197032	6693466	25475829760	18344775680	799.8	28	0
777.25	6693466	197032	6693466	25478029312	18347589632	807.7	28	0
778.26	6693466	197032	6693466	25481211904	18350391296	799.7	28	0
779.26	6693466	197032	6693466	25484378112	18353201152	807.7	28	0
780.26	6693466	197032	6693466	25486999552	18356125696	799.7	28	0
781.27	6693466	197032	6693466	25489330176	18358702080	807.7	28	0
782.27	6693466	197032	6693466	25492484096	18361577472	799.6	28	0
783.28	6693466	197032	6693466	25495613440	18364424192	799.8	28	0
784.28	6693466	197032	6693466	25498243072	18367401984	807.8	28	0
785.28	6693466	197032	6693466	25500905472	18370289664	799.9	28	0
786.29	6693466	197032	6693466	25504317440	18372960256	807.5	28	0
787.29	6693466	197032	6693466	25507090432	18375979008	799.9	28	0
788.30	6693466	197032	6693466	25509273600	18378641408	799.7	28	0
789.30	6693466	197032	6693466	25511833600	18381508608	807.7	28	0
790.30	6693466	197032	6693466	25514737664	18384248832	799.6	28	0
791.31	6693466	197032	6693466	25517297664	18386776064	807.7	28	0
792.31	6693466	197032	6693466	25519947776	18389561344	799.6	28	0
793.32	6693466	197032	6693466	25522704384	18392231936	799.5	28	0
794.32	6693466	197032	6693466	25525575680	18394693632	807.6	28	0
795.32	6693466	197032	6693466	25527947264	18397134848	799.4	28	0
796.33	6693466	197032	6693466	25530081280	18399535104	807.3	28	0
797.33	6693466	197032	6693466	25533259776	18402328576	799.6	28	0
798.34	6693466	197032	6693466	25535717376	18405052416	799.4	28	0
799.34	6693466	197032	6693466	25538252800	18407723008	807.6	28	0
800.35	6693466	197032	6693466	25541668864	18410483712	800.2	28	0
801.35	6693466	197032	6693466	25544740864	18413408256	807.2	28	0
802.35	6693466	197032	6693466	25547079680	18416009216	799.6	28	0
803.36	6693466	197032	6693466	25549049856	18418569216	807.6	28	0
804.36	6693466	197032	6693466	25551814656	18421465088	797.9	28	0
805.37	6693466	197032	6693466	25554874368	18424213504	799.6	28	0
806.37	6693466	197032	6693466	25556668416	18426683392	807.3	28	0
807.37	6693466	197032	6693466	25560231936	18429411328	799.7	28	0
808.38	6693466	197032	6693466	25563111424	18432118784	807.7	28	0
809.38	6693466	197032	6693466	25564618752	18436784128	799.5	28	0
810.39	6693466	197032	6693466	25567932416	18439114752	799.4	28	0
811.39	6693466	197032	6693466	25571045376	18442088448	807.8	28	0
812.39	6693466	197032	6693466	25573134336	18444574720	799.7	28	0
813.40	6693466	197032	6693466	25576325120	18447282176	807.7	28	0
814.40	6693466	197032	6693466	25579261952	18450329600	799.9	28	0
815.41	6693466	197032	6693466	25580863488	18452619264	807.6	28	0
816.41	6693466	197032	6693466	25583538176	18455035904	799.4	28	0
817.42	6693466	201489	6693466	25591025664	18457534464	892.6	28	0
818.42	6693466	206606	6693466	25599471616	18460094464	914.1	28	0
819.42	6693466	211726	6693466	25606832128	18462519296	905.1	28	0
820.43	6693466	215905	6693466	25613549568	18465026048	895.0	28	0
821.43	6693466	215905	6693466	25615847424	18467459072	799.5	28	0
822.44	6693466	215905	6693466	25618632704	18470080512	799.5	28	0
823.44	6693466	215905	6693466	25620553728	18472529920	807.4	28	0
824.45	6693466	215905	6693466	25623347200	18475278336	799.6	28	0
825.45	6693466	215905	6693466	25626734592	18478215168	807.6	28	0
826.45	6693466	215905	6693466	25629863936	18480865280	799.9	28	0
827.46	6693466	215905	6693466	25632038912	18483679232	807.4	28	0
828.46	6693466	215905	6693466	25635168256	18486509568	799.7	28	0
829.47	6693466	215905	6693466	25638199296	18489524224	800.1	28	0
830.47	6693466	215905	6693466	25640448000	18491949056	807.1	28	0
831.47	6693466	215905	6693466	25643257856	18494525440	799.6	28	0
832.48	6693466	215905	6693466	25646137344	18497511424	807.7	28	0
833.48	6693466	215905	6693466	25648689152	18500182016	799.8	28	0
834.49	6693466	215905	6693466	25651372032	18502995968	807.6	28	0
835.49	6693466	215905	6693466	25654546432	18505924608	799.8	28	0
836.50	6693466	215905	6693466	25657659392	18508787712	799.7	28	0
837.50	6693466	215905	6693466	25660198912	18511638528	807.8	28	0
838.50	6693466	215905	6693466	25662607360	18514141184	799.5	28	0
839.51	6693466	215905	6693466	25664667648	18516877312	807.7	28	0
840.51	6693466	215905	6693466	25667366912	18519560192	800.1	28	0
841.52	6693466	215905	6693466	25670520832	18522087424	799.4	28	0
842.52	6693466	215905	6693466	25672908800	18524651520	807.6	28	0
843.53	6693466	215905	6693466	25676095488	18527285248	799.6	28	0
844.53	6693466	215905	6693466	25678073856	18529943552	807.6	28	0
845.53	6693466	215905	6693466	25680556032	18532388864	799.4	28	0
846.54	6693466	215905	6693466	25683001344	18534842368	807.5	28	0
847.54	6693466	215905	6693466	25685676032	18537562112	799.7	28	0
848.55	6693466	215905	6693466	25688092672	18540077056	799.7	28	0
849.55	6693466	215905	6693466	25691009024	18542596096	807.6	28	0
850.56	6693466	215905	6693466	25693646848	18545078272	799.6	28	0
851.56	6693466	215905	6693466	25695703040	18547683328	807.8	28	0
852.56	6693466	215905	6693466	25699119104	18550681600	799.8	28	0
853.57	6693466	215905	6693466	25702780928	18553712640	807.9	28	0
854.57	6693466	215905	6693466	25704939520	18556735488	799.9	28	0
855.58	6693466	215905	6693466	25707114496	18559299584	799.7	28	0
856.58	6693466	215905	6693466	25710538752	18562330624	807.8	28	0
857.58	6693466	215905	6693466	25713803264	18565521408	799.9	28	0
858.59	6693466	215905	6693466	25716244480	18568282112	807.8	28	0
859.59	6693466	215905	6693466	25718865920	18570719232	799.6	28	0
860.60	6693466	215905	6693466	25722019840	18573791232	807.9	28	0
861.60	6693466	215905	6693466	25724993536	18576650240	799.7	28	0
862.61	6693466	215905	6693466	25727705088	18579259392	799.9	28	0
863.61	6693466	215905	6693466	25730228224	18581831680	807.5	28	0
864.61	6693466	215905	6693466	25732591616	18584506368	797.7	28	0
865.62	6693466	215905	6693466	25736372224	18587516928	807.5	28	0
866.62	6693466	215905	6693466	25738924032	18590175232	799.8	28	0
867.63	6693466	215905	6693466	25740832768	18592772096	799.6	28	0
868.63	6693466	215905	6693466	25743769600	18595450880	807.7	28	0
869.63	6693466	215905	6693466	25745309696	18597695488	799.7	28	0
870.64	6693466	215905	6693466	25748680704	18600443904	807.2	28	0
871.64	6693466	215905	6693466	25751728128	18603347968	799.8	28	0
872.65	6693466	215905	6693466	25753321472	18605826048	807.4	28	0
873.65	6693466	215905	6693466	25756418048	18608271360	799.4	28	0
874.66	6693466	215905	6693466	25758908416	18610749440	799.7	28	0
875.66	6693466	215905	6693466	25760759808	18613379072	807.2	28	0
876.66	6693466	215905	6693466	25764720640	18616033280	799.8	28	0
877.67	6693466	215905	6693466	25767395328	18618761216	807.4	28	0
878.67	6693466	215905	6693466	25769811968	18621603840	800.3	28	0
879.68	6693466	215905	6693466	25772257280	18624184320	807.0	28	0
880.68	6693466	215905	6693466	25775190016	18626826240	799.6	28	0
881.69	6693466	215905	6693466	25778585600	18629824512	800.0	28	0
882.69	6693466	215905	6693466	25781137408	18632429568	807.5	28	0
883.69	6693466	215905	6693466	25784123392	18635501568	800.6	28	0
884.70	6693466	215905	6693466	25786171392	18638036992	806.9	28	0
885.70	6693466	215905	6693466	25788538880	18640470016	799.5	28	0
886.71	6693466	215905	6693466	25791778816	18643320832	799.9	28	0
887.71	6693466	215905	6693466	25794547712	18645950464	807.5	28	0
888.71	6693466	215905	6693466	25796636672	18648592384	799.8	28	0
889.72	6693466	215905	6693466	25799897088	18651197440	807.6	28	0
890.72	6693466	215905	6693466	25802194944	18653765632	799.7	28	0
891.73	6693466	215905	6693466	25804820480	18656518144	800.0	28	0
892.73	6693466	215905	6693466	25807208448	18659332096	807.8	28	0
893.73	6693466	215905	6693466	25809846272	18661679104	799.7	28	0
894.74	6693466	215905	6693466	25812451328	18664374272	807.7	28	0
895.74	6693466	215905	6693466	25815044096	18666692608	799.6	28	0
896.75	6693466	215905	6693466	25817960448	18669244416	807.8	28	0
897.75	6693466	215905	6693466	25820258304	18671804416	799.6	28	0
898.76	6693466	215905	6693466	25823854592	18674577408	799.9	28	0
899.76	6693466	215905	6693466	25825718272	18677243904	807.7	28	0
900.76	6693466	215905	6693466	25827930112	18679668736	799.7	28	0
901.77	6693466	215905	6693466	25831297024	18682376192	807.5	28	0
902.77	6693466	215905	6693466	25833680896	18685116416	799.9	28	0
903.78	6693466	215905	6693466	25836802048	18687737856	800.2	28	0
904.78	6693466	215905	6693466	25838194688	18690170880	807.0	28	0
905.79	6693466	215905	6693466	25840820224	18693152768	799.8	28	0
906.79	6693466	215905	6693466	25844355072	18696044544	807.5	28	0
907.79	6693466	215905	6693466	25846816768	18699071488	799.9	28	0
908.80	6693466	215905	6693466	25848123392	18700197888	806.8	28	0
909.80	6693466	215905	6693466	25851011072	18703355904	800.2	28	0
910.81	6693466	215905	6693466	25853902848	18706022400	800.0	28	0
911.81	6693466	215905	6693466	25857015808	18708987904	807.9	28	0
912.81	6693466	215905	6693466	25859936256	18711756800	800.0	28	0
913.82	6693466	215905	6693466	25862164480	18713751552	807.5	28	0
914.82	6693466	215905	6693466	25864310784	18716151808	799.6	28	0
915.83	6693466	215905	6693466	25866678272	18718273536	799.4	28	0
916.83	6693466	215905	6693466	25868455936	18720665600	807.6	28	0
917.84	6693466	215905	6693466	25870180352	18722705408	800.4	28	0
918.84	6693466	215905	6693466	25872531456	18724937728	807.4	28	0
919.84	6693466	215905	6693466	25874423808	18726801408	799.9	28	0
920.85	6693466	215905	6693466	25876881408	18729242624	808.3	28	0
921.85	6693466	215905	6693466	25879642112	18731573248	800.2	28	0
922.86	6693466	215905	6693466	25882046464	18734010368	808.1	28	0
923.86	6693466	215905	6693466	25884549120	18736340992	797.8	28	0
924.87	6693466	215905	6693466	25886953472	18738585600	799.6	28	0
925.87	6693466	215905	6693466	25889140736	18741010432	809.0	28	0
926.87	6693466	215905	6693466	25892712448	18743779328	801.3	28	0
927.88	6693466	215905	6693466	25894391808	18746064896	807.5	28	0
928.88	6693466	215905	6693466	25897656320	18748702720	800.8	28	0
929.89	6693466	215905	6693466	25899810816	18750984192	799.5	28	0
930.89	6693466	215905	6693466	25902247936	18753441792	807.9	28	0
931.90	6693466	215905	6693466	25905569792	18755977216	801.0	28	0
932.90	6693466	215905	6693466	25907273728	18758533120	808.3	28	0
933.90	6693466	215905	6693466	25909170176	18761043968	800.3	28	0
934.91	6693466	215905	6693466	25912180736	18763411456	808.1	28	0
935.91	6693466	215905	6693466	25914707968	18766213120	800.4	28	0
936.92	6693466	215905	6693466	25918095360	18768961536	799.7	28	0
937.92	6693466	215905	6693466	25920499712	18771648512	807.5	28	0
938.92	6693466	215905	6693466	25922781184	18774425600	800.2	28	0
939.93	6693466	215905	6693466	25925664768	18777264128	807.4	28	0
940.93	6693466	215905	6693466	25928765440	18780233728	799.9	28	0
941.94	6693466	215905	6693466	25931644928	18782932992	799.6	28	0
942.94	6693466	217503	6693466	25936433152	18786131968	840.4	28	0
943.95	6693466	222556	6693466	25944453120	18788806656	906.2	28	0
944.95	6693466	227594	6693466	25952309248	18791473152	914.5	28	0
945.95	6693466	232547	6693466	25960865792	18794344448	906.5	28	0
946.96	6693466	237520	6693466	25968549888	18797162496	915.7	28	0
947.96	6693466	242542	6693466	25976020992	18799820800	906.5	28	0
948.97	6693466	247594	6693466	25983836160	18802388992	915.0	28	0
949.97	6693466	252650	6693466	25992187904	18805370880	906.4	28	0
950.98	6693466	252946	6693466	25995030528	18808078336	806.9	28	0
951.98	6693466	252946	6693466	25998372864	18811052032	806.9	28	0
952.98	6693466	252946	6693466	26000515072	18813718528	799.7	28	0
953.99	6693466	252946	6693466	26003648512	18816643072	807.7	28	0
954.99	6693466	252946	6693466	26006274048	18819362816	799.8	28	0
956.00	6693466	252946	6693466	26009575424	18822197248	799.7	28	0
957.00	6693466	252946	6693466	26012753920	18825216000	807.8	28	0
958.01	6693466	252946	6693466	26015141888	18828169216	800.2	28	0
959.01	6693466	252946	6693466	26018123776	18831118336	807.5	28	0
960.01	6693466	252946	6693466	26020605952	18834165760	799.8	28	0
961.02	6693466	252946	6693466	26024009728	18837102592	807.6	28	0
962.02	6693466	252946	6693466	26026881024	18839834624	799.8	28	0
963.03	6693466	252946	6693466	26029633536	18842656768	799.6	28	0
964.03	6693466	252946	6693466	26032898048	18845577216	807.8	28	0
965.03	6693466	252946	6693466	26035724288	18848747520	800.2	28	0
966.04	6693466	252946	6693466	26038018048	18851065856	807.0	28	0
967.04	6693466	252946	6693466	26041319424	18853650432	799.7	28	0
968.05	6693466	252946	6693466	26043428864	18856247296	799.6	28	0
969.05	6693466	252946	6693466	26045878272	18858930176	807.6	28	0
970.06	6693466	252946	6693466	26048684032	18861719552	799.7	28	0
971.06	6693466	252946	6693466	26051321856	18864394240	807.7	28	0
972.06	6693466	252946	6693466	26053996544	18866995200	799.7	28	0
973.07	6693466	252946	6693466	26056146944	18869608448	807.7	28	0
974.07	6693466	252946	6693466	26058854400	18872160256	799.7	28	0
975.08	6693466	252946	6693466	26061971456	18874839040	799.6	28	0
976.08	6693466	252946	6693466	26065252352	18877652992	807.6	28	0
977.08	6693466	252946	6693466	26068140032	18880393216	799.7	28	0
978.09	6693466	252946	6693466	26070171648	18883158016	807.6	28	0
979.09	6693466	252946	6693466	26073391104	18886373376	799.9	28	0
980.10	6693466	252946	6693466	26076655616	18889113600	807.8	28	0
981.10	6693466	252946	6693466	26079215616	18891825152	799.8	28	0
982.11	6693466	252946	6693466	26082250752	18894680064	800.1	28	0
983.11	6693466	252946	6693466	26084823040	18897612800	807.7	28	0
984.11	6693466	252946	6693466	26087104512	18900217856	800.0	28	0
985.12	6693466	252946	6693466	26089951232	18903003136	807.4	28	0
986.12	6693466	252946	6693466	26092740608	18905792512	800.3	28	0
987.13	6693466	252946	6693466	26095550464	18908622848	799.3	28	0
988.13	6693466	252946	6693466	26098094080	18911326208	807.6	28	0
989.13	6693466	252946	6693466	26100858880	18914213888	799.9	28	0
990.14	6693466	252946	6693466	26103853056	18916864000	807.7	28	0
991.14	6693466	252946	6693466	26106253312	18919444480	799.7	28	0
992.15	6693466	252946	6693466	26108534784	18921857024	799.6	28	0
993.15	6693466	252946	6693466	26111049728	18924511232	807.5	28	0
994.16	6693466	252946	6693466	26113744896	18927120384	799.7	28	0
995.16	6693466	252946	6693466	26115850240	18929614848	807.6	28	0
996.16	6693466	252946	6693466	26118950912	18932187136	799.5	28	0
997.17	6693466	252946	6693466	26121568256	18934730752	807.7	28	0
998.17	6693466	252946	6693466	26124034048	18937417728	799.8	28	0
999.18	6693466	252946	6693466	26126512128	18940022784	799.7	28	0
1000.18	6693466	252946	6693466	26129395712	18942550016	807.5	28	0
1001.18	6693466	252946	6693466	26132529152	18945519616	799.8	28	0
1002.19	6693466	252946	6693466	26135146496	18948157440	807.6	28	0
1003.19	6693466	252946	6693466	26137153536	18950582272	799.6	28	0
1004.20	6693466	252946	6693466	26139676672	18953527296	800.0	28	0
1005.20	6693466	252946	6693466	26142621696	18956193792	807.6	28	0
1006.21	6693466	252946	6693466	26145632256	18958929920	799.6	28	0
1007.21	6693466	254742	6693466	26150567936	18961416192	845.0	28	0
1008.21	6693466	258118	6693466	26156371968	18963972096	871.7	28	0
1009.22	6693466	258118	6693466	26159497216	18966761472	807.3	28	0
1010.22	6693466	258118	6693466	26161524736	18969317376	799.6	28	0
1011.23	6693466	258118	6693466	26164989952	18972258304	800.6	28	0
1012.23	6693466	258118	6693466	26167259136	18975174656	806.9	28	0
1013.24	6693466	258118	6693466	26170028032	18977906688	799.7	28	0
1014.24	6693466	258118	6693466	26172612608	18980364288	807.9	28	0
1015.24	6693466	258118	6693466	26175815680	18983190528	799.4	28	0
1016.25	6693466	258118	6693466	26177994752	18985787392	807.4	28	0
1017.25	6693466	258118	6693466	26180816896	18988466176	799.6	28	0
1018.26	6693466	258118	6693466	26183168000	18991165440	799.8	28	0
1019.26	6693466	258118	6693466	26186027008	18993995776	807.6	28	0
1020.26	6693466	258118	6693466	26188439552	18996641792	799.6	28	0
1021.27	6693466	258118	6693466	26192101376	18999357440	807.5	28	0
1022.27	6693466	258118	6693466	26194464768	19001991168	799.6	28	0
1023.28	6693466	258118	6693466	26197016576	19004784640	799.7	28	0
1024.28	6693466	258118	6693466	26199355392	19007328256	807.6	28	0
1025.29	6693466	258118	6693466	26202509312	19010072576	799.8	28	0
1026.29	6693466	258118	6693466	26205122560	19012526080	807.3	28	0
1027.29	6693466	258118	6693466	26207600640	19015008256	799.6	28	0
1028.30	6693466	258118	6693466	26209185792	19017392128	807.5	28	0
1029.30	6693466	258118	6693466	26211831808	19019853824	799.6	28	0
1030.31	6693466	258118	6693466	26214871040	19022360576	799.5	28	0
1031.31	6693466	258118	6693466	26217320448	19024826368	807.5	28	0
1032.31	6693466	258118	6693466	26219720704	19027693568	799.8	28	0
1033.32	6693466	258118	6693466	26222362624	19030421504	807.7	28	0
1034.32	6693466	258118	6693466	26224627712	19032993792	799.6	28	0
1035.33	6693466	258118	6693466	26228101120	19035906048	807.8	28	0
1036.33	6693466	258118	6693466	26230898688	19038670848	799.6	28	0
1037.34	6693466	258118	6693466	26233176064	19041218560	799.5	28	0
1038.34	6693466	258118	6693466	26235711488	19043737600	807.7	28	0
1039.34	6693466	258118	6693466	26238820352	19046477824	799.6	28	0
1040.35	6693466	258118	6693466	26241560576	19049209856	807.7	28	0
1041.35	6693466	258118	6693466	26244640768	19052118016	799.6	28	0
1042.36	6693466	258118	6693466	26247315456	19054473216	799.5	28	0
1043.36	6693466	258118	6693466	26249723904	19057229824	807.7	28	0
1044.36	6693466	258118	6693466	26251894784	19059920896	799.6	28	0
1045.37	6693466	258118	6693466	26255265792	19062853632	807.8	28	0
1046.37	6693466	258118	6693466	26257764352	19065503744	799.5	28	0
1047.38	6693466	258118	6693466	26260119552	19068305408	799.7	28	0
1048.38	6693466	258118	6693466	26263584768	19071356928	807.8	28	0
1049.38	6693466	258118	6693466	26266472448	19074473984	799.7	28	0
1050.39	6693466	258118	6693466	26269757440	19077345280	807.6	28	0
1051.39	6693466	258118	6693466	26271805440	19079774208	799.6	28	0
1052.40	6693466	258118	6693466	26274951168	19082850304	807.7	28	0
1053.40	6693466	258118	6693466	26277601280	19085754368	799.7	28	0
1054.41	6693466	258118	6693466	26281017344	19088703488	799.7	28	0
1055.41	6693466	258118	6693466	26283827200	19091423232	807.5	28	0
1056.41	6693466	258118	6693466	26286108672	19093872640	799.4	28	0
1057.42	6693466	258118	6693466	26288713728	19096739840	807.6	28	0
1058.42	6693466	258118	6693466	26292162560	19099275264	799.7	28	0
1059.43	6693466	258118	6693466	26293915648	19102117888	800.4	28	0
1060.43	6693466	258118	6693466	26296975360	19104911360	806.9	28	0
1061.43	6693466	258118	6693466	26299469824	19107393536	799.4	28	0
1062.44	6693466	258118	6693466	26301288448	19109347328	807.3	28	0
1063.44	6693466	258118	6693466	26303479808	19111096320	799.2	28	0
1064.45	6693466	258118	6693466	26305679360	19113295872	799.5	28	0
1065.45	6693466	258118	6693466	26306588672	19114438656	806.9	28	0
1066.46	6693466	258118	6693466	26308132864	19115757568	798.9	28	0
1067.46	6693466	258118	6693466	26309689344	19117113344	806.8	28	0
1068.46	6693466	258118	6693466	26311192576	19118694400	799.1	28	0
1069.47	6693466	258118	6693466	26313584640	19120451584	807.2	28	0
1070.47	6693466	258118	6693466	26315673600	19122647040	799.5	28	0
1071.48	6693466	258118	6693466	26318008320	19124621312	799.4	28	0
1072.48	6693466	258118	6693466	26319015936	19126083584	807.0	28	0
1073.48	6693466	258118	6693466	26320609280	19128504320	799.6	28	0
1074.49	6693466	258118	6693466	26323628032	19130814464	807.4	28	0
1075.49	6693466	258118	6693466	26325913600	19133177856	799.5	28	0
1076.50	6693466	258118	6693466	26328596480	19135680512	799.6	28	0
1077.50	6693466	258118	6693466	26331717632	19138441216	807.6	28	0
1078.51	6693466	258118	6693466	26334007296	19141033984	799.7	28	0
1079.51	6693466	258118	6693466	26336034816	19143163904	807.4	28	0
1080.51	6693466	258118	6693466	26339123200	19146047488	799.8	28	0
1081.52	6693466	258118	6693466	26342055936	19146387456	807.9	28	0
1082.52	6693466	258118	6693466	26344411136	19151503360	799.5	28	0
1083.53	6693466	258118	6693466	26347331584	19154169856	799.7	28	0
1084.53	6693466	258118	6693466	26349248512	19156688896	807.4	28	0
1085.53	6693466	258118	6693466	26352234496	19159412736	799.5	28	0
1086.54	6693466	258118	6693466	26355716096	19162243072	807.7	28	0
1087.54	6693466	258118	6693466	26356989952	19164626944	799.6	28	0
1088.55	6693466	258118	6693466	26359873536	19167444992	800.0	28	0
1089.55	6693466	258118	6693466	26362707968	19170209792	807.5	28	0
1090.55	6693466	258118	6693466	26365554688	19173052416	799.8	28	0
1091.56	6693466	258118	6693466	26368966656	19176153088	807.9	28	0
1092.56	6693466	258118	6693466	26371596288	19178991616	799.8	28	0
1093.57	6693466	258118	6693466	26374729728	19181608960	799.8	28	0
1094.57	6693466	258118	6693466	26377773056	19184746496	807.6	28	0
1095.58	6693466	258118	6693466	26380378112	19187503104	799.7	28	0
1096.58	6693466	258118	6693466	26384117760	19190730752	807.8	28	0
1097.58	6693466	258118	6693466	26386063360	19193548800	799.7	28	0
1098.59	6693466	258118	6693466	26388828160	19196526592	807.8	28	0
1099.59	6693466	258118	6693466	26391793664	19198234624	799.3	28	0
1100.60	6693466	258118	6693466	26394087424	19200638976	799.6	28	0
1101.60	6693466	258118	6693466	26396950528	19202899968	807.3	28	0
1102.60	6693466	258118	6693466	26398904320	19205652480	799.8	28	0
1103.61	6693466	258118	6693466	26401030144	19207983104	807.6	28	0
1104.61	6693466	258118	6693466	26403491840	19210649600	799.5	28	0
1105.62	6693466	258118	6693466	26407190528	19213651968	799.8	28	0
1106.62	6693466	258118	6693466	26410336256	19216658432	807.8	28	0
1107.62	6693466	258118	6693466	26411692032	19218956288	799.6	28	0
1108.63	6693466	258118	6693466	26414592000	19221409792	807.5	28	0
1109.63	6693466	258118	6693466	26416623616	19223920640	799.6	28	0
1110.64	6693466	258118	6693466	26419429376	19226804224	800.0	28	0
1111.64	6693466	258118	6693466	26422681600	19229192192	807.5	28	0
1112.65	6693466	258118	6693466	26424328192	19231731712	799.5	28	0
1113.65	6693466	258118	6693466	26427678720	19234447360	807.7	28	0
1114.65	6693466	258118	6693466	26429972480	19237113856	799.7	28	0
1115.66	6693466	258118	6693466	26432778240	19239555072	807.6	28	0
1116.66	6693466	258118	6693466	26435256320	19242455040	799.7	28	0
1117.67	6693466	258118	6693466	26438041600	19245137920	799.8	28	0
1118.67	6693466	258118	6693466	26441261056	19248357376	807.7	28	0
1119.67	6693466	258118	6693466	26444161024	19251269632	799.7	28	0
1120.68	6693466	258118	6693466	26446528512	19253391360	807.3	28	0
1121.68	6693466	258118	6693466	26448359424	19255537664	799.4	28	0
1122.69	6693466	258118	6693466	26451165184	19258290176	799.9	28	0
1123.69	6693466	258118	6693466	26454458368	19261333504	807.9	28	0
1124.69	6693466	258118	6693466	26456829952	19264331776	799.5	28	0
1125.70	6693466	258118	6693466	26460483584	19267362816	807.7	28	0
1126.70	6693466	258118	6693466	26462781440	19269791744	799.6	28	0
1127.71	6693466	258118	6693466	26465468416	19272175616	799.5	28	0
1128.71	6693466	258118	6693466	26468036608	19274797056	807.6	28	0
1129.72	6693466	258118	6693466	26470236160	19277209600	799.6	28	0
1130.72	6693466	258118	6693466	26473250816	19279810560	807.6	28	0
1131.72	6693466	258118	6693466	26475954176	19282210816	799.6	28	0
1132.73	6693466	258118	6693466	26479104000	19285671936	807.3	28	0
1133.73	6693466	258118	6693466	26483728384	19289735168	799.5	28	0
1134.74	6693466	258118	6693466	26487361536	19293892608	799.7	28	0
1135.74	6693466	258118	6693466	26492272640	19298377728	807.7	28	0
1136.74	6693466	258118	6693466	26496307200	19302400000	799.4	28	0
1137.75	6693466	258118	6693466	26500407296	19306688512	807.6	28	0
1138.75	6693466	258118	6693466	26504818688	19311022080	799.7	28	0
1139.76	6693466	258118	6693466	26508673024	19315085312	799.6	28	0
1140.76	6693466	258118	6693466	26513719296	19319406592	807.6	28	0
1141.76	6693466	258118	6693466	26518110208	19323805696	799.8	28	0
1142.77	6693466	258118	6693466	26522509312	19328163840	807.7	28	0
1143.77	6693466	258118	6693466	26526302208	19331907584	799.6	28	0
1144.78	6693466	258118	6693466	26529796096	19335774208	800.4	28	0
1145.78	6693466	258118	6693466	26533216256	19339501568	808.3	28	0
1146.78	6693466	258118	6693466	26538004480	19343355904	800.3	28	0
1147.79	6693466	258118	6693466	26541240320	19347243008	807.9	28	0
1148.79	6693466	258118	6693466	26544467968	19351023616	799.4	28	0
1149.80	6693466	258118	6693466	26548916224	19355226112	807.7	28	0
1150.80	6693466	258118	6693466	26553344000	19359219712	799.4	28	0
1151.81	6693466	258118	6693466	26557751296	19363430400	800.3	28	0
1152.81	6693466	258118	6693466	26561187840	19367178240	807.3	28	0
1153.81	6693466	258118	6693466	26565439488	19371757568	800.9	28	0
1154.82	6693466	258118	6693466	26569551872	19375808512	808.7	28	0
1155.82	6693466	258118	6693466	26574024704	19380051968	800.7	28	0
1156.83	6693466	258118	6693466	26578251776	19384176640	800.8	28	0
1157.83	6693466	258118	6693466	26582925312	19388776448	808.8	28	0
1158.83	6693466	258118	6693466	26586324992	19392712704	800.6	28	0
1159.84	6693466	258118	6693466	26590912512	19396984832	808.2	28	0
1160.84	6693466	258118	6693466	26595049472	19401469952	799.8	28	0
1161.85	6693466	258118	6693466	26600284160	19405991936	799.9	28	0
1162.85	6693466	258118	6693466	26603765760	19410202624	807.6	28	0
1163.85	6693466	258118	6693466	26608390144	19415035904	799.8	28	0
1164.86	6693466	258118	6693466	26613825536	19419594752	807.8	28	0
1165.86	6693466	258118	6693466	26617786368	19423723520	799.6	28	0
1166.87	6693466	258118	6693466	26622619648	19428122624	799.7	28	0
1167.87	6693466	258118	6693466	26626695168	19432235008	807.2	28	0
1168.87	6693466	258118	6693466	26630455296	19436462080	799.5	28	0
1169.88	6693466	258118	6693466	26633854976	19440799744	807.7	28	0
1170.88	6693466	258118	6693466	26639351808	19445506048	800.4	28	0
1171.89	6693466	258118	6693466	26643824640	19449815040	799.1	28	0
1172.89	6693466	258118	6693466	26647838720	19454570496	807.7	28	0
1173.90	6693466	258118	6693466	26653003776	19459264512	799.9	28	0
1174.90	6693466	258118	6693466	26657935360	19463913472	807.7	28	0
1175.90	6693466	258118	6693466	26662387712	19468378112	799.6	28	0
1176.91	6693466	258118	6693466	26667900928	19472699392	807.7	28	0
1177.91	6693466	258118	6693466	26671513600	19477274624	799.7	28	0
1178.92	6693466	258118	6693466	26675499008	19481681920	799.7	28	0
1179.92	6693466	258118	6693466	26680467456	19485937664	807.6	28	0
1180.92	6693466	258118	6693466	26684506112	19490320384	799.7	28	0
1181.93	6693466	258118	6693466	26688311296	19494363136	807.5	28	0
1182.93	6693466	258118	6693466	26692976640	19498655744	799.6	28	0
1183.94	6693466	258118	6693466	26697252864	19503230976	799.9	28	0
1184.94	6693466	258118	6693466	26701111296	19507560448	807.7	28	0
1185.94	6693466	258118	6693466	26705092608	19511881728	800.2	28	0
1186.95	6693466	258118	6693466	26709794816	19516133376	807.1	28	0
1187.95	6693466	258118	6693466	26714234880	19520360448	799.5	28	0
1188.96	6693466	258118	6693466	26718281728	19524747264	799.8	28	0
1189.96	6693466	258118	6693466	26722754560	19528814592	807.5	28	0
1190.96	6693466	258118	6693466	26727735296	19533193216	800.0	28	0
1191.97	6693466	258118	6693466	26732208128	19537547264	807.3	28	0
1192.97	6693466	258118	6693466	26736037888	19541946368	799.7	28	0
1193.98	6693466	258118	6693466	26740031488	19546124288	799.7	28	0
1194.98	6693466	258118	6693466	26744680448	19550572544	807.6	28	0
1195.98	6693466	258118	6693466	26749734912	19555028992	799.7	28	0
1196.99	6693466	258118	6693466	26754506752	19559669760	807.7	28	0
1197.99	6693466	258118	6693466	26757963776	19563925504	799.6	28	0
1199.00	6693466	258118	6693466	26763059200	19568287744	799.7	28	0
1200.00	6693466	258118	6693466	26767052800	19572625408	807.7	28	0
1201.00	6693466	258118	6693466	26771271680	19577229312	799.8	28	0
1202.01	6693466	258118	6693466	26775199744	19581722624	807.7	28	0
1203.01	6693466	258118	6693466	26779639808	19586228224	799.9	28	0
1204.02	6693466	258118	6693466	26784665600	19590434816	799.4	28	0
1205.02	6693466	258118	6693466	26788663296	19594829824	807.9	28	0
1206.03	6693466	258118	6693466	26793033728	19599212544	799.3	28	0
1207.03	6693466	258118	6693466	26797346816	19603415040	807.4	28	0
1208.03	6693466	258118	6693466	26801815552	19607695360	799.6	28	0
1209.04	6693466	258118	6693466	26806276096	19612172288	807.7	28	0
1210.04	6693466	258118	6693466	26810638336	19616284672	799.5	28	0
1211.05	6693466	258118	6693466	26815311872	19620515840	799.7	28	0
1212.05	6693466	258118	6693466	26819457024	19624701952	807.5	28	0
1213.05	6693466	258118	6693466	26823077888	19628490752	799.4	28	0
1214.06	6693466	258118	6693466	26827116544	19633442816	807.8	28	0
1215.06	6693466	258118	6693466	26831978496	19638239232	799.9	28	0
1216.07	6693466	260817	6693466	26839330816	19641348096	853.8	28	0
1217.07	6693466	265999	6693466	26845622272	19642863616	914.1	28	0
1218.07	6693466	270723	6693466	26852155392	19646189568	905.8	28	0
1219.08	6693466	271677	6693466	26852974592	19647545344	830.3	28	0
1220.08	6693466	271677	6693466	26853888000	19648991232	799.8	28	0
1221.09	6693466	271677	6693466	26855436288	19650547712	801.3	28	0
1222.09	6693466	271677	6693466	26857066496	19652141056	808.9	28	0
1223.10	6693466	271677	6693466	26858983424	19653812224	800.5	28	0
1224.10	6693466	271677	6693466	26860388352	19655462912	807.6	28	0
1225.10	6693466	271677	6693466	26862231552	19657068544	799.6	28	0
1226.11	6693466	271677	6693466	26864263168	19658809344	807.4	28	0
1227.11	6693466	271677	6693466	26866024448	19660611584	799.6	28	0
1228.12	6693466	271677	6693466	26867953664	19662356480	807.8	28	0
1229.12	6693466	271677	6693466	26869444608	19664183296	799.7	28	0
1230.13	6693466	271677	6693466	26872111104	19666227200	800.0	28	0
1231.13	6693466	271677	6693466	26873864192	19668103168	807.3	28	0
1232.13	6693466	271677	6693466	26875215872	19669831680	799.7	28	0
1233.14	6693466	271677	6693466	26876801024	19671433216	807.5	28	0
1234.14	6693466	271677	6693466	26878435328	19673075712	799.6	28	0
1235.15	6693466	271677	6693466	26880684032	19674755072	799.7	28	0
1236.15	6693466	271677	6693466	26882228224	19676438528	807.4	28	0
1237.15	6693466	271677	6693466	26884468736	19678150656	799.5	28	0
1238.16	6693466	271677	6693466	26885775360	19679977472	807.5	28	0
1239.16	6693466	271677	6693466	26887204864	19681689600	799.5	28	0
1240.17	6693466	271677	6693466	26889240576	19683340288	799.7	28	0
1241.17	6693466	271677	6693466	26891423744	19685007360	807.4	28	0
1242.17	6693466	271677	6693466	26892918784	19686690816	799.9	28	0
1243.18	6693466	271677	6693466	26894688256	19688529920	807.6	28	0
1244.18	6693466	271677	6693466	26895740928	19690233856	799.5	28	0
1245.19	6693466	271677	6693466	26897592320	19691929600	799.7	28	0
1246.19	6693466	271677	6693466	26899533824	19693719552	807.6	28	0
1247.20	6693466	271677	6693466	26901102592	19695366144	799.5	28	0
1248.20	6693466	271677	6693466	26902769664	19697156096	807.6	28	0
1249.20	6693466	271677	6693466	26904285184	19698786304	799.8	28	0
1250.21	6693466	271677	6693466	26906402816	19700383744	807.6	28	0
1251.21	6693466	271677	6693466	26907865088	19702026240	799.8	28	0
1252.22	6693466	271677	6693466	26909528064	19703812096	799.6	28	0
1253.22	6693466	271677	6693466	26911010816	19705540608	807.5	28	0
1254.22	6693466	271677	6693466	26912882688	19707318272	799.7	28	0
1255.23	6693466	271990	6693466	26915102720	19708882944	813.5	28	0
1256.23	6693466	277192	6693466	26920992768	19708882944	907.2	28	0
1257.24	6693466	282396	6693466	26925920256	19708887040	906.3	28	0
1258.24	6693466	287564	6693466	26931281920	19708887040	915.4	28	0
1259.24	6693466	292781	6693466	26937077760	19708887040	907.3	28	0
1260.25	6693466	298010	6693466	26942021632	19708887040	916.3	28	0
1261.25	6693466	303273	6693466	26947833856	19708887040	906.5	28	0
1262.26	6693466	308540	6693466	26953019392	19708887040	906.7	28	0
1263.26	6693466	313755	6693466	26958913536	19708891136	916.3	28	0
1264.27	6693466	318955	6693466	26963767296	19708891136	907.4	28	0
1265.27	6693466	324175	6693466	26969415680	19708891136	915.2	28	0
1266.27	6693466	329377	6693466	26974777344	19708891136	906.8	28	0
1267.28	6693466	334613	6693466	26980147200	19708891136	917.1	28	0
1268.28	6693466	339845	6693466	26985021440	19708891136	907.7	28	0
1269.29	6693466	345087	6693466	26990968832	19708891136	907.6	28	0
1270.29	6693466	347719	6693466	26994016256	19708891136	863.0	28	0
1271.29	6693466	347719	6693466	26993586176	19708891136	800.2	28	0
1272.30	6693466	347719	6693466	26994139136	19708891136	807.0	28	0
1273.30	6693466	347719	6693466	26993889280	19708891136	799.3	28	0
1274.31	6693466	347719	6693466	26993029120	19708895232	799.7	28	0
1275.31	6693466	347719	6693466	26993545216	19708895232	807.6	28	0
1276.31	6693466	347719	6693466	26993467392	19708899328	799.4	28	0
1277.32	6693466	347719	6693466	26993737728	19708899328	807.9	28	0
1278.32	6693466	347719	6693466	26993487872	19708899328	799.8	28	0
1279.33	6693466	347719	6693466	26993471488	19708903424	799.6	28	0
1280.33	6693466	347719	6693466	26993422336	19708903424	807.5	28	0
1281.33	6693466	347719	6693466	26993496064	19708903424	799.7	28	0
1282.34	6693466	347719	6693466	26993328128	19708903424	807.7	28	0
1283.34	6693466	347719	6693466	26993156096	19708903424	799.9	28	0
1284.35	6693466	347719	6693466	26993242112	19708903424	799.7	28	0
1285.35	6693466	347719	6693466	26993623040	19708903424	807.5	28	0
1286.35	6693466	347719	6693466	26994159616	19708911616	799.7	28	0
1287.36	6693466	347719	6693466	26994188288	19708911616	807.7	28	0
1288.36	6693466	347719	6693466	26994098176	19708911616	799.7	28	0
1289.37	6693466	347719	6693466	26993647616	19708911616	799.9	28	0
1290.37	6693466	347719	6693466	26993307648	19708911616	807.5	28	0
1291.38	6693466	347719	6693466	26993418240	19708911616	799.8	28	0
1292.38	6693466	347719	6693466	26992594944	19708911616	807.5	28	0
1293.38	6693466	347719	6693466	26992902144	19708911616	799.7	28	0
1294.39	6693466	347719	6693466	26993266688	19708911616	807.9	28	0
1295.39	6693466	347719	6693466	26993532928	19708911616	799.6	28	0
1296.40	6693466	347719	6693466	26993602560	19708915712	799.9	28	0
1297.40	6693466	347719	6693466	26993065984	19708915712	807.7	28	0
1298.40	6693466	347719	6693466	26993573888	19708915712	800.0	28	0
1299.41	6693466	347719	6693466	26992812032	19708915712	807.4	28	0
1300.41	6693466	347719	6693466	26993307648	19708915712	799.6	28	0
1301.42	6693466	347719	6693466	26992852992	19708915712	800.3	28	0
1302.42	6693466	347719	6693466	26992553984	19708915712	807.2	28	0
1303.42	6693466	347719	6693466	26992861184	19708919808	799.6	28	0
1304.43	6693466	347719	6693466	26992820224	19708919808	807.5	28	0
1305.43	6693466	347719	6693466	26993258496	19708919808	799.5	28	0
1306.44	6693466	347719	6693466	26993500160	19708919808	799.7	28	0
1307.44	6693466	347719	6693466	26993016832	19708919808	807.4	28	0
1308.44	6693466	347719	6693466	26993102848	19708919808	799.7	28	0
1309.45	6693466	347719	6693466	26992668672	19708919808	807.7	28	0
1310.45	6693466	347719	6693466	26992836608	19708919808	799.4	28	0
1311.46	6693466	347719	6693466	26993299456	19708919808	799.5	28	0
1312.46	6693466	347719	6693466	26993016832	19708919808	807.6	28	0
1313.46	6693466	347719	6693466	26992730112	19708923904	799.6	28	0
1314.47	6693466	347719	6693466	26992414720	19708923904	807.6	28	0
1315.47	6693466	347719	6693466	26992783360	19708928000	799.5	28	0
1316.48	6693466	349726	6693466	26995195904	19708928000	849.3	28	0
1317.48	6693466	354895	6693466	27000610816	19708932096	906.9	28	0
1318.49	6693466	360049	6693466	27005911040	19708932096	906.8	28	0
1319.49	6693466	365217	6693466	27011260416	19708952576	915.2	28	0
1320.49	6693466	366943	6693466	27012775936	19708956672	836.3	28	0
1321.50	6693466	366943	6693466	27012648960	19708956672	807.5	28	0
1322.50	6693466	366943	6693466	27013021696	19708956672	799.4	28	0
1323.51	6693466	366943	6693466	27012689920	19708956672	799.6	28	0
1324.51	6693466	366943	6693466	27012845568	19708956672	807.5	28	0
1325.51	6693466	366943	6693466	27013103616	19708956672	799.5	28	0
1326.52	6693466	366943	6693466	27013115904	19708960768	807.5	28	0
1327.52	6693466	366943	6693466	27012636672	19708960768	799.6	28	0
1328.53	6693466	366943	6693466	27012571136	19708960768	799.7	28	0
1329.53	6693466	366943	6693466	27012317184	19708960768	807.8	28	0
1330.54	6693466	366943	6693466	27012538368	19708960768	799.7	28	0
1331.54	6693466	366943	6693466	27012489216	19708960768	807.6	28	0
1332.54	6693466	366943	6693466	27012497408	19708960768	799.7	28	0
1333.55	6693466	366943	6693466	27012395008	19708960768	807.6	28	0
1334.55	6693466	366943	6693466	27012259840	19708960768	799.8	28	0
1335.56	6693466	366943	6693466	27012784128	19708960768	799.5	28	0
1336.56	6693466	366943	6693466	27012804608	19708960768	807.6	28	0
1337.56	6693466	366943	6693466	27012419584	19708960768	799.6	28	0
1338.57	6693466	366943	6693466	27012116480	19708960768	807.8	28	0
1339.57	6693466	366943	6693466	27012796416	19708960768	799.6	28	0
1340.58	6693466	366943	6693466	27012591616	19708960768	799.7	28	0
1341.58	6693466	366943	6693466	27012231168	19708960768	807.6	28	0
1342.59	6693466	366943	6693466	27012079616	19708960768	799.8	28	0
1343.59	6693466	366943	6693466	27012063232	19708960768	807.5	28	0
1344.59	6693466	366943	6693466	27012083712	19708960768	799.7	28	0
1345.60	6693466	366943	6693466	27012239360	19708960768	807.4	28	0
1346.60	6693466	366943	6693466	27012521984	19708960768	799.6	28	0
1347.61	6693466	366943	6693466	27012100096	19708960768	799.7	28	0
1348.61	6693466	366943	6693466	27012014080	19708960768	807.6	28	0
1349.61	6693466	366943	6693466	27012243456	19708960768	799.4	28	0
1350.62	6693466	366943	6693466	27012108288	19708960768	807.6	28	0
1351.62	6693466	366943	6693466	27012509696	19708964864	799.7	28	0
1352.63	6693466	366943	6693466	27012149248	19708964864	799.6	28	0
1353.63	6693466	366943	6693466	27012624384	19708964864	807.8	28	0
1354.63	6693466	366943	6693466	27012726784	19708964864	799.9	28	0
1355.64	6693466	366943	6693466	27012317184	19708964864	807.8	28	0
1356.64	6693466	366943	6693466	27012595712	19708964864	799.5	28	0
1357.65	6693466	366943	6693466	27012464640	19708964864	807.7	28	0
1358.65	6693466	366943	6693466	27012190208	19708964864	799.9	28	0
1359.66	6693466	366943	6693466	27011784704	19708964864	799.2	28	0
1360.66	6693466	366943	6693466	27012059136	19708964864	807.6	28	0
1361.66	6693466	366943	6693466	27012386816	19708964864	799.9	28	0
1362.67	6693466	366943	6693466	27012268032	19708964864	807.6	28	0
1363.67	6693466	366943	6693466	27012173824	19708964864	800.0	28	0
1364.68	6693466	366943	6693466	27012136960	19708964864	799.6	28	0
1365.68	6693466	366943	6693466	27011751936	19708964864	807.8	28	0
1366.69	6693466	366943	6693466	27012042752	19708964864	799.8	28	0
1367.69	6693466	366943	6693466	27011903488	19708964864	807.8	28	0
1368.69	6693466	366943	6693466	27012026368	19708964864	799.5	28	0
1369.70	6693466	366943	6693466	27012341760	19708973056	807.6	28	0
1370.70	6693466	366943	6693466	27012268032	19708977152	799.6	28	0
1371.71	6693466	366943	6693466	27011813376	19708977152	799.8	28	0
1372.71	6693466	366943	6693466	27011825664	19708977152	807.8	28	0
1373.71	6693466	366943	6693466	27012276224	19708977152	799.6	28	0
1374.72	6693466	366943	6693466	27012349952	19708977152	807.9	28	0
1375.72	6693466	366943	6693466	27012620288	19708977152	799.6	28	0
1376.73	6693466	366943	6693466	27012231168	19708977152	799.9	28	0
1377.73	6693466	366943	6693466	27011985408	19708977152	807.6	28	0
1378.73	6693466	366943	6693466	27012493312	19708977152	799.7	28	0
1379.74	6693466	366943	6693466	27012161536	19708977152	807.7	28	0
1380.74	6693466	366943	6693466	27012370432	19708981248	799.7	28	0
1381.75	6693466	366943	6693466	27012141056	19708981248	799.8	28	0
1382.75	6693466	366943	6693466	27011768320	19708981248	807.4	28	0
1383.76	6693466	366943	6693466	27011751936	19708981248	799.7	28	0
1384.76	6693466	366943	6693466	27011846144	19708993536	807.8	28	0
1385.76	6693466	366943	6693466	27012247552	19709001728	799.8	28	0
1386.77	6693466	366943	6693466	27012235264	19709001728	807.8	28	0
1387.77	6693466	366943	6693466	27011907584	19709001728	799.8	28	0
1388.78	6693466	366943	6693466	27011944448	19709001728	799.7	28	0
1389.78	6693466	366943	6693466	27011686400	19709079552	807.6	28	0
1390.78	6693466	366943	6693466	27012120576	19709165568	799.5	28	0
1391.79	6693466	366943	6693466	27012407296	19709165568	807.5	28	0
1392.79	6693466	366943	6693466	27012194304	19709165568	799.8	28	0
1393.80	6693466	366943	6693466	27011923968	19709165568	799.7	28	0
1394.80	6693466	366943	6693466	27012141056	19709169664	807.9	28	0
1395.80	6693466	366943	6693466	27012247552	19709169664	799.4	28	0
1396.81	6693466	366943	6693466	27012579328	19709169664	807.8	28	0
1397.81	6693466	366943	6693466	27012681728	19709181952	799.8	28	0
1398.82	6693466	366943	6693466	27012923392	19709181952	799.8	28	0
1399.82	6693466	366943	6693466	27012665344	19709181952	807.6	28	0
1400.82	6693466	366943	6693466	27012931584	19709181952	799.5	28	0
1401.83	6693466	366943	6693466	27012882432	19709181952	807.8	28	0
1402.83	6693466	366943	6693466	27012186112	19709181952	799.5	28	0
1403.84	6693466	366943	6693466	27012304896	19709181952	799.8	28	0
1404.84	6693466	366943	6693466	27012214784	19709181952	807.7	28	0
1405.84	6693466	366943	6693466	27012747264	19709181952	799.6	28	0
1406.85	6693466	366943	6693466	27012521984	19709181952	807.5	28	0
1407.85	6693466	366943	6693466	27012153344	19709181952	799.8	28	0
1408.86	6693466	366943	6693466	27012657152	19709186048	799.8	28	0
1409.86	6693466	366943	6693466	27012386816	19709186048	807.8	28	0
1410.86	6693466	366943	6693466	27012407296	19709186048	799.8	28	0
1411.87	6693466	366943	6693466	27012386816	19709186048	807.8	28	0
1412.87	6693466	366943	6693466	27012243456	19709186048	799.8	28	0
1413.88	6693466	366943	6693466	27012440064	19709186048	799.8	28	0
1414.88	6693466	366943	6693466	27012702208	19709186048	807.9	28	0
1415.88	6693466	366943	6693466	27013103616	19709186048	799.8	28	0
1416.89	6693466	366943	6693466	27012833280	19709186048	807.5	28	0
1417.89	6693466	366943	6693466	27012112384	19709186048	799.8	28	0
1418.90	6693466	366943	6693466	27011977216	19709186048	799.7	28	0
1419.90	6693466	366943	6693466	27012435968	19709186048	807.7	28	0
1420.91	6693466	366943	6693466	27012403200	19709186048	800.2	28	0
1421.91	6693466	366943	6693466	27012661248	19709186048	807.2	28	0
1422.91	6693466	366943	6693466	27012395008	19709186048	799.5	28	0
1423.92	6693466	366943	6693466	27012259840	19709186048	807.5	28	0
1424.92	6693466	366943	6693466	27012243456	19709186048	799.8	28	0
1425.93	6693466	366943	6693466	27012399104	19709186048	799.8	28	0
1426.93	6693466	366943	6693466	27012493312	19709186048	807.3	28	0
1427.93	6693466	366943	6693466	27012460544	19709186048	799.6	28	0
1428.94	6693466	366943	6693466	27012399104	19709186048	807.7	28	0
1429.94	6693466	366943	6693466	27012829184	19709186048	799.6	28	0
1430.95	6693466	366943	6693466	27012653056	19709186048	800.6	28	0
1431.95	6693466	366943	6693466	27012911104	19709186048	806.7	28	0
1432.96	6693466	366943	6693466	27012296704	19709186048	799.6	28	0
1433.96	6693466	366943	6693466	27012259840	19709186048	807.6	28	0
1434.96	6693466	366943	6693466	27011981312	19709186048	799.5	28	0
1435.97	6693466	366943	6693466	27012632576	19709186048	807.6	28	0
1436.97	6693466	366943	6693466	27012431872	19709186048	799.7	28	0
1437.98	6693466	366943	6693466	27011956736	19709186048	799.7	28	0
1438.98	6693466	366943	6693466	27012268032	19709186048	807.7	28	0
1439.98	6693466	366943	6693466	27012055040	19709186048	799.7	28	0
1440.99	6693466	366943	6693466	27012272128	19709210624	807.6	28	0
1441.99	6693466	366943	6693466	27012231168	19709210624	799.8	28	0
1443.00	6693466	366943	6693466	27012079616	19709210624	799.9	28	0
1444.00	6693466	366943	6693466	27012268032	19709210624	807.6	28	0
1445.00	6693466	366943	6693466	27012440064	19709210624	799.7	28	0
1446.01	6693466	366943	6693466	27012308992	19709210624	807.6	28	0
1447.01	6693466	366943	6693466	27012284416	19709210624	799.9	28	0
1448.02	6693466	366943	6693466	27012317184	19709210624	799.7	28	0
1449.02	6693466	366943	6693466	27012206592	19709210624	807.5	28	0
1450.02	6693466	366943	6693466	27012472832	19709210624	799.6	28	0
1451.03	6693466	366943	6693466	27012616192	19709210624	807.6	28	0
1452.03	6693466	366943	6693466	27013124096	19709214720	799.5	28	0
1453.04	6693466	366943	6693466	27012583424	19709214720	799.5	28	0
1454.04	6693466	366943	6693466	27012366336	19709214720	807.6	28	0
1455.05	6693466	366943	6693466	27012927488	19709222912	799.6	28	0
1456.05	6693466	366943	6693466	27013459968	19709222912	807.6	28	0
1457.05	6693466	366943	6693466	27013210112	19709222912	799.6	28	0
1458.06	6693466	366943	6693466	27012718592	19709222912	807.7	28	0
1459.06	6693466	366943	6693466	27012685824	19709222912	799.5	28	0
1460.07	6693466	366943	6693466	27012907008	19709222912	799.7	28	0
1461.07	6693466	366943	6693466	27012845568	19709222912	807.5	28	0
1462.07	6693466	366943	6693466	27013111808	19709227008	799.7	28	0
1463.08	6693466	366943	6693466	27012669440	19709227008	807.7	28	0
1464.08	6693466	366943	6693466	27012272128	19709227008	799.6	28	0
1465.09	6693466	366943	6693466	27012526080	19709227008	799.3	28	0
1466.09	6693466	366943	6693466	27012771840	19709227008	807.4	28	0
1467.09	6693466	366943	6693466	27012767744	19709227008	799.7	28	0
1468.10	6693466	366943	6693466	27012493312	19709227008	807.4	28	0
1469.10	6693466	366943	6693466	27012427776	19709227008	799.5	28	0
1470.11	6693466	366943	6693466	27012198400	19709227008	799.5	28	0
1471.11	6693466	366943	6693466	27012227072	19709227008	807.3	28	0
1472.11	6693466	366943	6693466	27012485120	19709227008	799.6	28	0
1473.12	6693466	366943	6693466	27012460544	19709333504	807.3	28	0
1474.12	6693466	366943	6693466	27012640768	19709333504	799.6	28	0
1475.13	6693466	366943	6693466	27012960256	19709333504	807.6	28	0
1476.13	6693466	366943	6693466	27012698112	19709333504	799.5	28	0
1477.14	6693466	366943	6693466	27013304320	19709333504	799.6	28	0
1478.14	6693466	366943	6693466	27013005312	19709333504	807.6	28	0
1479.14	6693466	366943	6693466	27012497408	19709333504	799.6	28	0
1480.15	6693466	366943	6693466	27012812800	19709333504	807.3	28	0
1481.15	6693466	366943	6693466	27012829184	19709333504	799.6	28	0
1482.16	6693466	366943	6693466	27013042176	19709333504	799.6	28	0
1483.16	6693466	366943	6693466	27012755456	19709333504	807.9	28	0
1484.16	6693466	366943	6693466	27012886528	19709333504	799.7	28	0
1485.17	6693466	366943	6693466	27012907008	19709333504	807.8	28	0
1486.17	6693466	366943	6693466	27013025792	19709333504	799.8	28	0
1487.18	6693466	366943	6693466	27013025792	19709333504	799.8	28	0
1488.18	6693466	366943	6693466	27012120576	19709333504	807.8	28	0
1489.18	6693466	366943	6693466	27012198400	19709333504	800.0	28	0
1490.19	6693466	366943	6693466	27012755456	19709333504	807.8	28	0
1491.19	6693466	366943	6693466	27012505600	19709333504	799.8	28	0
1492.20	6693466	366943	6693466	27013038080	19709333504	807.8	28	0
1493.20	6693466	366943	6693466	27012354048	19709333504	799.5	28	0
1494.21	6693466	366943	6693466	27012337664	19709333504	800.5	28	0
1495.21	6693466	366943	6693466	27012235264	19709333504	806.8	28	0
1496.21	6693466	366943	6693466	27012284416	19709333504	799.7	28	0
1497.22	6693466	366943	6693466	27012558848	19709333504	807.9	28	0
1498.22	6693466	366943	6693466	27012108288	19709337600	799.8	28	0
1499.23	6693466	366943	6693466	27012096000	19709337600	799.8	28	0
1500.23	6693466	366943	6693466	27012263936	19709337600	807.5	28	0
1501.23	6693466	366943	6693466	27012542464	19709337600	799.7	28	0
1502.24	6693466	366943	6693466	27012550656	19709337600	807.7	28	0
1503.24	6693466	366943	6693466	27012427776	19709337600	799.5	28	0
1504.25	6693466	366943	6693466	27012407296	19709337600	799.6	28	0
1505.25	6693466	366943	6693466	27012317184	19709337600	807.8	28	0
1506.25	6693466	366943	6693466	27012595712	19709337600	799.5	28	0
1507.26	6693466	366943	6693466	27012845568	19709345792	807.5	28	0
1508.26	6693466	366943	6693466	27012472832	19709345792	799.7	28	0
1509.27	6693466	366943	6693466	27012489216	19709349888	799.7	28	0
1510.27	6693466	366943	6693466	27012435968	19709353984	807.4	28	0
1511.28	6693466	366943	6693466	27012476928	19709358080	799.6	28	0
1512.28	6693466	366943	6693466	27012698112	19709358080	807.6	28	0
1513.28	6693466	366943	6693466	27012489216	19709358080	799.8	28	0
1514.29	6693466	366943	6693466	27012423680	19709358080	807.6	28	0
1515.29	6693466	366943	6693466	27012419584	19709358080	799.7	28	0
1516.30	6693466	366943	6693466	27012804608	19709358080	799.6	28	0
1517.30	6693466	366943	6693466	27012124672	19709427712	807.6	28	0
1518.30	6693466	366943	6693466	27011940352	19709427712	800.2	28	0
1519.31	6693466	366943	6693466	27011932160	19709427712	808.1	28	0
1520.31	6693466	366943	6693466	27011944448	19709427712	799.4	28	0
1521.32	6693466	366943	6693466	27011682304	19709427712	807.9	28	0
1522.32	6693466	366943	6693466	27012542464	19709435904	799.7	28	0
1523.33	6693466	366943	6693466	27012190208	19709435904	799.7	28	0
1524.33	6693466	366943	6693466	27309891584	20006752256	808.4	28	0
1525.33	6693466	366943	6693466	27013955584	19711225856	798.8	28	0
1526.34	6693466	366943	6693466	27017388032	19713941504	808.0	28	0
1527.34	6693466	366943	6693466	27020115968	19716464640	799.8	28	0
1528.35	6693466	366943	6693466	27022495744	19718905856	799.7	28	0
1529.35	6693466	366943	6693466	27024773120	19721211904	807.5	28	0
1530.36	6693466	366943	6693466	27027341312	19723526144	799.5	28	0
1531.36	6693466	366943	6693466	27029725184	19726188544	807.5	28	0
1532.36	6693466	366943	6693466	27032076288	19728670720	800.1	28	0
1533.37	6693466	366943	6693466	27034243072	19730845696	806.9	28	0
1534.37	6693466	366943	6693466	27037020160	19733549056	799.7	28	0
1535.38	6693466	366943	6693466	27040436224	19735924736	799.4	28	0
1536.38	6693466	366943	6693466	27042615296	19738259456	807.5	28	0
1537.38	6693466	366943	6693466	27044745216	19741134848	800.2	28	0
1538.39	6693466	366943	6693466	27047579648	19743375360	806.9	28	0
1539.39	6693466	366943	6693466	27050037248	19745837056	799.5	28	0
1540.40	6693466	366943	6693466	27052666880	19748098048	799.5	28	0
1541.40	6693466	366943	6693466	27054776320	19750715392	807.5	28	0
1542.40	6693466	366943	6693466	27056930816	19753279488	799.6	28	0
1543.41	6693466	366943	6693466	27059789824	19756027904	807.7	28	0
1544.41	6693466	366943	6693466	27062857728	19758759936	799.7	28	0
1545.42	6693466	366943	6693466	27065409536	19761238016	799.4	28	0
1546.42	6693466	366943	6693466	27067973632	19763683328	807.4	28	0
1547.42	6693466	366943	6693466	27070640128	19766599680	799.9	28	0
1548.43	6693466	366943	6693466	27073191936	19769094144	807.5	28	0
1549.43	6693466	366943	6693466	27075792896	19771613184	799.7	28	0
1550.44	6693466	366943	6693466	27078410240	19774091264	799.6	28	0
1551.44	6693466	366943	6693466	27080744960	19776819200	807.6	28	0
1552.45	6693466	366943	6693466	27083157504	19779235840	799.5	28	0
1553.45	6693466	366943	6693466	27085565952	19781713920	807.5	28	0
1554.45	6693466	366943	6693466	27088617472	19784478720	799.8	28	0
1555.46	6693466	366943	6693466	27090984960	19786805248	807.5	28	0
1556.46	6693466	366943	6693466	27093741568	19789647872	799.7	28	0
1557.47	6693466	366943	6693466	27096801280	19792732160	799.9	28	0
1558.47	6693466	366943	6693466	27100090368	19795689472	807.7	28	0
1559.47	6693466	366943	6693466	27101487104	19798110208	799.6	28	0
1560.48	6693466	366943	6693466	27104882688	19800694784	807.6	28	0
1561.48	6693466	366943	6693466	27107778560	19803426816	799.7	28	0
1562.49	6693466	366943	6693466	27109920768	19805904896	799.6	28	0
1563.49	6693466	366943	6693466	27111886848	19808546816	807.7	28	0
1564.49	6693466	371335	6693466	27119792128	19810983936	888.8	28	0
1565.50	6693466	376510	6693466	27128307712	19813937152	913.8	28	0
1566.50	6693466	381690	6693466	27136262144	19816636416	905.2	28	0
1567.51	6693466	386869	6693466	27143921664	19819167744	905.6	28	0
1568.51	6693466	392052	6693466	27152072704	19821977600	914.6	28	0
1569.51	6693466	397218	6693466	27160186880	19824553984	906.2	28	0
1570.52	6693466	402401	6693466	27168403456	19827396608	915.5	28	0
1571.52	6693466	407549	6693466	27176185856	19830165504	906.7	28	0
1572.53	6693466	412722	6693466	27184054272	19832946688	905.9	28	0
1573.53	6693466	417758	6693466	27192639488	19835772928	914.7	28	0
1574.54	6693466	422583	6693466	27200356352	19838492672	905.6	28	0
1575.54	6693466	427754	6693466	27207688192	19841204224	914.3	28	0
1576.54	6693466	432901	6693466	27216134144	19844034560	905.1	28	0
1577.55	6693466	438073	6693466	27224715264	19846844416	914.2	28	0
1578.55	6693466	442651	6693466	27231875072	19849453568	894.8	28	0
1579.56	6693466	442651	6693466	27234373632	19852136448	799.5	28	0
1580.56	6693466	442651	6693466	27237527552	19855085568	807.9	28	0
1581.56	6693466	442651	6693466	27240071168	19857518592	799.5	28	0
1582.57	6693466	442651	6693466	27242496000	19859906560	807.5	28	0
1583.57	6693466	442651	6693466	27244658688	19862700032	799.7	28	0
1584.58	6693466	442651	6693466	27247255552	19865214976	799.7	28	0
1585.58	6693466	442651	6693466	27250147328	19867881472	807.7	28	0
1586.58	6693466	442651	6693466	27252948992	19870408704	800.3	28	0
1587.59	6693466	442651	6693466	27254566912	19872804864	807.1	28	0
1588.59	6693466	442651	6693466	27257470976	19875463168	799.5	28	0
1589.60	6693466	442651	6693466	27259449344	19877789696	807.6	28	0
1590.60	6693466	442651	6693466	27262263296	19880042496	799.2	28	0
1591.61	6693466	442651	6693466	27264077824	19882557440	800.1	28	0
1592.61	6693466	442651	6693466	27267162112	19885334528	807.2	28	0
1593.61	6693466	442651	6693466	27270307840	19888173056	799.7	28	0
1594.62	6693466	442651	6693466	27273474048	19890966528	807.6	28	0
1595.62	6693466	442651	6693466	27276091392	19893301248	799.5	28	0
1596.63	6693466	442651	6693466	27278929920	19896233984	800.0	28	0
1597.63	6693466	442651	6693466	27280265216	19898933248	807.4	28	0
1598.63	6693466	442651	6693466	27283152896	19901988864	799.7	28	0
1599.64	6693466	442651	6693466	27286269952	19904811008	807.8	28	0
1600.64	6693466	442651	6693466	27289341952	19907751936	799.7	28	0
1601.65	6693466	442651	6693466	27292680192	19910668288	799.7	28	0
1602.65	6693466	442651	6693466	27295711232	19913482240	807.6	28	0
1603.65	6693466	442651	6693466	27298332672	19915919360	799.9	28	0
1604.66	6693466	442651	6693466	27301584896	19918794752	807.3	28	0
1605.66	6693466	442651	6693466	27304329216	19921567744	800.1	28	0
1606.67	6693466	442651	6693466	27306684416	19923955712	807.0	28	0
1607.67	6693466	442651	6693466	27309461504	19926765568	799.7	28	0
1608.68	6693466	442651	6693466	27311833088	19929415680	799.7	28	0
1609.68	6693466	442651	6693466	27315007488	19932004352	807.6	28	0
1610.68	6693466	442651	6693466	27317915648	19934736384	799.5	28	0
1611.69	6693466	442651	6693466	27319328768	19937243136	807.6	28	0
1612.69	6693466	442651	6693466	27322314752	19939590144	799.4	28	0
1613.70	6693466	442651	6693466	27324313600	19942117376	799.5	28	0
1614.70	6693466	442651	6693466	27325816832	19944714240	807.5	28	0
1615.70	6693466	442651	6693466	27329273856	19947237376	800.3	28	0
1616.71	6693466	442651	6693466	27332182016	19949973504	806.9	28	0
1617.71	6693466	442651	6693466	27334877184	19952660480	799.7	28	0
1618.72	6693466	442651	6693466	27337646080	19955200000	799.5	28	0
1619.72	6693466	442651	6693466	27339935744	19957989376	807.6	28	0
1620.73	6693466	442651	6693466	27342323712	19960668160	799.5	28	0
1621.73	6693466	442651	6693466	27345260544	19963453440	807.7	28	0
1622.73	6693466	442651	6693466	27348459520	19966132224	799.5	28	0
1623.74	6693466	442651	6693466	27351592960	19968827392	807.7	28	0
1624.74	6693466	442651	6693466	27353702400	19971747840	799.7	28	0
1625.75	6693466	446617	6693466	27361542144	19974201344	880.3	28	0
1626.75	6693466	451764	6693466	27369594880	19976904704	914.4	28	0
1627.75	6693466	456914	6693466	27377070080	19979366400	905.3	28	0
1628.76	6693466	461805	6693466	27384057856	19981709312	908.9	28	0
1629.76	6693466	461805	6693466	27386023936	19984265216	799.7	28	0
1630.77	6693466	461805	6693466	27388727296	19986903040	799.5	28	0
1631.77	6693466	461805	6693466	27391008768	19989471232	807.9	28	0
1632.77	6693466	461805	6693466	27393421312	19991941120	799.3	28	0
1633.78	6693466	461805	6693466	27395825664	19994480640	807.5	28	0
1634.78	6693466	461805	6693466	27399045120	19997024256	799.6	28	0
1635.79	6693466	461805	6693466	27401871360	19999899648	799.8	28	0
1636.79	6693466	461805	6693466	27404734464	20002299904	807.6	28	0
1637.80	6693466	461805	6693466	27407187968	20004777984	799.6	28	0
1638.80	6693466	461805	6693466	27410063360	20007219200	807.4	28	0
1639.80	6693466	461805	6693466	27412131840	20009779200	800.4	28	0
1640.81	6693466	461805	6693466	27415011328	20012085248	806.7	28	0
1641.81	6693466	461805	6693466	27417886720	20014964736	799.7	28	0
1642.82	6693466	461805	6693466	27419201536	20017426432	799.6	28	0
1643.82	6693466	461805	6693466	27422203904	20020240384	807.7	28	0
1644.82	6693466	461805	6693466	27424428032	20022501376	799.4	28	0
1645.83	6693466	461805	6693466	27426807808	20024852480	807.3	28	0
1646.83	6693466	461805	6693466	27429707776	20027613184	799.5	28	0
1647.84	6693466	461805	6693466	27431788544	20029980672	799.6	28	0
1648.84	6693466	461805	6693466	27433635840	20032118784	807.5	28	0
1649.84	6693466	461805	6693466	27435925504	20034379776	799.5	28	0
1650.85	6693466	461805	6693466	27438223360	20036734976	807.4	28	0
1651.85	6693466	461805	6693466	27441090560	20039344128	799.7	28	0
1652.86	6693466	461805	6693466	27444436992	20041965568	807.7	28	0
1653.86	6693466	461805	6693466	27446824960	20044734464	799.8	28	0
1654.87	6693466	461805	6693466	27449790464	20047380480	800.0	28	0
1655.87	6693466	461805	6693466	27452276736	20049891328	807.0	28	0
1656.87	6693466	461805	6693466	27455963136	20052877312	799.8	28	0
1657.88	6693466	461805	6693466	27457908736	20055429120	807.7	28	0
1658.88	6693466	461805	6693466	27460190208	20058083328	799.8	28	0
1659.89	6693466	461805	6693466	27462828032	20060520448	799.8	28	0
1660.89	6693466	461805	6693466	27465211904	20063010816	807.6	28	0
1661.89	6693466	461805	6693466	27468128256	20065603584	799.6	28	0
1662.90	6693466	461805	6693466	27470270464	20068196352	807.5	28	0
1663.90	6693466	461805	6693466	27473289216	20071022592	799.7	28	0
1664.91	6693466	461805	6693466	27476004864	20073656320	807.6	28	0
1665.91	6693466	461805	6693466	27479171072	20076527616	799.6	28	0
1666.92	6693466	461805	6693466	27482255360	20079640576	799.9	28	0
1667.92	6693466	461805	6693466	27485196288	20082380800	807.5	28	0
1668.92	6693466	461805	6693466	27488292864	20085370880	799.7	28	0
1669.93	6693466	461805	6693466	27491041280	20088594432	807.9	28	0
1670.93	6693466	461805	6693466	27493822464	20091072512	799.5	28	0
1671.94	6693466	461805	6693466	27496599552	20093911040	799.8	28	0
1672.94	6693466	461805	6693466	27499409408	20096897024	807.7	28	0
1673.94	6693466	461805	6693466	27501813760	20099768320	799.7	28	0
1674.95	6693466	461805	6693466	27504963584	20102799360	807.8	28	0
1675.95	6693466	461805	6693466	27508461568	20105682944	799.8	28	0
1676.96	6693466	461805	6693466	27511189504	20108427264	800.4	28	0
1677.96	6693466	461805	6693466	27513540608	20111060992	806.7	28	0
1678.96	6693466	461805	6693466	27516313600	20113719296	800.0	28	0
1679.97	6693466	461805	6693466	27517870080	20115959808	807.2	28	0
1680.97	6693466	461805	6693466	27521830912	20118863872	799.8	28	0
1681.98	6693466	461805	6693466	27524001792	20121534464	799.4	28	0
1682.98	6693466	461805	6693466	27526836224	20124135424	807.6	28	0
1683.99	6693466	461805	6693466	27529494528	20126691328	799.6	28	0
1684.99	6693466	461805	6693466	27532070912	20129325056	807.6	28	0
1685.99	6693466	461805	6693466	27535024128	20131983360	799.6	28	0
1687.00	6693466	461805	6693466	27537543168	20134821888	807.8	28	0
1688.00	6693466	461805	6693466	27539587072	20137328640	799.4	28	0
1689.01	6693466	461805	6693466	27542061056	20139958272	799.7	28	0
1690.01	6693466	461805	6693466	27544981504	20142563328	807.5	28	0
1691.01	6693466	461805	6693466	27547787264	20145065984	799.6	28	0
1692.02	6693466	461805	6693466	27550195712	20147736576	807.7	28	0
1693.02	6693466	461805	6693466	27552116736	20150120448	799.3	28	0
1694.03	6693466	461805	6693466	27554373632	20152598528	799.5	28	0
1695.03	6693466	461805	6693466	27557605376	20155260928	807.6	28	0
1696.03	6693466	461805	6693466	27560058880	20157829120	799.7	28	0
1697.04	6693466	461805	6693466	27563237376	20160565248	807.5	28	0
1698.04	6693466	461805	6693466	27565150208	20163256320	799.6	28	0
1699.05	6693466	461805	6693466	27568496640	20166139904	799.8	28	0
1700.05	6693466	461805	6693466	27571343360	20168908800	807.5	28	0
1701.06	6693466	461805	6693466	27574484992	20171620352	799.7	28	0
1702.06	6693466	461805	6693466	27577569280	20174307328	807.6	28	0
1703.06	6693466	461805	6693466	27579068416	20176568320	799.4	28	0
1704.07	6693466	461805	6693466	27581370368	20179415040	807.7	28	0
1705.07	6693466	461805	6693466	27584536576	20182413312	799.8	28	0
1706.08	6693466	461805	6693466	27588079616	20185235456	800.1	28	0
1707.08	6693466	461805	6693466	27590086656	20188147712	807.1	28	0
1708.08	6693466	461805	6693466	27592982528	20190826496	799.5	28	0
1709.09	6693466	461805	6693466	27596079104	20193509376	807.4	28	0
1710.09	6693466	461805	6693466	27598200832	20195983360	799.2	28	0
1711.10	6693466	461805	6693466	27601350656	20198752256	799.7	28	0
1712.10	6693466	461805	6693466	27603890176	20201316352	807.2	28	0
1713.10	6693466	461805	6693466	27606904832	20204077056	799.3	28	0
1714.11	6693466	461805	6693466	27609075712	20206485504	807.0	28	0
1715.11	6693466	461805	6693466	27611643904	20209299456	799.2	28	0
1716.12	6693466	461805	6693466	27614789632	20211855360	807.4	28	0
1717.12	6693466	461805	6693466	27616886784	20214595584	799.4	28	0
1718.13	6693466	461805	6693466	27619815424	20217085952	799.5	28	0
1719.13	6693466	461805	6693466	27622125568	20219285504	807.2	28	0
1720.13	6693466	461805	6693466	27624177664	20221882368	799.7	28	0
1721.14	6693466	461805	6693466	27626827776	20224016384	807.1	28	0
1722.14	6693466	461805	6693466	27629953024	20226904064	799.4	28	0
1723.15	6693466	461805	6693466	27632070656	20229476352	799.5	28	0
1724.15	6693466	461805	6693466	27635027968	20232404992	807.5	28	0
1725.15	6693466	461805	6693466	27638018048	20235382784	799.8	28	0
1726.16	6693466	461805	6693466	27640913920	20238012416	807.5	28	0
1727.16	6693466	461805	6693466	27642912768	20240510976	799.5	28	0
1728.17	6693466	461805	6693466	27645210624	20243025920	799.5	28	0
1729.17	6693466	461805	6693466	27648659456	20245872640	807.6	28	0
1730.17	6693466	461805	6693466	27650940928	20248514560	799.8	28	0
1731.18	6693466	461805	6693466	27653558272	20251066368	807.4	28	0
1732.18	6693466	461805	6693466	27656011776	20253704192	799.5	28	0
1733.19	6693466	461805	6693466	27657875456	20255891456	799.3	28	0
1734.19	6693466	461805	6693466	27661176832	20258885632	807.8	28	0
1735.20	6693466	461805	6693466	27664515072	20261539840	799.7	28	0
1736.20	6693466	461805	6693466	27667136512	20263702528	807.3	28	0
1737.20	6693466	461805	6693466	27669843968	20266295296	799.6	28	0
1738.21	6693466	461805	6693466	27671752704	20269113344	807.7	28	0
1739.21	6693466	461805	6693466	27674238976	20271845376	799.7	28	0
1740.22	6693466	461805	6693466	27676426240	20274294784	799.6	28	0
1741.22	6693466	461805	6693466	27679166464	20276887552	807.3	28	0
1742.22	6693466	461805	6693466	27682291712	20279578624	799.6	28	0
1743.23	6693466	461805	6693466	27684286464	20282077184	807.7	28	0
1744.23	6693466	461805	6693466	27687526400	20285132800	799.8	28	0
1745.24	6693466	461805	6693466	27689799680	20287680512	799.9	28	0
1746.24	6693466	461805	6693466	27693133824	20290105344	807.4	28	0
1747.24	6693466	461805	6693466	27695153152	20292526080	799.5	28	0
1748.25	6693466	461805	6693466	27697356800	20295155712	807.5	28	0
1749.25	6693466	461805	6693466	27700158464	20297977856	799.5	28	0
1750.26	6693466	461805	6693466	27702652928	20300783616	799.6	28	0
1751.26	6693466	461805	6693466	27705212928	20303556608	807.5	28	0
1752.27	6693466	461805	6693466	27708600320	20306059264	799.6	28	0
1753.27	6693466	461805	6693466	27711422464	20308885504	807.4	28	0
1754.27	6693466	461805	6693466	27713277952	20311425024	799.4	28	0
1755.28	6693466	461805	6693466	27717107712	20314361856	807.7	28	0
1756.28	6693466	461805	6693466	27719176192	20316831744	799.5	28	0
1757.29	6693466	461805	6693466	27721801728	20319600640	799.7	28	0
1758.29	6693466	461805	6693466	27724890112	20322541568	807.5	28	0
1759.29	6693466	461805	6693466	27727974400	20325195776	799.7	28	0
1760.30	6693466	461805	6693466	27730071552	20327882752	807.5	28	0
1761.30	6693466	461805	6693466	27733213184	20330483712	799.6	28	0
1762.31	6693466	461805	6693466	27736068096	20333191168	799.7	28	0
1763.31	6693466	461805	6693466	27739009024	20336017408	807.6	28	0
1764.32	6693466	461805	6693466	27741097984	20338778112	799.7	28	0
1765.32	6693466	461805	6693466	27744268288	20341604352	807.6	28	0
1766.32	6693466	461805	6693466	27747409920	20344569856	799.9	28	0
1767.33	6693466	461805	6693466	27750211584	20347338752	807.6	28	0
1768.33	6693466	461805	6693466	27752386560	20350054400	799.5	28	0
1769.34	6693466	461805	6693466	27755073536	20352692224	799.5	28	0
1770.34	6693466	461805	6693466	27758170112	20355436544	807.6	28	0
1771.34	6693466	461805	6693466	27761422336	20358230016	799.3	28	0
1772.35	6693466	461805	6693466	27764224000	20361150464	807.6	28	0
1773.35	6693466	461805	6693466	27766673408	20364189696	799.8	28	0
1774.36	6693466	461805	6693466	27770023936	20366979072	799.7	28	0
1775.36	6693466	461805	6693466	27772522496	20370006016	807.8	28	0
1776.36	6693466	461805	6693466	27775156224	20372500480	799.6	28	0
1777.37	6693466	461805	6693466	27778093056	20375363584	807.8	28	0
1778.37	6693466	461805	6693466	27779932160	20377649152	799.5	28	0
1779.38	6693466	461805	6693466	27781988352	20380200960	799.6	28	0
1780.38	6693466	461805	6693466	27784683520	20382859264	807.3	28	0
1781.39	6693466	461805	6693466	27787837440	20385173504	799.2	28	0
1782.39	6693466	461805	6693466	27790716928	20387913728	807.7	28	0
1783.39	6693466	461805	6693466	27793379328	20390608896	799.7	28	0
1784.40	6693466	461805	6693466	27795066880	20392980480	807.7	28	0
1785.40	6693466	461805	6693466	27797344256	20395282432	799.6	28	0
1786.41	6693466	461805	6693466	27801018368	20398120960	800.1	28	0
1787.41	6693466	461805	6693466	27802832896	20400566272	807.1	28	0
1788.41	6693466	461805	6693466	27806261248	20403429376	799.7	28	0
1789.42	6693466	461805	6693466	27808403456	20406009856	807.5	28	0
1790.42	6693466	461805	6693466	27810861056	20408221696	799.4	28	0
1791.43	6693466	461805	6693466	27813801984	20410761216	800.7	28	0
1792.43	6693466	461805	6693466	27816120320	20413489152	806.1	28	0
1793.43	6693466	461805	6693466	27819003904	20416356352	799.8	28	0
1794.44	6693466	461805	6693466	27820580864	20418998272	807.6	28	0
1795.44	6693466	461805	6693466	27824009216	20421840896	799.5	28	0
1796.45	6693466	461805	6693466	27826966528	20424519680	799.8	28	0
1797.45	6693466	461805	6693466	27829313536	20427132928	807.5	28	0
1798.46	6693466	461805	6693466	27831660544	20429668352	799.6	28	0
1799.46	6693466	461805	6693466	27834990592	20432494592	807.7	28	0
1800.46	6693466	461805	6693466	27837435904	20435099648	799.6	28	0
1801.47	6693466	461805	6693466	27843219456	20440653824	807.4	28	0
1802.47	6693466	461805	6693466	27846180864	20443115520	799.5	28	0
1803.48	6693466	461805	6693466	27848167424	20445626368	799.9	28	0
1804.48	6693466	461805	6693466	27850522624	20448387072	807.5	28	0
1805.48	6693466	461805	6693466	27853434880	20450742272	799.6	28	0
1806.49	6693466	461805	6693466	27856592896	20453400576	807.6	28	0
1807.49	6693466	461805	6693466	27858649088	20456034304	799.6	28	0
1808.50	6693466	461805	6693466	27861303296	20458713088	799.7	28	0
1809.50	6693466	461805	6693466	27863580672	20461383680	807.6	28	0
1810.50	6693466	461805	6693466	27866607616	20463988736	799.5	28	0
1811.51	6693466	461805	6693466	27868950528	20466491392	807.5	28	0
1812.51	6693466	461805	6693466	27871432704	20469383168	799.7	28	0
1813.52	6693466	461805	6693466	27874455552	20472107008	799.5	28	0
1814.52	6693466	461805	6693466	27877130240	20474724352	807.6	28	0
1815.52	6693466	461805	6693466	27880300544	20477464576	799.7	28	0
1816.53	6693466	461805	6693466	27883089920	20480602112	807.9	28	0
1817.53	6693466	461805	6693466	27885838336	20483584000	799.9	28	0
1818.54	6693466	461805	6693466	27888029696	20486086656	800.3	28	0
1819.54	6693466	461805	6693466	27890655232	20488638464	808.2	28	0
1820.55	6693466	461805	6693466	27893915648	20491718656	801.3	28	0
1821.55	6693466	461805	6693466	27896942592	20494680064	807.1	28	0
1822.55	6693466	461805	6693466	27899293696	20497264640	799.2	28	0
1823.56	6693466	461805	6693466	27902611456	20500541440	807.7	28	0
1824.56	6693466	461805	6693466	27905134592	20503232512	799.5	28	0
1825.57	6693466	461805	6693466	27908218880	20505858048	799.6	28	0
1826.57	6693466	461805	6693466	27911102464	20508786688	807.5	28	0
1827.57	6693466	461805	6693466	27913916416	20511518720	799.6	28	0
1828.58	6693466	461805	6693466	24714719232	17319067648	629.1	23	0
1829.58	6693466	461805	6693466	24714391552	17319067648	399.7	23	0
1830.59	6693466	461805	6693466	24714383360	17319067648	399.7	23	0
1831.59	6693466	461805	6693466	24714248192	17319067648	403.8	23	0
1832.59	6693466	461805	6693466	24714145792	17319067648	399.8	23	0
1833.60	6693466	461805	6693466	24714399744	17319067648	403.7	23	0
1834.60	6693466	461805	6693466	24714661888	17319067648	399.8	23	0
1835.61	6693466	461805	6693466	24714555392	17319067648	399.8	23	0
1836.61	6693466	461805	6693466	24714276864	17319067648	403.8	23	0
1837.61	6693466	461805	6693466	24714563584	17319067648	399.8	23	0
1838.62	6693466	461805	6693466	24714043392	17319067648	403.8	23	0
1839.62	6693466	461805	6693466	24714260480	17319067648	399.7	23	0
1840.63	6693466	461805	6693466	24714391552	17319067648	399.7	23	0
1841.63	6693466	461805	6693466	24713895936	17319067648	403.7	23	0
1842.63	6693466	461805	6693466	24714141696	17319067648	399.8	23	0
1843.64	6693466	461805	6693466	24714399744	17319067648	403.7	23	0
1844.64	6693466	461805	6693466	24714424320	17319067648	399.7	23	0
1845.65	6693466	461805	6693466	24714395648	17319067648	399.7	23	0
1846.65	6693466	461805	6693466	24714489856	17319067648	403.7	23	0
1847.65	6693466	461805	6693466	24714399744	17319067648	399.7	23	0
1848.66	6693466	461805	6693466	24714670080	17319067648	403.8	23	0
1849.66	6693466	461805	6693466	24714657792	17319067648	399.7	23	0
1850.67	6693466	461805	6693466	24714674176	17319067648	399.7	23	0
1851.67	6693466	461805	6693466	24714608640	17319067648	403.7	23	0
1852.67	6693466	461805	6693466	24714964992	17319067648	399.7	23	0
1853.68	6693466	461805	6693466	24715022336	17319067648	403.8	23	0
1854.68	6693466	461805	6693466	24715157504	17319067648	399.8	23	0
1855.69	6693466	461805	6693466	24715427840	17319067648	399.8	23	0
1856.69	6693466	461805	6693466	24715689984	17319067648	403.7	23	0
1857.69	6693466	461805	6693466	24715288576	17319067648	399.8	23	0
1858.70	6693466	461805	6693466	24715325440	17319067648	403.9	23	0
1859.70	6693466	461805	6693466	24714805248	17319067648	399.9	23	0
1860.71	6693466	461805	6693466	24715071488	17319067648	399.8	23	0
1861.71	6693466	461805	6693466	24715317248	17319067648	403.8	23	0
1862.71	6693466	461805	6693466	24714993664	17319067648	399.9	23	0
1863.72	6693466	461805	6693466	24715227136	17319067648	399.8	23	0
1864.72	6693466	461805	6693466	24715235328	17319067648	403.8	23	0
1865.72	6693466	461805	6693466	24715087872	17319067648	399.8	23	0
1866.73	6693466	461805	6693466	24715382784	17319067648	403.7	23	0
1867.73	6693466	461805	6693466	24715345920	17319067648	399.7	23	0
1868.74	6693466	461805	6693466	24714326016	17319067648	399.8	23	0
1869.74	6693466	461805	6693466	24714100736	17319067648	403.8	23	0
1870.74	6693466	461805	6693466	24714227712	17319067648	399.8	23	0
1871.75	6693466	461805	6693466	24714440704	17319067648	403.8	23	0
1872.75	6693466	461805	6693466	24714670080	17319067648	399.7	23	0
1873.76	6693466	461805	6693466	24714670080	17319067648	399.8	23	0
1874.76	6693466	461805	6693466	24714620928	17319067648	403.8	23	0
1875.76	6693466	461805	6693466	24714760192	17319067648	399.8	23	0
1876.77	6693466	461805	6693466	24714051584	17319067648	403.8	23	0
1877.77	6693466	461805	6693466	24714031104	17319067648	399.7	23	0
1878.78	6693466	461805	6693466	24714190848	17319067648	399.8	23	0
1879.78	6693466	464310	6693466	24717475840	17319067648	454.5	23	0
1880.78	6693466	469526	6693466	24723492864	17319067648	505.5	23	0
1881.79	6693466	474708	6693466	24728641536	17319067648	510.2	23	0
1882.79	6693466	479875	6693466	24733990912	17319067648	505.4	23	0
1883.80	6693466	485078	6693466	24739512320	17319067648	505.4	23	0
1884.80	6693466	490037	6693466	24744099840	17319067648	511.0	23	0
1885.80	6693466	495188	6693466	24749551616	17319067648	505.3	23	0
1886.81	6693466	500331	6693466	24754683904	17319067648	510.2	23	0
1887.81	6693466	505334	6693466	24759984128	17319067648	505.7	23	0
1888.82	6693466	510179	6693466	24764915712	17319067648	506.1	23	0
1889.82	6693466	515136	6693466	24769998848	17319067648	511.0	23	0
1890.82	6693466	520159	6693466	24775364608	17319067648	505.6	23	0
1891.83	6693466	525164	6693466	24781197312	17319006208	510.6	23	0
1892.83	6693466	530234	6693466	24785297408	17319006208	505.4	23	0
1893.84	6693466	533227	6693466	24788742144	17319006208	462.1	23	0
1894.84	6693466	533227	6693466	24788344832	17319006208	403.8	23	0
1895.84	6693466	533227	6693466	24788688896	17319006208	399.8	23	0
1896.85	6693466	533227	6693466	24788668416	17319006208	403.8	23	0
1897.85	6693466	533227	6693466	24788475904	17319006208	399.8	23	0
1898.86	6693466	533227	6693466	24788619264	17319006208	399.9	23	0
1899.86	6693466	533227	6693466	24788692992	17319006208	403.8	23	0
1900.86	6693466	533227	6693466	24788992000	17319006208	399.8	23	0
1901.87	6693466	533227	6693466	24788525056	17319006208	403.8	23	0
1902.87	6693466	533227	6693466	24788717568	17319006208	399.7	23	0
1903.88	6693466	533227	6693466	24788766720	17319006208	399.8	23	0
1904.88	6693466	533227	6693466	24788013056	17319006208	403.8	23	0
1905.88	6693466	533227	6693466	24788533248	17319006208	399.8	23	0
1906.89	6693466	533227	6693466	24788283392	17319006208	403.8	23	0
1907.89	6693466	533227	6693466	24788353024	17319006208	399.8	23	0
1908.90	6693466	533227	6693466	24788221952	17319006208	399.8	23	0
1909.90	6693466	533227	6693466	24788238336	17319006208	403.8	23	0
1910.90	6693466	533227	6693466	24788242432	17319006208	399.8	23	0
1911.91	6693466	533227	6693466	24788119552	17319006208	403.8	23	0
1912.91	6693466	533227	6693466	24788176896	17319006208	399.9	23	0
1913.92	6693466	533227	6693466	24787927040	17319006208	399.8	23	0
1914.92	6693466	533227	6693466	24787693568	17319006208	403.9	23	0
1915.92	6693466	533227	6693466	24787406848	17319006208	399.7	23	0
1916.93	6693466	533227	6693466	24787345408	17319006208	403.8	23	0
1917.93	6693466	533227	6693466	24787681280	17319006208	399.8	23	0
1918.94	6693466	533227	6693466	24787628032	17319006208	399.9	23	0
1919.94	6693466	533227	6693466	24787877888	17319006208	403.7	23	0
1920.94	6693466	533227	6693466	24787841024	17319006208	399.7	23	0
1921.95	6693466	533227	6693466	24788221952	17319006208	403.7	23	0
1922.95	6693466	533227	6693466	24787779584	17319006208	399.8	23	0
1923.96	6693466	533227	6693466	24787980288	17319006208	399.8	23	0
1924.96	6693466	533227	6693466	24787947520	17319006208	403.7	23	0
1925.96	6693466	533227	6693466	24788172800	17319006208	399.7	23	0
1926.97	6693466	533227	6693466	24788283392	17319006208	403.7	23	0
1927.97	6693466	533227	6693466	24787996672	17319006208	399.7	23	0
1928.98	6693466	533227	6693466	24787640320	17319006208	399.7	23	0
1929.98	6693466	533227	6693466	24787369984	17319006208	403.6	23	0
1930.98	6693466	533227	6693466	24787857408	17319006208	399.7	23	0
1931.99	6693466	533227	6693466	24788119552	17319006208	403.8	23	0
1932.99	6693466	533227	6693466	24788094976	17319006208	399.8	23	0
1934.00	6693466	533227	6693466	24787841024	17319006208	399.7	23	0
1935.00	6693466	533227	6693466	24788066304	17319006208	403.8	23	0
1936.00	6693466	533227	6693466	24788135936	17319006208	399.7	23	0
1937.01	6693466	533227	6693466	24788291584	17319006208	403.8	23	0
1938.01	6693466	533227	6693466	24788307968	17319006208	399.8	23	0
1939.02	6693466	533227	6693466	24788307968	17319006208	399.8	23	0
1940.02	6693466	533227	6693466	24788320256	17319006208	403.7	23	0
1941.02	6693466	533227	6693466	24787390464	17319006208	399.7	23	0
1942.03	6693466	533227	6693466	24787943424	17319006208	403.7	23	0
1943.03	6693466	538163	6693466	24792915968	17319006208	505.1	23	0
1944.04	6693466	543008	6693466	24797728768	17319006208	505.7	23	0
1945.04	6693466	547966	6693466	24803119104	17319006208	510.8	23	0
1946.04	6693466	550552	6693466	24805801984	17319006208	455.5	23	0
1947.05	6693466	550552	6693466	24805711872	17319006208	403.6	23	0
1948.05	6693466	550552	6693466	24805535744	17319006208	399.8	23	0
1949.06	6693466	550552	6693466	24805830656	17319006208	399.7	23	0
1950.06	6693466	550552	6693466	24805863424	17319006208	403.7	23	0
1951.06	6693466	550552	6693466	24805707776	17319006208	399.7	23	0
1952.07	6693466	550552	6693466	24805203968	17319006208	403.7	23	0
1953.07	6693466	550552	6693466	24804958208	17319006208	399.9	23	0
1954.08	6693466	550552	6693466	24805449728	17319006208	399.8	23	0
1955.08	6693466	550552	6693466	24805171200	17319006208	403.8	23	0
1956.08	6693466	550552	6693466	24805683200	17319006208	399.7	23	0
1957.09	6693466	550552	6693466	24805638144	17319006208	403.8	23	0
1958.09	6693466	550552	6693466	24805552128	17319006208	399.8	23	0
1959.10	6693466	550552	6693466	24805511168	17319006208	399.7	23	0
1960.10	6693466	550552	6693466	24805666816	17319006208	403.8	23	0
1961.11	6693466	550552	6693466	24805396480	17319006208	399.7	23	0
1962.11	6693466	550552	6693466	24805351424	17319006208	403.7	23	0
1963.11	6693466	550552	6693466	24805269504	17319006208	399.9	23	0
1964.12	6693466	550552	6693466	24805367808	17319006208	403.6	23	0
1965.12	6693466	550552	6693466	24805507072	17319006208	399.7	23	0
1966.13	6693466	550552	6693466	24805539840	17319006208	399.7	23	0
1967.13	6693466	550552	6693466	24805531648	17319006208	403.6	23	0
1968.13	6693466	550552	6693466	24805203968	17319006208	399.8	23	0
1969.14	6693466	550552	6693466	24805232640	17319006208	403.7	23	0
1970.14	6693466	550552	6693466	24805756928	17319006208	399.8	23	0
1971.15	6693466	550552	6693466	24806014976	17319006208	399.8	23	0
1972.15	6693466	550552	6693466	24805695488	17319006208	403.8	23	0
1973.15	6693466	550552	6693466	24805425152	17319006208	400.6	23	0
1974.16	6693466	550552	6693466	24805588992	17319006208	402.9	23	0
1975.16	6693466	550552	6693466	24806055936	17319006208	399.8	23	0
1976.17	6693466	550552	6693466	24806039552	17319006208	399.8	23	0
1977.17	6693466	550552	6693466	24806146048	17319006208	403.6	23	0
1978.17	6693466	550552	6693466	24805904384	17319006208	399.7	23	0
1979.18	6693466	550552	6693466	24805584896	17319006208	403.7	23	0
1980.18	6693466	550552	6693466	24805609472	17319006208	399.7	23	0
1981.19	6693466	550552	6693466	24805830656	17319006208	399.8	23	0
1982.19	6693466	550552	6693466	24805711872	17319006208	403.7	23	0
1983.19	6693466	550552	6693466	24805498880	17319006208	399.8	23	0
1984.20	6693466	550552	6693466	24805548032	17319006208	403.7	23	0
1985.20	6693466	550552	6693466	24805748736	17319006208	399.8	23	0
1986.21	6693466	550552	6693466	24805326848	17319006208	399.8	23	0
1987.21	6693466	550552	6693466	24805191680	17319006208	403.7	23	0
1988.21	6693466	550552	6693466	24805609472	17319006208	399.7	23	0
1989.22	6693466	550552	6693466	24804876288	17319006208	403.7	23	0
1990.22	6693466	550552	6693466	24805240832	17319006208	399.7	23	0
1991.23	6693466	550552	6693466	24805380096	17319006208	399.7	23	0
1992.23	6693466	550552	6693466	24805859328	17319006208	403.7	23	0
1993.23	6693466	550552	6693466	24805531648	17319006208	399.8	23	0
1994.24	6693466	550552	6693466	24805240832	17319006208	403.8	23	0
1995.24	6693466	550552	6693466	24804986880	17319006208	399.8	23	0
1996.25	6693466	550552	6693466	24805240832	17319006208	399.8	23	0
1997.25	6693466	550552	6693466	24805236736	17319006208	403.7	23	0
1998.25	6693466	550552	6693466	24804966400	17319006208	399.7	23	0
1999.26	6693466	550552	6693466	24805220352	17319006208	403.7	23	0
2000.26	6693466	550552	6693466	24805494784	17319006208	399.7	23	0
2001.27	6693466	550552	6693466	24805732352	17319006208	399.8	23	0
2002.27	6693466	550552	6693466	24804892672	17319006208	403.8	23	0
2003.27	6693466	550552	6693466	24805081088	17319006208	399.6	23	0
2004.28	6693466	550552	6693466	24805081088	17319006208	399.8	23	0
2005.28	6693466	550552	6693466	24805306368	17319006208	403.6	23	0
2006.29	6693466	550552	6693466	24805015552	17319006208	399.8	23	0
2007.29	6693466	550552	6693466	24805302272	17319006208	403.6	23	0
2008.29	6693466	550552	6693466	24805564416	17319006208	399.8	23	0
2009.30	6693466	550552	6693466	24805347328	17319006208	403.8	23	0
2010.30	6693466	550552	6693466	24805662720	17319006208	399.7	23	0
2011.31	6693466	550552	6693466	24805675008	17319006208	399.8	23	0
2012.31	6693466	550552	6693466	24805466112	17319006208	403.7	23	0
2013.31	6693466	550552	6693466	24805224448	17319006208	399.8	23	0
2014.32	6693466	550552	6693466	24805617664	17319006208	399.9	23	0
2015.32	6693466	550552	6693466	24805896192	17319006208	403.7	23	0
2016.32	6693466	550552	6693466	24805912576	17319006208	399.9	23	0
2017.33	6693466	550552	6693466	24805912576	17319006208	403.8	23	0
2018.33	6693466	550552	6693466	24805588992	17319006208	399.8	23	0
2019.34	6693466	550552	6693466	24804847616	17319006208	399.6	23	0
2020.34	6693466	550552	6693466	24804995072	17319006208	403.9	23	0
2021.34	6693466	550552	6693466	24804925440	17319006208	399.8	23	0
2022.35	6693466	550552	6693466	24805437440	17319006208	403.8	23	0
2023.35	6693466	550552	6693466	24805052416	17319006208	399.8	23	0
2024.36	6693466	550552	6693466	24805572608	17319006208	399.7	23	0
2025.36	6693466	550552	6693466	24805351424	17319006208	403.8	23	0
2026.36	6693466	550552	6693466	24805621760	17319006208	399.7	23	0
2027.37	6693466	550552	6693466	24805240832	17319006208	403.8	23	0
2028.37	6693466	550552	6693466	24805527552	17319006208	399.7	23	0
2029.38	6693466	550552	6693466	24805539840	17319006208	399.7	23	0
2030.38	6693466	550552	6693466	24805543936	17319006208	403.7	23	0
2031.38	6693466	550552	6693466	24805834752	17319006208	399.8	23	0
2032.39	6693466	550552	6693466	24805769216	17319006208	403.8	23	0
2033.39	6693466	550552	6693466	24806273024	17319006208	399.8	23	0
2034.40	6693466	550552	6693466	24805744640	17319006208	399.8	23	0
2035.40	6693466	550552	6693466	24805781504	17319006208	403.8	23	0
2036.40	6693466	550552	6693466	24805777408	17319006208	399.8	23	0
2037.41	6693466	550552	6693466	24805785600	17319006208	403.7	23	0
2038.41	6693466	550552	6693466	24805818368	17319006208	399.8	23	0
2039.42	6693466	550552	6693466	24806084608	17319006208	399.7	23	0
2040.42	6693466	550552	6693466	24806342656	17319006208	403.7	23	0
2041.42	6693466	550552	6693466	24806371328	17319006208	399.8	23	0
2042.43	6693466	550552	6693466	24806092800	17319006208	403.7	23	0
2043.43	6693466	550552	6693466	24806100992	17319006208	399.8	23	0
2044.44	6693466	550552	6693466	24806096896	17319006208	399.7	23	0
2045.44	6693466	550552	6693466	24805535744	17319006208	403.7	23	0
2046.44	6693466	550552	6693466	24806060032	17319006208	399.7	23	0
2047.45	6693466	550552	6693466	24805830656	17319006208	403.7	23	0
2048.45	6693466	550552	6693466	24805634048	17319006208	399.7	23	0
2049.46	6693466	550552	6693466	24805314560	17319006208	399.7	23	0
2050.46	6693466	550552	6693466	24805343232	17319006208	403.6	23	0
2051.46	6693466	550552	6693466	24805195776	17319006208	399.7	23	0
2052.47	6693466	550552	6693466	24805343232	17319006208	403.8	23	0
2053.47	6693466	550552	6693466	24805593088	17319006208	399.6	23	0
2054.48	6693466	550552	6693466	24805421056	17319006208	399.7	23	0
2055.48	6693466	550552	6693466	24805867520	17319006208	403.6	23	0
2056.48	6693466	550552	6693466	24805871616	17319006208	399.8	23	0
2057.49	6693466	550552	6693466	24805613568	17319006208	403.8	23	0
2058.49	6693466	550552	6693466	24806014976	17319006208	399.7	23	0
2059.50	6693466	550552	6693466	24806047744	17319006208	399.7	23	0
2060.50	6693466	550552	6693466	24806313984	17319006208	403.8	23	0
2061.50	6693466	550552	6693466	24806313984	17319006208	399.9	23	0
2062.51	6693466	550552	6693466	24805044224	17319006208	399.7	23	0
2063.51	6693466	550552	6693466	24805318656	17319006208	403.6	23	0
2064.51	6693466	550552	6693466	24805285888	17319006208	399.8	23	0
2065.52	6693466	550552	6693466	24805281792	17319006208	403.8	23	0
2066.52	6693466	550552	6693466	24805801984	17319006208	399.8	23	0
2067.53	6693466	550552	6693466	24805687296	17319006208	399.7	23	0
2068.53	6693466	550552	6693466	24805978112	17319006208	403.8	23	0
2069.53	6693466	550552	6693466	24805433344	17319006208	399.9	23	0
2070.54	6693466	550552	6693466	24805765120	17319006208	403.7	23	0
2071.54	6693466	550552	6693466	24805679104	17319006208	399.7	23	0
2072.55	6693466	550552	6693466	24805715968	17319006208	399.8	23	0
2073.55	6693466	550552	6693466	24805994496	17319006208	403.7	23	0
2074.55	6693466	550552	6693466	24805715968	17319006208	399.7	23	0
2075.56	6693466	550552	6693466	24805965824	17319006208	403.8	23	0
2076.56	6693466	550552	6693466	24805679104	17319006208	399.7	23	0
2077.57	6693466	550552	6693466	24805904384	17319006208	399.8	23	0
2078.57	6693466	550552	6693466	24805900288	17319006208	403.7	23	0
2079.57	6693466	550552	6693466	24805580800	17319006208	399.6	23	0
2080.58	6693466	550552	6693466	24805597184	17319006208	403.8	23	0
2081.58	6693466	550552	6693466	24805863424	17319006208	399.7	23	0
2082.59	6693466	550552	6693466	24805302272	17319006208	399.7	23	0
2083.59	6693466	550552	6693466	24805580800	17319006208	403.7	23	0
2084.59	6693466	550552	6693466	24805822464	17319006208	399.7	23	0
2085.60	6693466	550552	6693466	24805822464	17319006208	403.7	23	0
2086.60	6693466	550552	6693466	24805556224	17319006208	399.7	23	0
2087.61	6693466	550552	6693466	24805556224	17319006208	399.7	23	0
2088.61	6693466	550552	6693466	24805580800	17319006208	403.7	23	0
2089.61	6693466	550552	6693466	24805580800	17319006208	399.7	23	0
2090.62	6693466	550552	6693466	24805720064	17319006208	403.7	23	0
2091.62	6693466	550552	6693466	24805498880	17319006208	399.8	23	0
2092.63	6693466	550552	6693466	24805675008	17319006208	399.7	23	0
2093.63	6693466	550552	6693466	24805187584	17319006208	403.7	23	0
2094.63	6693466	550552	6693466	24805277696	17319006208	399.6	23	0
2095.64	6693466	550552	6693466	24805556224	17319006208	403.7	23	0
2096.64	6693466	550552	6693466	24805298176	17319006208	399.7	23	0
2097.65	6693466	550552	6693466	24805859328	17319006208	399.7	23	0
2098.65	6693466	550552	6693466	24805933056	17319006208	403.7	23	0
2099.65	6693466	550552	6693466	24805838848	17319006208	399.7	23	0
2100.66	6693466	550552	6693466	24805900288	17319006208	403.7	23	0
2101.66	6693466	550552	6693466	24805888000	17319006208	399.7	23	0
2102.67	6693466	550552	6693466	24805982208	17319006208	399.7	23	0
2103.67	6693466	550552	6693466	24805433344	17319006208	403.7	23	0
2104.67	6693466	550552	6693466	24805425152	17319006208	399.8	23	0
2105.68	6693466	550552	6693466	24805429248	17319006208	399.8	23	0
2106.68	6693466	550552	6693466	24805711872	17319006208	403.7	23	0
2107.69	6693466	550552	6693466	24805294080	17319006208	399.7	23	0
2108.69	6693466	550552	6693466	24805425152	17319006208	403.7	23	0
2109.69	6693466	550552	6693466	24804851712	17319006208	399.8	23	0
2110.70	6693466	550552	6693466	24804847616	17319006208	399.7	23	0
2111.70	6693466	550552	6693466	24805076992	17319006208	403.6	23	0
2112.71	6693466	550552	6693466	24805105664	17319006208	399.7	23	0
2113.71	6693466	550552	6693466	24805380096	17319006208	403.8	23	0
2114.71	6693466	550552	6693466	24805117952	17319006208	399.8	23	0
2115.72	6693466	550552	6693466	24805629952	17319006208	403.8	23	0
2116.72	6693466	550552	6693466	24804896768	17319006208	399.6	23	0
2117.73	6693466	550552	6693466	24804921344	17319006208	399.9	23	0
2118.73	6693466	550552	6693466	24804716544	17319006208	404.0	23	0
2119.73	6693466	550552	6693466	24804720640	17319006208	400.1	23	0
2120.74	6693466	550552	6693466	24804728832	17319006208	403.8	23	0
2121.74	6693466	550552	6693466	24804827136	17319006208	399.6	23	0
2122.75	6693466	550552	6693466	24805355520	17319006208	399.5	23	0
2123.75	6693466	550552	6693466	24805236736	17319006208	403.9	23	0
2124.76	6693466	550552	6693466	24805441536	17319006208	399.7	23	0
2125.76	6693466	550552	6693466	24805048320	17319006208	403.6	23	0
2126.76	6693466	550552	6693466	24805294080	17319006208	399.7	23	0
2127.77	6693466	550552	6693466	24804958208	17319006208	403.7	23	0
2128.77	6693466	550552	6693466	24805158912	17319006208	399.6	23	0
2129.78	6693466	550552	6693466	24805158912	17319006208	399.7	23	0
2130.78	6693466	550552	6693466	24805171200	17319006208	403.7	23	0
2131.78	6693466	550552	6693466	24805298176	17319006208	399.7	23	0
2132.79	6693466	550552	6693466	24805281792	17319006208	403.7	23	0
2133.79	6693466	550552	6693466	24805146624	17319006208	399.7	23	0
2134.80	6693466	550552	6693466	24804929536	17319006208	399.7	23	0
2135.80	6693466	550552	6693466	24805453824	17319006208	403.8	23	0
2136.80	6693466	550552	6693466	24805699584	17319006208	399.8	23	0
2137.81	6693466	550552	6693466	24805052416	17319006208	399.8	23	0
2138.81	6693466	550552	6693466	24805416960	17319006208	403.7	23	0
2139.81	6693466	550552	6693466	24805298176	17319006208	399.8	23	0
2140.82	6693466	550552	6693466	24805261312	17319006208	403.6	23	0
2141.82	6693466	550552	6693466	24804962304	17319006208	399.7	23	0
2142.83	6693466	550552	6693466	24804794368	17319006208	399.8	23	0
2143.83	6693466	550552	6693466	24805191680	17319006208	403.8	23	0
2144.83	6693466	550552	6693466	24804917248	17319006208	399.6	23	0
2145.84	6693466	550552	6693466	24805052416	17319006208	403.6	23	0
2146.84	6693466	550552	6693466	24804900864	17319006208	399.7	23	0
2147.85	6693466	550552	6693466	24805027840	17319006208	399.8	23	0
2148.85	6693466	550552	6693466	24805298176	17319006208	403.7	23	0
2149.85	6693466	550552	6693466	24804990976	17319006208	399.8	23	0
2150.86	6693466	550552	6693466	24805179392	17319006208	403.7	23	0
2151.86	6693466	550552	6693466	24805679104	17319006208	399.8	23	0
2152.87	6693466	550552	6693466	24805625856	17319006208	399.7	23	0
2153.87	6693466	550552	6693466	24805404672	17319006208	403.7	23	0
2154.87	6693466	550552	6693466	24805326848	17319006208	399.7	23	0
2155.88	6693466	550552	6693466	24805675008	17319006208	403.7	23	0
2156.88	6693466	550552	6693466	24805658624	17319006208	399.7	23	0
2157.89	6693466	550552	6693466	24805412864	17319006208	399.8	23	0
2158.89	6693466	550552	6693466	24805511168	17319006208	403.7	23	0
2159.89	6693466	550552	6693466	24805494784	17319006208	399.7	23	0
2160.90	6693466	550552	6693466	24805208064	17319006208	403.7	23	0
2161.90	6693466	550552	6693466	24805453824	17319006208	399.8	23	0
2162.91	6693466	550552	6693466	24805289984	17319006208	399.8	23	0
2163.91	6693466	550552	6693466	24805310464	17319006208	403.8	23	0
2164.91	6693466	550552	6693466	24805441536	17319006208	399.6	23	0
2165.92	6693466	550552	6693466	24805384192	17319006208	399.8	23	0
2166.92	6693466	550552	6693466	24805871616	17319006208	403.8	23	0
2167.92	6693466	550552	6693466	24805412864	17319006208	399.6	23	0
2168.93	6693466	550552	6693466	24805076992	17319006208	403.7	23	0
2169.93	6693466	550552	6693466	24805347328	17319006208	399.7	23	0
2170.94	6693466	550552	6693466	24805654528	17319006208	399.7	23	0
2171.94	6693466	550552	6693466	24805236736	17319006208	403.7	23	0
2172.94	6693466	550552	6693466	24805322752	17319006208	399.8	23	0
2173.95	6693466	550552	6693466	24805097472	17319006208	403.7	23	0
2174.95	6693466	550552	6693466	24805298176	17319006208	399.6	23	0
2175.96	6693466	550552	6693466	24805568512	17319006208	399.6	23	0
2176.96	6693466	550552	6693466	24805748736	17319006208	403.7	23	0
2177.96	6693466	550552	6693466	24806002688	17319006208	399.8	23	0
2178.97	6693466	550552	6693466	24805687296	17319006208	403.8	23	0
2179.97	6693466	550552	6693466	24805773312	17319006208	399.8	23	0
2180.98	6693466	550552	6693466	24806014976	17319006208	399.8	23	0
2181.98	6693466	550552	6693466	24805761024	17319006208	403.7	23	0
2182.98	6693466	550552	6693466	24805888000	17319006208	399.7	23	0
2183.99	6693466	550552	6693466	24805732352	17319006208	403.8	23	0
2184.99	6693466	550552	6693466	24805093376	17319006208	399.8	23	0
2186.00	6693466	550552	6693466	24805969920	17319006208	399.7	23	0
2187.00	6693466	550552	6693466	24805732352	17319006208	403.7	23	0
2188.00	6693466	550552	6693466	24805568512	17319006208	399.8	23	0
2189.01	6693466	550552	6693466	24805228544	17319006208	403.8	23	0
2190.01	6693466	550552	6693466	24805425152	17319006208	399.7	23	0
2191.02	6693466	550552	6693466	24805814272	17319006208	399.7	23	0
2192.02	6693466	550552	6693466	24805748736	17319006208	403.7	23	0
2193.02	6693466	550552	6693466	24805105664	17319006208	399.6	23	0
2194.03	6693466	550552	6693466	24805036032	17319006208	403.6	23	0
2195.03	6693466	550552	6693466	24805421056	17319006208	399.7	23	0
2196.04	6693466	550552	6693466	24805294080	17319006208	399.7	23	0
2197.04	6693466	550552	6693466	24805572608	17319006208	403.7	23	0
2198.04	6693466	550552	6693466	24805179392	17319006208	399.8	23	0
2199.05	6693466	550552	6693466	24804786176	17319006208	403.7	23	0
2200.05	6693466	554190	6693466	24810074112	17319006208	476.3	23	0
2201.06	6693466	559290	6693466	24815341568	17319006208	505.6	23	0
2202.06	6693466	564422	6693466	24820592640	17319006208	510.7	23	0
2203.06	6693466	569539	6693466	24825577472	17319006208	506.4	23	0
2204.07	6693466	574644	6693466	24830586880	17319006208	511.2	23	0
2205.07	6693466	579811	6693466	24835973120	17319006208	506.1	23	0
2206.08	6693466	584979	6693466	24841367552	17319006208	506.0	23	0
2207.08	6693466	590099	6693466	24846761984	17319006208	511.3	23	0
2208.08	6693466	595267	6693466	24851648512	17319006208	506.7	23	0
2209.09	6693466	600449	6693466	24857059328	17319006208	511.4	23	0
2210.09	6693466	605646	6693466	24862351360	17319006208	506.4	23	0
2211.10	6693466	610829	6693466	24868012032	17319006208	505.6	23	0
2212.10	6693466	615980	6693466	24873529344	17319010304	510.8	23	0
2213.10	6693466	621114	6693466	24879169536	17319010304	505.4	23	0
2214.11	6693466	624009	6693466	24881631232	17319010304	465.0	23	0
2215.11	6693466	624009	6693466	24881037312	17319010304	399.7	23	0
2216.12	6693466	624009	6693466	24881283072	17319010304	399.7	23	0
2217.12	6693466	624009	6693466	24880967680	17319010304	403.7	23	0
2218.13	6693466	624009	6693466	24881045504	17319010304	399.7	23	0
2219.13	6693466	624009	6693466	24880975872	17319010304	403.8	23	0
2220.13	6693466	624009	6693466	24880832512	17319010304	399.7	23	0
2221.14	6693466	624009	6693466	24881164288	17319010304	399.8	23	0
2222.14	6693466	624009	6693466	24881176576	17319010304	403.8	23	0
2223.14	6693466	624009	6693466	24881389568	17319010304	399.8	23	0
2224.15	6693466	624009	6693466	24880979968	17319010304	403.8	23	0
2225.15	6693466	624009	6693466	24881090560	17319010304	399.8	23	0
2226.16	6693466	624009	6693466	24881106944	17319010304	399.8	23	0
2227.16	6693466	624009	6693466	24881119232	17319010304	403.7	23	0
2228.16	6693466	624009	6693466	24881053696	17319010304	399.8	23	0
2229.17	6693466	624009	6693466	24880463872	17319010304	403.7	23	0
2230.17	6693466	624009	6693466	24880123904	17319010304	399.7	23	0
2231.18	6693466	624009	6693466	24880254976	17319010304	399.7	23	0
2232.18	6693466	624009	6693466	24880537600	17319010304	403.7	23	0
2233.18	6693466	624009	6693466	24880652288	17319010304	399.8	23	0
2234.19	6693466	624009	6693466	24880455680	17319010304	403.8	23	0
2235.19	6693466	624009	6693466	24880635904	17319010304	399.7	23	0
2236.20	6693466	624009	6693466	24880840704	17319010304	399.7	23	0
2237.20	6693466	624009	6693466	24881082368	17319010304	403.6	23	0
2238.21	6693466	624009	6693466	24880746496	17319010304	399.6	23	0
2239.21	6693466	624009	6693466	24881029120	17319010304	403.7	23	0
2240.21	6693466	624009	6693466	24880713728	17319010304	399.7	23	0
2241.22	6693466	624009	6693466	24881041408	17319010304	399.7	23	0
2242.22	6693466	624009	6693466	24880930816	17319010304	403.7	23	0
2243.23	6693466	624009	6693466	24881127424	17319010304	399.9	23	0
2244.23	6693466	624009	6693466	24880418816	17319010304	403.5	23	0
2245.23	6693466	624009	6693466	24880689152	17319010304	399.7	23	0
2246.24	6693466	624009	6693466	24880730112	17319010304	403.8	23	0
2247.24	6693466	624009	6693466	24880771072	17319010304	399.7	23	0
2248.25	6693466	624009	6693466	24880758784	17319010304	399.7	23	0
2249.25	6693466	624009	6693466	24880668672	17319010304	403.7	23	0
2250.25	6693466	624009	6693466	24880922624	17319010304	399.7	23	0
2251.26	6693466	624009	6693466	24881025024	17319010304	403.7	23	0
2252.26	6693466	624009	6693466	24880836608	17319010304	399.6	23	0
2253.27	6693466	624009	6693466	24880316416	17319010304	399.8	23	0
2254.27	6693466	624009	6693466	24880173056	17319010304	403.7	23	0
2255.27	6693466	624009	6693466	24880254976	17319010304	399.7	23	0
2256.28	6693466	624009	6693466	24880795648	17319010304	403.8	23	0
2257.28	6693466	624009	6693466	24881074176	17319010304	399.7	23	0
2258.29	6693466	624009	6693466	24880787456	17319010304	399.8	23	0
2259.29	6693466	624009	6693466	24880447488	17319010304	403.6	23	0
2260.29	6693466	624009	6693466	24880353280	17319010304	399.8	23	0
2261.30	6693466	624009	6693466	24880816128	17319010304	403.7	23	0
2262.30	6693466	624009	6693466	24880967680	17319010304	399.8	23	0
2263.31	6693466	625226	6693466	24882585600	17319010304	424.0	23	0
2264.31	6693466	630409	6693466	24887971840	17319010304	510.3	23	0
2265.31	6693466	635603	6693466	24893939712	17319010304	505.2	23	0
2266.32	6693466	640771	6693466	24899354624	17319010304	511.0	23	0
2267.32	6693466	642731	6693466	24901271552	17319010304	440.6	23	0
2268.33	6693466	642731	6693466	24900292608	17319010304	399.8	23	0
2269.33	6693466	642731	6693466	24900517888	17319010304	403.7	23	0
2270.33	6693466	642731	6693466	24900296704	17319010304	399.7	23	0
2271.34	6693466	642731	6693466	24900296704	17319010304	403.7	23	0
2272.34	6693466	642731	6693466	24900038656	17319010304	399.7	23	0
2273.35	6693466	642731	6693466	24900222976	17319010304	399.8	23	0
2274.35	6693466	642731	6693466	24900014080	17319010304	403.6	23	0
2275.35	6693466	642731	6693466	24899964928	17319010304	399.7	23	0
2276.36	6693466	642731	6693466	24899850240	17319010304	399.7	23	0
2277.36	6693466	642731	6693466	24900116480	17319010304	403.8	23	0
2278.36	6693466	642731	6693466	24900235264	17319010304	399.8	23	0
2279.37	6693466	642731	6693466	24899522560	17319010304	403.7	23	0
2280.37	6693466	642731	6693466	24900096000	17319010304	399.7	23	0
2281.38	6693466	642731	6693466	24900362240	17319010304	399.7	23	0
2282.38	6693466	642731	6693466	24900534272	17319010304	403.7	23	0
2283.38	6693466	642731	6693466	24900308992	17319010304	399.8	23	0
2284.39	6693466	642731	6693466	24899850240	17319010304	403.7	23	0
2285.39	6693466	642731	6693466	24900067328	17319010304	399.7	23	0
2286.40	6693466	642731	6693466	24900124672	17319010304	399.8	23	0
2287.40	6693466	642731	6693466	24899559424	17319010304	403.8	23	0
2288.40	6693466	642731	6693466	24899497984	17319010304	399.8	23	0
2289.41	6693466	642731	6693466	24899563520	17319010304	403.7	23	0
2290.41	6693466	642731	6693466	24899600384	17319010304	399.8	23	0
2291.42	6693466	642731	6693466	24899805184	17319010304	399.6	23	0
2292.42	6693466	642731	6693466	24900079616	17319010304	403.8	23	0
2293.43	6693466	642731	6693466	24900325376	17319010304	399.7	23	0
2294.43	6693466	642731	6693466	24900415488	17319010304	403.7	23	0
2295.43	6693466	642731	6693466	24900681728	17319010304	399.8	23	0
2296.44	6693466	642731	6693466	24900689920	17319010304	399.8	23	0
2297.44	6693466	642731	6693466	24900804608	17319010304	403.7	23	0
2298.44	6693466	642731	6693466	24900808704	17319010304	399.8	23	0
2299.45	6693466	642731	6693466	24900153344	17319010304	403.8	23	0
2300.45	6693466	642731	6693466	24900341760	17319010304	399.8	23	0
2301.46	6693466	642731	6693466	24900612096	17319010304	399.8	23	0
2302.46	6693466	642731	6693466	24900423680	17319010304	403.7	23	0
2303.46	6693466	642731	6693466	24900161536	17319010304	399.8	23	0
2304.47	6693466	642731	6693466	24900165632	17319010304	403.7	23	0
2305.47	6693466	642731	6693466	24900567040	17319010304	399.7	23	0
2306.48	6693466	642731	6693466	24900317184	17319010304	399.8	23	0
2307.48	6693466	642731	6693466	24899964928	17319010304	403.7	23	0
2308.48	6693466	642731	6693466	24900292608	17319010304	399.7	23	0
2309.49	6693466	642731	6693466	24899919872	17319010304	403.8	23	0
2310.49	6693466	642731	6693466	24900182016	17319010304	399.6	23	0
2311.50	6693466	642731	6693466	24900022272	17319010304	399.8	23	0
2312.50	6693466	642731	6693466	24900243456	17319010304	403.7	23	0
2313.50	6693466	642731	6693466	24900247552	17319010304	399.8	23	0
2314.51	6693466	642731	6693466	24899883008	17319010304	403.7	23	0
2315.51	6693466	642731	6693466	24899440640	17319010304	399.7	23	0
2316.52	6693466	642731	6693466	24899698688	17319010304	399.8	23	0
2317.52	6693466	642731	6693466	24900206592	17319010304	403.7	23	0
2318.52	6693466	642731	6693466	24899854336	17319010304	399.8	23	0
2319.53	6693466	642731	6693466	24899362816	17319010304	403.7	23	0
2320.53	6693466	642731	6693466	24899465216	17319010304	399.8	23	0
2321.54	6693466	642731	6693466	24899305472	17319010304	399.7	23	0
2322.54	6693466	642731	6693466	24899817472	17319010304	403.7	23	0
2323.54	6693466	642731	6693466	24899522560	17319010304	399.7	23	0
2324.55	6693466	642731	6693466	24899633152	17319010304	403.7	23	0
2325.55	6693466	642731	6693466	24899772416	17319010304	399.7	23	0
2326.56	6693466	642731	6693466	24900063232	17319010304	399.8	23	0
2327.56	6693466	642731	6693466	24899813376	17319010304	403.7	23	0
2328.56	6693466	642731	6693466	24899866624	17319010304	399.7	23	0
2329.57	6693466	642731	6693466	24899837952	17319010304	403.7	23	0
2330.57	6693466	642731	6693466	24900210688	17319010304	399.7	23	0
2331.58	6693466	642731	6693466	24900440064	17319010304	399.7	23	0
2332.58	6693466	642731	6693466	24900534272	17319010304	403.7	23	0
2333.58	6693466	642731	6693466	24899887104	17319010304	399.7	23	0
2334.59	6693466	642731	6693466	24899903488	17319010304	403.8	23	0
2335.59	6693466	642731	6693466	24899862528	17319010304	399.7	23	0
2336.60	6693466	642731	6693466	24900132864	17319010304	399.7	23	0
2337.60	6693466	642731	6693466	24900399104	17319010304	403.7	23	0
2338.60	6693466	642731	6693466	24900128768	17319010304	399.7	23	0
2339.61	6693466	642731	6693466	24900308992	17319010304	403.8	23	0
2340.61	6693466	642731	6693466	24900554752	17319010304	399.6	23	0
2341.62	6693466	642731	6693466	24900833280	17319010304	399.7	23	0
2342.62	6693466	642731	6693466	24900440064	17319010304	403.8	23	0
2343.62	6693466	642731	6693466	24900919296	17319010304	399.7	23	0
2344.63	6693466	642731	6693466	24900190208	17319010304	403.9	23	0
2345.63	6693466	642731	6693466	24900493312	17319010304	399.7	23	0
2346.64	6693466	642731	6693466	24900476928	17319010304	399.8	23	0
2347.64	6693466	642731	6693466	24900276224	17319010304	403.8	23	0
2348.64	6693466	642731	6693466	24900321280	17319010304	399.7	23	0
2349.65	6693466	642731	6693466	24900300800	17319010304	403.8	23	0
2350.65	6693466	642731	6693466	24900333568	17319010304	399.8	23	0
2351.66	6693466	642731	6693466	24900321280	17319010304	399.7	23	0
2352.66	6693466	642731	6693466	24900460544	17319010304	403.7	23	0
2353.66	6693466	642731	6693466	24900186112	17319010304	399.6	23	0
2354.67	6693466	642731	6693466	24900386816	17319010304	403.7	23	0
2355.67	6693466	642731	6693466	24900259840	17319010304	399.8	23	0
2356.68	6693466	642731	6693466	24900382720	17319010304	399.7	23	0
2357.68	6693466	642731	6693466	24900526080	17319010304	403.7	23	0
2358.68	6693466	642731	6693466	24900403200	17319010304	399.8	23	0
2359.69	6693466	642731	6693466	24900521984	17319010304	403.8	23	0
2360.69	6693466	642731	6693466	24900509696	17319010304	399.7	23	0
2361.70	6693466	642731	6693466	24900780032	17319010304	399.7	23	0
2362.70	6693466	642731	6693466	24900771840	17319010304	403.7	23	0
2363.70	6693466	642731	6693466	24900206592	17319010304	399.7	23	0
2364.71	6693466	642731	6693466	24900239360	17319010304	403.8	23	0
2365.71	6693466	642731	6693466	24900481024	17319010304	399.7	23	0
2366.72	6693466	642731	6693466	24900898816	17319010304	399.7	23	0
2367.72	6693466	642731	6693466	24900419584	17319010304	403.8	23	0
2368.72	6693466	642731	6693466	24900554752	17319010304	399.7	23	0
2369.73	6693466	642731	6693466	24900485120	17319010304	403.7	23	0
2370.73	6693466	642731	6693466	24900689920	17319010304	399.7	23	0
2371.74	6693466	642731	6693466	24900694016	17319010304	399.7	23	0
2372.74	6693466	642731	6693466	24900603904	17319010304	403.8	23	0
2373.74	6693466	642731	6693466	24900313088	17319010304	399.7	23	0
2374.75	6693466	642731	6693466	24900083712	17319010304	403.7	23	0
2375.75	6693466	642731	6693466	24899731456	17319010304	399.7	23	0
2376.76	6693466	642731	6693466	24899612672	17319010304	399.8	23	0
2377.76	6693466	642731	6693466	24899731456	17319010304	403.7	23	0
2378.76	6693466	642731	6693466	24899530752	17319010304	399.7	23	0
2379.77	6693466	642731	6693466	24899555328	17319010304	403.7	23	0
2380.77	6693466	642731	6693466	24899588096	17319010304	399.8	23	0
2381.78	6693466	642731	6693466	24899846144	17319010304	399.7	23	0
2382.78	6693466	642731	6693466	24899616768	17319010304	403.7	23	0
2383.78	6693466	642731	6693466	24899751936	17319010304	399.7	23	0
2384.79	6693466	642731	6693466	24899772416	17319010304	403.8	23	0
2385.79	6693466	642731	6693466	24900268032	17319010304	399.6	23	0
2386.80	6693466	642731	6693466	24900026368	17319010304	399.8	23	0
2387.80	6693466	642731	6693466	24900194304	17319010304	403.7	23	0
2388.80	6693466	642731	6693466	24900186112	17319010304	399.7	23	0
2389.81	6693466	642731	6693466	24900460544	17319010304	403.8	23	0
2390.81	6693466	642731	6693466	24900784128	17319010304	399.7	23	0
2391.82	6693466	642731	6693466	24900173824	17319010304	399.8	23	0
2392.82	6693466	642731	6693466	24900141056	17319010304	403.6	23	0
2393.82	6693466	642731	6693466	24899948544	17319010304	399.8	23	0
2394.83	6693466	642731	6693466	24899981312	17319010304	403.8	23	0
2395.83	6693466	642731	6693466	24900231168	17319010304	399.8	23	0
2396.84	6693466	642731	6693466	24900489216	17319010304	399.7	23	0
2397.84	6693466	642731	6693466	24899997696	17319010304	403.7	23	0
2398.84	6693466	642731	6693466	24900100096	17319010304	399.7	23	0
2399.85	6693466	642731	6693466	24900014080	17319010304	403.8	23	0
2400.85	6693466	642731	6693466	24900251648	17319010304	399.7	23	0
2401.86	6693466	642731	6693466	24899973120	17319010304	399.8	23	0
2402.86	6693466	642731	6693466	24899866624	17319010304	403.7	23	0
2403.86	6693466	642731	6693466	24899735552	17319010304	400.0	23	0
2404.87	6693466	642731	6693466	24900128768	17319010304	403.5	23	0
2405.87	6693466	642731	6693466	24899858432	17319010304	399.7	23	0
2406.88	6693466	642731	6693466	24900120576	17319014400	399.8	23	0
2407.88	6693466	642731	6693466	24900091904	17319014400	403.7	23	0
2408.88	6693466	642731	6693466	24899956736	17319014400	399.7	23	0
2409.89	6693466	642731	6693466	24899747840	17319014400	399.8	23	0
2410.89	6693466	642731	6693466	24899743744	17319014400	403.7	23	0
2411.90	6693466	642731	6693466	24899977216	17319014400	399.8	23	0
2412.90	6693466	642731	6693466	24899559424	17319014400	403.7	23	0
2413.90	6693466	642731	6693466	24899813376	17319014400	399.9	23	0
2414.91	6693466	642731	6693466	24900022272	17319014400	399.7	23	0
2415.91	6693466	642731	6693466	24900112384	17319014400	403.7	23	0
2416.91	6693466	642731	6693466	24899096576	17319014400	399.9	23	0
2417.92	6693466	642731	6693466	24899354624	17319014400	403.7	23	0
2418.92	6693466	642731	6693466	24899112960	17319014400	399.7	23	0
2419.93	6693466	642731	6693466	24899358720	17319014400	403.8	23	0
2420.93	6693466	642731	6693466	24899395584	17319014400	399.6	23	0
2421.94	6693466	642731	6693466	24899637248	17319014400	403.5	23	0
2422.94	6693466	642731	6693466	24899743744	17319014400	399.6	23	0
2423.95	6693466	642731	6693466	24899981312	17319014400	399.7	23	0
2424.95	6693466	642731	6693466	24899854336	17319014400	403.7	23	0
2425.96	6693466	642731	6693466	24899739648	17319014400	399.6	23	0
2426.96	6693466	642731	6693466	24899911680	17319014400	403.6	23	0
2427.96	6693466	642731	6693466	24899416064	17319014400	399.7	23	0
2428.97	6693466	642731	6693466	24899440640	17319014400	403.6	23	0
2429.97	6693466	642731	6693466	24899661824	17319014400	399.5	23	0
2430.98	6693466	642731	6693466	24900038656	17319014400	403.7	23	0
2431.98	6693466	642731	6693466	24899956736	17319014400	399.6	23	0
2432.99	6693466	642731	6693466	24899854336	17319014400	399.8	23	0
2433.99	6693466	642731	6693466	24899477504	17319014400	403.6	23	0
2434.99	6693466	642731	6693466	24899424256	17319014400	399.6	23	0
2436.00	6693466	642731	6693466	24899919872	17319014400	403.6	23	0
2437.00	6693466	642731	6693466	24900173824	17319014400	399.8	23	0
2438.01	6693466	642731	6693466	24900055040	17319014400	399.7	23	0
2439.01	6693466	642731	6693466	24899833856	17319014400	403.7	23	0
2440.02	6693466	642731	6693466	24899436544	17319014400	399.7	23	0
2441.02	6693466	642731	6693466	24899350528	17319014400	403.6	23	0
2442.02	6693466	642731	6693466	24899600384	17319014400	399.6	23	0
2443.03	6693466	642731	6693466	24899563520	17319014400	403.6	23	0
2444.03	6693466	642731	6693466	24899551232	17319014400	399.7	23	0
2445.04	6693466	642731	6693466	24899731456	17319014400	399.7	23	0
2446.04	6693466	642731	6693466	24899710976	17319014400	403.5	23	0
2447.05	6693466	642731	6693466	24899936256	17319014400	400.4	23	0
2448.05	6693466	642731	6693466	24899473408	17319014400	402.9	23	0
2449.05	6693466	642731	6693466	24899969024	17319014400	399.7	23	0
2450.06	6693466	642731	6693466	24899842048	17319014400	403.7	23	0
2451.06	6693466	642731	6693466	24899743744	17319014400	399.7	23	0
2452.07	6693466	642731	6693466	24900001792	17319014400	399.9	23	0
2453.07	6693466	642731	6693466	24899563520	17319014400	403.4	23	0
2454.08	6693466	642731	6693466	24899420160	17319014400	399.6	23	0
2455.08	6693466	642731	6693466	24899559424	17319014400	403.6	23	0
2456.08	6693466	642731	6693466	24899997696	17319014400	399.6	23	0
2457.09	6693466	642731	6693466	24899715072	17319014400	403.7	23	0
2458.09	6693466	642731	6693466	24899674112	17319014400	399.8	23	0
2459.10	6693466	642731	6693466	24899436544	17319014400	399.7	23	0
2460.10	6693466	642731	6693466	24899768320	17319014400	403.6	23	0
2461.11	6693466	642731	6693466	24899670016	17319014400	399.6	23	0
2462.11	6693466	642731	6693466	24899731456	17319014400	403.5	23	0
2463.11	6693466	642731	6693466	24899825664	17319014400	399.5	23	0
2464.12	6693466	642731	6693466	24899637248	17319014400	403.6	23	0
2465.12	6693466	642731	6693466	24899911680	17319014400	399.7	23	0
2466.13	6693466	642731	6693466	24900096000	17319014400	399.6	23	0
2467.13	6693466	642731	6693466	24900341760	17319014400	403.6	23	0
2468.13	6693466	642731	6693466	24899420160	17319014400	399.7	23	0
2469.14	6693466	642731	6693466	24899854336	17319014400	403.6	23	0
2470.14	6693466	642731	6693466	24899825664	17319014400	399.6	23	0
2471.15	6693466	642731	6693466	24899313664	17319014400	403.6	23	0
2472.15	6693466	642731	6693466	24899829760	17319014400	399.6	23	0
2473.16	6693466	642731	6693466	24899383296	17319014400	399.6	23	0
2474.16	6693466	642731	6693466	24899637248	17319014400	403.7	23	0
2475.16	6693466	642731	6693466	24899903488	17319014400	399.6	23	0
2476.17	6693466	642731	6693466	24899960832	17319014400	403.6	23	0
2477.17	6693466	642731	6693466	24900218880	17319014400	399.7	23	0
2478.18	6693466	642731	6693466	24899698688	17319014400	403.6	23	0
2479.18	6693466	642731	6693466	24899964928	17319014400	399.6	23	0
2480.19	6693466	642731	6693466	24899887104	17319014400	399.6	23	0
2481.19	6693466	642731	6693466	24899989504	17319014400	403.6	23	0
2482.19	6693466	642731	6693466	24900358144	17319014400	399.7	23	0
2483.20	6693466	642731	6693466	24900198400	17319014400	403.7	23	0
2484.20	6693466	642731	6693466	24899817472	17319014400	399.7	23	0
2485.21	6693466	642731	6693466	24900075520	17319014400	399.7	23	0
2486.21	6693466	642731	6693466	24900067328	17319014400	403.7	23	0
2487.22	6693466	642731	6693466	24900325376	17319014400	399.6	23	0
2488.22	6693466	642731	6693466	24899907584	17319014400	403.6	23	0
2489.22	6693466	642731	6693466	24899833856	17319014400	399.5	23	0
2490.23	6693466	642731	6693466	24899813376	17319014400	403.6	23	0
2491.23	6693466	642731	6693466	24899747840	17319014400	399.8	23	0
2492.24	6693466	642731	6693466	24900251648	17319014400	399.5	23	0
2493.24	6693466	642731	6693466	24900005888	17319014400	403.7	23	0
2494.25	6693466	642731	6693466	24899948544	17319014400	399.7	23	0
2495.25	6693466	642731	6693466	24899923968	17319014400	403.6	23	0
2496.25	6693466	642731	6693466	24900182016	17319014400	399.6	23	0
2497.26	6693466	642731	6693466	24900145152	17319014400	403.6	23	0
2498.26	6693466	642731	6693466	24899817472	17319014400	399.7	23	0
2499.27	6693466	642731	6693466	24899477504	17319014400	399.7	23	0
2500.27	6693466	642731	6693466	24899551232	17319014400	403.6	23	0
2501.28	6693466	642731	6693466	24899985408	17319014400	399.7	23	0
2502.28	6693466	642731	6693466	24900243456	17319014400	403.7	23	0
2503.28	6693466	642731	6693466	24899510272	17319014400	399.6	23	0
2504.29	6693466	642731	6693466	24899502080	17319014400	403.6	23	0
2505.29	6693466	642731	6693466	24900030464	17319014400	399.6	23	0
2506.30	6693466	642731	6693466	24900030464	17319014400	399.7	23	0
2507.30	6693466	642731	6693466	24899796992	17319014400	403.6	23	0
2508.31	6693466	642731	6693466	24899756032	17319014400	399.7	23	0
2509.31	6693466	642731	6693466	24899530752	17319014400	403.7	23	0
2510.31	6693466	642731	6693466	24900071424	17319014400	399.7	23	0
2511.32	6693466	642731	6693466	24900042752	17319014400	403.5	23	0
2512.32	6693466	642731	6693466	24900050944	17319014400	399.7	23	0
2513.33	6693466	642731	6693466	24899682304	17319014400	399.6	23	0
2514.33	6693466	642731	6693466	24899444736	17319014400	403.7	23	0
2515.33	6693466	642731	6693466	24899829760	17319014400	399.6	23	0
2516.34	6693466	642731	6693466	24900091904	17319014400	403.7	23	0
2517.34	6693466	643027	6693466	24901349376	17319014400	405.4	23	0
2518.35	6693466	648145	6693466	24906366976	17319014400	510.4	23	0
2519.35	6693466	653278	6693466	24911695872	17319014400	506.0	23	0
2520.36	6693466	658424	6693466	24917397504	17319014400	506.0	23	0
2521.36	6693466	663559	6693466	24922734592	17319014400	509.6	23	0
2522.37	6693466	668676	6693466	24927461376	17319014400	505.7	23	0
2523.37	6693466	673790	6693466	24933093376	17319014400	510.6	23	0
2524.37	6693466	678889	6693466	24938090496	17319014400	505.1	23	0
2525.38	6693466	684008	6693466	24943607808	17319014400	509.9	23	0
2526.38	6693466	689128	6693466	24949178368	17319014400	505.0	23	0
2527.39	6693466	694259	6693466	24954462208	17319014400	504.9	23	0
2528.39	6693466	699393	6693466	24959414272	17319014400	509.9	23	0
2529.40	6693466	704494	6693466	24963682304	17319014400	504.9	23	0
2530.40	6693466	709628	6693466	24969089024	17319014400	510.2	23	0
2531.40	6693466	714743	6693466	24974749696	17319014400	505.2	23	0
2532.41	6693466	718144	6693466	24978018304	17319014400	474.4	23	0
2533.41	6693466	718144	6693466	24977973248	17319014400	399.6	23	0
2534.42	6693466	718144	6693466	24977981440	17319014400	399.6	23	0
2535.42	6693466	718144	6693466	24978141184	17319014400	403.6	23	0
2536.43	6693466	718144	6693466	24977866752	17319014400	399.6	23	0
2537.43	6693466	718144	6693466	24977858560	17319014400	403.6	23	0
2538.43	6693466	718144	6693466	24977293312	17319014400	399.7	23	0
2539.44	6693466	718144	6693466	24977424384	17319014400	403.6	23	0
2540.44	6693466	718144	6693466	24977952768	17319014400	399.6	23	0
2541.45	6693466	718144	6693466	24977956864	17319014400	403.7	23	0
2542.45	6693466	718144	6693466	24977539072	17319014400	399.6	23	0
2543.46	6693466	718144	6693466	24977694720	17319014400	399.7	23	0
2544.46	6693466	718144	6693466	24977481728	17319014400	403.7	23	0
2545.46	6693466	718144	6693466	24977707008	17319014400	399.6	23	0
2546.47	6693466	718144	6693466	24977960960	17319014400	403.6	23	0
2547.47	6693466	718144	6693466	24977399808	17319014400	400.1	23	0
2548.48	6693466	718144	6693466	24977420288	17319014400	403.2	23	0
2549.48	6693466	718144	6693466	24977260544	17319014400	399.6	23	0
2550.49	6693466	718144	6693466	24977334272	17319014400	399.6	23	0
2551.49	6693466	718144	6693466	24977203200	17319014400	403.6	23	0
2552.50	6693466	718144	6693466	24977448960	17319014400	399.7	23	0
2553.50	6693466	718144	6693466	24977276928	17319014400	403.6	23	0
2554.50	6693466	718144	6693466	24977596416	17319014400	399.7	23	0
2555.51	6693466	718144	6693466	24977858560	17319014400	403.6	23	0
2556.51	6693466	718144	6693466	24977858560	17319014400	399.7	23	0
2557.52	6693466	718144	6693466	24977444864	17319014400	399.8	23	0
2558.52	6693466	718144	6693466	24977354752	17319014400	403.6	23	0
2559.53	6693466	718144	6693466	24977088512	17319014400	399.6	23	0
2560.53	6693466	718144	6693466	24977133568	17319014400	403.5	23	0
2561.53	6693466	718144	6693466	24977272832	17319014400	399.7	23	0
2562.54	6693466	718144	6693466	24977563648	17319014400	403.6	23	0
2563.54	6693466	718144	6693466	24977174528	17319014400	399.6	23	0
2564.55	6693466	718144	6693466	24976764928	17319014400	399.7	23	0
2565.55	6693466	718144	6693466	24977018880	17319014400	403.5	23	0
2566.56	6693466	718144	6693466	24977108992	17319014400	399.6	23	0
2567.56	6693466	718144	6693466	24977252352	17319014400	403.5	23	0
2568.56	6693466	718144	6693466	24977235968	17319014400	399.6	23	0
2569.57	6693466	718144	6693466	24977752064	17319014400	403.6	23	0
2570.57	6693466	718144	6693466	24977448960	17319014400	399.6	23	0
2571.58	6693466	718144	6693466	24977412096	17319014400	403.7	23	0
2572.58	6693466	718144	6693466	24977297408	17319014400	399.6	23	0
2573.59	6693466	718144	6693466	24976863232	17319014400	399.7	23	0
2574.59	6693466	718144	6693466	24977248256	17319014400	403.6	23	0
2575.59	6693466	718144	6693466	24977526784	17319014400	399.6	23	0
2576.60	6693466	718144	6693466	24977530880	17319014400	403.7	23	0
2577.60	6693466	718144	6693466	24977240064	17319014400	399.6	23	0
2578.61	6693466	718144	6693466	24977506304	17319014400	403.6	23	0
2579.61	6693466	718144	6693466	24977207296	17319014400	399.6	23	0
2580.62	6693466	718144	6693466	24977207296	17319014400	399.7	23	0
2581.62	6693466	718144	6693466	24977457152	17319014400	403.5	23	0
2582.63	6693466	718144	6693466	24977678336	17319014400	399.6	23	0
2583.63	6693466	722339	6693466	24983080960	17319014400	489.4	23	0
2584.63	6693466	727502	6693466	24987717632	17319014400	505.4	23	0
2585.64	6693466	732648	6693466	24993206272	17319014400	510.3	23	0
2586.64	6693466	737151	6693466	24997519360	17319014400	494.1	23	0
2587.65	6693466	737151	6693466	24997400576	17319014400	399.7	23	0
2588.65	6693466	737151	6693466	24997113856	17319014400	403.6	23	0
2589.66	6693466	737151	6693466	24997150720	17319014400	399.6	23	0
2590.66	6693466	737151	6693466	24997543936	17319014400	403.7	23	0
2591.66	6693466	737151	6693466	24997289984	17319014400	399.7	23	0
2592.67	6693466	737151	6693466	24997142528	17319014400	403.7	23	0
2593.67	6693466	737151	6693466	24996814848	17319014400	399.7	23	0
2594.68	6693466	737151	6693466	24996745216	17319014400	403.8	23	0
2595.68	6693466	737151	6693466	24996978688	17319014400	399.6	23	0
2596.69	6693466	737151	6693466	24996904960	17319014400	399.8	23	0
2597.69	6693466	737151	6693466	24996958208	17319014400	403.7	23	0
2598.69	6693466	737151	6693466	24997109760	17319014400	399.7	23	0
2599.70	6693466	737151	6693466	24997179392	17319014400	403.7	23	0
2600.70	6693466	737151	6693466	24997396480	17319014400	399.7	23	0
2601.71	6693466	737151	6693466	24996970496	17319014400	403.6	23	0
2602.71	6693466	737151	6693466	24996995072	17319014400	399.6	23	0
2603.72	6693466	737151	6693466	24996646912	17319014400	399.7	23	0
2604.72	6693466	737151	6693466	24996990976	17319014400	403.7	23	0
2605.73	6693466	737151	6693466	24997138432	17319014400	399.7	23	0
2606.73	6693466	737151	6693466	24997376000	17319014400	403.6	23	0
2607.73	6693466	737151	6693466	24997187584	17319014400	399.6	23	0
2608.74	6693466	737151	6693466	24997113856	17319014400	403.6	23	0
2609.74	6693466	737151	6693466	24997027840	17319014400	399.7	23	0
2610.75	6693466	737151	6693466	24997515264	17319014400	403.6	23	0
2611.75	6693466	737151	6693466	24997253120	17319014400	399.6	23	0
2612.76	6693466	737151	6693466	24997355520	17319014400	399.8	23	0
2613.76	6693466	737151	6693466	24997122048	17319014400	403.6	23	0
2614.76	6693466	737151	6693466	24997253120	17319014400	399.7	23	0
2615.77	6693466	737151	6693466	24996630528	17319014400	403.7	23	0
2616.77	6693466	737151	6693466	24997146624	17319014400	399.7	23	0
2617.78	6693466	737151	6693466	24996806656	17319014400	399.7	23	0
2618.78	6693466	737151	6693466	24997064704	17319014400	403.6	23	0
2619.78	6693466	737151	6693466	24996728832	17319014400	399.7	23	0
2620.79	6693466	737151	6693466	24996683776	17319014400	403.7	23	0
2621.79	6693466	737151	6693466	24996823040	17319014400	399.6	23	0
2622.80	6693466	737151	6693466	24996712448	17319014400	399.7	23	0
2623.80	6693466	737151	6693466	24996990976	17319014400	403.6	23	0
2624.80	6693466	737151	6693466	24996425728	17319014400	399.8	23	0
2625.81	6693466	737151	6693466	24996708352	17319014400	403.8	23	0
2626.81	6693466	737151	6693466	24996884480	17319014400	399.7	23	0
2627.82	6693466	737151	6693466	24997044224	17319014400	403.6	23	0
2628.82	6693466	737151	6693466	24996347904	17319014400	399.6	23	0
2629.83	6693466	737151	6693466	24996622336	17319014400	399.6	23	0
2630.83	6693466	737151	6693466	24996864000	17319014400	403.6	23	0
2631.83	6693466	737151	6693466	24996864000	17319014400	399.8	23	0
2632.84	6693466	737151	6693466	24996855808	17319014400	403.8	23	0
2633.84	6693466	737151	6693466	24996802560	17319014400	399.7	23	0
2634.85	6693466	737151	6693466	24996954112	17319014400	403.7	23	0
2635.85	6693466	737151	6693466	24996962304	17319014400	399.7	23	0
2636.86	6693466	737151	6693466	24997232640	17319014400	399.7	23	0
2637.86	6693466	737151	6693466	24997085184	17319014400	403.7	23	0
2638.87	6693466	737151	6693466	24997101568	17319014400	399.7	23	0
2639.87	6693466	737151	6693466	24996900864	17319014400	403.8	23	0
2640.87	6693466	737151	6693466	24997318656	17319014400	399.8	23	0
2641.88	6693466	737151	6693466	24997548032	17319014400	403.6	23	0
2642.88	6693466	737151	6693466	24996786176	17319014400	399.7	23	0
2643.89	6693466	737151	6693466	24997089280	17319014400	399.7	23	0
2644.89	6693466	737151	6693466	24997105664	17319014400	403.6	23	0
2645.90	6693466	737151	6693466	24997363712	17319014400	399.6	23	0
2646.90	6693466	737151	6693466	24997617664	17319014400	403.7	23	0
2647.90	6693466	737151	6693466	24997412864	17319014400	399.7	23	0
2648.91	6693466	737151	6693466	24996769792	17319014400	403.7	23	0
2649.91	6693466	737151	6693466	24996519936	17319014400	399.7	23	0
2650.92	6693466	737151	6693466	24997126144	17319014400	403.6	23	0
2651.92	6693466	737151	6693466	24997011456	17319198720	399.6	23	0
2652.93	6693466	737151	6693466	24996839424	17319198720	399.8	23	0
2653.93	6693466	737151	6693466	24996474880	17319198720	403.6	23	0
2654.94	6693466	737151	6693466	24996388864	17319198720	399.7	23	0
2655.94	6693466	737151	6693466	24996392960	17319198720	403.8	23	0
2656.94	6693466	737151	6693466	24996913152	17319198720	399.7	23	0
2657.95	6693466	737151	6693466	24996642816	17319198720	403.7	23	0
2658.95	6693466	737151	6693466	24996896768	17319198720	399.7	23	0
2659.96	6693466	737151	6693466	24996929536	17319198720	403.6	23	0
2660.96	6693466	737151	6693466	24996921344	17319198720	399.7	23	0
2661.97	6693466	737151	6693466	24996917248	17319198720	399.7	23	0
2662.97	6693466	737151	6693466	24996732928	17319198720	403.7	23	0
2663.97	6693466	737151	6693466	24996581376	17319198720	399.7	23	0
2664.98	6693466	737151	6693466	24996913152	17319198720	403.6	23	0
2665.98	6693466	737151	6693466	24996933632	17319198720	399.7	23	0
2666.99	6693466	737151	6693466	24996921344	17319198720	403.6	23	0
2667.99	6693466	737151	6693466	24997031936	17319198720	399.6	23	0
2669.00	6693466	737151	6693466	24997318656	17319198720	399.7	23	0
2670.00	6693466	737151	6693466	24996925440	17319198720	403.7	23	0
2671.01	6693466	737151	6693466	24997343232	17319198720	399.6	23	0
2672.01	6693466	737151	6693466	24996917248	17319198720	403.6	23	0
2673.01	6693466	737151	6693466	24997126144	17319198720	399.6	23	0
2674.02	6693466	737151	6693466	24997130240	17319198720	403.7	23	0
2675.02	6693466	737151	6693466	24996761600	17319198720	399.7	23	0
2676.03	6693466	737151	6693466	24997081088	17319198720	403.6	23	0
2677.03	6693466	737151	6693466	24997089280	17319198720	399.7	23	0
2678.04	6693466	737151	6693466	24997044224	17319198720	399.6	23	0
2679.04	6693466	737151	6693466	24996843520	17319198720	403.5	23	0
2680.04	6693466	737151	6693466	24996491264	17319198720	399.7	23	0
2681.05	6693466	737151	6693466	24996638720	17319198720	403.5	23	0
2682.05	6693466	737151	6693466	24996896768	17319198720	399.6	23	0
2683.06	6693466	737151	6693466	24996904960	17319198720	403.8	23	0
2684.06	6693466	737151	6693466	24996859904	17319198720	399.6	23	0
2685.07	6693466	737151	6693466	24996782080	17319198720	399.7	23	0
2686.07	6693466	737151	6693466	24996941824	17319198720	403.6	23	0
2687.08	6693466	737151	6693466	24996933632	17319198720	399.7	23	0
2688.08	6693466	737151	6693466	24996827136	17319198720	403.7	23	0
2689.08	6693466	737151	6693466	24996806656	17319198720	399.7	23	0
2690.09	6693466	737151	6693466	24996876288	17319198720	403.7	23	0
2691.09	6693466	737151	6693466	24997040128	17319198720	399.7	23	0
2692.10	6693466	737151	6693466	24996487168	17319198720	403.7	23	0
2693.10	6693466	737151	6693466	24996904960	17319198720	399.6	23	0
2694.11	6693466	737151	6693466	24996495360	17319198720	399.6	23	0
2695.11	6693466	737151	6693466	24997036032	17319198720	403.7	23	0
2696.11	6693466	737151	6693466	24997027840	17319198720	399.6	23	0
2697.12	6693466	737151	6693466	24996749312	17319198720	403.6	23	0
2698.12	6693466	737151	6693466	24996986880	17319198720	399.7	23	0
2699.13	6693466	737151	6693466	24996757504	17319198720	403.7	23	0
2700.13	6693466	737151	6693466	24996900864	17319198720	399.6	23	0
2701.14	6693466	737151	6693466	24996888576	17319198720	399.7	23	0
2702.14	6693466	737151	6693466	24997171200	17319198720	403.6	23	0
2703.15	6693466	737151	6693466	24997408768	17319198720	399.6	23	0
2704.15	6693466	737151	6693466	24996634624	17319198720	403.6	23	0
2705.15	6693466	737151	6693466	24996814848	17319198720	399.7	23	0
2706.16	6693466	737151	6693466	24996818944	17319198720	403.7	23	0
2707.16	6693466	737151	6693466	24996593664	17319198720	399.8	23	0
2708.17	6693466	737151	6693466	24997134336	17319198720	403.7	23	0
2709.17	6693466	737151	6693466	24997109760	17319198720	399.6	23	0
2710.18	6693466	737151	6693466	24997228544	17319198720	399.8	23	0
2711.18	6693466	737151	6693466	24996827136	17319198720	403.6	23	0
2712.19	6693466	737151	6693466	24996687872	17319198720	399.7	23	0
2713.19	6693466	737151	6693466	24996941824	17319198720	403.6	23	0
2714.19	6693466	737151	6693466	24996679680	17319198720	399.8	23	0
2715.20	6693466	737151	6693466	24997068800	17319198720	403.6	23	0
2716.20	6693466	737151	6693466	24997261312	17319198720	399.6	23	0
2717.21	6693466	737151	6693466	24996286464	17319198720	399.7	23	0
2718.21	6693466	737151	6693466	24996265984	17319198720	403.9	23	0
2719.22	6693466	737151	6693466	24996270080	17319198720	399.8	23	0
2720.22	6693466	737151	6693466	24996274176	17319198720	403.7	23	0
2721.23	6693466	737151	6693466	24996716544	17319198720	399.6	23	0
2722.23	6693466	737151	6693466	24996667392	17319198720	403.6	23	0
2723.23	6693466	737151	6693466	24996917248	17319198720	399.8	23	0
2724.24	6693466	737151	6693466	24997183488	17319198720	403.7	23	0
2725.24	6693466	737151	6693466	24996909056	17319198720	399.7	23	0
2726.25	6693466	737151	6693466	24996319232	17319198720	399.7	23	0
2727.25	6693466	737151	6693466	24996712448	17319198720	403.6	23	0
2728.25	6693466	737151	6693466	24996347904	17319198720	399.8	23	0
2729.26	6693466	737151	6693466	24996151296	17319198720	403.8	23	0
2730.26	6693466	737151	6693466	24996601856	17319198720	399.6	23	0
2731.27	6693466	737151	6693466	24996724736	17319198720	399.6	23	0
2732.27	6693466	737151	6693466	24996823040	17319198720	403.6	23	0
2733.28	6693466	737151	6693466	24996630528	17319198720	399.7	23	0
2734.28	6693466	737151	6693466	24996556800	17319198720	403.5	23	0
2735.28	6693466	737151	6693466	24996835328	17319198720	399.7	23	0
2736.29	6693466	737151	6693466	24996843520	17319198720	403.6	23	0
2737.29	6693466	737151	6693466	24997117952	17319198720	399.6	23	0
2738.30	6693466	737151	6693466	24996716544	17319198720	403.7	23	0
2739.30	6693466	737151	6693466	24997236736	17319198720	399.5	23	0
2740.31	6693466	737151	6693466	24996737024	17319198720	399.6	23	0
2741.31	6693466	737151	6693466	24996630528	17319198720	403.7	23	0
2742.31	6693466	737151	6693466	24996831232	17319198720	399.6	23	0
2743.32	6693466	737151	6693466	24996569088	17319198720	403.6	23	0
2744.32	6693466	737151	6693466	24996487168	17319198720	399.6	23	0
2745.33	6693466	737151	6693466	24996724736	17319198720	403.7	23	0
2746.33	6693466	737151	6693466	24996651008	17319198720	399.6	23	0
2747.34	6693466	737151	6693466	24996925440	17319198720	399.6	23	0
2748.34	6693466	737151	6693466	24996626432	17319198720	403.7	23	0
2749.34	6693466	737151	6693466	24996892672	17319198720	399.7	23	0
2750.35	6693466	737151	6693466	24996814848	17319198720	403.6	23	0
2751.35	6693466	737151	6693466	24997027840	17319198720	399.7	23	0
2752.36	6693466	737151	6693466	24997097472	17319198720	399.7	23	0
2753.36	6693466	737151	6693466	24996335616	17319198720	403.6	23	0
2754.37	6693466	737151	6693466	24996433920	17319198720	399.6	23	0
2755.37	6693466	737151	6693466	24996909056	17319198720	403.7	23	0
2756.37	6693466	737151	6693466	24996708352	17319198720	399.7	23	0
2757.38	6693466	737151	6693466	24997236736	17319198720	399.7	23	0
2758.38	6693466	737151	6693466	24996835328	17319198720	403.5	23	0
2759.39	6693466	737151	6693466	24996765696	17319198720	399.6	23	0
2760.39	6693466	737151	6693466	24996950016	17319198720	403.6	23	0
2761.39	6693466	737151	6693466	24996966400	17319198720	399.7	23	0
2762.40	6693466	737151	6693466	24997011456	17319198720	403.7	23	0
2763.40	6693466	737151	6693466	24996651008	17319198720	399.7	23	0
2764.41	6693466	737151	6693466	24996474880	17319198720	399.7	23	0
2765.41	6693466	737151	6693466	24996683776	17319198720	403.8	23	0
2766.41	6693466	737151	6693466	24996708352	17319198720	399.7	23	0
2767.42	6693466	737151	6693466	24996868096	17319198720	403.8	23	0
2768.42	6693466	737151	6693466	24996884480	17319198720	399.7	23	0
2769.43	6693466	737151	6693466	24996634624	17319198720	399.7	23	0
2770.43	6693466	737151	6693466	24996851712	17319198720	403.6	23	0
2771.43	6693466	737151	6693466	24996839424	17319198720	399.7	23	0
2772.44	6693466	737151	6693466	24996839424	17319198720	403.7	23	0
2773.44	6693466	737151	6693466	24996978688	17319198720	399.7	23	0
2774.45	6693466	737151	6693466	24996552704	17319198720	399.8	23	0
2775.45	6693466	737151	6693466	24996442112	17319198720	403.6	23	0
2776.45	6693466	737151	6693466	24996618240	17319198720	399.7	23	0
2777.46	6693466	737151	6693466	24996839424	17319198720	403.7	23	0
2778.46	6693466	737151	6693466	24996495360	17319198720	399.8	23	0
2779.47	6693466	737151	6693466	24996864000	17319198720	399.6	23	0
2780.47	6693466	737151	6693466	24996880384	17319198720	403.7	23	0
2781.47	6693466	737151	6693466	24997212160	17319198720	399.8	23	0
2782.48	6693466	737151	6693466	24996749312	17319198720	403.7	23	0
2783.48	6693466	737151	6693466	24996622336	17319198720	399.6	23	0
2784.49	6693466	737151	6693466	24996794368	17319198720	399.7	23	0
2785.49	6693466	737151	6693466	24997076992	17319198720	403.6	23	0
2786.49	6693466	737151	6693466	24997195776	17319198720	399.7	23	0
2787.50	6693466	737151	6693466	24996569088	17319198720	403.7	23	0
2788.50	6693466	737151	6693466	24997015552	17319198720	399.6	23	0
2789.51	6693466	737151	6693466	24996765696	17319198720	399.7	23	0
2790.51	6693466	737151	6693466	24996642816	17319198720	403.7	23	0
2791.51	6693466	737151	6693466	24996749312	17319198720	399.7	23	0
2792.52	6693466	737151	6693466	24996675584	17319198720	403.8	23	0
2793.52	6693466	737151	6693466	24996843520	17319198720	399.7	23	0
2794.53	6693466	737151	6693466	24996499456	17319198720	399.8	23	0
2795.53	6693466	737151	6693466	24996630528	17319198720	403.6	23	0
2796.53	6693466	737151	6693466	24996995072	17319198720	399.8	23	0
2797.54	6693466	737151	6693466	24996884480	17319198720	403.6	23	0
2798.54	6693466	737151	6693466	24996585472	17319198720	399.8	23	0
2799.55	6693466	737151	6693466	24996544512	17319198720	399.7	23	0
2800.55	6693466	737151	6693466	24996519936	17319198720	403.6	23	0
2801.55	6693466	737151	6693466	24996806656	17319198720	399.9	23	0
2802.56	6693466	737151	6693466	24996888576	17319198720	403.7	23	0
2803.56	6693466	737151	6693466	24996986880	17319198720	399.6	23	0
2804.57	6693466	737151	6693466	24996446208	17319198720	403.6	23	0
2805.57	6693466	737151	6693466	24996691968	17319198720	399.6	23	0
2806.58	6693466	737151	6693466	24996802560	17319198720	399.8	23	0
2807.58	6693466	737151	6693466	24997163008	17319198720	403.7	23	0
2808.58	6693466	737151	6693466	24996933632	17319198720	399.8	23	0
2809.59	6693466	737151	6693466	24997019648	17319198720	403.8	23	0
2810.59	6693466	737151	6693466	24997195776	17319198720	399.7	23	0
2811.60	6693466	737151	6693466	24996429824	17319198720	399.6	23	0
2812.60	6693466	737151	6693466	24996315136	17319198720	403.7	23	0
2813.60	6693466	737151	6693466	24996724736	17319198720	399.8	23	0
2814.61	6693466	737151	6693466	24996732928	17319198720	403.7	23	0
2815.61	6693466	737151	6693466	24997433344	17319198720	399.6	23	0
2816.62	6693466	737151	6693466	24996716544	17319198720	399.7	23	0
2817.62	6693466	737151	6693466	24996970496	17319198720	403.7	23	0
2818.62	6693466	737151	6693466	24997072896	17319198720	399.8	23	0
2819.63	6693466	737151	6693466	24996569088	17319198720	403.7	23	0
2820.63	6693466	737151	6693466	24996577280	17319198720	399.7	23	0
2821.64	6693466	737151	6693466	24996466688	17319198720	399.8	23	0
2822.64	6693466	737151	6693466	24996618240	17319198720	403.7	23	0
2823.64	6693466	737151	6693466	24997105664	17319198720	399.6	23	0
2824.65	6693466	737151	6693466	24996851712	17319198720	403.7	23	0
2825.65	6693466	737151	6693466	24996855808	17319198720	399.7	23	0
2826.66	6693466	737151	6693466	24996605952	17319198720	403.6	23	0
2827.66	6693466	737151	6693466	24996864000	17319198720	399.6	23	0
2828.67	6693466	737151	6693466	24996573184	17319198720	399.6	23	0
2829.67	6693466	737151	6693466	24996634624	17319198720	403.5	23	0
2830.67	6693466	737151	6693466	24997154816	17319198720	399.7	23	0
2831.68	6693466	737151	6693466	24996896768	17319198720	403.6	23	0
2832.68	6693466	737151	6693466	24997146624	17319198720	399.6	23	0
2833.69	6693466	737151	6693466	24997531648	17319198720	403.6	23	0
2834.69	6693466	737151	6693466	24996761600	17319198720	399.7	23	0
2835.70	6693466	737151	6693466	24997240832	17319198720	399.6	23	0
2836.70	6693466	737151	6693466	24996892672	17319198720	403.6	23	0
2837.71	6693466	737151	6693466	24996941824	17319198720	399.7	23	0
2838.71	6693466	737151	6693466	24997232640	17319198720	403.6	23	0
2839.71	6693466	738158	6693466	24998735872	17319198720	419.4	23	0
2840.72	6693466	743303	6693466	25004023808	17319198720	510.4	23	0
2841.72	6693466	748438	6693466	25009160192	17319198720	505.5	23	0
2842.73	6693466	753573	6693466	25014755328	17319198720	505.7	23	0
2843.73	6693466	758677	6693466	25020125184	17319198720	510.8	23	0
2844.74	6693466	763764	6693466	25024438272	17319198720	505.4	23	0
2845.74	6693466	768865	6693466	25030340608	17319198720	510.2	23	0
2846.74	6693466	773997	6693466	25035722752	17319198720	505.2	23	0
2847.75	6693466	779157	6693466	25040502784	17319198720	510.3	23	0
2848.75	6693466	784307	6693466	25045622784	17319198720	505.5	23	0
2849.76	6693466	789457	6693466	25051209728	17319198720	505.5	23	0
2850.76	6693466	794642	6693466	25057042432	17319198720	510.1	23	0
2851.76	6693466	799825	6693466	25062621184	17319198720	505.3	23	0
2852.77	6693466	805022	6693466	25067704320	17319198720	510.4	23	0
2853.77	6693466	810186	6693466	25073250304	17319198720	505.1	23	0
2854.78	6693466	813281	6693466	25076006912	17319198720	467.8	23	0
2855.78	6693466	813281	6693466	25076281344	17319198720	399.5	23	0
2856.79	6693466	813281	6693466	25075826688	17319198720	399.7	23	0
2857.79	6693466	813281	6693466	25076146176	17319198720	403.6	23	0
2858.79	6693466	813281	6693466	25075765248	17319198720	399.7	23	0
2859.80	6693466	813281	6693466	25075646464	17319198720	403.6	23	0
2860.80	6693466	813281	6693466	25075585024	17319198720	399.6	23	0
2861.81	6693466	813281	6693466	25075306496	17319198720	403.7	23	0
2862.81	6693466	813281	6693466	25075077120	17319198720	399.6	23	0
2863.82	6693466	813281	6693466	25075085312	17319198720	399.6	23	0
2864.82	6693466	813281	6693466	25074429952	17319198720	403.7	23	0
2865.82	6693466	813281	6693466	25074970624	17319198720	399.6	23	0
2866.83	6693466	813281	6693466	25074933760	17319198720	403.6	23	0
2867.83	6693466	813281	6693466	25074941952	17319198720	399.7	23	0
2868.84	6693466	813281	6693466	25074941952	17319198720	403.7	23	0
2869.84	6693466	813281	6693466	25074921472	17319198720	399.7	23	0
2870.85	6693466	813281	6693466	25074999296	17319198720	399.6	23	0
2871.85	6693466	813281	6693466	25075539968	17319198720	403.6	23	0
2872.86	6693466	813281	6693466	25075277824	17319198720	399.8	23	0
2873.86	6693466	813281	6693466	25075015680	17319198720	403.7	23	0
2874.86	6693466	813281	6693466	25074802688	17319198720	399.7	23	0
2875.87	6693466	813281	6693466	25074831360	17319198720	403.6	23	0
2876.87	6693466	813281	6693466	25075118080	17319198720	399.7	23	0
2877.88	6693466	813281	6693466	25074876416	17319198720	399.8	23	0
2878.88	6693466	813281	6693466	25074425856	17319198720	403.7	23	0
2879.88	6693466	813281	6693466	25074819072	17319198720	399.7	23	0
2880.89	6693466	813281	6693466	25075175424	17319198720	403.6	23	0
2881.89	6693466	813281	6693466	25075228672	17319198720	399.8	23	0
2882.90	6693466	813281	6693466	25074806784	17319198720	399.9	23	0
2883.90	6693466	813281	6693466	25074896896	17319198720	403.8	23	0
2884.90	6693466	813281	6693466	25074843648	17319198720	399.8	23	0
2885.91	6693466	813281	6693466	25075081216	17319198720	403.7	23	0
2886.91	6693466	813281	6693466	25075154944	17319198720	399.7	23	0
2887.92	6693466	813281	6693466	25074946048	17319198720	399.8	23	0
2888.92	6693466	813281	6693466	25074814976	17319198720	403.8	23	0
2889.92	6693466	813281	6693466	25075150848	17319198720	399.7	23	0
2890.93	6693466	813281	6693466	25075011584	17319198720	403.9	23	0
2891.93	6693466	813281	6693466	25075142656	17319198720	399.7	23	0
2892.94	6693466	813281	6693466	25074544640	17319198720	399.9	23	0
2893.94	6693466	813281	6693466	25074950144	17319198720	403.8	23	0
2894.94	6693466	813281	6693466	25074708480	17319198720	399.7	23	0
2895.95	6693466	813281	6693466	25075204096	17319198720	403.8	23	0
2896.95	6693466	813281	6693466	25075179520	17319198720	399.7	23	0
2897.96	6693466	813281	6693466	25075286016	17319198720	403.7	23	0
2898.96	6693466	813281	6693466	25075281920	17319198720	399.7	23	0
2899.97	6693466	813281	6693466	25074970624	17319198720	399.8	23	0
2900.97	6693466	813281	6693466	25075355648	17319198720	403.7	23	0
2901.97	6693466	813281	6693466	25075367936	17319198720	399.7	23	0
2902.98	6693466	813281	6693466	25074933760	17319198720	403.7	23	0
2903.98	6693466	815662	6693466	25077792768	17319198720	448.5	23	0
2904.99	6693466	820809	6693466	25083265024	17319198720	505.3	23	0
2905.99	6693466	825972	6693466	25089101824	17319198720	509.9	23	0
2906.99	6693466	831133	6693466	25093685248	17319198720	505.0	23	0
2908.00	6693466	832513	6693466	25094995968	17319198720	433.0	23	0
2909.00	6693466	832513	6693466	25094815744	17319198720	399.6	23	0
2910.01	6693466	832513	6693466	25094942720	17319198720	403.7	23	0
2911.01	6693466	832513	6693466	25094995968	17319198720	399.6	23	0
2912.02	6693466	832513	6693466	25094836224	17319198720	399.8	23	0
2913.02	6693466	832513	6693466	25094885376	17319198720	403.6	23	0
2914.02	6693466	832513	6693466	25094639616	17319198720	399.7	23	0
2915.03	6693466	832513	6693466	25094950912	17319198720	403.7	23	0
2916.03	6693466	832513	6693466	25095536640	17319198720	399.8	23	0
2917.04	6693466	832513	6693466	25095512064	17319198720	399.7	23	0
2918.04	6693466	832513	6693466	25095520256	17319198720	403.7	23	0
2919.04	6693466	832513	6693466	25095155712	17319198720	399.8	23	0
2920.05	6693466	832513	6693466	25094733824	17319198720	403.7	23	0
2921.05	6693466	832513	6693466	25094721536	17319198720	399.8	23	0
2922.06	6693466	832513	6693466	25094926336	17319198720	399.7	23	0
2923.06	6693466	832513	6693466	25095086080	17319198720	403.7	23	0
2924.06	6693466	832513	6693466	25094774784	17319198720	399.7	23	0
2925.07	6693466	832513	6693466	25094881280	17319198720	403.8	23	0
2926.07	6693466	832513	6693466	25095151616	17319198720	399.8	23	0
2927.08	6693466	832513	6693466	25094897664	17319198720	399.9	23	0
2928.08	6693466	832513	6693466	25095036928	17319198720	403.7	23	0
2929.08	6693466	832513	6693466	25095139328	17319198720	399.7	23	0
2930.09	6693466	832513	6693466	25095143424	17319198720	403.8	23	0
2931.09	6693466	832513	6693466	25095311360	17319198720	399.8	23	0
2932.10	6693466	832513	6693466	25095307264	17319198720	399.7	23	0
2933.10	6693466	832513	6693466	25095327744	17319198720	403.7	23	0
2934.10	6693466	832513	6693466	25094852608	17319198720	399.8	23	0
2935.11	6693466	832513	6693466	25094819840	17319198720	403.6	23	0
2936.11	6693466	832513	6693466	25095421952	17319198720	399.6	23	0
2937.12	6693466	832513	6693466	25095688192	17319198720	403.7	23	0
2938.12	6693466	832513	6693466	25095139328	17319198720	399.5	23	0
2939.13	6693466	832513	6693466	25094905856	17319198720	399.7	23	0
2940.13	6693466	832513	6693466	25094492160	17319198720	403.8	23	0
2941.13	6693466	832513	6693466	25094766592	17319198720	399.8	23	0
2942.14	6693466	832513	6693466	25094463488	17319198720	403.8	23	0
2943.14	6693466	832513	6693466	25094320128	17319198720	399.6	23	0
2944.15	6693466	832513	6693466	25094709248	17319198720	399.9	23	0
2945.15	6693466	832513	6693466	25094774784	17319198720	403.7	23	0
2946.15	6693466	832513	6693466	25095036928	17319198720	399.8	23	0
2947.16	6693466	832513	6693466	25095049216	17319198720	403.7	23	0
2948.16	6693466	832513	6693466	25094807552	17319198720	399.7	23	0
2949.17	6693466	832513	6693466	25094811648	17319198720	403.7	23	0
2950.17	6693466	832513	6693466	25094582272	17319198720	399.7	23	0
2951.18	6693466	832513	6693466	25095110656	17319202816	399.7	23	0
2952.18	6693466	832513	6693466	25095118848	17319202816	403.7	23	0
2953.18	6693466	832513	6693466	25094828032	17319202816	399.6	23	0
2954.19	6693466	832513	6693466	25094660096	17319202816	403.7	23	0
2955.19	6693466	832513	6693466	25095192576	17319202816	399.8	23	0
2956.20	6693466	832513	6693466	25095073792	17319202816	399.8	23	0
2957.20	6693466	832513	6693466	25095061504	17319202816	403.7	23	0
2958.20	6693466	832513	6693466	25095094272	17319202816	399.8	23	0
2959.21	6693466	832513	6693466	25094418432	17319202816	403.8	23	0
2960.21	6693466	832513	6693466	25094443008	17319202816	399.8	23	0
2961.22	6693466	832513	6693466	25094746112	17319202816	399.8	23	0
2962.22	6693466	832513	6693466	25094676480	17319202816	403.7	23	0
2963.22	6693466	832513	6693466	25094742016	17319202816	399.8	23	0
2964.23	6693466	832513	6693466	25094844416	17319202816	403.7	23	0
2965.23	6693466	832513	6693466	25094873088	17319202816	399.8	23	0
2966.24	6693466	832513	6693466	25095036928	17319202816	399.8	23	0
2967.24	6693466	832513	6693466	25095307264	17319202816	403.9	23	0
2968.24	6693466	832513	6693466	25094950912	17319202816	399.7	23	0
2969.25	6693466	832513	6693466	25095000064	17319202816	403.8	23	0
2970.25	6693466	832513	6693466	25094664192	17319202816	399.7	23	0
2971.26	6693466	832513	6693466	25094946816	17319202816	399.7	23	0
2972.26	6693466	832513	6693466	25095217152	17319202816	403.8	23	0
2973.27	6693466	832513	6693466	25094762496	17319202816	399.7	23	0
2974.27	6693466	832513	6693466	25094238208	17319202816	403.8	23	0
2975.27	6693466	832513	6693466	25094443008	17319202816	399.7	23	0
2976.28	6693466	832513	6693466	25094967296	17319202816	403.9	23	0
2977.28	6693466	832513	6693466	25095352320	17319202816	400.2	23	0
2978.29	6693466	832513	6693466	25095180288	17319202816	399.4	23	0
2979.29	6693466	832513	6693466	25094864896	17319202816	403.8	23	0
2980.29	6693466	832513	6693466	25094500352	17319202816	399.8	23	0
2981.30	6693466	832513	6693466	25094754304	17319202816	403.6	23	0
2982.30	6693466	832513	6693466	25095131136	17319202816	399.7	23	0
2983.31	6693466	836557	6693466	21900943360	14126895104	118.3	18	0
2984.31	6693466	841692	6693466	21906407424	14126895104	107.0	18	0
2985.31	6693466	846856	6693466	21911330816	14126895104	105.9	18	0
2986.32	6693466	852002	6693466	21917437952	14126895104	107.0	18	0
2987.32	5020099	855960	5020099	9962573824	2817327104	143.4	2	0
