t_s	temp_kb	out_kb	converted_kb	mem_bytes	anon_bytes	cpu_pct	pids	fifos
0.00	0	0	0	6176768	323584	35.0	2	0
1.00	0	0	0	647577600	631943168	98.7	2	0
2.01	0	0	0	898732032	872706048	100.0	2	0
3.01	0	0	0	1334353920	1301282816	101.0	2	0
4.01	0	1	0	1844080640	1795002368	100.0	2	0
5.02	0	1	0	2245001216	2196938752	101.0	2	0
6.02	0	1	0	2555740160	2508972032	100.0	2	0
7.03	0	1	0	2805817344	2758545408	100.0	2	0
8.03	105986	2	105986	2947743744	2786172928	101.0	2	0
9.03	378892	2	378892	3227574272	2785091584	100.0	2	0
10.04	652220	2	652220	3508350976	2785091584	101.0	2	0
11.04	925289	2	925289	3788705792	2785091584	100.0	2	0
12.05	1198835	2	1198835	4069343232	2785091584	100.0	2	0
13.05	1472606	2	1472606	4350050304	2785091584	101.0	2	0
14.05	1746130	2	1746130	4631105536	2785091584	100.0	2	0
15.06	2020334	2	2020334	4912410624	2785091584	100.0	2	0
16.06	2294808	2	2294808	5194223616	2785091584	101.0	2	0
17.06	2569521	2	2569521	5476110336	2785091584	100.0	2	0
18.07	2844414	2	2844414	5758013440	2785091584	101.0	2	0
19.07	3119278	2	3119278	6039859200	2785091584	100.0	2	0
20.08	3393641	2	3393641	6321467392	2785091584	100.0	2	0
21.08	3668309	2	3668309	6606225408	2791710720	100.9	2	0
22.08	3944293	2	3944293	6889426944	2791710720	100.0	2	0
23.09	4220161	2	4220161	7172743168	2791710720	101.0	2	0
24.09	4495759	2	4495759	7455510528	2791710720	100.0	2	0
25.10	4771285	2	4771285	7738150912	2791710720	100.0	2	0
26.10	5046642	2	5046642	8020783104	2791710720	101.0	2	0
27.10	5321180	2	5321180	8302706688	2791710720	100.0	2	0
28.11	5596420	2	5596420	8585076736	2791710720	101.0	2	0
29.11	5871565	2	5871565	8867737600	2791710720	100.0	2	0
30.12	6146400	2	6146400	9149489152	2791710720	100.0	2	0
31.12	6421208	2	6421208	9431773184	2793799680	101.0	2	0
32.12	6693466	3	6693466	9713192960	2794840064	100.6	3	0
33.13	6693466	3	6693466	11548528640	4626128896	100.3	6	0
34.13	6693466	3	6693466	13383241728	6456045568	211.7	15	0
35.14	6693466	3	6693466	15248953344	8317825024	499.3	15	0
36.14	6693466	3	6693466	17139240960	10201763840	719.0	24	0
37.14	6693466	3	6693466	18987900928	12047319040	901.0	24	0
38.15	6693466	3	6693466	20863037440	13917945856	1233.4	33	0
39.15	6693466	3	6693466	22631272448	15682359296	1319.2	38	0
40.16	6693466	3	6693466	22724452352	15774752768	1621.7	38	0
41.16	6693466	3	6693466	22757486592	15807533056	1608.5	38	0
42.17	6693466	20	6693466	22784024576	15833878528	1623.5	38	0
43.17	6693466	20	6693466	22812930048	15863717888	1610.0	38	0
44.18	6693466	136	6693466	22831370240	15881891840	1626.0	38	0
45.19	6693466	2323	6693466	22855950336	15903113216	1680.3	38	0
46.19	6693466	2323	6693466	22869241856	15917707264	1623.9	38	0
47.20	6693466	2770	6693466	22881214464	15929344000	1638.8	38	0
48.20	6693466	2770	6693466	22894645248	15942062080	1608.7	38	0
49.21	6693466	2902	6693466	22905958400	15952498688	1627.6	38	0
50.21	6693466	2902	6693466	22910545920	15958343680	1609.0	38	0
51.22	6693466	3465	6693466	22917771264	15964262400	1641.6	38	0
52.23	6693466	3465	6693466	22932819968	15979585536	1608.4	38	0
53.23	6693466	3465	6693466	22952882176	16000212992	1623.8	38	0
54.24	6693466	3465	6693466	22992822272	16039493632	1609.0	38	0
55.24	6693466	5204	6693466	23008415744	16053927936	1679.8	38	0
56.25	6693466	5552	6693466	23020277760	16065605632	1635.4	38	0
57.25	6693466	5552	6693466	23032147968	16077062144	1609.5	38	0
58.26	6693466	5784	6693466	23041564672	16086138880	1630.2	38	0
59.26	6693466	6945	6693466	23049490432	16091955200	1646.7	38	0
60.27	6693466	6945	6693466	23054409728	16097382400	1623.6	38	0
61.28	6693466	6945	6693466	23061708800	16105181184	1608.1	38	0
62.28	6693466	6945	6693466	23070588928	16113811456	1624.1	38	0
63.29	6693466	6945	6693466	23084064768	16127098880	1624.1	38	0
64.29	6693466	6945	6693466	23098015744	16140996608	1608.3	38	0
65.30	6693466	6945	6693466	23112130560	16154796032	1623.9	38	0
66.30	6693466	6945	6693466	23125348352	16168607744	1609.8	38	0
67.31	6693466	7525	6693466	23145476096	16188219392	1641.3	38	0
68.31	6693466	7525	6693466	23159345152	16201617408	1608.2	38	0
69.32	6693466	7525	6693466	23173054464	16215494656	1623.5	38	0
70.33	6693466	7525	6693466	23186681856	16228966400	1609.2	38	0
71.33	6693466	7525	6693466	23208337408	16250568704	1623.5	38	0
72.34	6693466	7525	6693466	23224016896	16265801728	1623.4	38	0
73.34	6693466	7525	6693466	23238090752	16280907776	1608.0	38	0
74.35	6693466	7525	6693466	23253880832	16296595456	1624.6	38	0
75.35	6693466	8286	6693466	23271043072	16311410688	1632.4	38	0
76.36	6693466	9243	6693466	23283351552	16323698688	1656.5	38	0
77.37	6693466	9243	6693466	23296380928	16336785408	1608.5	38	0
78.37	6693466	9243	6693466	23309684736	16349659136	1622.8	38	0
79.38	6693466	9243	6693466	23321616384	16362029056	1609.1	38	0
80.38	6693466	9243	6693466	23329529856	16368861184	1623.0	38	0
81.39	6693466	9243	6693466	23343484928	16383635456	1623.4	38	0
82.39	6693466	9243	6693466	23357583360	16398483456	1609.2	38	0
83.40	6693466	10892	6693466	23375470592	16413102080	1661.0	38	0
84.40	6693466	13880	6693466	23397117952	16432566272	1673.3	38	0
85.41	6693466	13880	6693466	23436161024	16471429120	1623.0	38	0
86.42	6693466	13880	6693466	23446568960	16482316288	1608.1	38	0
87.42	6693466	13880	6693466	23455350784	16490401792	1623.5	38	0
88.43	6693466	13880	6693466	23462715392	16498249728	1623.3	38	0
89.43	6693466	13880	6693466	23471079424	16506634240	1608.1	38	0
90.44	6693466	13880	6693466	23479422976	16515031040	1623.7	38	0
91.44	6693466	13880	6693466	23487401984	16523055104	1609.7	38	0
92.45	6693466	16207	6693466	23498088448	16531251200	1698.6	38	0
93.45	6693466	16207	6693466	23507116032	16539766784	1608.9	38	0
94.46	6693466	16207	6693466	23513608192	16547037184	1622.5	38	0
95.47	6693466	16207	6693466	23523758080	16555552768	1607.9	38	0
96.47	6693466	16207	6693466	23537324032	16569716736	1623.7	38	0
97.48	6693466	16207	6693466	23550742528	16583307264	1623.7	38	0
98.48	6693466	16207	6693466	23563923456	16596811776	1607.7	38	0
99.49	6693466	16207	6693466	23580954624	16613728256	1623.7	38	0
100.49	6693466	16207	6693466	23595298816	16627437568	1608.2	38	0
101.50	6693466	16207	6693466	23608856576	16641089536	1624.0	38	0
102.50	6693466	16207	6693466	23622316032	16654450688	1609.2	38	0
103.51	6693466	16207	6693466	23635345408	16667717632	1622.7	38	0
104.52	6693466	16207	6693466	23649693696	16681291776	1608.9	38	0
105.52	6693466	16207	6693466	23662632960	16694153216	1622.7	38	0
106.53	6693466	16207	6693466	23676051456	16707719168	1623.5	38	0
107.53	6693466	16207	6693466	23688028160	16720543744	1606.9	38	0
108.54	6693466	16770	6693466	23702032384	16733794304	1642.8	38	0
109.54	6693466	16770	6693466	23715835904	16747241472	1608.1	38	0
110.55	6693466	16770	6693466	23728955392	16760799232	1623.6	38	0
111.55	6693466	16770	6693466	23741886464	16773869568	1607.1	38	0
112.56	6693466	16770	6693466	23755415552	16787439616	1624.0	38	0
113.57	6693466	16770	6693466	23769206784	16801001472	1609.2	38	0
114.57	6693466	16770	6693466	23782494208	16814706688	1623.2	38	0
115.58	6693466	19493	6693466	23796948992	16825569280	1714.8	38	0
116.58	6693466	21854	6693466	23810887680	16837373952	1687.3	38	0
117.59	6693466	22994	6693466	23823224832	16848449536	1662.6	38	0
118.59	6693466	22994	6693466	23834435584	16859709440	1608.2	38	0
119.60	6693466	22994	6693466	23846170624	16870703104	1623.4	38	0
120.61	6693466	22994	6693466	23856025600	16881500160	1609.6	38	0
121.61	6693466	22994	6693466	23866740736	16892084224	1621.7	38	0
122.62	6693466	22994	6693466	23877824512	16903155712	1623.7	38	0
123.62	6693466	22994	6693466	23888666624	16914026496	1608.6	38	0
124.63	6693466	22994	6693466	23899009024	16924327936	1622.8	38	0
125.63	6693466	22994	6693466	23909896192	16935211008	1607.8	38	0
126.64	6693466	22994	6693466	23920164864	16945909760	1623.3	38	0
127.64	6693466	22994	6693466	23931523072	16956743680	1607.8	38	0
128.65	6693466	22994	6693466	23942418432	16967450624	1623.5	38	0
129.66	6693466	22994	6693466	23953567744	16978567168	1612.4	38	0
130.66	6693466	22994	6693466	23964348416	16989569024	1621.7	38	0
131.67	6693466	22994	6693466	23973404672	16999034880	1605.3	38	0
132.67	6693466	23735	6693466	23985704960	17010339840	1648.7	38	0
133.68	6693466	26920	6693466	24001314816	17021304832	1730.8	38	0
134.68	6693466	27614	6693466	24012783616	17032781824	1631.6	38	0
135.69	6693466	27614	6693466	24026554368	17046548480	1623.5	38	0
136.69	6693466	27614	6693466	24039378944	17060171776	1607.6	38	0
137.70	6693466	27614	6693466	24053575680	17073348608	1623.5	38	0
138.71	6693466	27614	6693466	24067420160	17087270912	1608.0	38	0
139.71	6693466	27614	6693466	24080064512	17100685312	1623.7	38	0
140.72	6693466	27614	6693466	24093569024	17114034176	1623.5	38	0
141.72	6693466	27631	6693466	24107126784	17127211008	1608.7	38	0
142.73	6693466	27631	6693466	24120193024	17140498432	1622.4	38	0
143.73	6693466	27631	6693466	24133181440	17153613824	1607.9	38	0
144.74	6693466	27631	6693466	24146980864	17167036416	1623.3	38	0
145.75	6693466	27631	6693466	24160346112	17180516352	1607.8	38	0
146.75	6693466	27631	6693466	24175005696	17194409984	1623.8	38	0
147.76	6693466	27631	6693466	24187600896	17208049664	1610.2	38	0
148.76	6693466	27631	6693466	24202420224	17221554176	1621.3	38	0
149.77	6693466	27631	6693466	24215400448	17234993152	1623.8	38	0
150.77	6693466	27631	6693466	24228614144	17248448512	1607.6	38	0
151.78	6693466	27631	6693466	24242225152	17261797376	1623.3	38	0
152.78	6693466	27631	6693466	24256012288	17275195392	1608.4	38	0
153.79	6693466	27631	6693466	24269082624	17290473472	1622.7	38	0
154.80	6693466	27631	6693466	24282165248	17304186880	1609.5	38	0
155.80	6693466	27631	6693466	24296022016	17317531648	1622.4	38	0
156.81	6693466	27631	6693466	24309383168	17330974720	1623.3	38	0
157.81	6693466	27631	6693466	24323043328	17344647168	1608.7	38	0
158.82	6693466	27631	6693466	24337350656	17359368192	1622.7	38	0
159.82	6693466	27631	6693466	24351830016	17373904896	1608.2	38	0
160.83	6693466	27631	6693466	24367075328	17388437504	1622.6	38	0
161.84	6693466	27631	6693466	24472141824	17493794816	1611.0	38	0
162.84	6693466	27631	6693466	24395583488	17416462336	1617.9	38	0
163.85	6693466	27631	6693466	24409956352	17431486464	1608.3	38	0
164.85	6693466	27631	6693466	24424927232	17446096896	1622.6	38	0
165.86	6693466	27631	6693466	24439353344	17460674560	1622.8	38	0
166.86	6693466	27631	6693466	24455397376	17476124672	1608.7	38	0
167.87	6693466	27631	6693466	24469000192	17490649088	1622.2	38	0
168.87	6693466	27631	6693466	24483942400	17505312768	1607.6	38	0
169.88	6693466	27631	6693466	24499404800	17520525312	1624.0	38	0
170.89	6693466	27631	6693466	24514580480	17535242240	1607.9	38	0
171.89	6693466	27631	6693466	24529457152	17550315520	1623.0	38	0
172.90	6693466	27631	6693466	24545591296	17567096832	1624.3	38	0
173.90	6693466	27631	6693466	24560160768	17581707264	1607.5	38	0
174.91	6693466	27631	6693466	24575778816	17596502016	1623.6	38	0
175.91	6693466	27631	6693466	24590512128	17611272192	1607.7	38	0
176.92	6693466	27631	6693466	24605863936	17626513408	1624.0	38	0
177.92	6693466	27631	6693466	24620752896	17641443328	1607.8	38	0
178.93	6693466	27631	6693466	24635285504	17656475648	1623.9	38	0
179.94	6693466	27631	6693466	24649834496	17671368704	1607.4	38	0
180.94	6693466	27631	6693466	24666128384	17686609920	1624.3	38	0
181.95	6693466	27631	6693466	24681197568	17702072320	1623.8	38	0
182.95	6693466	27631	6693466	24695898112	17716715520	1608.0	38	0
183.96	6693466	27631	6693466	24710483968	17731653632	1623.0	38	0
184.96	6693466	27631	6693466	24726777856	17746358272	1607.8	38	0
185.97	6693466	27631	6693466	24740196352	17761325056	1623.5	38	0
186.97	6693466	27631	6693466	24755617792	17776545792	1608.4	38	0
187.98	6693466	27631	6693466	24770400256	17791385600	1622.8	38	0
188.99	6693466	27631	6693466	24786145280	17806426112	1609.0	38	0
189.99	6693466	27631	6693466	24801554432	17821876224	1622.5	38	0
191.00	6693466	27631	6693466	24816513024	17837297664	1624.1	38	0
192.00	6693466	27631	6693466	24832864256	17852469248	1607.8	38	0
193.01	6693466	27631	6693466	24847601664	17867603968	1624.0	38	0
194.01	6693466	27631	6693466	24861876224	17882497024	1607.9	38	0
195.02	6693466	27631	6693466	24878129152	17897619456	1623.4	38	0
196.02	6693466	27631	6693466	24892346368	17912573952	1608.3	38	0
197.03	6693466	27631	6693466	24907239424	17927479296	1624.1	38	0
198.03	6693466	27631	6693466	24923082752	17942589440	1609.5	38	0
199.04	6693466	27631	6693466	24937525248	17957699584	1622.4	38	0
200.05	6693466	27631	6693466	24952840192	17973022720	1609.3	38	0
201.05	6693466	27631	6693466	24967704576	17988046848	1623.0	38	0
202.06	6693466	27631	6693466	24982867968	18003484672	1623.1	38	0
203.06	6693466	27631	6693466	24997863424	18018353152	1608.4	38	0
204.07	6693466	29298	6693466	25012940800	18030587904	1679.4	38	0
205.07	6693466	29909	6693466	25023119360	18039791616	1627.9	38	0
206.08	6693466	29909	6693466	25032777728	18049449984	1624.1	38	0
207.08	6693466	29909	6693466	25041448960	18059145216	1608.7	38	0
208.09	6693466	29909	6693466	25050935296	18068197376	1623.3	38	0
209.10	6693466	32617	6693466	25061535744	18076135424	1697.3	38	0
210.10	6693466	35095	6693466	25070985216	18083917824	1707.3	38	0
211.11	6693466	35095	6693466	25080135680	18092032000	1624.0	38	0
212.11	6693466	35095	6693466	25087803392	18100039680	1608.5	38	0
213.12	6693466	35095	6693466	25094868992	18107920384	1623.5	38	0
214.12	6693466	35095	6693466	25103777792	18116276224	1608.1	38	0
215.13	6693466	35095	6693466	25111564288	18124140544	1623.6	38	0
216.13	6693466	35095	6693466	25119346688	18132299776	1607.3	38	0
217.14	6693466	35095	6693466	25128525824	18140753920	1624.0	38	0
218.15	6693466	35095	6693466	25137741824	18149941248	1610.2	38	0
219.15	6693466	35095	6693466	25146101760	18158850048	1621.1	38	0
220.16	6693466	35095	6693466	25157033984	18168160256	1623.4	38	0
221.16	6693466	35095	6693466	25165148160	18177286144	1607.8	38	0
222.17	6693466	35095	6693466	25178394624	18190327808	1623.4	38	0
223.17	6693466	35095	6693466	25192701952	18205323264	1608.5	38	0
224.18	6693466	35095	6693466	25207844864	18219876352	1622.8	38	0
225.19	6693466	35095	6693466	25223192576	18235191296	1609.6	38	0
226.19	6693466	35095	6693466	25263685632	18275651584	1622.6	38	0
227.20	6693466	35095	6693466	25279959040	18291220480	1609.7	38	0
228.20	6693466	35095	6693466	25294217216	18305855488	1622.4	38	0
229.21	6693466	35095	6693466	25308729344	18321084416	1623.7	38	0
230.21	6693466	35095	6693466	25324711936	18336677888	1609.4	38	0
231.22	6693466	35095	6693466	25341042688	18352410624	1623.5	38	0
232.22	6693466	35095	6693466	25355591680	18367287296	1608.3	38	0
233.23	6693466	35095	6693466	25370095616	18382041088	1622.8	38	0
234.24	6693466	35095	6693466	25385394176	18397384704	1609.5	38	0
235.24	6693466	35095	6693466	25401520128	18412740608	1622.0	38	0
236.25	6693466	35095	6693466	25416065024	18429849600	1623.7	38	0
237.25	6693466	35095	6693466	25427513344	18441789440	1605.4	38	0
238.26	6693466	35095	6693466	25443549184	18457026560	1623.8	38	0
239.26	6693466	35095	6693466	25458327552	18472484864	1609.4	38	0
240.27	6693466	35095	6693466	25473892352	18487185408	1621.9	38	0
241.27	6693466	35095	6693466	25489440768	18502651904	1608.9	38	0
242.28	6693466	35095	6693466	25503989760	18517757952	1623.1	38	0
243.29	6693466	35095	6693466	25519067136	18532728832	1607.7	38	0
244.29	6693466	35095	6693466	25533976576	18547724288	1623.7	38	0
245.30	6693466	35095	6693466	25548955648	18562600960	1623.8	38	0
246.30	6693466	35095	6693466	25564422144	18577674240	1607.8	38	0
247.31	6693466	35095	6693466	25579130880	18592665600	1623.7	38	0
248.31	6693466	35095	6693466	25594019840	18607984640	1609.4	38	0
249.32	6693466	35095	6693466	25609715712	18623205376	1622.8	38	0
250.32	6693466	35095	6693466	25625485312	18638819328	1608.1	38	0
251.33	6693466	35095	6693466	25640316928	18653822976	1624.7	38	0
252.34	6693466	35095	6693466	25655730176	18668851200	1609.3	38	0
253.34	6693466	35095	6693466	25670709248	18683998208	1622.0	38	0
254.35	6693466	35095	6693466	25685299200	18699018240	1623.5	38	0
255.35	6693466	35095	6693466	25700564992	18713931776	1607.5	38	0
256.36	6693466	35095	6693466	25715449856	18729050112	1623.9	38	0
257.36	6693466	35095	6693466	25731010560	18744385536	1609.0	38	0
258.37	6693466	35095	6693466	25746190336	18759340032	1623.4	38	0
259.37	6693466	35095	6693466	25760854016	18774282240	1607.8	38	0
260.38	6693466	35095	6693466	25776275456	18789175296	1623.5	38	0
261.39	6693466	35095	6693466	25790140416	18803908608	1608.2	38	0
262.39	6693466	35095	6693466	25805873152	18818912256	1622.8	38	0
263.40	6693466	35095	6693466	25820430336	18833567744	1623.2	38	0
264.40	6693466	35095	6693466	25835692032	18848546816	1607.8	38	0
265.41	6693466	35095	6693466	25851199488	18864009216	1624.1	38	0
266.41	6693466	35095	6693466	25865408512	18879279104	1609.3	38	0
267.42	6693466	35095	6693466	25880915968	18894733312	1622.7	38	0
268.42	6693466	35095	6693466	25896591360	18910236672	1609.4	38	0
269.43	6693466	35095	6693466	25911148544	18925326336	1623.0	38	0
270.44	6693466	35095	6693466	25925513216	18939998208	1607.0	38	0
271.44	6693466	35095	6693466	25938141184	18952409088	1619.6	38	0
272.45	6693466	35095	6693466	25951334400	18965229568	1618.0	38	0
273.45	6693466	35095	6693466	25963139072	18977193984	1603.1	38	0
274.46	6693466	35095	6693466	25977532416	18991759360	1623.4	38	0
275.47	6693466	35095	6693466	25991770112	19006398464	1607.8	38	0
276.47	6693466	35095	6693466	26006237184	19019714560	1621.3	38	0
277.48	6693466	35095	6693466	26020458496	19034460160	1623.5	38	0
278.48	6693466	36430	6693466	26036609024	19048620032	1651.9	38	0
279.49	6693466	39588	6693466	26052464640	19061022720	1730.0	38	0
280.49	6693466	42789	6693466	26068004864	19073187840	1713.4	38	0
281.50	6693466	45975	6693466	26083291136	19085545472	1729.2	38	0
282.50	6693466	48548	6693466	26098761728	19098132480	1696.2	38	0
283.51	6693466	48548	6693466	26110332928	19110760448	1622.0	38	0
284.52	6693466	48548	6693466	26123984896	19123326976	1607.9	38	0
285.52	6693466	48548	6693466	26136879104	19136028672	1622.7	38	0
286.53	6693466	48548	6693466	26148651008	19148599296	1623.5	38	0
287.53	6693466	48548	6693466	26161168384	19161059328	1608.6	38	0
288.54	6693466	48548	6693466	26174746624	19174199296	1623.9	38	0
289.54	6693466	48548	6693466	26186702848	19187019776	1608.8	38	0
290.55	6693466	48548	6693466	26200772608	19199471616	1623.3	38	0
291.56	6693466	48548	6693466	26212982784	19211878400	1608.1	38	0
292.56	6693466	48548	6693466	26224984064	19224551424	1623.2	38	0
293.57	6693466	48548	6693466	26237358080	19237167104	1623.7	38	0
294.57	6693466	48548	6693466	26250158080	19249664000	1608.1	38	0
295.58	6693466	48548	6693466	26262798336	19262013440	1622.9	38	0
296.58	6693466	48548	6693466	26274705408	19274428416	1608.7	38	0
297.59	6693466	48548	6693466	26287325184	19286671360	1622.6	38	0
298.59	6693466	48548	6693466	26300903424	19299741696	1608.8	38	0
299.60	6693466	48548	6693466	26312822784	19312185344	1623.3	38	0
300.61	6693466	48548	6693466	26324852736	19324502016	1608.9	38	0
301.61	6693466	48548	6693466	26337677312	19336871936	1623.1	38	0
302.62	6693466	48548	6693466	26349760512	19349438464	1623.6	38	0
303.62	6693466	48548	6693466	26363301888	19362222080	1608.5	38	0
304.63	6693466	48548	6693466	26376134656	19374723072	1624.2	38	0
305.63	6693466	48548	6693466	26388480000	19387224064	1608.3	38	0
306.64	6693466	48548	6693466	26400456704	19399786496	1623.7	38	0
307.65	6693466	48548	6693466	26412961792	19411877888	1608.5	38	0
308.65	6693466	48548	6693466	26425864192	19424948224	1624.2	38	0
309.66	6693466	48548	6693466	26438447104	19437465600	1609.1	38	0
310.66	6693466	48548	6693466	26450980864	19449978880	1622.1	38	0
311.67	6693466	48548	6693466	26463383552	19462545408	1623.6	38	0
312.67	6693466	48548	6693466	26476064768	19474792448	1608.0	38	0
313.68	6693466	48548	6693466	26488987648	19487498240	1623.7	38	0
314.68	6693466	48548	6693466	26501238784	19500183552	1610.3	38	0
315.69	6693466	48548	6693466	26513924096	19512602624	1621.6	38	0
316.69	6693466	48548	6693466	26525978624	19525271552	1608.5	38	0
317.70	6693466	48548	6693466	26539966464	19538972672	1623.1	38	0
318.71	6693466	48548	6693466	26555158528	19554103296	1608.7	38	0
319.71	6693466	48548	6693466	26571931648	19569840128	1623.7	38	0
320.72	6693466	48548	6693466	26586722304	19585449984	1624.4	38	0
321.72	6693466	48548	6693466	26602274816	19600801792	1607.9	38	0
322.73	6693466	48548	6693466	26616733696	19616169984	1623.8	38	0
323.73	6693466	48548	6693466	26632429568	19631284224	1608.1	38	0
324.74	6693466	48548	6693466	26648190976	19646832640	1623.8	38	0
325.75	6693466	48548	6693466	26663456768	19662299136	1608.3	38	0
326.75	6693466	48548	6693466	26679001088	19677265920	1623.1	38	0
327.76	6693466	48548	6693466	26694389760	19692511232	1623.9	38	0
328.76	6693466	48548	6693466	26709213184	19707830272	1608.3	38	0
329.77	6693466	48548	6693466	26724683776	19723079680	1623.1	38	0
330.77	6693466	48548	6693466	26739949568	19738763264	1608.7	38	0
331.78	6693466	48548	6693466	26755825664	19754184704	1622.9	38	0
332.78	6693466	48548	6693466	26772160512	19769798656	1608.6	38	0
333.79	6693466	48548	6693466	26786926592	19784806400	1623.6	38	0
334.80	6693466	48548	6693466	26801360896	19799818240	1607.6	38	0
335.80	6693466	48548	6693466	26816839680	19814617088	1623.0	38	0
336.81	6693466	48548	6693466	26831822848	19829784576	1623.6	38	0
337.81	6693466	48548	6693466	26846322688	19846725632	1607.5	38	0
338.82	6693466	48548	6693466	26862456832	19862024192	1624.1	38	0
339.82	6693466	48548	6693466	26877796352	19877228544	1608.1	38	0
340.83	6693466	48548	6693466	26892337152	19892088832	1623.2	38	0
341.83	6693466	48548	6693466	26907156480	19907657728	1609.9	38	0
342.84	6693466	48548	6693466	26922012672	19922464768	1621.9	38	0
343.85	6693466	48548	6693466	26937065472	19937452032	1608.6	38	0
344.85	6693466	48548	6693466	26951876608	19952189440	1622.6	38	0
345.86	6693466	50053	6693466	26968862720	19966332928	1656.8	38	0
346.86	6693466	53221	6693466	26984423424	19978891264	1729.9	38	0
347.87	6693466	56392	6693466	27001032704	19992371200	1730.6	38	0
348.87	6693466	58339	6693466	27013070848	20002725888	1671.1	38	0
349.88	6693466	58339	6693466	27027116032	20016857088	1623.7	38	0
350.88	6693466	58339	6693466	27039768576	20030234624	1608.5	38	0
351.89	6693466	58339	6693466	27053858816	20043771904	1622.9	38	0
352.89	6693466	58339	6693466	27067174912	20056875008	1608.3	38	0
353.90	6693466	58339	6693466	27080994816	20070596608	1623.0	38	0
354.91	6693466	58339	6693466	27094401024	20084318208	1609.6	38	0
355.91	6693466	58339	6693466	27108216832	20097986560	1621.8	38	0
356.92	6693466	58339	6693466	27120717824	20111376384	1623.7	38	0
357.92	6693466	58339	6693466	27134676992	20125212672	1608.0	38	0
358.93	6693466	58339	6693466	27148034048	20138070016	1623.0	38	0
359.93	6693466	58339	6693466	27161251840	20151611392	1609.0	38	0
360.94	6693466	58339	6693466	27174805504	20165373952	1623.7	38	0
361.95	6693466	58339	6693466	27189309440	20179050496	1607.9	38	0
362.95	6693466	58339	6693466	27202420736	20192329728	1624.2	38	0
363.96	6693466	58339	6693466	27215327232	20205703168	1623.5	38	0
364.96	6693466	58339	6693466	27229945856	20219498496	1608.4	38	0
365.97	6693466	58339	6693466	27243503616	20233531392	1624.3	38	0
366.97	6693466	58339	6693466	27257536512	20247425024	1610.3	38	0
367.98	6693466	58339	6693466	27270897664	20261072896	1622.4	38	0
368.98	6693466	58339	6693466	27285544960	20274606080	1609.6	38	0
369.99	6693466	58339	6693466	27298349056	20288180224	1623.1	38	0
371.00	6693466	58339	6693466	27311935488	20301623296	1609.6	38	0
372.00	6693466	58339	6693466	27325517824	20315058176	1622.8	38	0
373.01	6693466	58339	6693466	27339431936	20329234432	1624.9	38	0
374.01	6693466	58339	6693466	27352899584	20343296000	1608.3	38	0
375.02	6693466	58339	6693466	27367342080	20356870144	1623.9	38	0
376.02	6693466	58339	6693466	27381690368	20370595840	1609.0	38	0
377.03	6693466	58339	6693466	27394609152	20384362496	1623.3	38	0
378.04	6693466	58339	6693466	27408535552	20398231552	1608.7	38	0
379.04	6693466	58339	6693466	27421933568	20411863040	1624.4	38	0
380.05	6693466	58339	6693466	27436609536	20425789440	1608.4	38	0
381.05	6693466	58339	6693466	27449479168	20439515136	1624.2	38	0
382.06	6693466	58339	6693466	27463901184	20452851712	1623.9	38	0
383.06	6693466	58339	6693466	27476959232	20466413568	1608.7	38	0
384.07	6693466	58339	6693466	27489550336	20479311872	1622.9	38	0
385.07	6693466	58339	6693466	27503403008	20493185024	1608.5	38	0
386.08	6693466	58339	6693466	27517997056	20507021312	1623.6	38	0
387.09	6693466	61264	6693466	27528990720	20515049472	1707.4	38	0
388.09	6693466	64383	6693466	27539517440	20522606592	1730.6	38	0
389.10	6693466	67505	6693466	27552108544	20530606080	1730.1	38	0
390.10	6693466	70638	6693466	27561644032	20537966592	1713.1	38	0
391.11	6693466	73795	6693466	27572129792	20546015232	1730.2	38	0
392.11	6693466	76950	6693466	27585036288	20553515008	1713.6	38	0
393.12	6693466	80070	6693466	27595534336	20561440768	1730.7	38	0
394.13	6693466	83193	6693466	27605987328	20569153536	1712.7	38	0
395.13	6693466	85696	6693466	27616976896	20577406976	1709.3	38	0
396.14	6693466	85696	6693466	27624439808	20585664512	1623.9	38	0
397.14	6693466	85696	6693466	27632619520	20593762304	1608.0	38	0
398.15	6693466	85696	6693466	27640344576	20601683968	1624.2	38	0
399.15	6693466	85696	6693466	27648008192	20609478656	1607.3	38	0
400.16	6693466	85696	6693466	27656572928	20617392128	1623.4	38	0
401.17	6693466	85696	6693466	27664568320	20625842176	1608.2	38	0
402.17	6693466	85696	6693466	27672862720	20633595904	1623.6	38	0
403.18	6693466	85696	6693466	27680206848	20641660928	1608.7	38	0
404.18	6693466	85696	6693466	27687890944	20649529344	1622.7	38	0
405.19	6693466	85696	6693466	27696070656	20657561600	1623.8	38	0
406.19	6693466	85696	6693466	27704061952	20665749504	1608.2	38	0
407.20	6693466	85696	6693466	27712991232	20673695744	1623.5	38	0
408.20	6693466	85696	6693466	27721392128	20682059776	1608.8	38	0
409.21	6693466	85696	6693466	27728289792	20689874944	1623.1	38	0
410.22	6693466	85696	6693466	27737141248	20697956352	1608.1	38	0
411.22	6693466	85696	6693466	27746242560	20706168832	1624.3	38	0
412.23	6693466	85696	6693466	27752534016	20714008576	1623.6	38	0
413.23	6693466	85696	6693466	27760934912	20721999872	1609.3	38	0
414.24	6693466	88609	6693466	27773136896	20730146816	1721.3	38	0
415.24	6693466	91734	6693466	27783720960	20738383872	1712.6	38	0
416.25	6693466	94896	6693466	27795701760	20745781248	1730.2	38	0
417.26	6693466	98137	6693466	27807084544	20753956864	1713.2	38	0
418.26	6693466	101315	6693466	27817836544	20761763840	1731.2	38	0
419.27	6693466	104224	6693466	27828183040	20769378304	1707.8	38	0
420.27	6693466	104224	6693466	27835637760	20779417600	1623.4	38	0
421.28	6693466	104224	6693466	27844382720	20787679232	1622.8	38	0
422.28	6693466	104224	6693466	27852374016	20795752448	1608.7	38	0
423.29	6693466	104224	6693466	27859853312	20804096000	1624.1	38	0
424.29	6693466	104224	6693466	27869798400	20813463552	1607.9	38	0
425.30	6693466	104224	6693466	27883585536	20827422720	1624.1	38	0
426.31	6693466	104224	6693466	27897610240	20841033728	1609.2	38	0
427.31	6693466	104224	6693466	27910320128	20854226944	1622.4	38	0
428.32	6693466	104224	6693466	27923333120	20866748416	1622.9	38	0
429.32	6693466	104224	6693466	27933065216	20876861440	1604.4	38	0
430.33	6693466	104224	6693466	27944591360	20887883776	1620.7	38	0
431.33	6693466	104224	6693466	27957075968	20900384768	1606.7	38	0
432.34	6693466	104224	6693466	27968270336	20911984640	1621.8	38	0
433.35	6693466	104224	6693466	27981459456	20925349888	1609.7	38	0
434.35	6693466	104224	6693466	27995009024	20938407936	1621.1	38	0
435.36	6693466	104224	6693466	28008431616	20951515136	1623.4	38	0
436.36	6693466	104224	6693466	28022120448	20965683200	1609.2	38	0
437.37	6693466	104224	6693466	28036280320	20979073024	1622.7	38	0
438.37	6693466	104224	6693466	28048883712	20991787008	1607.1	38	0
439.38	6693466	104224	6693466	28061814784	21005090816	1623.4	38	0
440.39	6693466	104224	6693466	28075114496	21018931200	1609.4	38	0
441.39	6693466	104224	6693466	28089143296	21031809024	1621.7	38	0
442.40	6693466	104224	6693466	28100513792	21043781632	1622.2	38	0
443.40	6693466	104224	6693466	28111056896	21054361600	1605.4	38	0
444.41	6693466	104224	6693466	28122570752	21065539584	1621.2	38	0
445.41	6693466	104224	6693466	28134125568	21077340160	1607.5	38	0
446.42	6693466	104224	6693466	28145205248	21088845824	1620.4	38	0
447.42	6693466	104224	6693466	28159225856	21102419968	1608.1	38	0
448.43	6693466	104224	6693466	28172926976	21115592704	1623.7	38	0
449.44	6693466	104224	6693466	28185485312	21128646656	1607.7	38	0
450.44	6693466	104224	6693466	28198883328	21142511616	1624.1	38	0
451.45	6693466	104224	6693466	28212973568	21156421632	1623.8	38	0
452.45	6693466	104224	6693466	28227055616	21170184192	1609.4	38	0
453.46	6693466	104224	6693466	28240846848	21183770624	1622.8	38	0
454.46	6693466	104224	6693466	28253818880	21196763136	1607.7	38	0
455.47	6693466	104224	6693466	28266754048	21209309184	1621.9	38	0
456.48	6693466	104224	6693466	28279169024	21222445056	1607.5	38	0
457.48	6693466	104224	6693466	28292657152	21235957760	1624.1	38	0
458.49	6693466	104224	6693466	28306751488	21249589248	1609.4	38	0
459.49	6693466	104224	6693466	28321079296	21263704064	1623.3	38	0
460.50	6693466	104224	6693466	28335280128	21277798400	1623.4	38	0
461.50	6693466	104224	6693466	28349808640	21291405312	1608.2	38	0
462.51	6693466	104224	6693466	28363714560	21305942016	1623.9	38	0
463.51	6693466	104224	6693466	28377133056	21319499776	1607.8	38	0
464.52	6693466	104224	6693466	28389052416	21331628032	1622.2	38	0
465.53	6693466	104224	6693466	28403372032	21345820672	1610.0	38	0
466.53	6693466	104224	6693466	28417687552	21360054272	1622.6	38	0
467.54	6693466	104224	6693466	28432060416	21374132224	1624.5	38	0
468.54	6693466	104224	6693466	28445540352	21388075008	1608.4	38	0
469.55	6693466	104224	6693466	28457893888	21400535040	1622.6	38	0
470.55	6693466	104224	6693466	28471513088	21413720064	1607.2	38	0
471.56	6693466	104224	6693466	28485222400	21427191808	1623.5	38	0
472.57	6693466	104224	6693466	28498685952	21441069056	1609.3	38	0
473.57	6693466	104224	6693466	28512694272	21455028224	1624.3	38	0
474.58	6693466	104224	6693466	28526903296	21469315072	1609.8	38	0
475.58	6693466	104224	6693466	28540764160	21483433984	1622.1	38	0
476.59	6693466	104224	6693466	28554547200	21497311232	1624.4	38	0
477.59	6693466	104224	6693466	28569772032	21511655424	1610.2	38	0
478.60	6693466	104224	6693466	28583100416	21525762048	1623.5	38	0
479.60	6693466	104224	6693466	28597067776	21539557376	1608.1	38	0
480.61	6693466	104224	6693466	28611846144	21553766400	1624.4	38	0
481.62	6693466	104224	6693466	28625907712	21567991808	1610.2	38	0
482.62	6693466	104224	6693466	28639100928	21581475840	1622.9	38	0
483.63	6693466	104224	6693466	28652818432	21594902528	1608.4	38	0
484.63	6693466	104224	6693466	28666503168	21608325120	1623.2	38	0
485.64	6693466	104224	6693466	28679438336	21621219328	1623.3	38	0
486.64	6693466	104224	6693466	28692271104	21634486272	1608.7	38	0
487.65	6693466	104224	6693466	28706385920	21648019456	1622.8	38	0
488.65	6693466	104224	6693466	28720115712	21661769728	1608.1	38	0
489.66	6693466	104224	6693466	28734840832	21675806720	1624.2	38	0
490.67	6693466	104224	6693466	28747636736	21689548800	1609.3	38	0
491.67	6693466	104224	6693466	28761870336	21703348224	1622.2	38	0
492.68	6693466	104224	6693466	28774711296	21717032960	1624.3	38	0
493.68	6693466	104224	6693466	28788916224	21730918400	1608.9	38	0
494.69	6693466	104224	6693466	28803899392	21744943104	1624.3	38	0
495.69	6693466	104224	6693466	29486592000	22427123712	1608.1	38	0
496.70	6693466	104224	6693466	28823498752	21765660672	1616.6	38	0
497.71	6693466	104224	6693466	28837670912	21779329024	1608.1	38	0
498.71	6693466	104224	6693466	28851650560	21793456128	1624.3	38	0
499.72	6693466	104224	6693466	28864737280	21806919680	1623.8	38	0
500.72	6693466	104224	6693466	28879024128	21820436480	1608.9	38	0
501.73	6693466	104224	6693466	28892549120	21836488704	1622.9	38	0
502.73	6693466	104224	6693466	28906799104	21850353664	1609.3	38	0
503.74	6693466	104224	6693466	28919926784	21863718912	1623.1	38	0
504.75	6693466	104224	6693466	28933664768	21877362688	1609.8	38	0
505.75	6693466	104224	6693466	28947849216	21891276800	1622.5	38	0
506.76	6693466	104224	6693466	28961124352	21905063936	1624.1	38	0
507.76	6693466	104224	6693466	28974637056	21918621696	1607.6	38	0
508.77	6693466	104224	6693466	28988817408	21931876352	1623.3	38	0
509.77	6693466	104224	6693466	29001977856	21945573376	1608.2	38	0
510.78	6693466	104224	6693466	29015756800	21959274496	1623.7	38	0
511.78	6693466	104224	6693466	29029535744	21972885504	1607.6	38	0
512.79	6693466	104224	6693466	29042335744	21986553856	1623.6	38	0
513.80	6693466	104224	6693466	29056524288	22000177152	1608.7	38	0
514.80	6693466	104224	6693466	29070659584	22013911040	1623.3	38	0
515.81	6693466	104224	6693466	29084590080	22027988992	1624.2	38	0
516.81	6693466	104224	6693466	29097373696	22041239552	1608.0	38	0
517.82	6693466	104224	6693466	29111574528	22055227392	1624.1	38	0
518.82	6693466	104224	6693466	29125718016	22069084160	1609.1	38	0
519.83	6693466	104224	6693466	29140086784	22082826240	1623.4	38	0
520.84	6693466	104224	6693466	29153611776	22097133568	1608.6	38	0
521.84	6693466	104224	6693466	29167214592	22111055872	1624.7	38	0
522.85	6693466	104224	6693466	29181108224	22124552192	1623.4	38	0
523.85	6693466	104224	6693466	29194903552	22138015744	1608.2	38	0
524.86	6693466	104224	6693466	29208403968	22151450624	1623.7	38	0
525.86	6693466	104224	6693466	29222731776	22165590016	1608.3	38	0
526.87	6693466	104224	6693466	29235695616	22178938880	1623.8	38	0
527.88	6693466	104224	6693466	29249691648	22192316416	1608.5	38	0
528.88	6693466	104224	6693466	29262581760	22205804544	1623.3	38	0
529.89	6693466	104224	6693466	29276864512	22219075584	1608.5	38	0
530.89	6693466	104224	6693466	29290020864	22232363008	1622.8	38	0
531.90	6693466	104224	6693466	29303156736	22245851136	1623.6	38	0
532.90	6693466	104224	6693466	29316956160	22259294208	1608.2	38	0
533.91	6693466	104224	6693466	29330448384	22272835584	1623.6	38	0
534.91	6693466	104224	6693466	29343309824	22286188544	1608.4	38	0
535.92	6693466	104224	6693466	29356507136	22299512832	1623.3	38	0
536.93	6693466	104224	6693466	29370187776	22313070592	1609.5	38	0
537.93	6693466	104224	6693466	29390225408	22332719104	1624.6	38	0
538.94	6693466	104224	6693466	29394137088	22337204224	1617.7	38	0
539.94	6693466	104224	6693466	29407809536	22350438400	1607.7	38	0
540.95	6693466	104224	6693466	29421457408	22364110848	1623.8	38	0
541.95	6693466	104224	6693466	29435645952	22377586688	1608.5	38	0
542.96	6693466	104224	6693466	29447286784	22391091200	1623.2	38	0
543.97	6693466	104224	6693466	29460070400	22405087232	1610.1	38	0
544.97	6693466	104224	6693466	29473853440	22418591744	1622.7	38	0
545.98	6693466	104224	6693466	29486407680	22431797248	1622.0	38	0
546.98	6693466	104224	6693466	29500231680	22445461504	1608.1	38	0
547.99	6693466	104224	6693466	29514522624	22458847232	1623.9	38	0
548.99	6693466	104224	6693466	29528145920	22472110080	1608.4	38	0
550.00	6693466	104224	6693466	29541244928	22485667840	1623.2	38	0
551.00	6693466	105394	6693466	29555724288	22499307520	1648.1	38	0
552.01	6693466	108484	6693466	29572632576	22513123328	1729.9	38	0
553.02	6693466	109306	6693466	29588086784	22526791680	1638.1	38	0
554.02	6693466	109306	6693466	29601525760	22540787712	1622.9	38	0
555.03	6693466	109306	6693466	29615407104	22554251264	1623.5	38	0
556.03	6693466	109306	6693466	29628768256	22568099840	1609.1	38	0
557.04	6693466	109306	6693466	29642031104	22581260288	1623.2	38	0
558.04	6693466	109306	6693466	29654364160	22594265088	1608.8	38	0
559.05	6693466	109306	6693466	29668163584	22607400960	1623.0	38	0
560.06	6693466	109306	6693466	29681840128	22621003776	1608.2	38	0
561.06	6693466	109306	6693466	29695279104	22634299392	1624.4	38	0
562.07	6693466	109306	6693466	29709193216	22647951360	1623.4	38	0
563.07	6693466	109306	6693466	29721579520	22661378048	1608.5	38	0
564.08	6693466	109306	6693466	29735616512	22674599936	1623.6	38	0
565.08	6693466	109306	6693466	29748793344	22687543296	1608.2	38	0
566.09	6693466	109306	6693466	29761761280	22700933120	1623.5	38	0
567.10	6693466	109306	6693466	29775638528	22714564608	1608.4	38	0
568.10	6693466	109306	6693466	29788692480	22727786496	1622.9	38	0
569.11	6693466	109306	6693466	29802307584	22741282816	1623.7	38	0
570.11	6693466	109306	6693466	29815947264	22754705408	1607.5	38	0
571.12	6693466	109306	6693466	29827874816	22767210496	1622.7	38	0
572.12	6693466	109306	6693466	29839048704	22778109952	1603.9	38	0
573.13	6693466	109306	6693466	29850796032	22789672960	1617.9	38	0
574.14	6693466	109306	6693466	29862109184	22801063936	1619.5	38	0
575.14	6693466	109306	6693466	29875568640	22814552064	1608.3	38	0
576.15	6693466	109306	6693466	29889208320	22827655168	1623.2	38	0
577.15	6693466	109306	6693466	29902135296	22841331712	1609.4	38	0
578.16	6693466	109306	6693466	29915615232	22854463488	1622.4	38	0
579.16	6693466	109306	6693466	29929148416	22867611648	1608.4	38	0
580.17	6693466	109306	6693466	29942714368	22880956416	1622.5	38	0
581.18	6693466	109306	6693466	29955641344	22894190592	1607.7	38	0
582.18	6693466	109306	6693466	29968060416	22907949056	1622.3	38	0
583.19	6693466	109306	6693466	29982617600	22921691136	1609.5	38	0
584.19	6693466	109306	6693466	29996068864	22936928256	1621.9	38	0
585.20	6693466	109306	6693466	30009741312	22950825984	1624.2	38	0
586.20	6693466	109306	6693466	30023778304	22964387840	1607.8	38	0
587.21	6693466	109306	6693466	30037827584	22978342912	1623.9	38	0
588.21	6693466	109306	6693466	30050955264	22991777792	1608.4	38	0
589.22	6693466	109306	6693466	30064852992	23005560832	1624.4	38	0
590.23	6693466	109306	6693466	30078578688	23018528768	1607.0	38	0
591.23	6693466	109306	6693466	30092120064	23032471552	1624.7	38	0
592.24	6693466	109306	6693466	30105702400	23045718016	1622.9	38	0
593.24	6693466	109306	6693466	30118580224	23058808832	1608.0	38	0
594.25	6693466	109306	6693466	30131789824	23072219136	1623.8	38	0
595.25	6693466	109306	6693466	30144626688	23085084672	1607.7	38	0
596.26	6693466	109306	6693466	30159024128	23098744832	1624.1	38	0
597.27	6693466	109306	6693466	30170972160	23111786496	1609.9	38	0
598.27	6693466	110653	6693466	30185459712	23123775488	1667.6	38	0
599.28	6693466	113753	6693466	30199889920	23134240768	1730.0	38	0
600.28	6693466	116882	6693466	30213906432	23144726528	1713.5	38	0
601.29	6693466	120058	6693466	30227062784	23155564544	1731.1	38	0
602.29	6693466	123186	6693466	30242238464	23166730240	1714.0	38	0
603.30	6693466	126315	6693466	30255357952	23177420800	1730.9	38	0
604.30	6693466	129457	6693466	30269894656	23188631552	1715.5	38	0
605.31	6693466	132586	6693466	30284484608	23199653888	1730.0	38	0
606.32	6693466	135710	6693466	30299320320	23210930176	1716.3	38	0
607.32	6693466	138839	6693466	30312787968	23222128640	1729.2	38	0
608.33	6693466	141158	6693466	30326521856	23233191936	1702.7	38	0
609.33	6693466	141158	6693466	30337122304	23244083200	1608.6	38	0
610.34	6693466	141158	6693466	30348550144	23254913024	1624.5	38	0
611.34	6693466	141158	6693466	30358990848	23265812480	1608.5	38	0
612.35	6693466	141158	6693466	30368821248	23276314624	1623.6	38	0
613.36	6693466	141158	6693466	30380879872	23287267328	1610.0	38	0
614.36	6693466	141158	6693466	30390702080	23297712128	1622.2	38	0
615.37	6693466	141158	6693466	30401294336	23308566528	1623.4	38	0
616.37	6693466	141158	6693466	30411472896	23319060480	1607.2	38	0
617.38	6693466	141158	6693466	30422614016	23329918976	1624.1	38	0
618.38	6693466	142296	6693466	30435897344	23340666880	1647.4	38	0
619.39	6693466	145405	6693466	30449750016	23351427072	1729.5	38	0
620.40	6693466	148535	6693466	30463250432	23361970176	1713.8	38	0
621.40	6693466	151677	6693466	30478417920	23373111296	1731.1	38	0
622.41	6693466	154820	6693466	30491467776	23383752704	1731.0	38	0
623.41	6693466	157973	6693466	30505795584	23394467840	1713.7	38	0
624.42	6693466	159736	6693466	30518333440	23405772800	1683.6	38	0
625.42	6693466	159736	6693466	30529249280	23416741888	1609.0	38	0
626.43	6693466	159736	6693466	30539714560	23428096000	1623.2	38	0
627.44	6693466	159736	6693466	30551695360	23439474688	1610.0	38	0
628.44	6693466	159736	6693466	30563254272	23450656768	1622.8	38	0
629.45	6693466	159736	6693466	30573133824	23461658624	1608.8	38	0
630.45	6693466	159736	6693466	30585069568	23472676864	1624.9	38	0
631.46	6693466	159736	6693466	30595817472	23483932672	1623.4	38	0
632.46	6693466	159736	6693466	30607896576	23495098368	1608.3	38	0
633.47	6693466	159736	6693466	30618062848	23506055168	1623.6	38	0
634.47	6693466	159736	6693466	30629638144	23517196288	1608.6	38	0
635.48	6693466	159736	6693466	30640078848	23527874560	1623.5	38	0
636.49	6693466	159736	6693466	30650396672	23538638848	1608.4	38	0
637.49	6693466	159736	6693466	30661492736	23549476864	1622.0	38	0
638.50	6693466	159736	6693466	30672637952	23560400896	1623.8	38	0
639.50	6693466	159736	6693466	30683435008	23571247104	1607.9	38	0
640.51	6693466	159736	6693466	30694625280	23582085120	1623.8	38	0
641.51	6693466	159736	6693466	30705958912	23593484288	1609.2	38	0
642.52	6693466	159736	6693466	30716858368	23604531200	1622.5	38	0
643.53	6693466	159736	6693466	30727884800	23615516672	1608.8	38	0
644.53	6693466	159736	6693466	30739279872	23626653696	1623.0	38	0
645.54	6693466	159736	6693466	30749519872	23637860352	1623.8	38	0
646.54	6693466	159736	6693466	30760988672	23648976896	1608.6	38	0
647.55	6693466	159736	6693466	30772404224	23660089344	1624.0	38	0
648.55	6693466	159736	6693466	30783250432	23670792192	1608.2	38	0
649.56	6693466	159736	6693466	30793826304	23681851392	1624.5	38	0
650.56	6693466	159736	6693466	30804672512	23692496896	1609.2	38	0
651.57	6693466	159736	6693466	30815932416	23703371776	1622.8	38	0
652.58	6693466	159736	6693466	30827859968	23714738176	1607.8	38	0
653.58	6693466	159736	6693466	30838091776	23725772800	1623.1	38	0
654.59	6693466	159736	6693466	30850273280	23737053184	1623.7	38	0
655.59	6693466	159736	6693466	30860533760	23750299648	1610.2	38	0
656.60	6693466	159736	6693466	30872031232	23761281024	1621.3	38	0
657.60	6693466	159736	6693466	30883098624	23772266496	1607.8	38	0
658.61	6693466	159736	6693466	30894084096	23783297024	1622.8	38	0
659.62	6693466	159736	6693466	30904541184	23794409472	1609.7	38	0
660.62	6693466	159736	6693466	30915371008	23805210624	1622.4	38	0
661.63	6693466	159736	6693466	30926569472	23816421376	1623.2	38	0
662.63	6693466	159736	6693466	30938402816	23827734528	1609.3	38	0
663.64	6693466	159736	6693466	30949232640	23838834688	1623.7	38	0
664.64	6693466	159736	6693466	30960173056	23849672704	1608.3	38	0
665.65	6693466	159736	6693466	30971031552	23860514816	1624.1	38	0
666.66	6693466	159736	6693466	30981677056	23871647744	1608.8	38	0
667.66	6693466	159736	6693466	30993510400	23882801152	1624.1	38	0
668.67	6693466	159736	6693466	31004450816	23894081536	1624.3	38	0
669.67	6693466	159736	6693466	31015272448	23905153024	1608.5	38	0
670.68	6693466	159736	6693466	31027032064	23915700224	1623.3	38	0
671.68	6693466	159736	6693466	31036645376	23926345728	1607.8	38	0
672.69	6693466	159736	6693466	31048024064	23937273856	1624.4	38	0
673.70	6693466	159736	6693466	31058673664	23947808768	1608.6	38	0
674.70	6693466	159736	6693466	31069810688	23958781952	1623.2	38	0
675.71	6693466	159736	6693466	31078105088	23972442112	1623.8	38	0
676.71	6693466	159736	6693466	31089094656	23983349760	1608.2	38	0
677.72	6693466	159736	6693466	31099817984	23994322944	1624.2	38	0
678.72	6693466	159736	6693466	31111303168	24005365760	1609.4	38	0
679.73	6693466	159736	6693466	31121731584	24016130048	1623.1	38	0
680.73	6693466	159736	6693466	31132794880	24027205632	1608.2	38	0
681.74	6693466	159736	6693466	31143555072	24038146048	1624.2	38	0
682.75	6693466	159736	6693466	31154974720	24049094656	1608.6	38	0
683.75	6693466	159736	6693466	31165767680	24060170240	1624.8	38	0
684.76	6693466	159736	6693466	31177158656	24071188480	1624.2	38	0
685.76	6693466	159736	6693466	31187849216	24082186240	1608.6	38	0
686.77	6693466	159736	6693466	31199162368	24093294592	1624.8	38	0
687.77	6693466	159736	6693466	31209590784	24104153088	1608.5	38	0
688.78	6693466	159736	6693466	31220670464	24115212288	1623.4	38	0
689.79	6693466	159736	6693466	31363248128	24257245184	1610.4	38	0
690.79	6693466	159736	6693466	32837279744	25727512576	1618.9	38	0
691.80	6693466	159736	6693466	31247376384	24141697024	1622.4	38	0
692.80	6693466	159736	6693466	31258980352	24152748032	1607.9	38	0
693.81	6693466	159736	6693466	31269756928	24163520512	1623.6	38	0
694.81	6693466	159736	6693466	31281053696	24174342144	1608.8	38	0
695.82	6693466	159736	6693466	31291441152	24184762368	1622.1	38	0
696.83	6693466	159736	6693466	31302066176	24195698688	1608.3	38	0
697.83	6693466	159736	6693466	31313154048	24206872576	1623.7	38	0
698.84	6693466	159736	6693466	31324983296	24217796608	1622.8	38	0
699.84	6693466	159736	6693466	31335829504	24228671488	1608.2	38	0
700.85	6693466	159736	6693466	31346126848	24239448064	1623.5	38	0
701.85	6693466	159736	6693466	31357145088	24250150912	1608.3	38	0
702.86	6693466	159736	6693466	31368048640	24261234688	1623.7	38	0
703.86	6693466	159736	6693466	31378927616	24272236544	1609.3	38	0
704.87	6693466	159736	6693466	31390425088	24283758592	1623.2	38	0
705.88	6693466	159736	6693466	31401746432	24294952960	1608.9	38	0
706.88	6693466	159736	6693466	31412273152	24305803264	1623.6	38	0
707.89	6693466	159736	6693466	31423488000	24316694528	1624.2	38	0
708.89	6693466	159736	6693466	31434264576	24327753728	1608.7	38	0
709.90	6693466	159736	6693466	31445540864	24338755584	1623.0	38	0
710.90	6693466	159736	6693466	31456522240	24349904896	1609.7	38	0
711.91	6693466	159736	6693466	31467425792	24360857600	1622.3	38	0
712.92	6693466	159736	6693466	31478239232	24371859456	1608.4	38	0
713.92	6693466	159736	6693466	31489490944	24383000576	1623.6	38	0
714.93	6693466	159736	6693466	31500242944	24393965568	1624.1	38	0
715.93	6693466	159736	6693466	31511846912	24404881408	1607.6	38	0
716.94	6693466	159736	6693466	31522635776	24415883264	1624.0	38	0
717.94	6693466	159736	6693466	31533281280	24426737664	1608.0	38	0
718.95	6693466	159736	6693466	31543541760	24437092352	1623.0	38	0
719.95	6693466	159736	6693466	31554965504	24448360448	1608.7	38	0
720.96	6693466	159736	6693466	31566155776	24459567104	1623.6	38	0
721.97	6693466	159736	6693466	31577587712	24471003136	1610.9	38	0
722.97	6693466	159736	6693466	31588806656	24481964032	1621.8	38	0
723.98	6693466	159736	6693466	31599599616	24493015040	1624.0	38	0
724.98	6693466	159736	6693466	31610482688	24503828480	1608.5	38	0
725.99	6693466	159736	6693466	31621992448	24514830336	1623.2	38	0
726.99	6693466	159736	6693466	31632072704	24525783040	1608.3	38	0
728.00	6693466	159736	6693466	31644012544	24537092096	1623.5	38	0
729.00	6693466	159736	6693466	31655014400	24548139008	1608.9	38	0
730.01	6693466	159736	6693466	31666704384	24559390720	1623.9	38	0
731.02	6693466	159736	6693466	28478218240	21377204224	1437.0	33	0
732.02	6693466	159736	6693466	28482633728	21382569984	1214.4	33	0
733.03	6693466	159736	6693466	28487950336	21388050432	1203.7	33	0
734.03	6693466	159736	6693466	28493836288	21393715200	1213.3	33	0
735.03	6693466	159736	6693466	28499673088	21399277568	1202.3	33	0
736.04	6693466	159736	6693466	28505464832	21404868608	1212.9	33	0
737.04	6693466	159736	6693466	28510887936	21410234368	1202.6	33	0
738.05	6693466	159736	6693466	28516159488	21415747584	1215.1	33	0
739.05	6693466	159736	6693466	28521291776	21421404160	1202.0	33	0
740.06	6693466	159736	6693466	28526936064	21426876416	1214.7	33	0
741.06	6693466	159736	6693466	28532416512	21432406016	1202.8	33	0
742.07	6693466	159736	6693466	28537798656	21437931520	1215.6	33	0
743.07	6693466	159736	6693466	28543418368	21443301376	1203.9	33	0
744.08	6693466	159736	6693466	28548849664	21448622080	1215.7	33	0
745.08	6693466	159736	6693466	28553986048	21454237696	1203.5	33	0
746.09	6693466	159736	6693466	28559863808	21460029440	1204.0	33	0
747.09	6693466	159736	6693466	28565540864	21465497600	1215.5	33	0
748.10	6693466	159736	6693466	28571127808	21472976896	1203.7	33	0
749.10	6693466	163551	6693466	28580573184	21478686720	1299.9	33	0
750.10	6693466	168572	6693466	28591579136	21483974656	1308.0	33	0
751.11	6693466	173627	6693466	28602449920	21489483776	1321.2	33	0
752.11	6693466	178680	6693466	28613574656	21494915072	1308.3	33	0
753.12	6693466	183749	6693466	28623691776	21500403712	1321.5	33	0
754.12	6693466	188835	6693466	28634484736	21505781760	1309.0	33	0
755.13	6693466	193890	6693466	28646318080	21511946240	1321.3	33	0
756.13	6693466	197032	6693466	25458204672	18327863296	1198.7	28	0
757.14	6693466	197032	6693466	25461460992	18330746880	798.1	28	0
758.14	6693466	197032	6693466	25463795712	18333097984	807.3	28	0
759.14	6693466	197032	6693466	25466634240	18335744000	799.4	28	0
760.15	6693466	197032	6693466	25469239296	18338394112	807.3	28	0
761.15	6693466	197032	6693466	25471762432	18341003264	799.4	28	0
762.16	6693466	197032	6693466	25474772992	18343723008	807.3	28	0
763.16	6693466	197032	6693466	25477816320	18346594304	799.2	28	0
764.17	6693466	197032	6693466	25480323072	18349580288	799.6	28	0
765.17	6693466	197032	6693466	25483243520	18352566272	807.7	28	0
766.18	6693466	197032	6693466	25486413824	18355986432	800.4	28	0
767.18	6693466	197032	6693466	25489068032	18358812672	807.0	28	0
768.18	6693466	197032	6693466	25492996096	18361995264	799.8	28	0
769.19	6693466	197032	6693466	25495105536	18364895232	807.6	28	0
770.19	6693466	197032	6693466	25497796608	18367717376	799.5	28	0
771.20	6693466	197032	6693466	25501761536	18371014656	807.6	28	0
772.20	6693466	197032	6693466	25504690176	18373791744	799.3	28	0
773.21	6693466	197032	6693466	25508057088	18376871936	800.0	28	0
774.21	6693466	197032	6693466	25510490112	18379628544	806.9	28	0
775.21	6693466	197032	6693466	25513213952	18382540800	799.4	28	0
776.22	6693466	197032	6693466	25515794432	18385285120	807.3	28	0
777.22	6693466	197032	6693466	25518637056	18388377600	799.6	28	0
778.23	6693466	197032	6693466	25522012160	18391212032	807.3	28	0
779.23	6693466	197032	6693466	25524453376	18393989120	799.7	28	0
780.24	6693466	197032	6693466	25527590912	18396844032	799.7	28	0
781.24	6693466	197032	6693466	25531015168	18399952896	807.9	28	0
782.24	6693466	197032	6693466	25533370368	18402689024	799.5	28	0
783.25	6693466	197032	6693466	25536126976	18405617664	807.6	28	0
784.25	6693466	197032	6693466	25539379200	18408570880	799.6	28	0
785.26	6693466	197032	6693466	25542246400	18411601920	807.5	28	0
786.26	6693466	197032	6693466	25544781824	18414182400	799.4	28	0
787.27	6693466	197032	6693466	25547575296	18416988160	799.5	28	0
788.27	6693466	197032	6693466	25550569472	18419712000	807.4	28	0
789.28	6693466	197032	6693466	25553911808	18422362112	799.3	28	0
790.28	6693466	197032	6693466	25556111360	18425012224	807.4	28	0
791.28	6693466	197032	6693466	25558298624	18427584512	799.4	28	0
792.29	6693466	197032	6693466	25561128960	18430062592	807.4	28	0
793.29	6693466	197032	6693466	25563774976	18432950272	799.7	28	0
794.30	6693466	197032	6693466	25566232576	18435641344	799.3	28	0
795.30	6693466	197032	6693466	25568878592	18438356992	807.4	28	0
796.31	6693466	197032	6693466	25571749888	18441334784	799.5	28	0
797.31	6693466	197032	6693466	25574891520	18444140544	807.6	28	0
798.31	6693466	197032	6693466	25577521152	18446880768	799.6	28	0
799.32	6693466	197032	6693466	25580576768	18449649664	807.5	28	0
800.32	6693466	197032	6693466	25583587328	18452672512	799.6	28	0
801.33	6693466	197032	6693466	25586339840	18455347200	799.6	28	0
802.33	6693466	197032	6693466	25588776960	18458005504	807.4	28	0
803.33	6693466	197032	6693466	25590943744	18460647424	799.7	28	0
804.34	6693466	197032	6693466	25593810944	18463485952	807.5	28	0
805.34	6693466	197032	6693466	25597517824	18466197504	799.9	28	0
806.35	6693466	197032	6693466	25599479808	18468917248	799.3	28	0
807.35	6693466	197032	6693466	25602621440	18471804928	807.5	28	0
808.35	6693466	197032	6693466	25605603328	18474442752	799.8	28	0
809.36	6693466	197032	6693466	25608060928	18479587328	807.9	28	0
810.36	6693466	197032	6693466	25610940416	18482413568	799.6	28	0
811.37	6693466	197032	6693466	25613758464	18485010432	800.0	28	0
812.37	6693466	199123	6693466	25618509824	18487353344	850.3	28	0
813.37	6693466	204270	6693466	25626882048	18490089472	905.5	28	0
814.38	6693466	209436	6693466	25634578432	18492604416	914.3	28	0
815.38	6693466	214603	6693466	25642827776	18495098880	905.0	28	0
816.39	6693466	215905	6693466	25645973504	18497826816	835.2	28	0
817.39	6693466	215905	6693466	25648594944	18500501504	799.6	28	0
818.40	6693466	215905	6693466	25651081216	18503036928	799.5	28	0
819.40	6693466	215905	6693466	25654562816	18505990144	807.5	28	0
820.40	6693466	215905	6693466	25657102336	18508926976	799.7	28	0
821.41	6693466	215905	6693466	25659588608	18511638528	808.1	28	0
822.41	6693466	215905	6693466	25662648320	18514526208	800.3	28	0
823.42	6693466	215905	6693466	25665425408	18517512192	808.1	28	0
824.42	6693466	215905	6693466	25668517888	18520666112	799.9	28	0
825.43	6693466	215905	6693466	25671028736	18523131904	799.5	28	0
826.43	6693466	215905	6693466	25673949184	18526052352	807.7	28	0
827.43	6693466	215905	6693466	25677099008	18528907264	800.0	28	0
828.44	6693466	215905	6693466	25679872000	18531774464	807.8	28	0
829.44	6693466	215905	6693466	25682542592	18534572032	799.7	28	0
830.45	6693466	215905	6693466	25685463040	18537410560	799.7	28	0
831.45	6693466	215905	6693466	25688797184	18540711936	807.8	28	0
832.45	6693466	215905	6693466	25691455488	18543374336	799.5	28	0
833.46	6693466	215905	6693466	25694298112	18546278400	807.4	28	0
834.46	6693466	215905	6693466	25696509952	18548977664	799.8	28	0
835.47	6693466	215905	6693466	25699823616	18551799808	799.6	28	0
836.47	6693466	215905	6693466	25702453248	18554372096	807.4	28	0
837.47	6693466	215905	6693466	25705095168	18557218816	799.8	28	0
838.48	6693466	215905	6693466	25708109824	18559975424	807.5	28	0
839.48	6693466	215905	6693466	25710870528	18562719744	799.5	28	0
840.49	6693466	215905	6693466	25713696768	18565283840	807.4	28	0
841.49	6693466	215905	6693466	25715945472	18568134656	799.7	28	0
842.50	6693466	215905	6693466	25719230464	18570797056	799.7	28	0
843.50	6693466	215905	6693466	25721643008	18573389824	807.7	28	0
844.50	6693466	215905	6693466	25724203008	18576121856	799.5	28	0
845.51	6693466	215905	6693466	25726726144	18578780160	807.5	28	0
846.51	6693466	215905	6693466	25729863680	18581721088	799.6	28	0
847.52	6693466	215905	6693466	25733201920	18585280512	799.9	28	0
848.52	6693466	215905	6693466	25736921088	18588184576	807.7	28	0
849.52	6693466	215905	6693466	25738878976	18590920704	799.6	28	0
850.53	6693466	215905	6693466	25742610432	18594189312	807.6	28	0
851.53	6693466	215905	6693466	25745309696	18597408768	799.8	28	0
852.54	6693466	215905	6693466	25748164608	18600185856	807.6	28	0
853.54	6693466	215905	6693466	25751339008	18602962944	799.7	28	0
854.55	6693466	215905	6693466	25754206208	18606055424	799.7	28	0
855.55	6693466	215905	6693466	25757417472	18609184768	807.7	28	0
856.55	6693466	215905	6693466	25759768576	18611695616	799.6	28	0
857.56	6693466	215905	6693466	25762177024	18614198272	807.4	28	0
858.56	6693466	215905	6693466	25765212160	18617257984	800.3	28	0
859.57	6693466	215905	6693466	25768468480	18620203008	799.2	28	0
860.57	6693466	215905	6693466	25771384832	18623107072	807.6	28	0
861.57	6693466	215905	6693466	25773649920	18625409024	799.4	28	0
862.58	6693466	215905	6693466	25776345088	18628091904	807.4	28	0
863.58	6693466	215905	6693466	25778331648	18630733824	799.6	28	0
864.59	6693466	215905	6693466	25781882880	18633691136	807.9	28	0
865.59	6693466	215905	6693466	25784553472	18636419072	799.6	28	0
866.59	6693466	215905	6693466	25787899904	18638925824	799.4	28	0
867.60	6693466	215905	6693466	25790373888	18641477632	807.5	28	0
868.60	6693466	215905	6693466	25792663552	18644275200	799.7	28	0
869.61	6693466	215905	6693466	25795022848	18646999040	807.6	28	0
870.61	6693466	215905	6693466	25797791744	18649817088	800.6	28	0
871.62	6693466	215905	6693466	25800052736	18652205056	799.9	28	0
872.62	6693466	215905	6693466	25802510336	18654752768	807.9	28	0
873.63	6693466	215905	6693466	25804935168	18657259520	798.8	28	0
874.63	6693466	215905	6693466	25808171008	18660147200	807.8	28	0
875.63	6693466	215905	6693466	25811066880	18662883328	799.7	28	0
876.64	6693466	215905	6693466	25814126592	18666131456	807.7	28	0
877.64	6693466	215905	6693466	25816399872	18668830720	799.7	28	0
878.65	6693466	215905	6693466	25819287552	18671390720	807.6	28	0
879.65	6693466	215905	6693466	25822580736	18674352128	799.8	28	0
880.66	6693466	215905	6693466	25824710656	18676887552	799.7	28	0
881.66	6693466	215905	6693466	25827483648	18679566336	807.7	28	0
882.66	6693466	215905	6693466	25830309888	18682322944	799.5	28	0
883.67	6693466	215905	6693466	25832964096	18684891136	807.8	28	0
884.67	6693466	215905	6693466	25835663360	18687668224	799.8	28	0
885.68	6693466	215905	6693466	25838415872	18690473984	800.0	28	0
886.68	6693466	215905	6693466	25841295360	18692931584	807.5	28	0
887.68	6693466	215905	6693466	25843949568	18695634944	799.7	28	0
888.69	6693466	215905	6693466	25846689792	18698280960	807.8	28	0
889.69	6693466	215905	6693466	25849196544	18700951552	799.7	28	0
890.70	6693466	215905	6693466	25852362752	18703753216	799.8	28	0
891.70	6693466	215905	6693466	25855332352	18706575360	807.8	28	0
892.70	6693466	215905	6693466	25858056192	18709069824	799.7	28	0
893.71	6693466	215905	6693466	25860038656	18711740416	807.8	28	0
894.71	6693466	215905	6693466	25863004160	18714664960	799.8	28	0
895.72	6693466	215905	6693466	25866022912	18717499392	799.8	28	0
896.72	6693466	215905	6693466	25868464128	18720083968	807.5	28	0
897.72	6693466	215905	6693466	25870995456	18722856960	799.6	28	0
898.73	6693466	215905	6693466	25874010112	18725715968	807.5	28	0
899.73	6693466	215905	6693466	25876951040	18728742912	799.8	28	0
900.74	6693466	215905	6693466	25878708224	18730106880	807.0	28	0
901.74	6693466	215905	6693466	25882419200	18733514752	800.1	28	0
902.74	6693466	215905	6693466	25885032448	18736160768	799.8	28	0
903.75	6693466	215905	6693466	25887879168	18739269632	808.1	28	0
904.75	6693466	215905	6693466	25890467840	18742259712	800.0	28	0
905.76	6693466	215905	6693466	25892483072	18744385536	807.5	28	0
906.76	6693466	215905	6693466	25895337984	18746785792	799.5	28	0
907.77	6693466	215905	6693466	25896550400	18749026304	799.4	28	0
908.77	6693466	215905	6693466	25899692032	18751438848	807.5	28	0
909.77	6693466	215905	6693466	25902022656	18753908736	799.7	28	0
910.78	6693466	215905	6693466	25904570368	18756280320	807.6	28	0
911.78	6693466	215905	6693466	25906827264	18758561792	799.6	28	0
912.79	6693466	215905	6693466	25909104640	18761138176	799.7	28	0
913.79	6693466	215905	6693466	25911869440	18763636736	807.5	28	0
914.79	6693466	215905	6693466	25914662912	18766213120	799.7	28	0
915.80	6693466	215905	6693466	25916567552	18768564224	807.4	28	0
916.80	6693466	215905	6693466	25919500288	18770956288	799.7	28	0
917.81	6693466	215905	6693466	25922269184	18773880832	800.1	28	0
918.81	6693466	215905	6693466	25924345856	18776010752	807.2	28	0
919.81	6693466	215905	6693466	25927786496	18779074560	799.9	28	0
920.82	6693466	215905	6693466	25929719808	18781061120	807.3	28	0
921.82	6693466	215905	6693466	25931948032	18783424512	799.6	28	0
922.83	6693466	215905	6693466	25934901248	18786025472	799.6	28	0
923.83	6693466	215905	6693466	25936969728	18788597760	807.6	28	0
924.83	6693466	215905	6693466	25939091456	18791084032	799.5	28	0
925.84	6693466	215905	6693466	25942466560	18793725952	807.5	28	0
926.84	6693466	215905	6693466	25945128960	18796519424	799.8	28	0
927.85	6693466	215905	6693466	25947615232	18799243264	807.6	28	0
928.85	6693466	215905	6693466	25950941184	18802102272	799.6	28	0
929.86	6693466	215905	6693466	25953636352	18804768768	799.7	28	0
930.86	6693466	215905	6693466	25956597760	18807746560	807.9	28	0
931.86	6693466	215905	6693466	25959383040	18810740736	799.8	28	0
932.87	6693466	215905	6693466	25961517056	18813497344	807.7	28	0
933.87	6693466	215905	6693466	25964924928	18816778240	799.9	28	0
934.88	6693466	219558	6693466	25972428800	18819579904	876.1	28	0
935.88	6693466	224629	6693466	25980837888	18822295552	913.3	28	0
936.88	6693466	229634	6693466	25988083712	18825240576	906.0	28	0
937.89	6693466	234656	6693466	25995907072	18827993088	914.9	28	0
938.89	6693466	239679	6693466	26004459520	18830700544	905.1	28	0
939.90	6693466	244719	6693466	26012069888	18833297408	914.2	28	0
940.90	6693466	249736	6693466	26020020224	18836471808	906.2	28	0
941.91	6693466	252946	6693466	26026450944	18839203840	869.4	28	0
942.91	6693466	252946	6693466	26029326336	18842292224	807.1	28	0
943.91	6693466	252946	6693466	26031546368	18844889088	799.6	28	0
944.92	6693466	252946	6693466	26034049024	18847518720	807.6	28	0
945.92	6693466	252946	6693466	26036539392	18850496512	799.9	28	0
946.93	6693466	252946	6693466	26039517184	18853289984	799.7	28	0
947.93	6693466	252946	6693466	26043154432	18856542208	807.6	28	0
948.93	6693466	252946	6693466	26046013440	18859585536	799.8	28	0
949.94	6693466	252946	6693466	26049077248	18862587904	807.9	28	0
950.94	6693466	252946	6693466	26051616768	18865524736	799.9	28	0
951.95	6693466	252946	6693466	26055229440	18868445184	807.5	28	0
952.95	6693466	252946	6693466	26057740288	18871259136	799.6	28	0
953.96	6693466	252946	6693466	26060566528	18874183680	799.7	28	0
954.96	6693466	252946	6693466	26063933440	18877313024	807.8	28	0
955.96	6693466	252946	6693466	26066358272	18880094208	799.8	28	0
956.97	6693466	252946	6693466	26069192704	18882715648	807.6	28	0
957.97	6693466	252946	6693466	26071945216	18885263360	799.6	28	0
958.98	6693466	252946	6693466	26075320320	18887999488	799.8	28	0
959.98	6693466	252946	6693466	26077470720	18890772480	807.8	28	0
960.98	6693466	252946	6693466	26079899648	18893520896	799.7	28	0
961.99	6693466	252946	6693466	26082078720	18896138240	807.7	28	0
962.99	6693466	252946	6693466	26085482496	18898812928	799.7	28	0
964.00	6693466	252946	6693466	26088267776	18901331968	807.7	28	0
965.00	6693466	252946	6693466	26091044864	18904043520	799.8	28	0
966.01	6693466	252946	6693466	26093387776	18906767360	799.6	28	0
967.01	6693466	252946	6693466	26096074752	18909503488	807.6	28	0
968.01	6693466	252946	6693466	26098638848	18912399360	799.8	28	0
969.02	6693466	252946	6693466	26102005760	18915373056	808.0	28	0
970.02	6693466	252946	6693466	26106093568	18918465536	799.7	28	0
971.03	6693466	252946	6693466	26108977152	18921254912	799.8	28	0
972.03	6693466	252946	6693466	26111778816	18923941888	807.6	28	0
973.03	6693466	252946	6693466	26114138112	18926968832	800.1	28	0
974.04	6693466	252946	6693466	26116882432	18929762304	807.6	28	0
975.04	6693466	252946	6693466	26119913472	18932568064	799.7	28	0
976.05	6693466	252946	6693466	26123337728	18935545856	807.8	28	0
977.05	6693466	252946	6693466	26125737984	18938318848	799.6	28	0
978.06	6693466	252946	6693466	26128236544	18941157376	799.7	28	0
979.06	6693466	252946	6693466	26131218432	18944012288	807.7	28	0
980.06	6693466	252946	6693466	26134712320	18946818048	800.1	28	0
981.07	6693466	252946	6693466	26137010176	18949406720	807.2	28	0
982.07	6693466	252946	6693466	26139398144	18952110080	799.7	28	0
983.08	6693466	252946	6693466	26141822976	18954706944	799.6	28	0
984.08	6693466	252946	6693466	26144681984	18957193216	807.5	28	0
985.08	6693466	252946	6693466	26148061184	18959998976	799.7	28	0
986.09	6693466	252946	6693466	26150445056	18962673664	807.5	28	0
987.09	6693466	252946	6693466	26152509440	18965086208	799.5	28	0
988.10	6693466	252946	6693466	26154639360	18967883776	807.8	28	0
989.10	6693466	252946	6693466	26157768704	18970521600	799.8	28	0
990.11	6693466	252946	6693466	26159951872	18973220864	799.7	28	0
991.11	6693466	252946	6693466	26163363840	18976288768	807.7	28	0
992.11	6693466	252946	6693466	26166063104	18978828288	799.6	28	0
993.12	6693466	252946	6693466	26168406016	18981351424	807.5	28	0
994.12	6693466	252946	6693466	26171838464	18984542208	799.8	28	0
995.13	6693466	252946	6693466	26174435328	18987008000	799.7	28	0
996.13	6693466	252946	6693466	26176925696	18990047232	808.2	28	0
997.13	6693466	252946	6693466	26179477504	18992377856	798.9	28	0
998.14	6693466	255353	6693466	26184720384	18995101696	858.4	28	0
999.14	6693466	258118	6693466	26190761984	18997809152	858.4	28	0
1000.15	6693466	258118	6693466	26193661952	19000311808	807.7	28	0
1001.15	6693466	258118	6693466	26196205568	19003637760	799.7	28	0
1002.16	6693466	258118	6693466	26198630400	19006492672	799.8	28	0
1003.16	6693466	258118	6693466	26201042944	19009146880	807.7	28	0
1004.16	6693466	258118	6693466	26203799552	19011670016	799.5	28	0
1005.17	6693466	258118	6693466	26207256576	19014389760	807.6	28	0
1006.17	6693466	258118	6693466	26209857536	19017404416	799.8	28	0
1007.18	6693466	258118	6693466	26212048896	19019948032	800.1	28	0
1008.18	6693466	258118	6693466	26214920192	19022630912	807.1	28	0
1009.18	6693466	258118	6693466	26217549824	19025428480	799.7	28	0
1010.19	6693466	258118	6693466	26220347392	19028168704	807.7	28	0
1011.19	6693466	258118	6693466	26222886912	19030822912	799.6	28	0
1012.20	6693466	258118	6693466	26225704960	19033628672	807.8	28	0
1013.20	6693466	258118	6693466	26228674560	19036274688	799.8	28	0
1014.21	6693466	258118	6693466	26231107584	19038875648	799.6	28	0
1015.21	6693466	258118	6693466	26233597952	19041640448	807.5	28	0
1016.21	6693466	258118	6693466	26236342272	19044159488	799.3	28	0
1017.22	6693466	258118	6693466	26239258624	19046477824	807.4	28	0
1018.22	6693466	258118	6693466	26241658880	19048935424	799.4	28	0
1019.23	6693466	258118	6693466	26244612096	19051548672	807.4	28	0
1020.23	6693466	258118	6693466	26246926336	19053953024	799.4	28	0
1021.24	6693466	258118	6693466	26249740288	19056513024	807.4	28	0
1022.24	6693466	258118	6693466	26252279808	19059208192	800.2	28	0
1023.25	6693466	258118	6693466	26254663680	19061714944	799.0	28	0
1024.25	6693466	258118	6693466	26256859136	19064582144	807.7	28	0
1025.25	6693466	258118	6693466	26260045824	19067383808	799.7	28	0
1026.26	6693466	258118	6693466	26262618112	19070201856	807.6	28	0
1027.26	6693466	258118	6693466	26264801280	19072688128	799.7	28	0
1028.27	6693466	258118	6693466	26267910144	19075387392	799.7	28	0
1029.27	6693466	258118	6693466	26271461376	19078148096	807.7	28	0
1030.27	6693466	258118	6693466	26274275328	19081011200	800.5	28	0
1031.28	6693466	258118	6693466	26276540416	19083530240	806.9	28	0
1032.28	6693466	258118	6693466	26278400000	19085950976	799.4	28	0
1033.29	6693466	258118	6693466	26281959424	19088883712	807.6	28	0
1034.29	6693466	258118	6693466	26284802048	19091881984	799.8	28	0
1035.30	6693466	258118	6693466	26287345664	19094441984	799.6	28	0
1036.30	6693466	258118	6693466	26290249728	19097395200	807.7	28	0
1037.30	6693466	258118	6693466	26292936704	19100020736	799.6	28	0
1038.31	6693466	258118	6693466	26296897536	19103580160	807.8	28	0
1039.31	6693466	258118	6693466	26299711488	19106590720	799.8	28	0
1040.32	6693466	258118	6693466	26302291968	19109281792	799.6	28	0
1041.32	6693466	258118	6693466	26304634880	19111940096	807.7	28	0
1042.32	6693466	258118	6693466	26307780608	19114930176	799.8	28	0
1043.33	6693466	258118	6693466	26311049216	19117821952	807.7	28	0
1044.33	6693466	258118	6693466	26313789440	19120943104	799.8	28	0
1045.34	6693466	258118	6693466	26316472320	19123351552	807.4	28	0
1046.34	6693466	258118	6693466	26318819328	19126140928	799.6	28	0
1047.35	6693466	258118	6693466	26322059264	19128926208	799.7	28	0
1048.35	6693466	258118	6693466	26324783104	19131559936	807.7	28	0
1049.35	6693466	258118	6693466	26327699456	19134410752	799.9	28	0
1050.36	6693466	258118	6693466	26330705920	19137134592	807.8	28	0
1051.36	6693466	258118	6693466	26332397568	19138965504	799.3	28	0
1052.37	6693466	258118	6693466	26333908992	19140947968	799.3	28	0
1053.37	6693466	258118	6693466	26336604160	19143299072	807.5	28	0
1054.37	6693466	258118	6693466	26338320384	19144605696	798.8	28	0
1055.38	6693466	258118	6693466	26339766272	19145867264	806.9	28	0
1056.38	6693466	258118	6693466	26340417536	19147304960	799.2	28	0
1057.39	6693466	258118	6693466	26341232640	19148926976	799.3	28	0
1058.39	6693466	258118	6693466	26343710720	19150548992	807.2	28	0
1059.39	6693466	258118	6693466	26345922560	19152441344	799.3	28	0
1060.40	6693466	258118	6693466	26348056576	19154739200	807.7	28	0
1061.40	6693466	258118	6693466	26349555712	19156250624	799.2	28	0
1062.41	6693466	258118	6693466	26351271936	19158298624	807.4	28	0
1063.41	6693466	258118	6693466	26353975296	19160670208	799.5	28	0
1064.42	6693466	258118	6693466	26356297728	19163123712	799.4	28	0
1065.42	6693466	258118	6693466	26358358016	19165478912	807.4	28	0
1066.42	6693466	258118	6693466	26361380864	19168530432	799.9	28	0
1067.43	6693466	258118	6693466	26363310080	19171086336	807.6	28	0
1068.43	6693466	258118	6693466	26366496768	19173322752	799.5	28	0
1069.44	6693466	258118	6693466	26368823296	19176157184	799.8	28	0
1070.44	6693466	258118	6693466	26372059136	19178983424	807.7	28	0
1071.44	6693466	258118	6693466	26374062080	19181584384	799.6	28	0
1072.45	6693466	258118	6693466	26376888320	19184349184	807.7	28	0
1073.45	6693466	258118	6693466	26379563008	19187007488	799.7	28	0
1074.46	6693466	258118	6693466	26382393344	19189575680	807.6	28	0
1075.46	6693466	258118	6693466	26385559552	19192459264	799.6	28	0
1076.47	6693466	258118	6693466	26388193280	19194855424	800.0	28	0
1077.47	6693466	258118	6693466	26389733376	19197591552	807.3	28	0
1078.47	6693466	258118	6693466	26393063424	19200471040	799.8	28	0
1079.48	6693466	258118	6693466	26395807744	19203227648	807.6	28	0
1080.48	6693466	258118	6693466	26399223808	19206434816	799.8	28	0
1081.49	6693466	258118	6693466	26401845248	19209437184	799.9	28	0
1082.49	6693466	258118	6693466	26404474880	19212005376	807.5	28	0
1083.49	6693466	258118	6693466	26407264256	19214979072	799.9	28	0
1084.50	6693466	258118	6693466	26410303488	19217874944	807.8	28	0
1085.50	6693466	258118	6693466	26413674496	19220992000	799.8	28	0
1086.51	6693466	258118	6693466	26416615424	19223851008	799.9	28	0
1087.51	6693466	258118	6693466	26419339264	19226738688	807.6	28	0
1088.51	6693466	258118	6693466	26421645312	19228704768	799.3	28	0
1089.52	6693466	258118	6693466	26423668736	19231023104	807.5	28	0
1090.52	6693466	258118	6693466	26426122240	19233251328	799.5	28	0
1091.53	6693466	258118	6693466	26428383232	19236028416	807.6	28	0
1092.53	6693466	258118	6693466	26431008768	19238498304	799.4	28	0
1093.54	6693466	258118	6693466	26433470464	19241185280	799.8	28	0
1094.54	6693466	258118	6693466	26436698112	19244118016	807.8	28	0
1095.54	6693466	258118	6693466	26440073216	19247108096	799.7	28	0
1096.55	6693466	258118	6693466	26441945088	19249459200	807.5	28	0
1097.55	6693466	258118	6693466	26444189696	19251863552	799.7	28	0
1098.56	6693466	258118	6693466	26446925824	19254468608	799.6	28	0
1099.56	6693466	258118	6693466	26449711104	19257315328	807.7	28	0
1100.56	6693466	258118	6693466	26453135360	19259813888	799.6	28	0
1101.57	6693466	258118	6693466	26455191552	19262353408	807.6	28	0
1102.57	6693466	258118	6693466	26457952256	19265064960	799.5	28	0
1103.58	6693466	258118	6693466	26460569600	19267735552	799.7	28	0
1104.58	6693466	258118	6693466	26463232000	19270266880	807.4	28	0
1105.58	6693466	258118	6693466	26465943552	19273158656	799.9	28	0
1106.59	6693466	258118	6693466	26468601856	19275853824	807.5	28	0
1107.59	6693466	258118	6693466	26471575552	19279011840	799.9	28	0
1108.60	6693466	258118	6693466	26474860544	19281956864	807.8	28	0
1109.60	6693466	258118	6693466	26476584960	19284160512	799.3	28	0
1110.61	6693466	258118	6693466	26479628288	19286372352	799.5	28	0
1111.61	6693466	258118	6693466	26481786880	19289243648	807.7	28	0
1112.61	6693466	258118	6693466	26485264384	19292209152	799.9	28	0
1113.62	6693466	258118	6693466	26488242176	19295248384	807.9	28	0
1114.62	6693466	258118	6693466	26491129856	19298226176	799.6	28	0
1115.63	6693466	258118	6693466	26493485056	19300687872	799.6	28	0
1116.63	6693466	258118	6693466	26495926272	19303088128	807.3	28	0
1117.63	6693466	258118	6693466	26498605056	19305738240	800.0	28	0
1118.64	6693466	258118	6693466	26501746688	19308175360	807.2	28	0
1119.64	6693466	258118	6693466	26503831552	19310768128	799.5	28	0
1120.65	6693466	258118	6693466	26506059776	19313135616	807.6	28	0
1121.65	6693466	258118	6693466	26508500992	19315396608	799.6	28	0
1122.66	6693466	258118	6693466	26683883520	19490975744	802.0	28	0
1123.66	6693466	258118	6693466	26515136512	19322015744	805.0	28	0
1124.66	6693466	258118	6693466	26519814144	19326504960	799.6	28	0
1125.67	6693466	258118	6693466	26524172288	19330633728	807.5	28	0
1126.67	6693466	258118	6693466	26528350208	19334782976	799.5	28	0
1127.68	6693466	258118	6693466	26532933632	19339157504	799.7	28	0
1128.68	6693466	258118	6693466	26537541632	19343585280	807.7	28	0
1129.68	6693466	258118	6693466	26541588480	19347828736	799.6	28	0
1130.69	6693466	258118	6693466	26546151424	19352154112	807.6	28	0
1131.69	6693466	258118	6693466	26549829632	19356450816	799.6	28	0
1132.70	6693466	258118	6693466	26553679872	19360161792	799.3	28	0
1133.70	6693466	258118	6693466	26557571072	19363934208	807.4	28	0
1134.70	6693466	258118	6693466	26561298432	19368017920	799.5	28	0
1135.71	6693466	258118	6693466	26565505024	19372011520	807.5	28	0
1136.71	6693466	258118	6693466	26569818112	19375960064	799.5	28	0
1137.72	6693466	258118	6693466	26573770752	19379814400	807.4	28	0
1138.72	6693466	258118	6693466	26578292736	19383971840	799.6	28	0
1139.73	6693466	258118	6693466	26581667840	19388219392	799.5	28	0
1140.73	6693466	258118	6693466	26585546752	19392290816	807.5	28	0
1141.73	6693466	258118	6693466	26589548544	19396362240	799.6	28	0
1142.74	6693466	258118	6693466	26594197504	19400425472	807.5	28	0
1143.74	6693466	258118	6693466	26598236160	19404587008	799.7	28	0
1144.75	6693466	258118	6693466	26602536960	19408863232	799.4	28	0
1145.75	6693466	258118	6693466	26606731264	19413061632	807.3	28	0
1146.75	6693466	258118	6693466	26611445760	19417575424	799.6	28	0
1147.76	6693466	258118	6693466	26615840768	19422060544	807.6	28	0
1148.76	6693466	258118	6693466	26620502016	19426443264	799.7	28	0
1149.77	6693466	258118	6693466	26624905216	19430891520	807.5	28	0
1150.77	6693466	258118	6693466	26629394432	19435151360	799.5	28	0
1151.78	6693466	258118	6693466	26633904128	19439562752	799.8	28	0
1152.78	6693466	258118	6693466	26638917632	19444424704	807.9	28	0
1153.78	6693466	258118	6693466	26643025920	19448901632	799.9	28	0
1154.79	6693466	258118	6693466	26646917120	19453362176	807.5	28	0
1155.79	6693466	258118	6693466	26651299840	19457536000	799.5	28	0
1156.80	6693466	258118	6693466	26655186944	19461484544	800.1	28	0
1157.80	6693466	258118	6693466	26659532800	19466113024	807.1	28	0
1158.80	6693466	258118	6693466	26664271872	19470602240	800.2	28	0
1159.81	6693466	258118	6693466	26668990464	19475251200	807.2	28	0
1160.81	6693466	258118	6693466	26673672192	19479719936	799.7	28	0
1161.82	6693466	258118	6693466	26678415360	19484487680	799.8	28	0
1162.82	6693466	258118	6693466	26683813888	19488972800	807.7	28	0
1163.82	6693466	258118	6693466	26688548864	19494076416	800.0	28	0
1164.83	6693466	258118	6693466	26692694016	19498573824	807.7	28	0
1165.83	6693466	258118	6693466	26696376320	19502481408	799.5	28	0
1166.84	6693466	258118	6693466	26701303808	19507396608	800.0	28	0
1167.84	6693466	258118	6693466	26706079744	19511726080	807.6	28	0
1168.84	6693466	258118	6693466	26710601728	19516182528	799.8	28	0
1169.85	6693466	258118	6693466	26713575424	19520114688	807.6	28	0
1170.85	6693466	258118	6693466	26717237248	19524259840	799.8	28	0
1171.86	6693466	258118	6693466	26721460224	19528273920	806.5	28	0
1172.86	6693466	258118	6693466	26725269504	19531960320	800.2	28	0
1173.87	6693466	258118	6693466	26729730048	19536330752	807.3	28	0
1174.87	6693466	258118	6693466	26734206976	19540504576	799.4	28	0
1175.88	6693466	258118	6693466	26738475008	19544662016	799.6	28	0
1176.88	6693466	258118	6693466	26742820864	19548934144	807.5	28	0
1177.88	6693466	258118	6693466	26747281408	19553366016	799.7	28	0
1178.89	6693466	258118	6693466	26750849024	19557531648	807.5	28	0
1179.89	6693466	258118	6693466	26755145728	19561771008	799.5	28	0
1180.90	6693466	258118	6693466	26759827456	19566206976	807.5	28	0
1181.90	6693466	258118	6693466	26764271616	19570393088	799.4	28	0
1182.91	6693466	258118	6693466	26768609280	19574759424	799.5	28	0
1183.91	6693466	258118	6693466	26773237760	19579330560	807.6	28	0
1184.91	6693466	258118	6693466	26778267648	19583520768	799.8	28	0
1185.92	6693466	258118	6693466	26782261248	19588001792	807.2	28	0
1186.92	6693466	258118	6693466	26786754560	19592601600	799.7	28	0
1187.93	6693466	258118	6693466	26790993920	19597099008	807.7	28	0
1188.93	6693466	258118	6693466	26795245568	19601383424	799.7	28	0
1189.94	6693466	258118	6693466	26799665152	19606048768	799.9	28	0
1190.94	6693466	258118	6693466	26804879360	19610476544	807.6	28	0
1191.94	6693466	258118	6693466	26809106432	19614822400	799.6	28	0
1192.95	6693466	258118	6693466	26812579840	19619020800	807.6	28	0
1193.95	6693466	258118	6693466	26816786432	19623481344	799.7	28	0
1194.96	6693466	258118	6693466	26822238208	19627880448	799.7	28	0
1195.96	6693466	258118	6693466	26825629696	19632193536	807.5	28	0
1196.96	6693466	258118	6693466	26829836288	19636580352	799.7	28	0
1197.97	6693466	258118	6693466	26834264064	19640823808	807.8	28	0
1198.97	6693466	258118	6693466	26838835200	19644809216	799.7	28	0
1199.98	6693466	258118	6693466	26842828800	19649069056	800.2	28	0
1200.98	6693466	258118	6693466	26847580160	19653255168	806.6	28	0
1201.98	6693466	258118	6693466	26851143680	19657285632	799.6	28	0
1202.99	6693466	258118	6693466	26856243200	19661987840	807.9	28	0
1203.99	6693466	258118	6693466	26860879872	19666636800	799.8	28	0
1205.00	6693466	263154	6693466	26868502528	19668647936	902.6	28	0
1206.00	6693466	268304	6693466	26875797504	19670614016	915.3	28	0
1207.00	6693466	271677	6693466	26880348160	19672190976	870.8	28	0
1208.01	6693466	271677	6693466	26881957888	19673645056	807.4	28	0
1209.01	6693466	271677	6693466	26883330048	19675234304	799.5	28	0
1210.02	6693466	271677	6693466	26885447680	19676831744	807.7	28	0
1211.02	6693466	271677	6693466	26886725632	19678388224	799.6	28	0
1212.03	6693466	271677	6693466	26887733248	19679956992	799.6	28	0
1213.03	6693466	271677	6693466	26889748480	19681624064	807.7	28	0
1214.03	6693466	271677	6693466	26891018240	19683254272	799.7	28	0
1215.04	6693466	271677	6693466	26893058048	19684839424	807.4	28	0
1216.04	6693466	271677	6693466	26894970880	19686629376	800.2	28	0
1217.05	6693466	271677	6693466	26896961536	19688366080	799.2	28	0
1218.05	6693466	271677	6693466	26898337792	19690061824	807.7	28	0
1219.05	6693466	271677	6693466	26899787776	19694026752	799.5	28	0
1220.06	6693466	271677	6693466	26901872640	19696017408	807.7	28	0
1221.06	6693466	271677	6693466	26903855104	19698049024	799.7	28	0
1222.07	6693466	271677	6693466	26905440256	19699642368	799.5	28	0
1223.07	6693466	271677	6693466	26907652096	19701489664	807.7	28	0
1224.07	6693466	271677	6693466	26908975104	19703037952	799.6	28	0
1225.08	6693466	271677	6693466	26910695424	19704655872	807.5	28	0
1226.08	6693466	271677	6693466	26912256000	19706482688	799.9	28	0
1227.09	6693466	271677	6693466	26914140160	19708010496	799.1	28	0
1228.09	6693466	271677	6693466	26915405824	19709857792	807.9	28	0
1229.09	6693466	271677	6693466	26917605376	19711475712	799.7	28	0
1230.10	6693466	271677	6693466	26919231488	19713273856	807.8	28	0
1231.10	6693466	271677	6693466	26920329216	19715014656	799.6	28	0
1232.11	6693466	271677	6693466	26921709568	19716538368	799.6	28	0
1233.11	6693466	271677	6693466	26923536384	19718320128	807.7	28	0
1234.11	6693466	271677	6693466	26925355008	19720019968	800.5	28	0
1235.12	6693466	271677	6693466	26927325184	19721748480	806.6	28	0
1236.12	6693466	271677	6693466	26928574464	19723497472	799.6	28	0
1237.13	6693466	271677	6693466	26930491392	19725303808	807.9	28	0
1238.13	6693466	271677	6693466	26932686848	19726917632	799.8	28	0
1239.13	6693466	271677	6693466	26934521856	19728707584	799.9	28	0
1240.14	6693466	271677	6693466	26936057856	19730247680	807.5	28	0
1241.14	6693466	271677	6693466	26937839616	19731959808	799.7	28	0
1242.15	6693466	271677	6693466	26939117568	19733581824	807.8	28	0
1243.15	6693466	271677	6693466	26940760064	19735310336	799.8	28	0
1244.16	6693466	271677	6693466	26942865408	19737047040	799.8	28	0
1245.16	6693466	271677	6693466	26945290240	19738800128	807.6	28	0
1246.16	6693466	274000	6693466	26948595712	19739631616	847.2	28	0
1247.17	6693466	279088	6693466	26954055680	19739631616	915.2	28	0
1248.17	6693466	284159	6693466	26958938112	19739631616	906.2	28	0
1249.18	6693466	289209	6693466	26964054016	19739631616	906.9	28	0
1250.18	6693466	294310	6693466	26969133056	19739635712	915.7	28	0
1251.18	6693466	299438	6693466	26974703616	19739635712	907.1	28	0
1252.19	6693466	304589	6693466	26980245504	19739635712	916.7	28	0
1253.19	6693466	309709	6693466	26984841216	19739635712	907.9	28	0
1254.20	6693466	314811	6693466	26990465024	19739635712	908.1	28	0
1255.20	6693466	319910	6693466	26995613696	19739635712	916.1	28	0
1256.20	6693466	324996	6693466	27000881152	19739635712	906.7	28	0
1257.21	6693466	330084	6693466	27005911040	19739635712	916.2	28	0
1258.21	6693466	335205	6693466	27011514368	19739635712	906.3	28	0
1259.22	6693466	340338	6693466	27016404992	19739635712	914.9	28	0
1260.22	6693466	345465	6693466	27021828096	19739635712	905.7	28	0
1261.23	6693466	347719	6693466	27024429056	19739652096	847.0	28	0
1262.23	6693466	347719	6693466	27024105472	19739652096	807.5	28	0
1263.23	6693466	347719	6693466	27024191488	19739660288	799.6	28	0
1264.24	6693466	347719	6693466	27023917056	19739664384	807.1	28	0
1265.24	6693466	347719	6693466	27024289792	19739664384	799.9	28	0
1266.25	6693466	347719	6693466	27023835136	19739668480	799.8	28	0
1267.25	6693466	347719	6693466	27023880192	19739668480	807.5	28	0
1268.25	6693466	347719	6693466	27023552512	19739668480	799.6	28	0
1269.26	6693466	347719	6693466	27023515648	19739668480	807.6	28	0
1270.26	6693466	347719	6693466	27023769600	19739668480	799.6	28	0
1271.27	6693466	347719	6693466	27023683584	19739672576	801.2	28	0
1272.27	6693466	347719	6693466	27023978496	19739672576	806.4	28	0
1273.27	6693466	347719	6693466	27023675392	19739672576	799.6	28	0
1274.28	6693466	347719	6693466	27023597568	19739672576	807.7	28	0
1275.28	6693466	347719	6693466	27023728640	19739672576	799.7	28	0
1276.29	6693466	347719	6693466	27023577088	19739672576	807.9	28	0
1277.29	6693466	347719	6693466	27023601664	19739672576	800.0	28	0
1278.30	6693466	347719	6693466	27023581184	19739672576	799.9	28	0
1279.30	6693466	347719	6693466	27023663104	19739688960	807.5	28	0
1280.30	6693466	347719	6693466	27023736832	19739688960	799.7	28	0
1281.31	6693466	347719	6693466	27023437824	19739688960	807.6	28	0
1282.31	6693466	347719	6693466	27022786560	19739688960	799.8	28	0
1283.32	6693466	347719	6693466	27023589376	19739688960	799.8	28	0
1284.32	6693466	347719	6693466	27023204352	19739688960	807.6	28	0
1285.32	6693466	347719	6693466	27023290368	19739688960	799.7	28	0
1286.33	6693466	347719	6693466	27023245312	19739688960	807.7	28	0
1287.33	6693466	347719	6693466	27023028224	19739688960	799.7	28	0
1288.34	6693466	347719	6693466	27023085568	19739688960	799.5	28	0
1289.34	6693466	347719	6693466	27023020032	19739693056	807.7	28	0
1290.34	6693466	347719	6693466	27023171584	19739693056	799.7	28	0
1291.35	6693466	347719	6693466	27023577088	19739697152	807.4	28	0
1292.35	6693466	347719	6693466	27023257600	19739697152	799.6	28	0
1293.36	6693466	347719	6693466	27023822848	19739697152	807.5	28	0
1294.36	6693466	347719	6693466	27023245312	19739697152	799.5	28	0
1295.37	6693466	347719	6693466	27023126528	19739701248	799.5	28	0
1296.37	6693466	347719	6693466	27022983168	19739701248	807.4	28	0
1297.37	6693466	347719	6693466	27023228928	19739701248	799.6	28	0
1298.38	6693466	347719	6693466	27023142912	19739701248	807.7	28	0
1299.38	6693466	347719	6693466	27022823424	19739701248	799.6	28	0
1300.39	6693466	347719	6693466	27023355904	19739701248	799.7	28	0
1301.39	6693466	347719	6693466	27022979072	19739701248	807.6	28	0
1302.39	6693466	347719	6693466	27023028224	19739701248	800.7	28	0
1303.40	6693466	347719	6693466	27023073280	19739701248	806.7	28	0
1304.40	6693466	347719	6693466	27023355904	19739701248	799.5	28	0
1305.41	6693466	347719	6693466	27023450112	19739701248	807.9	28	0
1306.41	6693466	347719	6693466	27023261696	19739701248	799.9	28	0
1307.42	6693466	347719	6693466	27023519744	19739701248	799.6	28	0
1308.42	6693466	349841	6693466	27026567168	19739725824	850.3	28	0
1309.42	6693466	354977	6693466	27031379968	19739725824	904.7	28	0
1310.43	6693466	360098	6693466	27036639232	19739725824	914.0	28	0
1311.43	6693466	365233	6693466	27042762752	19739860992	905.1	28	0
1312.44	6693466	366943	6693466	27044159488	19739860992	836.1	28	0
1313.44	6693466	366943	6693466	27043528704	19739860992	807.5	28	0
1314.44	6693466	366943	6693466	27043241984	19739860992	799.4	28	0
1315.45	6693466	366943	6693466	27043229696	19739860992	807.5	28	0
1316.45	6693466	366943	6693466	27043110912	19739860992	799.6	28	0
1317.46	6693466	366943	6693466	27042902016	19739860992	807.8	28	0
1318.46	6693466	366943	6693466	27043483648	19739869184	799.6	28	0
1319.47	6693466	366943	6693466	27043663872	19739869184	799.7	28	0
1320.47	6693466	366943	6693466	27043287040	19739869184	807.4	28	0
1321.47	6693466	366943	6693466	27043299328	19739869184	799.7	28	0
1322.48	6693466	366943	6693466	27043184640	19739869184	807.5	28	0
1323.48	6693466	366943	6693466	27043553280	19739869184	799.6	28	0
1324.49	6693466	366943	6693466	27043139584	19739869184	799.7	28	0
1325.49	6693466	366943	6693466	27043426304	19739869184	807.7	28	0
1326.49	6693466	366943	6693466	27043315712	19739885568	800.5	28	0
1327.50	6693466	366943	6693466	27043196928	19739885568	807.1	28	0
1328.50	6693466	366943	6693466	27043454976	19739885568	799.6	28	0
1329.51	6693466	366943	6693466	27043012608	19739885568	799.4	28	0
1330.51	6693466	366943	6693466	27043631104	19739889664	807.6	28	0
1331.51	6693466	366943	6693466	27043094528	19739889664	799.7	28	0
1332.52	6693466	366943	6693466	27043127296	19739889664	807.8	28	0
1333.52	6693466	366943	6693466	27043446784	19739889664	799.5	28	0
1334.53	6693466	366943	6693466	27043090432	19739889664	807.6	28	0
1335.53	6693466	366943	6693466	27043110912	19739889664	799.6	28	0
1336.54	6693466	366943	6693466	27043123200	19739889664	799.7	28	0
1337.54	6693466	366943	6693466	27043123200	19739889664	807.7	28	0
1338.54	6693466	366943	6693466	27042955264	19739889664	799.6	28	0
1339.55	6693466	366943	6693466	27043553280	19739910144	807.5	28	0
1340.55	6693466	366943	6693466	27043266560	19739910144	799.6	28	0
1341.56	6693466	366943	6693466	27043454976	19739910144	799.8	28	0
1342.56	6693466	366943	6693466	27043237888	19739910144	807.7	28	0
1343.56	6693466	366943	6693466	27043876864	19739914240	800.0	28	0
1344.57	6693466	366943	6693466	27043880960	19739914240	807.5	28	0
1345.57	6693466	366943	6693466	27043823616	19739914240	799.4	28	0
1346.58	6693466	366943	6693466	27043606528	19739914240	807.7	28	0
1347.58	6693466	366943	6693466	27043479552	19739914240	799.6	28	0
1348.59	6693466	366943	6693466	27043475456	19739914240	799.8	28	0
1349.59	6693466	366943	6693466	27043188736	19739914240	807.6	28	0
1350.59	6693466	366943	6693466	27043459072	19739914240	799.9	28	0
1351.60	6693466	366943	6693466	27043164160	19739914240	807.6	28	0
1352.60	6693466	366943	6693466	27043094528	19739914240	799.6	28	0
1353.61	6693466	366943	6693466	27043000320	19739914240	799.7	28	0
1354.61	6693466	366943	6693466	27042889728	19739914240	807.6	28	0
1355.61	6693466	366943	6693466	27043049472	19739914240	799.9	28	0
1356.62	6693466	366943	6693466	27042676736	19739914240	807.4	28	0
1357.62	6693466	366943	6693466	27042701312	19739914240	799.7	28	0
1358.63	6693466	366943	6693466	27042893824	19739914240	807.5	28	0
1359.63	6693466	366943	6693466	27042816000	19739914240	799.6	28	0
1360.64	6693466	366943	6693466	27042963456	19739914240	799.7	28	0
1361.64	6693466	366943	6693466	27043078144	19739914240	807.5	28	0
1362.64	6693466	366943	6693466	27042734080	19739914240	799.7	28	0
1363.65	6693466	366943	6693466	27042820096	19739914240	807.6	28	0
1364.65	6693466	366943	6693466	27042693120	19739914240	799.9	28	0
1365.66	6693466	366943	6693466	27042942976	19740000256	799.8	28	0
1366.66	6693466	366943	6693466	27042676736	19740004352	807.8	28	0
1367.66	6693466	366943	6693466	27042553856	19740004352	799.7	28	0
1368.67	6693466	366943	6693466	27042504704	19740004352	807.8	28	0
1369.67	6693466	366943	6693466	27042869248	19740004352	799.8	28	0
1370.68	6693466	366943	6693466	27043131392	19740004352	807.7	28	0
1371.68	6693466	366943	6693466	27042471936	19740008448	799.7	28	0
1372.69	6693466	366943	6693466	27043098624	19740012544	799.8	28	0
1373.69	6693466	366943	6693466	27043213312	19740012544	807.7	28	0
1374.69	6693466	366943	6693466	27042955264	19740020736	799.7	28	0
1375.70	6693466	366943	6693466	27043135488	19740020736	807.7	28	0
1376.70	6693466	366943	6693466	27043254272	19740020736	800.1	28	0
1377.71	6693466	366943	6693466	27043225600	19740020736	799.5	28	0
1378.71	6693466	366943	6693466	27043241984	19740020736	807.7	28	0
1379.71	6693466	366943	6693466	27042975744	19740020736	799.6	28	0
1380.72	6693466	366943	6693466	27042848768	19740020736	807.6	28	0
1381.72	6693466	366943	6693466	27042807808	19740020736	799.7	28	0
1382.73	6693466	366943	6693466	27043368960	19740024832	807.6	28	0
1383.73	6693466	366943	6693466	27043598336	19740024832	799.5	28	0
1384.74	6693466	366943	6693466	27043078144	19740024832	799.7	28	0
1385.74	6693466	366943	6693466	27043422208	19740041216	807.8	28	0
1386.74	6693466	366943	6693466	27043000320	19740053504	799.6	28	0
1387.75	6693466	366943	6693466	27043409920	19740053504	807.6	28	0
1388.75	6693466	366943	6693466	27043491840	19740057600	799.7	28	0
1389.76	6693466	366943	6693466	27043024896	19740057600	799.7	28	0
1390.76	6693466	366943	6693466	27043213312	19740057600	807.6	28	0
1391.76	6693466	366943	6693466	27043106816	19740057600	799.6	28	0
1392.77	6693466	366943	6693466	27043028992	19740057600	807.6	28	0
1393.77	6693466	366943	6693466	27042934784	19740061696	799.6	28	0
1394.78	6693466	366943	6693466	27043020800	19740061696	807.5	28	0
1395.78	6693466	366943	6693466	27043123200	19740061696	799.6	28	0
1396.79	6693466	366943	6693466	27043020800	19740061696	799.6	28	0
1397.79	6693466	366943	6693466	27043037184	19740065792	807.6	28	0
1398.79	6693466	366943	6693466	27043221504	19740065792	800.0	28	0
1399.80	6693466	366943	6693466	27043360768	19740065792	807.6	28	0
1400.80	6693466	366943	6693466	27043303424	19740065792	799.7	28	0
1401.81	6693466	366943	6693466	27043233792	19740065792	799.9	28	0
1402.81	6693466	366943	6693466	27043393536	19740065792	807.6	28	0
1403.81	6693466	366943	6693466	27043028992	19740065792	799.9	28	0
1404.82	6693466	366943	6693466	27043004416	19740065792	807.5	28	0
1405.82	6693466	366943	6693466	27043078144	19740065792	799.7	28	0
1406.83	6693466	366943	6693466	27042840576	19740065792	807.7	28	0
1407.83	6693466	366943	6693466	27042820096	19740065792	799.7	28	0
1408.84	6693466	366943	6693466	27043069952	19740065792	799.9	28	0
1409.84	6693466	366943	6693466	27042754560	19740065792	807.6	28	0
1410.84	6693466	366943	6693466	27042750464	19740065792	799.4	28	0
1411.85	6693466	366943	6693466	27042779136	19740065792	807.7	28	0
1412.85	6693466	366943	6693466	27042938880	19740065792	799.7	28	0
1413.86	6693466	366943	6693466	27042885632	19740065792	799.6	28	0
1414.86	6693466	366943	6693466	27042877440	19740065792	807.5	28	0
1415.86	6693466	366943	6693466	27042881536	19740065792	799.5	28	0
1416.87	6693466	366943	6693466	27042881536	19740065792	807.5	28	0
1417.87	6693466	366943	6693466	27042680832	19740065792	799.6	28	0
1418.88	6693466	366943	6693466	27042979840	19740069888	807.7	28	0
1419.88	6693466	366943	6693466	27042738176	19740069888	799.9	28	0
1420.89	6693466	366943	6693466	27042222080	19740069888	799.6	28	0
1421.89	6693466	366943	6693466	27042623488	19740069888	807.7	28	0
1422.89	6693466	366943	6693466	27042766848	19740069888	799.5	28	0
1423.90	6693466	366943	6693466	27043291136	19740086272	807.5	28	0
1424.90	6693466	366943	6693466	27043319808	19740086272	799.8	28	0
1425.91	6693466	366943	6693466	27043328000	19740086272	799.6	28	0
1426.91	6693466	366943	6693466	27043037184	19740086272	807.6	28	0
1427.91	6693466	366943	6693466	27042500608	19740086272	799.6	28	0
1428.92	6693466	366943	6693466	27042779136	19740086272	807.6	28	0
1429.92	6693466	366943	6693466	27042992128	19740086272	799.7	28	0
1430.93	6693466	366943	6693466	27043000320	19740086272	799.5	28	0
1431.93	6693466	366943	6693466	27042516992	19740086272	807.6	28	0
1432.93	6693466	366943	6693466	27042783232	19740086272	799.7	28	0
1433.94	6693466	366943	6693466	27042783232	19740102656	807.6	28	0
1434.94	6693466	366943	6693466	27043016704	19740102656	799.8	28	0
1435.95	6693466	366943	6693466	27042820096	19740102656	807.7	28	0
1436.95	6693466	366943	6693466	27042742272	19740102656	799.8	28	0
1437.96	6693466	366943	6693466	27042775040	19740102656	799.7	28	0
1438.96	6693466	366943	6693466	27042582528	19740102656	807.5	28	0
1439.96	6693466	366943	6693466	27043115008	19740110848	799.6	28	0
1440.97	6693466	366943	6693466	27043205120	19740114944	807.4	28	0
1441.97	6693466	366943	6693466	27042811904	19740114944	799.4	28	0
1442.98	6693466	366943	6693466	27042967552	19740114944	799.6	28	0
1443.98	6693466	366943	6693466	27043028992	19740114944	807.6	28	0
1444.98	6693466	366943	6693466	27043295232	19740114944	799.4	28	0
1445.99	6693466	366943	6693466	27043422208	19740114944	807.4	28	0
1446.99	6693466	366943	6693466	27043065856	19740114944	799.6	28	0
1448.00	6693466	366943	6693466	27042824192	19740114944	807.4	28	0
1449.00	6693466	366943	6693466	27043147776	19740114944	799.5	28	0
1450.01	6693466	366943	6693466	27043246080	19740114944	799.6	28	0
1451.01	6693466	366943	6693466	27043213312	19740114944	807.6	28	0
1452.01	6693466	366943	6693466	27043287040	19740114944	799.5	28	0
1453.02	6693466	366943	6693466	27042877440	19740114944	807.6	28	0
1454.02	6693466	366943	6693466	27043168256	19740114944	799.5	28	0
1455.03	6693466	366943	6693466	27042996224	19740114944	799.6	28	0
1456.03	6693466	366943	6693466	27043037184	19740114944	807.7	28	0
1457.03	6693466	366943	6693466	27043438592	19740114944	799.6	28	0
1458.04	6693466	366943	6693466	27043160064	19740114944	807.5	28	0
1459.04	6693466	366943	6693466	27042586624	19740114944	799.4	28	0
1460.05	6693466	366943	6693466	27043184640	19740114944	807.2	28	0
1461.05	6693466	366943	6693466	27042725888	19740114944	799.5	28	0
1462.06	6693466	366943	6693466	27042549760	19740114944	799.5	28	0
1463.06	6693466	366943	6693466	27042545664	19740114944	807.6	28	0
1464.06	6693466	366943	6693466	27042701312	19740114944	799.6	28	0
1465.07	6693466	366943	6693466	27042803712	19740114944	807.4	28	0
1466.07	6693466	366943	6693466	27042717696	19740114944	799.5	28	0
1467.08	6693466	366943	6693466	27042775040	19740114944	807.6	28	0
1468.08	6693466	366943	6693466	27042521088	19740114944	799.3	28	0
1469.09	6693466	366943	6693466	27042807808	19740123136	799.4	28	0
1470.09	6693466	366943	6693466	27042791424	19740123136	807.3	28	0
1471.09	6693466	366943	6693466	27042684928	19740123136	800.0	28	0
1472.10	6693466	366943	6693466	27042684928	19740123136	808.0	28	0
1473.10	6693466	366943	6693466	27042500608	19740123136	799.8	28	0
1474.11	6693466	366943	6693466	27042500608	19740123136	807.5	28	0
1475.11	6693466	366943	6693466	27042328576	19740123136	799.5	28	0
1476.12	6693466	366943	6693466	27042512896	19740123136	807.6	28	0
1477.12	6693466	366943	6693466	27042508800	19740123136	799.6	28	0
1478.13	6693466	366943	6693466	27042426880	19740123136	800.8	28	0
1479.13	6693466	366943	6693466	27042578432	19740123136	806.8	28	0
1480.13	6693466	366943	6693466	27042942976	19740127232	800.0	28	0
1481.14	6693466	366943	6693466	27042516992	19740127232	807.7	28	0
1482.14	6693466	366943	6693466	27042508800	19740127232	799.5	28	0
1483.15	6693466	366943	6693466	27042578432	19740127232	799.9	28	0
1484.15	6693466	366943	6693466	27042516992	19740127232	807.8	28	0
1485.15	6693466	366943	6693466	27042590720	19740127232	799.7	28	0
1486.16	6693466	366943	6693466	27042529280	19740127232	807.7	28	0
1487.16	6693466	366943	6693466	27042258944	19740127232	799.6	28	0
1488.17	6693466	366943	6693466	27042578432	19740127232	807.5	28	0
1489.17	6693466	366943	6693466	27042603008	19740127232	799.6	28	0
1490.18	6693466	366943	6693466	27042811904	19740127232	799.7	28	0
1491.18	6693466	366943	6693466	27042848768	19740127232	807.5	28	0
1492.18	6693466	366943	6693466	27042832384	19740127232	799.5	28	0
1493.19	6693466	366943	6693466	27042902016	19740127232	807.6	28	0
1494.19	6693466	366943	6693466	27042689024	19740127232	799.5	28	0
1495.20	6693466	366943	6693466	27042680832	19740127232	799.5	28	0
1496.20	6693466	366943	6693466	27042664448	19740127232	807.6	28	0
1497.20	6693466	366943	6693466	27042529280	19740127232	799.7	28	0
1498.21	6693466	366943	6693466	27042578432	19740127232	807.7	28	0
1499.21	6693466	366943	6693466	27042603008	19740127232	799.6	28	0
1500.22	6693466	366943	6693466	27042476032	19740127232	799.8	28	0
1501.22	6693466	366943	6693466	27042918400	19740127232	807.7	28	0
1502.22	6693466	366943	6693466	27042844672	19740127232	800.0	28	0
1503.23	6693466	366943	6693466	27042545664	19740127232	807.3	28	0
1504.23	6693466	366943	6693466	27042873344	19740127232	799.6	28	0
1505.24	6693466	366943	6693466	27042816000	19740127232	807.3	28	0
1506.24	6693466	366943	6693466	27042668544	19740127232	799.4	28	0
1507.25	6693466	366943	6693466	27042529280	19740127232	799.4	28	0
1508.25	6693466	366943	6693466	27042770944	19740127232	807.4	28	0
1509.25	6693466	366943	6693466	27042996224	19740127232	799.5	28	0
1510.26	6693466	366943	6693466	27043328000	19740184576	807.3	28	0
1511.26	6693466	366943	6693466	27043303424	19740192768	799.6	28	0
1512.27	6693466	366943	6693466	27268788224	19965661184	802.5	28	0
1513.27	6693466	366943	6693466	27045511168	19741892608	803.7	28	0
1514.27	6693466	366943	6693466	27048665088	19744636928	799.4	28	0
1515.28	6693466	366943	6693466	27050659840	19747233792	807.5	28	0
1516.28	6693466	366943	6693466	27052859392	19749851136	799.4	28	0
1517.29	6693466	366943	6693466	27055439872	19752050688	807.3	28	0
1518.29	6693466	366943	6693466	27057713152	19754647552	799.5	28	0
1519.30	6693466	366943	6693466	27060350976	19757334528	799.5	28	0
1520.30	6693466	366943	6693466	27062751232	19759689728	807.3	28	0
1521.30	6693466	366943	6693466	27065569280	19762053120	799.5	28	0
1522.31	6693466	366943	6693466	27068526592	19764707328	807.5	28	0
1523.31	6693466	366943	6693466	27071180800	19767357440	799.5	28	0
1524.32	6693466	366943	6693466	27073343488	19769802752	807.3	28	0
1525.32	6693466	366943	6693466	27075842048	19772366848	799.3	28	0
1526.33	6693466	366943	6693466	27078193152	19774586880	799.5	28	0
1527.33	6693466	366943	6693466	27080335360	19777347584	807.5	28	0
1528.33	6693466	366943	6693466	27083157504	19779653632	799.3	28	0
1529.34	6693466	366943	6693466	27085500416	19782328320	807.4	28	0
1530.34	6693466	366943	6693466	27088257024	19784736768	799.3	28	0
1531.35	6693466	366943	6693466	27091025920	19787628544	800.4	28	0
1532.35	6693466	366943	6693466	27093618688	19790430208	806.7	28	0
1533.35	6693466	366943	6693466	27096387584	19792969728	799.5	28	0
1534.36	6693466	366943	6693466	27098918912	19795480576	807.3	28	0
1535.36	6693466	366943	6693466	27101573120	19798360064	799.5	28	0
1536.37	6693466	366943	6693466	27104567296	19800907776	807.5	28	0
1537.37	6693466	366943	6693466	27106988032	19803512832	799.5	28	0
1538.38	6693466	366943	6693466	27109269504	19805999104	799.5	28	0
1539.38	6693466	366943	6693466	27112427520	19808858112	807.5	28	0
1540.38	6693466	366943	6693466	27114516480	19811033088	799.4	28	0
1541.39	6693466	366943	6693466	27116904448	19813748736	807.4	28	0
1542.39	6693466	366943	6693466	27120377856	19816517632	799.7	28	0
1543.40	6693466	366943	6693466	27122561024	19819184128	807.6	28	0
1544.40	6693466	366943	6693466	27125387264	19822223360	799.9	28	0
1545.41	6693466	366943	6693466	27128127488	19825246208	799.5	28	0
1546.41	6693466	366943	6693466	27131883520	19827933184	807.5	28	0
1547.41	6693466	366943	6693466	27133886464	19830403072	799.4	28	0
1548.42	6693466	366943	6693466	27136544768	19833135104	807.6	28	0
1549.42	6693466	366943	6693466	27139457024	19835703296	799.5	28	0
1550.43	6693466	366943	6693466	27142320128	19838418944	800.7	28	0
1551.43	6693466	366943	6693466	27144675328	19841040384	806.4	28	0
1552.43	6693466	366943	6693466	27147030528	19843792896	799.6	28	0
1553.44	6693466	366943	6693466	27150295040	19846717440	807.8	28	0
1554.44	6693466	366943	6693466	27152760832	19849326592	799.5	28	0
1555.45	6693466	366943	6693466	27155660800	19852247040	800.1	28	0
1556.45	6693466	367403	6693466	27159056384	19854872576	816.3	28	0
1557.45	6693466	372565	6693466	27167432704	19857633280	908.0	28	0
1558.46	6693466	377728	6693466	27175763968	19860516864	917.5	28	0
1559.46	6693466	382860	6693466	27183824896	19863408640	908.0	28	0
1560.47	6693466	388068	6693466	27191906304	19866058752	916.0	28	0
1561.47	6693466	393201	6693466	27200081920	19868905472	907.4	28	0
1562.48	6693466	398418	6693466	27208519680	19871784960	906.2	28	0
1563.48	6693466	403585	6693466	27216719872	19874582528	915.9	28	0
1564.48	6693466	408733	6693466	27224920064	19877376000	907.7	28	0
1565.49	6693466	413843	6693466	27232731136	19880079360	915.8	28	0
1566.49	6693466	418763	6693466	27240239104	19882774528	907.1	28	0
1567.50	6693466	423719	6693466	27249119232	19885735936	906.7	28	0
1568.50	6693466	428922	6693466	27256606720	19888066560	915.1	28	0
1569.50	6693466	434118	6693466	27264360448	19890647040	906.2	28	0
1570.51	6693466	439311	6693466	27272368128	19893440512	914.5	28	0
1571.51	6693466	442651	6693466	27278295040	19896025088	868.9	28	0
1572.52	6693466	442651	6693466	27281080320	19898695680	807.6	28	0
1573.52	6693466	442651	6693466	27283337216	19901353984	799.6	28	0
1574.53	6693466	442651	6693466	27285639168	19903627264	799.4	28	0
1575.53	6693466	442651	6693466	27288522752	19906371584	807.5	28	0
1576.53	6693466	442651	6693466	27290734592	19908878336	799.5	28	0
1577.54	6693466	442651	6693466	27292774400	19910975488	807.3	28	0
1578.54	6693466	442651	6693466	27295731712	19913830400	799.7	28	0
1579.55	6693466	442651	6693466	27298480128	19916591104	799.7	28	0
1580.55	6693466	442651	6693466	27300986880	19919491072	807.7	28	0
1581.55	6693466	442651	6693466	27304112128	19922141184	799.6	28	0
1582.56	6693466	442651	6693466	27306303488	19924729856	807.6	28	0
1583.56	6693466	442651	6693466	27309367296	19927420928	799.6	28	0
1584.57	6693466	442651	6693466	27311992832	19930443776	807.6	28	0
1585.57	6693466	442651	6693466	27315363840	19933495296	799.7	28	0
1586.58	6693466	442651	6693466	27318779904	19936518144	799.8	28	0
1587.58	6693466	442651	6693466	27320885248	19939291136	807.6	28	0
1588.58	6693466	442651	6693466	27324956672	19942486016	799.9	28	0
1589.59	6693466	442651	6693466	27327234048	19944935424	807.4	28	0
1590.59	6693466	442651	6693466	27330326528	19947610112	799.6	28	0
1591.60	6693466	442651	6693466	27333156864	19950559232	799.8	28	0
1592.60	6693466	442651	6693466	27335778304	19953238016	807.6	28	0
1593.60	6693466	442651	6693466	27337949184	19955859456	799.7	28	0
1594.61	6693466	442651	6693466	27340378112	19958517760	807.6	28	0
1595.61	6693466	442651	6693466	27343532032	19961384960	799.8	28	0
1596.62	6693466	442651	6693466	27345342464	19963731968	799.6	28	0
1597.62	6693466	442651	6693466	27348152320	19966713856	807.5	28	0
1598.62	6693466	442651	6693466	27350634496	19969073152	800.2	28	0
1599.63	6693466	442651	6693466	27352846336	19971543040	806.6	28	0
1600.63	6693466	442651	6693466	27356114944	19974160384	799.6	28	0
1601.64	6693466	442651	6693466	27358244864	19976597504	807.3	28	0
1602.64	6693466	442651	6693466	27360518144	19979325440	799.6	28	0
1603.65	6693466	442651	6693466	27363688448	19982336000	799.7	28	0
1604.65	6693466	442651	6693466	27366277120	19984957440	807.4	28	0
1605.65	6693466	442651	6693466	27368865792	19987513344	799.4	28	0
1606.66	6693466	442651	6693466	27371347968	19990237184	807.3	28	0
1607.66	6693466	442651	6693466	27374600192	19993264128	799.8	28	0
1608.67	6693466	442651	6693466	27377774592	19995873280	800.1	28	0
1609.67	6693466	442651	6693466	27379965952	19998806016	807.1	28	0
1610.67	6693466	442651	6693466	27383328768	20001628160	799.6	28	0
1611.68	6693466	442651	6693466	27385569280	20004245504	807.4	28	0
1612.68	6693466	442651	6693466	27388084224	20007038976	799.6	28	0
1613.69	6693466	442651	6693466	27391377408	20009590784	807.4	28	0
1614.69	6693466	442651	6693466	27393372160	20011929600	799.4	28	0
1615.70	6693466	442651	6693466	27396108288	20014514176	799.6	28	0
1616.70	6693466	442651	6693466	27398819840	20017139712	807.6	28	0
1617.70	6693466	445087	6693466	27404869632	20019916800	849.2	28	0
1618.71	6693466	450296	6693466	27412324352	20022476800	915.2	28	0
1619.71	6693466	455499	6693466	27420237824	20024881152	906.4	28	0
1620.72	6693466	460703	6693466	27428638720	20027604992	915.8	28	0
1621.72	6693466	461805	6693466	27431731200	20030324736	822.3	28	0
1622.73	6693466	461805	6693466	27433709568	20032954368	799.3	28	0
1623.73	6693466	461805	6693466	27436265472	20035235840	807.3	28	0
1624.73	6693466	461805	6693466	27439058944	20037877760	799.3	28	0
1625.74	6693466	461805	6693466	27441319936	20040482816	807.4	28	0
1626.74	6693466	461805	6693466	27444109312	20043026432	799.5	28	0
1627.75	6693466	461805	6693466	27447033856	20045762560	807.4	28	0
1628.75	6693466	461805	6693466	27450396672	20048470016	799.5	28	0
1629.76	6693466	461805	6693466	27453095936	20051226624	799.8	28	0
1630.76	6693466	461805	6693466	27454550016	20053426176	807.4	28	0
1631.76	6693466	461805	6693466	27457261568	20055957504	799.5	28	0
1632.77	6693466	461805	6693466	27460255744	20058669056	807.9	28	0
1633.77	6693466	461805	6693466	27462500352	20061151232	800.1	28	0
1634.78	6693466	461805	6693466	27464691712	20063285248	799.9	28	0
1635.78	6693466	461805	6693466	27467079680	20065718272	807.5	28	0
1636.78	6693466	461805	6693466	27469488128	20068130816	799.5	28	0
1637.79	6693466	461805	6693466	27472117760	20070952960	807.6	28	0
1638.79	6693466	461805	6693466	27475308544	20073766912	799.5	28	0
1639.80	6693466	461805	6693466	27477991424	20076584960	807.7	28	0
1640.80	6693466	461805	6693466	27480391680	20079218688	799.7	28	0
1641.81	6693466	461805	6693466	27483344896	20081999872	799.8	28	0
1642.81	6693466	461805	6693466	27486105600	20084625408	807.3	28	0
1643.81	6693466	461805	6693466	27488641024	20087377920	799.5	28	0
1644.82	6693466	461805	6693466	27491147776	20090073088	807.7	28	0
1645.82	6693466	461805	6693466	27493527552	20092477440	799.6	28	0
1646.83	6693466	461805	6693466	27496386560	20095168512	799.7	28	0
1647.83	6693466	461805	6693466	27498987520	20097839104	807.4	28	0
1648.83	6693466	461805	6693466	27502374912	20100628480	799.6	28	0
1649.84	6693466	461805	6693466	27504431104	20103237632	807.7	28	0
1650.84	6693466	461805	6693466	27507724288	20106240000	799.9	28	0
1651.85	6693466	461805	6693466	27510640640	20109361152	800.0	28	0
1652.85	6693466	461805	6693466	27513311232	20112027648	807.6	28	0
1653.85	6693466	461805	6693466	27516829696	20115062784	799.8	28	0
1654.86	6693466	461805	6693466	27519983616	20118323200	807.9	28	0
1655.86	6693466	461805	6693466	27522433024	20120887296	799.6	28	0
1656.87	6693466	461805	6693466	27525398528	20123832320	799.7	28	0
1657.87	6693466	461805	6693466	27528310784	20126814208	807.8	28	0
1658.87	6693466	461805	6693466	27531218944	20129734656	799.7	28	0
1659.88	6693466	461805	6693466	27534352384	20132900864	807.8	28	0
1660.88	6693466	461805	6693466	27537305600	20135911424	799.8	28	0
1661.89	6693466	461805	6693466	27540107264	20138659840	799.6	28	0
1662.89	6693466	461805	6693466	27542831104	20141260800	807.5	28	0
1663.89	6693466	461805	6693466	27545538560	20144066560	799.9	28	0
1664.90	6693466	461805	6693466	27547963392	20146442240	807.5	28	0
1665.90	6693466	461805	6693466	27550679040	20149387264	799.7	28	0
1666.91	6693466	461805	6693466	27553538048	20152078336	807.5	28	0
1667.91	6693466	461805	6693466	27556380672	20154642432	799.6	28	0
1668.92	6693466	461805	6693466	27559120896	20157227008	799.5	28	0
1669.92	6693466	461805	6693466	27561263104	20159897600	807.5	28	0
1670.92	6693466	461805	6693466	27563610112	20162605056	799.8	28	0
1671.93	6693466	461805	6693466	27566837760	20165578752	807.7	28	0
1672.93	6693466	461805	6693466	27570089984	20168089600	799.6	28	0
1673.94	6693466	461805	6693466	27572281344	20170723328	799.6	28	0
1674.94	6693466	461805	6693466	27575324672	20173438976	807.5	28	0
1675.94	6693466	461805	6693466	27578097664	20176076800	799.5	28	0
1676.95	6693466	461805	6693466	27580641280	20178681856	807.6	28	0
1677.95	6693466	461805	6693466	27583160320	20181110784	799.5	28	0
1678.96	6693466	461805	6693466	27585269760	20183527424	799.5	28	0
1679.96	6693466	461805	6693466	27587702784	20186304512	807.6	28	0
1680.96	6693466	461805	6693466	27590791168	20189085696	799.8	28	0
1681.97	6693466	461805	6693466	27593236480	20191645696	807.5	28	0
1682.97	6693466	461805	6693466	27596382208	20194504704	799.6	28	0
1683.98	6693466	461805	6693466	27599196160	20197376000	799.8	28	0
1684.98	6693466	461805	6693466	27601797120	20200194048	807.7	28	0
1685.98	6693466	461805	6693466	27605127168	20202999808	800.1	28	0
1686.99	6693466	461805	6693466	27607363584	20205535232	807.1	28	0
1687.99	6693466	461805	6693466	27609804800	20208128000	799.6	28	0
1689.00	6693466	461805	6693466	27612901376	20211073024	807.8	28	0
1690.00	6693466	461805	6693466	27616059392	20213903360	799.6	28	0
1691.01	6693466	461805	6693466	27618709504	20216868864	799.7	28	0
1692.01	6693466	461805	6693466	27621793792	20219805696	807.7	28	0
1693.01	6693466	461805	6693466	27624263680	20222414848	799.6	28	0
1694.02	6693466	461805	6693466	27627151360	20224864256	807.6	28	0
1695.02	6693466	461805	6693466	27629568000	20227768320	799.7	28	0
1696.03	6693466	461805	6693466	27632898048	20230520832	799.7	28	0
1697.03	6693466	461805	6693466	27635167232	20232900608	807.5	28	0
1698.03	6693466	461805	6693466	27638546432	20235866112	799.8	28	0
1699.04	6693466	461805	6693466	27640979456	20238434304	807.4	28	0
1700.04	6693466	461805	6693466	27643813888	20241043456	799.4	28	0
1701.05	6693466	461805	6693466	27646128128	20243918848	799.4	28	0
1702.05	6693466	461805	6693466	27648790528	20246638592	807.5	28	0
1703.05	6693466	461805	6693466	27651313664	20248870912	799.3	28	0
1704.06	6693466	461805	6693466	27653582848	20251353088	807.1	28	0
1705.06	6693466	461805	6693466	27656101888	20254019584	799.3	28	0
1706.07	6693466	461805	6693466	27658473472	20256243712	799.0	28	0
1707.07	6693466	461805	6693466	27661529088	20259237888	807.3	28	0
1708.07	6693466	461805	6693466	27663802368	20261879808	799.6	28	0
1709.08	6693466	461805	6693466	27667017728	20264792064	807.6	28	0
1710.08	6693466	461805	6693466	27669303296	20267597824	799.6	28	0
1711.09	6693466	461805	6693466	27672199168	20270084096	807.4	28	0
1712.09	6693466	461805	6693466	27674988544	20272771072	799.5	28	0
1713.10	6693466	461805	6693466	27677749248	20275605504	800.2	28	0
1714.10	6693466	461805	6693466	27680264192	20278308864	806.6	28	0
1715.10	6693466	461805	6693466	27682852864	20280877056	799.4	28	0
1716.11	6693466	461805	6693466	27685769216	20283711488	807.7	28	0
1717.11	6693466	461805	6693466	27687710720	20285833216	799.3	28	0
1718.12	6693466	461805	6693466	27690393600	20288466944	799.6	28	0
1719.12	6693466	461805	6693466	27693191168	20291403776	807.6	28	0
1720.12	6693466	461805	6693466	27696222208	20293640192	799.5	28	0
1721.13	6693466	461805	6693466	27698499584	20296187904	807.4	28	0
1722.13	6693466	461805	6693466	27701084160	20298936320	799.5	28	0
1723.14	6693466	461805	6693466	27704225792	20301877248	807.6	28	0
1724.14	6693466	461805	6693466	27706339328	20304289792	799.5	28	0
1725.14	6693466	461805	6693466	27709452288	20306907136	799.6	28	0
1726.15	6693466	461805	6693466	27711819776	20309360640	807.4	28	0
1727.15	6693466	461805	6693466	27714740224	20312285184	799.6	28	0
1728.16	6693466	461805	6693466	27717541888	20315140096	807.8	28	0
1729.16	6693466	461805	6693466	27720060928	20317773824	799.7	28	0
1730.17	6693466	461805	6693466	27722596352	20320157696	799.5	28	0
1731.17	6693466	461805	6693466	27724886016	20322766848	807.6	28	0
1732.17	6693466	461805	6693466	27727413248	20325388288	799.4	28	0
1733.18	6693466	461805	6693466	27730370560	20328210432	807.6	28	0
1734.18	6693466	461805	6693466	27732779008	20330803200	799.7	28	0
1735.19	6693466	461805	6693466	27735511040	20333740032	799.7	28	0
1736.19	6693466	461805	6693466	27737767936	20336316416	807.6	28	0
1737.19	6693466	461805	6693466	27740786688	20339167232	799.8	28	0
1738.20	6693466	461805	6693466	27743285248	20341686272	807.4	28	0
1739.20	6693466	461805	6693466	27746570240	20344631296	799.7	28	0
1740.21	6693466	461805	6693466	27748974592	20347117568	799.5	28	0
1741.21	6693466	461805	6693466	27751628800	20349943808	807.7	28	0
1742.21	6693466	461805	6693466	27754401792	20352688128	800.2	28	0
1743.22	6693466	461805	6693466	27757207552	20355588096	807.2	28	0
1744.22	6693466	461805	6693466	27760173056	20358299648	799.9	28	0
1745.23	6693466	461805	6693466	27762946048	20360896512	799.3	28	0
1746.23	6693466	461805	6693466	27765280768	20363563008	807.7	28	0
1747.23	6693466	461805	6693466	27768045568	20366327808	800.4	28	0
1748.24	6693466	461805	6693466	27771305984	20369293312	807.1	28	0
1749.24	6693466	461805	6693466	27773931520	20372078592	799.8	28	0
1750.25	6693466	461805	6693466	27777515520	20375158784	799.8	28	0
1751.25	6693466	461805	6693466	27779952640	20377808896	807.6	28	0
1752.25	6693466	461805	6693466	27782193152	20380372992	799.7	28	0
1753.26	6693466	461805	6693466	27785580544	20383182848	807.6	28	0
1754.26	6693466	461805	6693466	27787702272	20386041856	799.9	28	0
1755.27	6693466	461805	6693466	27790725120	20388753408	807.8	28	0
1756.27	6693466	461805	6693466	27793813504	20391759872	799.7	28	0
1757.27	6693466	461805	6693466	27796619264	20394696704	800.1	28	0
1758.28	6693466	461805	6693466	27800096768	20397559808	807.5	28	0
1759.28	6693466	461805	6693466	27802533888	20400476160	799.7	28	0
1760.29	6693466	461805	6693466	27805368320	20402970624	807.6	28	0
1761.29	6693466	461805	6693466	27807973376	20405985280	799.6	28	0
1762.30	6693466	461805	6693466	27810250752	20408307712	799.5	28	0
1763.30	6693466	461805	6693466	27813400576	20410699776	807.5	28	0
1764.30	6693466	461805	6693466	27816214528	20413452288	799.6	28	0
1765.31	6693466	461805	6693466	27818221568	20415799296	807.5	28	0
1766.31	6693466	461805	6693466	27820957696	20418588672	799.8	28	0
1767.32	6693466	461805	6693466	27823206400	20421287936	799.7	28	0
1768.32	6693466	461805	6693466	27825840128	20423659520	807.4	28	0
1769.32	6693466	461805	6693466	27827867648	20425961472	799.6	28	0
1770.33	6693466	461805	6693466	27830710272	20428800000	807.8	28	0
1771.33	6693466	461805	6693466	27833090048	20431073280	799.8	28	0
1772.34	6693466	461805	6693466	27835707392	20433805312	800.2	28	0
1773.34	6693466	461805	6693466	27837800448	20435947520	807.9	28	0
1774.35	6693466	461805	6693466	27839893504	20438228992	800.6	28	0
1775.35	6693466	461805	6693466	27842883584	20440965120	808.9	28	0
1776.35	6693466	461805	6693466	27845922816	20443504640	801.0	28	0
1777.36	6693466	461805	6693466	27848687616	20446326784	808.7	28	0
1778.36	6693466	461805	6693466	27851472896	20448944128	800.7	28	0
1779.37	6693466	461805	6693466	27854086144	20451667968	800.4	28	0
1780.37	6693466	461805	6693466	27857264640	20454662144	808.7	28	0
1781.37	6693466	461805	6693466	27859742720	20457308160	800.8	28	0
1782.38	6693466	461805	6693466	27861557248	20459778048	808.5	28	0
1783.38	6693466	461805	6693466	27864920064	20462444544	800.6	28	0
1784.39	6693466	461805	6693466	27867525120	20465119232	808.7	28	0
1785.39	6693466	461805	6693466	27869908992	20467625984	800.3	28	0
1786.39	6693466	461805	6693466	27872395264	20470288384	800.7	28	0
1787.40	6693466	461805	6693466	27874754560	20472635392	808.1	28	0
1788.40	6693466	461805	6693466	27877838848	20475432960	800.7	28	0
1789.41	6693466	461805	6693466	27880390656	20477878272	808.4	28	0
1790.41	6693466	461805	6693466	27882979328	20480425984	800.6	28	0
1791.42	6693466	461805	6693466	27885158400	20483153920	800.5	28	0
1792.42	6693466	461805	6693466	27888406528	20486045696	808.8	28	0
1793.42	6693466	461805	6693466	27890790400	20488769536	800.6	28	0
1794.43	6693466	461805	6693466	27893485568	20491571200	808.6	28	0
1795.43	6693466	461805	6693466	27895332864	20493955072	800.5	28	0
1796.44	6693466	461805	6693466	27898716160	20496818176	800.7	28	0
1797.44	6693466	461805	6693466	27901345792	20499558400	808.7	28	0
1798.44	6693466	461805	6693466	27904004096	20502093824	800.7	28	0
1799.45	6693466	461805	6693466	27906871296	20504936448	808.5	28	0
1800.45	6693466	461805	6693466	27910230016	20508057600	801.2	28	0
1801.46	6693466	461805	6693466	27913572352	20511289344	801.9	28	0
1802.46	6693466	461805	6693466	27916668928	20514410496	808.0	28	0
1803.46	6693466	461805	6693466	27919519744	20517302272	800.9	28	0
1804.47	6693466	461805	6693466	27922223104	20520202240	808.8	28	0
1805.47	6693466	461805	6693466	27925786624	20523270144	800.8	28	0
1806.48	6693466	461805	6693466	27928514560	20526243840	808.8	28	0
1807.48	6693466	461805	6693466	27931451392	20529246208	800.2	28	0
1808.49	6693466	461805	6693466	27934576640	20532154368	800.9	28	0
1809.49	6693466	461805	6693466	27936882688	20534648832	808.4	28	0
1810.49	6693466	461805	6693466	27940163584	20537634816	800.9	28	0
1811.50	6693466	461805	6693466	27942223872	20540301312	808.6	28	0
1812.50	6693466	461805	6693466	24742391808	17346715648	464.7	23	0
1813.51	6693466	461805	6693466	24742473728	17346715648	399.7	23	0
1814.51	6693466	461805	6693466	24741986304	17346715648	403.6	23	0
1815.51	6693466	461805	6693466	24742588416	17346715648	399.8	23	0
1816.52	6693466	461805	6693466	24741974016	17346715648	403.8	23	0
1817.52	6693466	461805	6693466	24742043648	17346715648	399.7	23	0
1818.53	6693466	461805	6693466	24741842944	17346715648	399.7	23	0
1819.53	6693466	461805	6693466	24741736448	17346715648	403.6	23	0
1820.53	6693466	461805	6693466	24741793792	17346715648	399.8	23	0
1821.54	6693466	461805	6693466	24741875712	17346715648	403.7	23	0
1822.54	6693466	461805	6693466	24741920768	17346715648	399.7	23	0
1823.55	6693466	461805	6693466	24741797888	17346715648	399.8	23	0
1824.55	6693466	461805	6693466	24741470208	17346715648	403.6	23	0
1825.55	6693466	461805	6693466	24741847040	17346715648	399.8	23	0
1826.56	6693466	461805	6693466	24741445632	17346715648	403.7	23	0
1827.56	6693466	461805	6693466	24741466112	17346715648	399.8	23	0
1828.57	6693466	461805	6693466	24741531648	17346715648	399.9	23	0
1829.57	6693466	461805	6693466	24741376000	17346715648	403.7	23	0
1830.57	6693466	461805	6693466	24741449728	17346715648	399.7	23	0
1831.58	6693466	461805	6693466	24741597184	17346715648	403.8	23	0
1832.58	6693466	461805	6693466	24741920768	17346715648	399.7	23	0
1833.59	6693466	461805	6693466	24741826560	17346715648	399.8	23	0
1834.59	6693466	461805	6693466	24741732352	17346715648	403.7	23	0
1835.59	6693466	461805	6693466	24742191104	17346715648	399.7	23	0
1836.60	6693466	461805	6693466	24741916672	17346715648	403.7	23	0
1837.60	6693466	461805	6693466	24742014976	17346715648	399.7	23	0
1838.61	6693466	461805	6693466	24741908480	17346715648	399.8	23	0
1839.61	6693466	461805	6693466	24741965824	17346715648	403.7	23	0
1840.61	6693466	461805	6693466	24741625856	17346715648	399.8	23	0
1841.62	6693466	461805	6693466	24741892096	17346715648	403.7	23	0
1842.62	6693466	461805	6693466	24741498880	17346715648	399.8	23	0
1843.63	6693466	461805	6693466	24741781504	17346715648	403.7	23	0
1844.63	6693466	461805	6693466	24741588992	17346715648	399.7	23	0
1845.63	6693466	461805	6693466	24741629952	17346715648	399.8	23	0
1846.64	6693466	461805	6693466	24741744640	17346715648	403.8	23	0
1847.64	6693466	461805	6693466	24742412288	17346715648	399.8	23	0
1848.65	6693466	461805	6693466	24742068224	17346715648	403.7	23	0
1849.65	6693466	461805	6693466	24742191104	17346715648	399.8	23	0
1850.65	6693466	461805	6693466	24742510592	17346715648	399.9	23	0
1851.66	6693466	461805	6693466	24741859328	17346715648	403.8	23	0
1852.66	6693466	461805	6693466	24741961728	17346715648	399.8	23	0
1853.67	6693466	461805	6693466	24742051840	17346715648	403.8	23	0
1854.67	6693466	461805	6693466	24741720064	17346715648	399.8	23	0
1855.68	6693466	461805	6693466	24741859328	17346715648	399.7	23	0
1856.68	6693466	461805	6693466	24741982208	17346715648	403.8	23	0
1857.68	6693466	461805	6693466	24741384192	17346715648	399.7	23	0
1858.69	6693466	461805	6693466	24741552128	17346715648	403.7	23	0
1859.69	6693466	461805	6693466	24741523456	17346715648	399.7	23	0
1860.70	6693466	461805	6693466	24741752832	17346715648	399.8	23	0
1861.70	6693466	461805	6693466	24741650432	17346715648	403.8	23	0
1862.70	6693466	461805	6693466	24741236736	17346715648	399.8	23	0
1863.71	6693466	461805	6693466	24741789696	17346715648	403.9	23	0
1864.71	6693466	461805	6693466	24741429248	17346715648	399.7	23	0
1865.72	6693466	461805	6693466	24741801984	17346715648	399.7	23	0
1866.72	6693466	461805	6693466	24741736448	17346715648	403.7	23	0
1867.72	6693466	461805	6693466	24741842944	17346715648	399.7	23	0
1868.73	6693466	461805	6693466	24741904384	17346715648	403.7	23	0
1869.73	6693466	461805	6693466	24742010880	17346715648	399.7	23	0
1870.74	6693466	461805	6693466	24742080512	17346715648	399.9	23	0
1871.74	6693466	461805	6693466	24741937152	17346715648	403.8	23	0
1872.74	6693466	465395	6693466	24746459136	17346715648	474.7	23	0
1873.75	6693466	470481	6693466	24752058368	17346715648	512.0	23	0
1874.75	6693466	475532	6693466	24757338112	17346715648	506.3	23	0
1875.76	6693466	480583	6693466	24761876480	17346715648	506.4	23	0
1876.76	6693466	485686	6693466	24767004672	17346715648	511.6	23	0
1877.76	6693466	490530	6693466	24772452352	17346715648	506.9	23	0
1878.77	6693466	495599	6693466	24777744384	17346715648	511.2	23	0
1879.77	6693466	500676	6693466	24782548992	17346715648	506.4	23	0
1880.78	6693466	505564	6693466	24787640320	17346715648	507.7	23	0
1881.78	6693466	510294	6693466	24792592384	17346715648	512.5	23	0
1882.78	6693466	515152	6693466	24797614080	17346715648	506.9	23	0
1883.79	6693466	520043	6693466	24802545664	17346715648	512.1	23	0
1884.79	6693466	524950	6693466	24807317504	17346715648	507.2	23	0
1885.80	6693466	529922	6693466	24812679168	17346715648	507.4	23	0
1886.80	6693466	533227	6693466	24815833088	17346715648	474.6	23	0
1887.80	6693466	533227	6693466	24815681536	17346715648	399.8	23	0
1888.81	6693466	533227	6693466	24815570944	17346715648	403.9	23	0
1889.81	6693466	533227	6693466	24815071232	17346715648	399.8	23	0
1890.82	6693466	533227	6693466	24815095808	17346715648	399.8	23	0
1891.82	6693466	533227	6693466	24815239168	17346715648	403.9	23	0
1892.82	6693466	533227	6693466	24815476736	17346715648	399.8	23	0
1893.83	6693466	533227	6693466	24815112192	17346715648	403.7	23	0
1894.83	6693466	533227	6693466	24814821376	17346715648	399.8	23	0
1895.84	6693466	533227	6693466	24814669824	17346715648	399.7	23	0
1896.84	6693466	533227	6693466	24814780416	17346715648	403.7	23	0
1897.84	6693466	533227	6693466	24815042560	17346715648	399.8	23	0
1898.85	6693466	533227	6693466	24815325184	17346715648	403.7	23	0
1899.85	6693466	533227	6693466	24815333376	17346715648	399.8	23	0
1900.86	6693466	533227	6693466	24815501312	17346715648	399.8	23	0
1901.86	6693466	533227	6693466	24815529984	17346715648	403.7	23	0
1902.86	6693466	533227	6693466	24814874624	17346715648	399.8	23	0
1903.87	6693466	533227	6693466	24814841856	17346715648	403.8	23	0
1904.87	6693466	533227	6693466	24815009792	17346715648	399.8	23	0
1905.88	6693466	533227	6693466	24815288320	17346715648	400.5	23	0
1906.88	6693466	533227	6693466	24815276032	17346715648	403.3	23	0
1907.88	6693466	533227	6693466	24815448064	17346719744	399.8	23	0
1908.89	6693466	533227	6693466	24815554560	17346719744	403.8	23	0
1909.89	6693466	533227	6693466	24815661056	17346719744	399.8	23	0
1910.90	6693466	533227	6693466	24815763456	17346719744	399.8	23	0
1911.90	6693466	533227	6693466	24815656960	17346719744	403.8	23	0
1912.90	6693466	533227	6693466	24815808512	17346719744	399.7	23	0
1913.91	6693466	533227	6693466	24815480832	17346719744	403.7	23	0
1914.91	6693466	533227	6693466	24815575040	17346719744	399.6	23	0
1915.92	6693466	533227	6693466	24815632384	17346719744	403.7	23	0
1916.92	6693466	533227	6693466	24815173632	17346719744	399.8	23	0
1917.93	6693466	533227	6693466	24815190016	17346719744	399.6	23	0
1918.93	6693466	533227	6693466	24814997504	17346719744	403.7	23	0
1919.93	6693466	533227	6693466	24815001600	17346719744	399.7	23	0
1920.94	6693466	533227	6693466	24815210496	17346719744	403.7	23	0
1921.94	6693466	533227	6693466	24815484928	17346719744	399.7	23	0
1922.95	6693466	533227	6693466	24815538176	17346719744	399.6	23	0
1923.95	6693466	533227	6693466	24815435776	17346719744	403.6	23	0
1924.95	6693466	533227	6693466	24815005696	17346719744	399.8	23	0
1925.96	6693466	533227	6693466	24815226880	17346719744	403.7	23	0
1926.96	6693466	533227	6693466	24814993408	17346719744	399.7	23	0
1927.97	6693466	533227	6693466	24815226880	17346719744	403.8	23	0
1928.97	6693466	533227	6693466	24815984640	17346723840	399.8	23	0
1929.97	6693466	533227	6693466	24815771648	17346723840	399.8	23	0
1930.98	6693466	533227	6693466	24815382528	17346723840	403.7	23	0
1931.98	6693466	533227	6693466	24815382528	17346723840	399.7	23	0
1932.99	6693466	533227	6693466	24815271936	17346723840	403.7	23	0
1933.99	6693466	533227	6693466	24815435776	17346723840	399.7	23	0
1935.00	6693466	533227	6693466	24815620096	17346723840	399.7	23	0
1936.00	6693466	537668	6693466	24820477952	17346723840	498.4	23	0
1937.00	6693466	542530	6693466	24825638912	17346723840	507.1	23	0
1938.01	6693466	547406	6693466	24830132224	17346723840	511.8	23	0
1939.01	6693466	550552	6693466	24833208320	17346723840	467.5	23	0
1940.02	6693466	550552	6693466	24833564672	17346723840	399.7	23	0
1941.02	6693466	550552	6693466	24833732608	17346723840	403.7	23	0
1942.02	6693466	550552	6693466	24833646592	17346723840	399.7	23	0
1943.03	6693466	550552	6693466	24833695744	17346732032	403.8	23	0
1944.03	6693466	550552	6693466	24833757184	17346732032	399.7	23	0
1945.04	6693466	550552	6693466	24833331200	17346732032	399.7	23	0
1946.04	6693466	550552	6693466	24833093632	17346732032	403.8	23	0
1947.04	6693466	550552	6693466	24833384448	17346732032	399.8	23	0
1948.05	6693466	550552	6693466	24833609728	17346732032	403.8	23	0
1949.05	6693466	550552	6693466	24833908736	17346732032	399.7	23	0
1950.06	6693466	550552	6693466	24833884160	17346732032	399.8	23	0
1951.06	6693466	550552	6693466	24833597440	17346732032	403.7	23	0
1952.06	6693466	550552	6693466	24833855488	17346732032	399.7	23	0
1953.07	6693466	550552	6693466	24833646592	17346732032	403.8	23	0
1954.07	6693466	550552	6693466	24833253376	17346732032	399.8	23	0
1955.08	6693466	550552	6693466	24833167360	17346732032	403.8	23	0
1956.08	6693466	550552	6693466	24833261568	17346732032	399.8	23	0
1957.09	6693466	550552	6693466	24833183744	17346732032	399.6	23	0
1958.09	6693466	550552	6693466	24832966656	17346732032	403.8	23	0
1959.09	6693466	550552	6693466	24833327104	17346732032	399.7	23	0
1960.10	6693466	550552	6693466	24833286144	17346732032	403.6	23	0
1961.10	6693466	550552	6693466	24833187840	17346732032	399.7	23	0
1962.11	6693466	550552	6693466	24833122304	17346736128	399.8	23	0
1963.11	6693466	550552	6693466	24833355776	17346736128	403.8	23	0
1964.11	6693466	550552	6693466	24833638400	17346736128	399.8	23	0
1965.12	6693466	550552	6693466	24833777664	17346736128	403.8	23	0
1966.12	6693466	550552	6693466	24833843200	17346736128	399.8	23	0
1967.13	6693466	550552	6693466	24833523712	17346736128	399.7	23	0
1968.13	6693466	550552	6693466	24833990656	17346736128	403.7	23	0
1969.13	6693466	550552	6693466	24833634304	17346736128	399.7	23	0
1970.14	6693466	550552	6693466	24833585152	17346736128	403.7	23	0
1971.14	6693466	550552	6693466	24833650688	17346736128	399.8	23	0
1972.15	6693466	550552	6693466	24833814528	17346736128	399.7	23	0
1973.15	6693466	550552	6693466	24833908736	17346736128	403.7	23	0
1974.15	6693466	550552	6693466	24833945600	17346736128	399.8	23	0
1975.16	6693466	550552	6693466	24833822720	17346736128	403.7	23	0
1976.16	6693466	550552	6693466	24833417216	17346736128	399.8	23	0
1977.17	6693466	550552	6693466	24833523712	17346736128	399.8	23	0
1978.17	6693466	550552	6693466	24832983040	17346736128	403.8	23	0
1979.17	6693466	550552	6693466	24832872448	17346736128	399.7	23	0
1980.18	6693466	550552	6693466	24833265664	17346736128	403.6	23	0
1981.18	6693466	550552	6693466	24833175552	17346736128	399.7	23	0
1982.19	6693466	550552	6693466	24833458176	17346736128	399.9	23	0
1983.19	6693466	550552	6693466	24833122304	17346736128	403.7	23	0
1984.19	6693466	550552	6693466	24832761856	17346736128	399.7	23	0
1985.20	6693466	550552	6693466	24832753664	17346736128	403.8	23	0
1986.20	6693466	550552	6693466	24832966656	17346736128	399.8	23	0
1987.21	6693466	550552	6693466	24833257472	17346740224	399.7	23	0
1988.21	6693466	550552	6693466	24832946176	17346740224	403.8	23	0
1989.21	6693466	550552	6693466	24832937984	17346740224	399.8	23	0
1990.22	6693466	550552	6693466	24833196032	17346740224	403.7	23	0
1991.22	6693466	550552	6693466	24833531904	17346740224	399.7	23	0
1992.23	6693466	550552	6693466	24833167360	17346740224	399.7	23	0
1993.23	6693466	550552	6693466	24833138688	17346740224	403.7	23	0
1994.23	6693466	550552	6693466	24832712704	17346740224	399.8	23	0
1995.24	6693466	550552	6693466	24832937984	17346740224	403.7	23	0
1996.24	6693466	550552	6693466	24833323008	17346740224	399.7	23	0
1997.25	6693466	550552	6693466	24833040384	17346740224	399.8	23	0
1998.25	6693466	550552	6693466	24833679360	17346740224	403.6	23	0
1999.25	6693466	550552	6693466	24833339392	17346740224	399.7	23	0
2000.26	6693466	550552	6693466	24833638400	17346740224	403.8	23	0
2001.26	6693466	550552	6693466	24832974848	17346740224	399.7	23	0
2002.27	6693466	550552	6693466	24832815104	17346740224	399.8	23	0
2003.27	6693466	550552	6693466	24832839680	17346740224	403.8	23	0
2004.27	6693466	550552	6693466	24833085440	17346740224	399.8	23	0
2005.28	6693466	550552	6693466	24832782336	17346740224	403.8	23	0
2006.28	6693466	550552	6693466	24833302528	17346740224	399.8	23	0
2007.29	6693466	550552	6693466	24833159168	17346740224	399.8	23	0
2008.29	6693466	550552	6693466	24833417216	17346740224	403.8	23	0
2009.29	6693466	550552	6693466	24833359872	17346740224	399.8	23	0
2010.30	6693466	550552	6693466	24832901120	17346740224	403.7	23	0
2011.30	6693466	550552	6693466	24833040384	17346740224	399.7	23	0
2012.31	6693466	550552	6693466	24833056768	17346740224	399.7	23	0
2013.31	6693466	550552	6693466	24832937984	17346740224	403.7	23	0
2014.31	6693466	550552	6693466	24833114112	17346740224	399.8	23	0
2015.32	6693466	550552	6693466	24832868352	17346740224	403.7	23	0
2016.32	6693466	550552	6693466	24833060864	17346740224	399.7	23	0
2017.33	6693466	550552	6693466	24833253376	17346740224	403.8	23	0
2018.33	6693466	550552	6693466	24833536000	17346744320	399.7	23	0
2019.34	6693466	550552	6693466	24833499136	17346744320	399.8	23	0
2020.34	6693466	550552	6693466	24833228800	17346744320	403.6	23	0
2021.34	6693466	550552	6693466	24833499136	17346744320	399.7	23	0
2022.35	6693466	550552	6693466	24833228800	17346744320	403.7	23	0
2023.35	6693466	550552	6693466	24833318912	17346744320	399.8	23	0
2024.36	6693466	550552	6693466	24833519616	17346744320	399.8	23	0
2025.36	6693466	550552	6693466	24833695744	17346744320	403.7	23	0
2026.36	6693466	550552	6693466	24833724416	17346744320	399.7	23	0
2027.37	6693466	550552	6693466	24833593344	17346744320	403.7	23	0
2028.37	6693466	550552	6693466	24833441792	17346744320	399.7	23	0
2029.38	6693466	550552	6693466	24833159168	17346744320	399.7	23	0
2030.38	6693466	550552	6693466	24833671168	17346744320	403.7	23	0
2031.38	6693466	550552	6693466	24833081344	17346744320	399.7	23	0
2032.39	6693466	550552	6693466	24833253376	17346744320	403.7	23	0
2033.39	6693466	550552	6693466	24833400832	17346744320	399.7	23	0
2034.40	6693466	550552	6693466	24833183744	17346744320	399.7	23	0
2035.40	6693466	550552	6693466	24833245184	17346744320	403.6	23	0
2036.40	6693466	550552	6693466	24833052672	17346744320	399.7	23	0
2037.41	6693466	550552	6693466	24833126400	17346748416	403.6	23	0
2038.41	6693466	550552	6693466	24833720320	17346748416	399.7	23	0
2039.42	6693466	550552	6693466	24833863680	17346748416	403.6	23	0
2040.42	6693466	550552	6693466	24833417216	17346748416	399.5	23	0
2041.43	6693466	550552	6693466	24833052672	17346748416	399.6	23	0
2042.43	6693466	550552	6693466	24833748992	17346748416	403.7	23	0
2043.43	6693466	550552	6693466	24833417216	17346748416	399.6	23	0
2044.44	6693466	550552	6693466	24833318912	17346748416	403.8	23	0
2045.44	6693466	550552	6693466	24833167360	17346748416	399.6	23	0
2046.45	6693466	550552	6693466	24833454080	17346748416	403.6	23	0
2047.45	6693466	550552	6693466	24833343488	17346748416	399.7	23	0
2048.46	6693466	550552	6693466	24832868352	17346748416	399.7	23	0
2049.46	6693466	550552	6693466	24833085440	17346748416	403.7	23	0
2050.46	6693466	550552	6693466	24833511424	17346748416	399.7	23	0
2051.47	6693466	550552	6693466	24833331200	17346748416	403.6	23	0
2052.47	6693466	550552	6693466	24833753088	17346748416	399.8	23	0
2053.48	6693466	550552	6693466	24833699840	17346748416	399.8	23	0
2054.48	6693466	550552	6693466	24833363968	17346748416	403.7	23	0
2055.48	6693466	550552	6693466	24833114112	17346748416	399.6	23	0
2056.49	6693466	550552	6693466	24833187840	17346748416	403.6	23	0
2057.49	6693466	550552	6693466	24833327104	17346748416	399.7	23	0
2058.50	6693466	550552	6693466	24833040384	17346748416	399.7	23	0
2059.50	6693466	550552	6693466	24833175552	17346748416	403.5	23	0
2060.51	6693466	550552	6693466	24833163264	17346748416	399.7	23	0
2061.51	6693466	550552	6693466	24833232896	17346748416	403.7	23	0
2062.51	6693466	550552	6693466	24833114112	17346748416	399.9	23	0
2063.52	6693466	550552	6693466	24833204224	17346748416	403.7	23	0
2064.52	6693466	550552	6693466	24832991232	17346748416	399.8	23	0
2065.53	6693466	550552	6693466	24832966656	17346748416	399.7	23	0
2066.53	6693466	550552	6693466	24833232896	17346748416	403.6	23	0
2067.53	6693466	550552	6693466	24832970752	17346748416	399.8	23	0
2068.54	6693466	550552	6693466	24833302528	17346748416	403.7	23	0
2069.54	6693466	550552	6693466	24833019904	17346748416	399.8	23	0
2070.55	6693466	550552	6693466	24833044480	17346748416	399.8	23	0
2071.55	6693466	550552	6693466	24832757760	17346748416	403.7	23	0
2072.55	6693466	550552	6693466	24832761856	17346846720	399.9	23	0
2073.56	6693466	550552	6693466	24832499712	17346748416	403.6	23	0
2074.56	6693466	550552	6693466	24832761856	17346748416	399.5	23	0
2075.57	6693466	550552	6693466	24832544768	17346748416	403.6	23	0
2076.57	6693466	550552	6693466	24833040384	17346748416	399.6	23	0
2077.58	6693466	550552	6693466	24832958464	17346748416	399.8	23	0
2078.58	6693466	550552	6693466	24832950272	17346748416	403.6	23	0
2079.58	6693466	550552	6693466	24832819200	17346748416	399.6	23	0
2080.59	6693466	550552	6693466	24832925696	17346748416	403.7	23	0
2081.59	6693466	550552	6693466	24833220608	17346752512	399.7	23	0
2082.60	6693466	550552	6693466	24833376256	17346752512	399.7	23	0
2083.60	6693466	550552	6693466	24833413120	17346752512	403.7	23	0
2084.60	6693466	550552	6693466	24833409024	17346752512	399.7	23	0
2085.61	6693466	550552	6693466	24833277952	17346752512	403.7	23	0
2086.61	6693466	550552	6693466	24833474560	17346752512	399.7	23	0
2087.62	6693466	550552	6693466	24833396736	17346752512	403.7	23	0
2088.62	6693466	550552	6693466	24833499136	17346752512	399.7	23	0
2089.62	6693466	550552	6693466	24833478656	17346752512	399.7	23	0
2090.63	6693466	550552	6693466	24833388544	17346752512	403.5	23	0
2091.63	6693466	550552	6693466	24833388544	17346752512	399.7	23	0
2092.64	6693466	550552	6693466	24833232896	17346752512	403.7	23	0
2093.64	6693466	550552	6693466	24833576960	17346752512	399.7	23	0
2094.65	6693466	550552	6693466	24833384448	17346752512	399.7	23	0
2095.65	6693466	550552	6693466	24833503232	17346752512	403.6	23	0
2096.65	6693466	550552	6693466	24833245184	17346756608	399.8	23	0
2097.66	6693466	550552	6693466	24833241088	17346756608	403.7	23	0
2098.66	6693466	550552	6693466	24833527808	17346760704	399.8	23	0
2099.67	6693466	550552	6693466	24833122304	17346760704	399.7	23	0
2100.67	6693466	550552	6693466	24833675264	17346760704	403.7	23	0
2101.67	6693466	550552	6693466	24833253376	17346760704	399.8	23	0
2102.68	6693466	550552	6693466	24833482752	17346760704	403.7	23	0
2103.68	6693466	550552	6693466	24833216512	17346760704	399.7	23	0
2104.69	6693466	550552	6693466	24833568768	17346760704	399.7	23	0
2105.69	6693466	550552	6693466	24833683456	17346760704	403.7	23	0
2106.69	6693466	550552	6693466	24833122304	17346760704	399.8	23	0
2107.70	6693466	550552	6693466	24832995328	17346760704	403.8	23	0
2108.70	6693466	550552	6693466	24832610304	17346760704	399.8	23	0
2109.71	6693466	550552	6693466	24832917504	17346760704	399.7	23	0
2110.71	6693466	550552	6693466	24833216512	17346768896	403.6	23	0
2111.71	6693466	550552	6693466	24833458176	17346768896	399.7	23	0
2112.72	6693466	550552	6693466	24833654784	17346768896	403.6	23	0
2113.72	6693466	550552	6693466	24833253376	17346768896	399.8	23	0
2114.73	6693466	550552	6693466	24833089536	17346768896	399.8	23	0
2115.73	6693466	550552	6693466	24833388544	17346768896	403.7	23	0
2116.73	6693466	550552	6693466	24833515520	17346768896	399.8	23	0
2117.74	6693466	550552	6693466	24833167360	17346768896	403.8	23	0
2118.74	6693466	550552	6693466	24833257472	17346768896	399.7	23	0
2119.75	6693466	550552	6693466	24833552384	17346768896	399.7	23	0
2120.75	6693466	550552	6693466	24833204224	17346768896	403.7	23	0
2121.75	6693466	550552	6693466	24833449984	17346768896	399.7	23	0
2122.76	6693466	550552	6693466	24833318912	17346768896	403.6	23	0
2123.76	6693466	550552	6693466	24833130496	17346768896	399.8	23	0
2124.77	6693466	550552	6693466	24832880640	17346768896	399.6	23	0
2125.77	6693466	550552	6693466	24832958464	17346768896	403.7	23	0
2126.77	6693466	550552	6693466	24833073152	17346768896	399.7	23	0
2127.78	6693466	550552	6693466	24832901120	17346768896	403.8	23	0
2128.78	6693466	550552	6693466	24832983040	17346768896	399.7	23	0
2129.79	6693466	550552	6693466	24833097728	17346768896	399.8	23	0
2130.79	6693466	550552	6693466	24833089536	17346768896	403.7	23	0
2131.79	6693466	550552	6693466	24833024000	17346768896	399.8	23	0
2132.80	6693466	550552	6693466	24832778240	17346768896	403.7	23	0
2133.80	6693466	550552	6693466	24833048576	17346768896	399.7	23	0
2134.81	6693466	550552	6693466	24833134592	17346768896	403.8	23	0
2135.81	6693466	550552	6693466	24833150976	17346768896	399.8	23	0
2136.81	6693466	550552	6693466	24832970752	17346768896	399.8	23	0
2137.82	6693466	550552	6693466	24832913408	17346768896	403.6	23	0
2138.82	6693466	550552	6693466	24832897024	17346768896	399.7	23	0
2139.83	6693466	550552	6693466	24832954368	17346768896	403.7	23	0
2140.83	6693466	550552	6693466	24833175552	17346768896	399.8	23	0
2141.84	6693466	550552	6693466	24833335296	17346768896	399.7	23	0
2142.84	6693466	550552	6693466	24833122304	17346768896	403.8	23	0
2143.84	6693466	550552	6693466	24833773568	17346768896	399.8	23	0
2144.85	6693466	550552	6693466	24832958464	17346768896	403.7	23	0
2145.85	6693466	550552	6693466	24832974848	17346768896	399.7	23	0
2146.86	6693466	550552	6693466	24832937984	17346768896	399.7	23	0
2147.86	6693466	550552	6693466	24832790528	17346768896	403.7	23	0
2148.86	6693466	550552	6693466	24832929792	17346768896	399.9	23	0
2149.87	6693466	550552	6693466	24832937984	17346768896	403.7	23	0
2150.87	6693466	550552	6693466	24832909312	17346768896	399.8	23	0
2151.88	6693466	550552	6693466	24833228800	17346768896	399.8	23	0
2152.88	6693466	550552	6693466	24833490944	17346768896	403.8	23	0
2153.88	6693466	550552	6693466	24833232896	17346768896	399.9	23	0
2154.89	6693466	550552	6693466	24833093632	17346768896	403.8	23	0
2155.89	6693466	550552	6693466	24833101824	17346768896	399.7	23	0
2156.90	6693466	550552	6693466	24833126400	17346768896	399.9	23	0
2157.90	6693466	550552	6693466	24832901120	17346768896	403.7	23	0
2158.90	6693466	550552	6693466	24833327104	17346768896	399.8	23	0
2159.91	6693466	550552	6693466	24833593344	17346768896	403.9	23	0
2160.91	6693466	550552	6693466	24833658880	17346768896	399.7	23	0
2161.92	6693466	550552	6693466	24833191936	17346768896	399.7	23	0
2162.92	6693466	550552	6693466	24833384448	17346768896	403.8	23	0
2163.92	6693466	550552	6693466	24833142784	17346768896	399.8	23	0
2164.93	6693466	550552	6693466	24832995328	17346768896	403.7	23	0
2165.93	6693466	550552	6693466	24833253376	17346768896	399.8	23	0
2166.94	6693466	550552	6693466	24833425408	17346768896	399.8	23	0
2167.94	6693466	550552	6693466	24833200128	17346768896	403.8	23	0
2168.94	6693466	550552	6693466	24833024000	17346768896	399.7	23	0
2169.95	6693466	550552	6693466	24833011712	17346768896	403.7	23	0
2170.95	6693466	550552	6693466	24833273856	17346768896	399.7	23	0
2171.96	6693466	550552	6693466	24832946176	17346768896	403.7	23	0
2172.96	6693466	550552	6693466	24832991232	17346768896	399.7	23	0
2173.96	6693466	550552	6693466	24832794624	17346768896	399.8	23	0
2174.97	6693466	550552	6693466	24833101824	17346768896	403.7	23	0
2175.97	6693466	550552	6693466	24832983040	17346768896	399.7	23	0
2176.98	6693466	550552	6693466	24832991232	17346768896	403.7	23	0
2177.98	6693466	550552	6693466	24832856064	17346768896	399.7	23	0
2178.99	6693466	550552	6693466	24832835584	17346768896	399.8	23	0
2179.99	6693466	550552	6693466	24832847872	17346768896	403.6	23	0
2180.99	6693466	550552	6693466	24832991232	17346768896	399.9	23	0
2182.00	6693466	550552	6693466	24832827392	17346768896	403.8	23	0
2183.00	6693466	550552	6693466	24833007616	17346768896	399.8	23	0
2184.01	6693466	550552	6693466	24833003520	17346768896	399.9	23	0
2185.01	6693466	550552	6693466	24832851968	17346768896	403.8	23	0
2186.01	6693466	550552	6693466	24832589824	17346768896	400.0	23	0
2187.02	6693466	550552	6693466	24833003520	17346768896	403.5	23	0
2188.02	6693466	550552	6693466	24833024000	17346768896	399.8	23	0
2189.03	6693466	550552	6693466	24833310720	17346768896	400.4	23	0
2190.03	6693466	550552	6693466	24833130496	17346768896	403.3	23	0
2191.03	6693466	550552	6693466	24832942080	17346768896	399.8	23	0
2192.04	6693466	550552	6693466	24833048576	17346768896	403.8	23	0
2193.04	6693466	550552	6693466	24832880640	17346768896	399.8	23	0
2194.05	6693466	554652	6693466	24837640192	17346768896	488.7	23	0
2195.05	6693466	559670	6693466	24842964992	17346772992	511.1	23	0
2196.05	6693466	564684	6693466	24848031744	17346772992	505.8	23	0
2197.06	6693466	569704	6693466	24854097920	17346772992	511.2	23	0
2198.06	6693466	574710	6693466	24859353088	17346772992	506.0	23	0
2199.07	6693466	579778	6693466	24864165888	17346772992	505.4	23	0
2200.07	6693466	584831	6693466	24869138432	17346772992	510.7	23	0
2201.07	6693466	589836	6693466	24874426368	17346772992	505.7	23	0
2202.08	6693466	594906	6693466	24879812608	17346772992	510.5	23	0
2203.08	6693466	599971	6693466	24884772864	17346772992	505.3	23	0
2204.09	6693466	605069	6693466	24890138624	17346772992	506.2	23	0
2205.09	6693466	610155	6693466	24895021056	17346772992	510.0	23	0
2206.09	6693466	615208	6693466	24899907584	17346772992	505.8	23	0
2207.10	6693466	620258	6693466	24905531392	17346772992	510.2	23	0
2208.10	6693466	624009	6693466	24909062144	17346772992	479.3	23	0
2209.11	6693466	624009	6693466	24909254656	17346772992	399.7	23	0
2210.11	6693466	624009	6693466	24908955648	17346772992	403.7	23	0
2211.11	6693466	624009	6693466	24909139968	17346772992	399.7	23	0
2212.12	6693466	624009	6693466	24908730368	17346772992	403.7	23	0
2213.12	6693466	624009	6693466	24908652544	17346772992	399.8	23	0
2214.13	6693466	624009	6693466	24908582912	17346772992	399.8	23	0
2215.13	6693466	624009	6693466	24908640256	17346772992	403.7	23	0
2216.13	6693466	624009	6693466	24908357632	17346772992	399.8	23	0
2217.14	6693466	624009	6693466	24908455936	17346772992	403.7	23	0
2218.14	6693466	624009	6693466	24908468224	17346772992	399.7	23	0
2219.15	6693466	624009	6693466	24908369920	17346772992	403.7	23	0
2220.15	6693466	624009	6693466	24908664832	17346772992	399.8	23	0
2221.16	6693466	624009	6693466	24908427264	17346772992	399.6	23	0
2222.16	6693466	624009	6693466	24908591104	17346772992	403.8	23	0
2223.16	6693466	624009	6693466	24908464128	17346772992	399.8	23	0
2224.17	6693466	624009	6693466	24908554240	17346772992	403.7	23	0
2225.17	6693466	624009	6693466	24908509184	17346772992	399.8	23	0
2226.18	6693466	624009	6693466	24908423168	17346772992	399.7	23	0
2227.18	6693466	624009	6693466	24908460032	17346772992	403.8	23	0
2228.18	6693466	624009	6693466	24908296192	17346772992	399.8	23	0
2229.19	6693466	624009	6693466	24908173312	17346772992	403.9	23	0
2230.19	6693466	624009	6693466	24908439552	17346772992	399.8	23	0
2231.20	6693466	624009	6693466	24908558336	17346772992	399.6	23	0
2232.20	6693466	624009	6693466	24908566528	17346772992	403.6	23	0
2233.20	6693466	624009	6693466	24908328960	17346772992	399.7	23	0
2234.21	6693466	624009	6693466	24908374016	17346772992	403.8	23	0
2235.21	6693466	624009	6693466	24908308480	17346772992	399.7	23	0
2236.22	6693466	624009	6693466	24908201984	17346772992	399.7	23	0
2237.22	6693466	624009	6693466	24908206080	17346772992	403.7	23	0
2238.22	6693466	624009	6693466	24908083200	17346772992	399.8	23	0
2239.23	6693466	624009	6693466	24908365824	17346772992	403.7	23	0
2240.23	6693466	624009	6693466	24908558336	17346772992	399.7	23	0
2241.24	6693466	624009	6693466	24908509184	17346772992	399.7	23	0
2242.24	6693466	624009	6693466	24908255232	17346772992	403.7	23	0
2243.24	6693466	624009	6693466	24908578816	17346772992	399.7	23	0
2244.25	6693466	624009	6693466	24908394496	17346772992	403.7	23	0
2245.25	6693466	624009	6693466	24908546048	17346772992	399.7	23	0
2246.26	6693466	624009	6693466	24908578816	17346772992	399.7	23	0
2247.26	6693466	624009	6693466	24908251136	17346772992	403.7	23	0
2248.26	6693466	624009	6693466	24908587008	17346772992	399.7	23	0
2249.27	6693466	624009	6693466	24908849152	17346772992	403.7	23	0
2250.27	6693466	624009	6693466	24908320768	17346785280	399.7	23	0
2251.28	6693466	624009	6693466	24908435456	17346785280	399.7	23	0
2252.28	6693466	624009	6693466	24908808192	17346785280	403.7	23	0
2253.28	6693466	624009	6693466	24908550144	17346785280	399.7	23	0
2254.29	6693466	624009	6693466	24908320768	17346785280	403.6	23	0
2255.29	6693466	624009	6693466	24908554240	17346785280	400.2	23	0
2256.30	6693466	624009	6693466	24908640256	17346785280	403.2	23	0
2257.30	6693466	624009	6693466	24908517376	17346785280	399.8	23	0
2258.30	6693466	626967	6693466	24912384000	17346785280	460.6	23	0
2259.31	6693466	632068	6693466	24917356544	17346785280	510.4	23	0
2260.31	6693466	637152	6693466	24922730496	17346785280	505.4	23	0
2261.32	6693466	642222	6693466	24927870976	17346785280	510.7	23	0
2262.32	6693466	642731	6693466	24928010240	17346785280	410.5	23	0
2263.32	6693466	642731	6693466	24928018432	17346785280	399.7	23	0
2264.33	6693466	642731	6693466	24927756288	17346785280	403.6	23	0
2265.33	6693466	642731	6693466	24927617024	17346785280	399.6	23	0
2266.34	6693466	642731	6693466	24927891456	17346785280	403.6	23	0
2267.34	6693466	642731	6693466	24927735808	17346785280	399.8	23	0
2268.34	6693466	642731	6693466	24927879168	17346785280	399.8	23	0
2269.35	6693466	642731	6693466	24927772672	17346785280	403.6	23	0
2270.35	6693466	642731	6693466	24928010240	17346785280	399.7	23	0
2271.36	6693466	642731	6693466	24927969280	17346785280	403.7	23	0
2272.36	6693466	642731	6693466	24927948800	17346785280	399.7	23	0
2273.37	6693466	642731	6693466	24927961088	17346785280	400.0	23	0
2274.37	6693466	642731	6693466	24928014336	17346785280	403.5	23	0
2275.37	6693466	642731	6693466	24927805440	17346785280	399.7	23	0
2276.38	6693466	642731	6693466	24927617024	17346785280	403.7	23	0
2277.38	6693466	642731	6693466	24927662080	17346785280	399.8	23	0
2278.39	6693466	642731	6693466	24927850496	17346785280	399.8	23	0
2279.39	6693466	642731	6693466	24927424512	17346785280	403.6	23	0
2280.39	6693466	642731	6693466	24927567872	17346785280	399.7	23	0
2281.40	6693466	642731	6693466	24927719424	17346785280	403.8	23	0
2282.40	6693466	642731	6693466	24927731712	17346785280	399.8	23	0
2283.40	6693466	642731	6693466	24927653888	17346785280	399.8	23	0
2284.41	6693466	642731	6693466	24928043008	17346785280	403.8	23	0
2285.41	6693466	642731	6693466	24927666176	17346785280	399.7	23	0
2286.42	6693466	642731	6693466	24927596544	17346785280	403.7	23	0
2287.42	6693466	642731	6693466	24927404032	17346785280	399.8	23	0
2288.42	6693466	642731	6693466	24927592448	17346785280	399.8	23	0
2289.43	6693466	642731	6693466	24927817728	17346785280	403.7	23	0
2290.43	6693466	642731	6693466	24927748096	17346785280	399.8	23	0
2291.44	6693466	642731	6693466	24927977472	17346785280	403.7	23	0
2292.44	6693466	642731	6693466	24927608832	17346785280	399.7	23	0
2293.44	6693466	642731	6693466	24927576064	17346785280	399.7	23	0
2294.45	6693466	642731	6693466	24927461376	17346785280	403.8	23	0
2295.45	6693466	642731	6693466	24927461376	17346785280	399.7	23	0
2296.46	6693466	642731	6693466	24927211520	17346785280	403.8	23	0
2297.46	6693466	642731	6693466	24927404032	17346785280	399.7	23	0
2298.46	6693466	642731	6693466	24927481856	17346785280	399.7	23	0
2299.47	6693466	642731	6693466	24927506432	17346785280	403.7	23	0
2300.47	6693466	642731	6693466	24927465472	17346785280	399.8	23	0
2301.48	6693466	642731	6693466	24927678464	17346785280	403.7	23	0
2302.48	6693466	642731	6693466	24927813632	17346785280	399.7	23	0
2303.48	6693466	642731	6693466	24928333824	17346785280	399.8	23	0
2304.49	6693466	642731	6693466	24927682560	17346785280	403.7	23	0
2305.49	6693466	642731	6693466	24927739904	17346785280	399.7	23	0
2306.50	6693466	642731	6693466	24927584256	17346785280	399.8	23	0
2307.50	6693466	642731	6693466	24927805440	17346785280	403.8	23	0
2308.50	6693466	642731	6693466	24928284672	17346785280	399.8	23	0
2309.51	6693466	642731	6693466	24927707136	17346785280	403.7	23	0
2310.51	6693466	642731	6693466	24927924224	17346785280	399.7	23	0
2311.52	6693466	642731	6693466	24927985664	17346785280	403.8	23	0
2312.52	6693466	642731	6693466	24927920128	17346785280	399.7	23	0
2313.52	6693466	642731	6693466	24928088064	17346785280	399.7	23	0
2314.53	6693466	642731	6693466	24928374784	17346785280	403.7	23	0
2315.53	6693466	642731	6693466	24927723520	17346785280	399.7	23	0
2316.54	6693466	642731	6693466	24927715328	17346785280	403.7	23	0
2317.54	6693466	642731	6693466	24927563776	17346785280	399.8	23	0
2318.55	6693466	642731	6693466	24927698944	17346785280	399.7	23	0
2319.55	6693466	642731	6693466	24927830016	17346785280	403.6	23	0
2320.55	6693466	642731	6693466	24927703040	17346785280	399.7	23	0
2321.56	6693466	642731	6693466	24927711232	17346785280	403.8	23	0
2322.56	6693466	642731	6693466	24928002048	17346785280	399.7	23	0
2323.57	6693466	642731	6693466	24927944704	17346785280	399.7	23	0
2324.57	6693466	642731	6693466	24928010240	17346785280	403.8	23	0
2325.57	6693466	642731	6693466	24928198656	17346785280	399.7	23	0
2326.58	6693466	642731	6693466	24928317440	17346789376	403.7	23	0
2327.58	6693466	642731	6693466	24928804864	17346789376	399.7	23	0
2328.59	6693466	642731	6693466	24928280576	17346789376	399.7	23	0
2329.59	6693466	642731	6693466	24928477184	17346789376	403.7	23	0
2330.59	6693466	642731	6693466	24928522240	17346789376	399.7	23	0
2331.60	6693466	642731	6693466	24928632832	17346789376	403.6	23	0
2332.60	6693466	642731	6693466	24928337920	17346789376	399.7	23	0
2333.61	6693466	642731	6693466	24928980992	17346789376	399.8	23	0
2334.61	6693466	642731	6693466	24928612352	17346789376	403.7	23	0
2335.61	6693466	642731	6693466	24928423936	17346789376	399.7	23	0
2336.62	6693466	642731	6693466	24928505856	17346789376	403.7	23	0
2337.62	6693466	642731	6693466	24928202752	17346789376	399.8	23	0
2338.63	6693466	642731	6693466	24928247808	17346789376	399.8	23	0
2339.63	6693466	642731	6693466	24928120832	17346789376	403.8	23	0
2340.63	6693466	642731	6693466	24928079872	17346797568	399.7	23	0
2341.64	6693466	642731	6693466	24927879168	17346797568	403.8	23	0
2342.64	6693466	642731	6693466	24927748096	17346797568	399.8	23	0
2343.65	6693466	642731	6693466	24928079872	17346801664	399.7	23	0
2344.65	6693466	642731	6693466	24927891456	17346801664	403.9	23	0
2345.65	6693466	642731	6693466	24927961088	17346801664	399.8	23	0
2346.66	6693466	642731	6693466	24927952896	17346801664	403.7	23	0
2347.66	6693466	642731	6693466	24928231424	17346801664	399.8	23	0
2348.67	6693466	642731	6693466	24928256000	17346813952	399.6	23	0
2349.67	6693466	642731	6693466	24928256000	17346818048	403.7	23	0
2350.67	6693466	642731	6693466	24928313344	17346822144	399.8	23	0
2351.68	6693466	642731	6693466	24928280576	17346822144	403.7	23	0
2352.68	6693466	642731	6693466	24928399360	17346822144	399.8	23	0
2353.69	6693466	642731	6693466	24928063488	17346822144	399.8	23	0
2354.69	6693466	642731	6693466	24928194560	17346822144	403.8	23	0
2355.69	6693466	642731	6693466	24928063488	17346822144	399.7	23	0
2356.70	6693466	642731	6693466	24928382976	17346822144	403.7	23	0
2357.70	6693466	642731	6693466	24928317440	17346822144	399.7	23	0
2358.71	6693466	642731	6693466	24927870976	17346822144	403.8	23	0
2359.71	6693466	642731	6693466	24928239616	17346822144	399.8	23	0
2360.71	6693466	642731	6693466	24927940608	17346822144	399.7	23	0
2361.72	6693466	642731	6693466	24927674368	17346822144	403.7	23	0
2362.72	6693466	642731	6693466	24927801344	17346822144	399.7	23	0
2363.73	6693466	642731	6693466	24928243712	17346822144	403.7	23	0
2364.73	6693466	642731	6693466	24927768576	17346822144	399.6	23	0
2365.73	6693466	642731	6693466	24928088064	17346822144	399.8	23	0
2366.74	6693466	642731	6693466	24928358400	17346822144	403.7	23	0
2367.74	6693466	642731	6693466	24928509952	17346822144	399.7	23	0
2368.75	6693466	642731	6693466	24927797248	17346822144	399.7	23	0
2369.75	6693466	642731	6693466	24927739904	17346822144	403.7	23	0
2370.75	6693466	642731	6693466	24927784960	17346822144	399.8	23	0
2371.76	6693466	642731	6693466	24927666176	17346822144	403.8	23	0
2372.76	6693466	642731	6693466	24927666176	17346822144	399.7	23	0
2373.77	6693466	642731	6693466	24927424512	17346822144	403.8	23	0
2374.77	6693466	642731	6693466	24927649792	17346822144	399.8	23	0
2375.78	6693466	642731	6693466	24927793152	17346822144	399.8	23	0
2376.78	6693466	642731	6693466	24927649792	17346822144	403.7	23	0
2377.78	6693466	642731	6693466	24928153600	17346822144	399.7	23	0
2378.79	6693466	642731	6693466	24927621120	17346822144	403.7	23	0
2379.79	6693466	642731	6693466	24927719424	17346822144	400.0	23	0
2380.80	6693466	642731	6693466	24927596544	17346822144	399.6	23	0
2381.80	6693466	642731	6693466	24927543296	17346822144	403.7	23	0
2382.80	6693466	642731	6693466	24928010240	17346822144	399.7	23	0
2383.81	6693466	642731	6693466	24928051200	17346822144	403.7	23	0
2384.81	6693466	642731	6693466	24927744000	17346822144	399.8	23	0
2385.82	6693466	642731	6693466	24927854592	17346822144	399.7	23	0
2386.82	6693466	642731	6693466	24927903744	17346822144	403.7	23	0
2387.82	6693466	642731	6693466	24927842304	17346822144	399.7	23	0
2388.83	6693466	642731	6693466	24927801344	17346822144	403.7	23	0
2389.83	6693466	642731	6693466	24927899648	17346822144	399.9	23	0
2390.84	6693466	642731	6693466	24928010240	17346822144	399.8	23	0
2391.84	6693466	642731	6693466	24927719424	17346822144	403.7	23	0
2392.84	6693466	642731	6693466	24928088064	17346822144	399.7	23	0
2393.85	6693466	642731	6693466	24927891456	17346822144	403.7	23	0
2394.85	6693466	642731	6693466	24927707136	17346822144	399.8	23	0
2395.86	6693466	642731	6693466	24927997952	17346822144	399.8	23	0
2396.86	6693466	642731	6693466	24927596544	17346830336	403.9	23	0
2397.86	6693466	642731	6693466	24927514624	17346834432	399.8	23	0
2398.87	6693466	642731	6693466	24928079872	17346834432	403.7	23	0
2399.87	6693466	642731	6693466	24927801344	17346834432	399.7	23	0
2400.88	6693466	642731	6693466	24927735808	17346834432	399.8	23	0
2401.88	6693466	642731	6693466	24927875072	17346834432	403.8	23	0
2402.88	6693466	642731	6693466	24927981568	17346834432	399.7	23	0
2403.89	6693466	642731	6693466	24927797248	17346834432	403.7	23	0
2404.89	6693466	642731	6693466	24927793152	17346834432	399.8	23	0
2405.90	6693466	642731	6693466	24927608832	17346834432	399.7	23	0
2406.90	6693466	642731	6693466	24927457280	17346834432	403.8	23	0
2407.90	6693466	642731	6693466	24927563776	17346834432	399.7	23	0
2408.91	6693466	642731	6693466	24927346688	17346834432	403.8	23	0
2409.91	6693466	642731	6693466	24927477760	17346834432	399.7	23	0
2410.92	6693466	642731	6693466	24927424512	17346838528	400.2	23	0
2411.92	6693466	642731	6693466	24927391744	17346838528	403.4	23	0
2412.92	6693466	642731	6693466	24927563776	17346838528	399.7	23	0
2413.93	6693466	642731	6693466	24927600640	17346838528	403.7	23	0
2414.93	6693466	642731	6693466	24927436800	17346838528	399.8	23	0
2415.94	6693466	642731	6693466	24927588352	17346838528	399.8	23	0
2416.94	6693466	642731	6693466	24927698944	17346838528	403.7	23	0
2417.94	6693466	642731	6693466	24927404032	17346838528	399.8	23	0
2418.95	6693466	642731	6693466	24927305728	17346838528	403.7	23	0
2419.95	6693466	642731	6693466	24927731712	17346838528	399.7	23	0
2420.96	6693466	642731	6693466	24927567872	17346838528	400.0	23	0
2421.96	6693466	642731	6693466	24927174656	17346838528	403.5	23	0
2422.96	6693466	642731	6693466	24927436800	17346838528	399.8	23	0
2423.97	6693466	642731	6693466	24927690752	17346838528	403.6	23	0
2424.97	6693466	642731	6693466	24927952896	17346842624	399.7	23	0
2425.98	6693466	642731	6693466	24928116736	17346842624	403.7	23	0
2426.98	6693466	642731	6693466	24927911936	17346842624	399.7	23	0
2427.98	6693466	642731	6693466	24927940608	17346842624	399.8	23	0
2428.99	6693466	642731	6693466	24927940608	17346842624	403.6	23	0
2429.99	6693466	642731	6693466	24928104448	17346842624	399.7	23	0
2431.00	6693466	642731	6693466	24927756288	17346842624	403.7	23	0
2432.00	6693466	642731	6693466	24927928320	17346842624	399.8	23	0
2433.00	6693466	642731	6693466	24927686656	17346842624	399.8	23	0
2434.01	6693466	642731	6693466	24927621120	17346842624	403.7	23	0
2435.01	6693466	642731	6693466	24927604736	17346842624	399.8	23	0
2436.02	6693466	642731	6693466	24927866880	17346842624	403.7	23	0
2437.02	6693466	642731	6693466	24927690752	17346842624	399.8	23	0
2438.02	6693466	642731	6693466	24927719424	17346842624	399.8	23	0
2439.03	6693466	642731	6693466	24927789056	17346842624	403.7	23	0
2440.03	6693466	642731	6693466	24927277056	17346842624	399.7	23	0
2441.04	6693466	642731	6693466	24927453184	17346842624	403.7	23	0
2442.04	6693466	642731	6693466	24927555584	17346842624	399.7	23	0
2443.05	6693466	642731	6693466	24927633408	17346842624	399.8	23	0
2444.05	6693466	642731	6693466	24927805440	17346842624	403.7	23	0
2445.05	6693466	642731	6693466	24927457280	17346842624	399.8	23	0
2446.06	6693466	642731	6693466	24927690752	17346842624	403.7	23	0
2447.06	6693466	642731	6693466	24927973376	17346842624	399.8	23	0
2448.07	6693466	642731	6693466	24927870976	17346842624	399.7	23	0
2449.07	6693466	642731	6693466	24927735808	17346842624	403.6	23	0
2450.07	6693466	642731	6693466	24928043008	17346846720	399.8	23	0
2451.08	6693466	642731	6693466	24927436800	17346846720	403.7	23	0
2452.08	6693466	642731	6693466	24927985664	17346846720	399.7	23	0
2453.09	6693466	642731	6693466	24927768576	17346846720	399.8	23	0
2454.09	6693466	642731	6693466	24927850496	17346846720	403.7	23	0
2455.09	6693466	642731	6693466	24927789056	17346846720	399.7	23	0
2456.10	6693466	642731	6693466	24927637504	17346846720	403.6	23	0
2457.10	6693466	642731	6693466	24927703040	17346846720	399.7	23	0
2458.11	6693466	642731	6693466	24927686656	17346846720	399.7	23	0
2459.11	6693466	642731	6693466	24927924224	17346846720	403.6	23	0
2460.11	6693466	642731	6693466	24927883264	17346846720	399.8	23	0
2461.12	6693466	642731	6693466	24927838208	17346846720	403.7	23	0
2462.12	6693466	642731	6693466	24927961088	17346846720	399.8	23	0
2463.13	6693466	642731	6693466	24927584256	17346846720	399.6	23	0
2464.13	6693466	642731	6693466	24927993856	17346846720	403.7	23	0
2465.13	6693466	642731	6693466	24928038912	17346846720	399.8	23	0
2466.14	6693466	642731	6693466	24927469568	17346850816	403.7	23	0
2467.14	6693466	642731	6693466	24927436800	17346850816	399.8	23	0
2468.15	6693466	642731	6693466	24927461376	17346850816	399.8	23	0
2469.15	6693466	642731	6693466	24927789056	17346859008	403.7	23	0
2470.15	6693466	642731	6693466	24928067584	17346859008	399.7	23	0
2471.16	6693466	642731	6693466	24927711232	17346859008	403.7	23	0
2472.16	6693466	642731	6693466	24928014336	17346859008	399.8	23	0
2473.17	6693466	642731	6693466	24927539200	17346859008	399.7	23	0
2474.17	6693466	642731	6693466	24927268864	17346859008	403.7	23	0
2475.17	6693466	642731	6693466	24927797248	17346859008	399.7	23	0
2476.18	6693466	642731	6693466	24927592448	17346859008	403.7	23	0
2477.18	6693466	642731	6693466	24927571968	17346859008	399.8	23	0
2478.19	6693466	642731	6693466	24927490048	17346859008	399.8	23	0
2479.19	6693466	642731	6693466	24927490048	17346859008	403.6	23	0
2480.19	6693466	642731	6693466	24927600640	17346859008	399.8	23	0
2481.20	6693466	642731	6693466	24927375360	17346859008	403.7	23	0
2482.20	6693466	642731	6693466	24927522816	17346859008	399.7	23	0
2483.21	6693466	642731	6693466	24927522816	17346859008	399.7	23	0
2484.21	6693466	642731	6693466	24927518720	17346859008	403.6	23	0
2485.21	6693466	642731	6693466	24927600640	17346859008	399.8	23	0
2486.22	6693466	642731	6693466	24927694848	17346859008	403.7	23	0
2487.22	6693466	642731	6693466	24927563776	17346859008	399.7	23	0
2488.23	6693466	642731	6693466	24927952896	17346859008	399.8	23	0
2489.23	6693466	642731	6693466	24928014336	17346859008	403.6	23	0
2490.23	6693466	642731	6693466	24927723520	17346859008	399.7	23	0
2491.24	6693466	642731	6693466	24927465472	17346859008	403.7	23	0
2492.24	6693466	642731	6693466	24927596544	17346859008	399.8	23	0
2493.25	6693466	642731	6693466	24927612928	17346859008	399.8	23	0
2494.25	6693466	642731	6693466	24927444992	17346859008	403.8	23	0
2495.25	6693466	642731	6693466	24927850496	17346859008	399.7	23	0
2496.26	6693466	642731	6693466	24927744000	17346859008	403.8	23	0
2497.26	6693466	642731	6693466	24927608832	17346859008	399.8	23	0
2498.27	6693466	642731	6693466	24927305728	17346859008	399.7	23	0
2499.27	6693466	642731	6693466	24927608832	17346859008	403.7	23	0
2500.27	6693466	642731	6693466	24927854592	17346859008	399.7	23	0
2501.28	6693466	642731	6693466	24927510528	17346859008	403.8	23	0
2502.28	6693466	642731	6693466	24927518720	17346859008	399.8	23	0
2503.29	6693466	642731	6693466	24927580160	17346859008	399.7	23	0
2504.29	6693466	642731	6693466	24927916032	17346859008	403.7	23	0
2505.29	6693466	642731	6693466	24928210944	17346863104	399.8	23	0
2506.30	6693466	642731	6693466	24927973376	17346863104	403.7	23	0
2507.30	6693466	642731	6693466	24928006144	17346863104	399.8	23	0
2508.31	6693466	642731	6693466	24928137216	17346863104	399.8	23	0
2509.31	6693466	642731	6693466	24928739328	17346863104	403.6	23	0
2510.31	6693466	642731	6693466	24929001472	17346863104	399.7	23	0
2511.32	6693466	642731	6693466	24928579584	17346863104	403.8	23	0
2512.32	6693466	644178	6693466	24930476032	17346863104	428.7	23	0
2513.33	6693466	649329	6693466	24936022016	17346863104	505.6	23	0
2514.33	6693466	654529	6693466	24941133824	17346863104	510.4	23	0
2515.33	6693466	659710	6693466	24946470912	17346863104	505.2	23	0
2516.34	6693466	664892	6693466	24951017472	17346863104	510.6	23	0
2517.34	6693466	670056	6693466	24957034496	17346863104	505.6	23	0
2518.35	6693466	675220	6693466	24962347008	17346863104	505.9	23	0
2519.35	6693466	680385	6693466	24967290880	17346863104	510.6	23	0
2520.35	6693466	685555	6693466	24972451840	17346863104	506.4	23	0
2521.36	6693466	690742	6693466	24978587648	17346863104	510.9	23	0
2522.36	6693466	695924	6693466	24983478272	17346863104	505.9	23	0
2523.37	6693466	701106	6693466	24989302784	17346863104	505.0	23	0
2524.37	6693466	706285	6693466	24994566144	17346863104	511.1	23	0
2525.37	6693466	711453	6693466	24999579648	17346863104	506.0	23	0
2526.38	6693466	716632	6693466	25005191168	17346863104	510.7	23	0
2527.38	6693466	718144	6693466	25005465600	17346863104	431.0	23	0
2528.39	6693466	718144	6693466	25005359104	17346863104	399.8	23	0
2529.39	6693466	718144	6693466	25005477888	17346863104	403.7	23	0
2530.39	6693466	718144	6693466	25005740032	17346863104	399.6	23	0
2531.40	6693466	718144	6693466	25005506560	17346863104	403.7	23	0
2532.40	6693466	718144	6693466	25005514752	17346863104	399.8	23	0
2533.41	6693466	718144	6693466	25005527040	17346863104	399.8	23	0
2534.41	6693466	718144	6693466	25005584384	17346863104	403.7	23	0
2535.41	6693466	718144	6693466	25005486080	17346863104	399.6	23	0
2536.42	6693466	718144	6693466	25005506560	17346863104	403.7	23	0
2537.42	6693466	718144	6693466	25005596672	17346863104	399.8	23	0
2538.43	6693466	718144	6693466	25005420544	17346863104	399.8	23	0
2539.43	6693466	718144	6693466	25005445120	17346863104	403.7	23	0
2540.43	6693466	718144	6693466	25005305856	17346863104	399.8	23	0
2541.44	6693466	718144	6693466	25005531136	17346863104	403.7	23	0
2542.44	6693466	718144	6693466	25005547520	17346863104	399.8	23	0
2543.45	6693466	718144	6693466	25005920256	17346863104	399.8	23	0
2544.45	6693466	718144	6693466	25005768704	17346863104	403.7	23	0
2545.45	6693466	718144	6693466	25005211648	17346863104	399.7	23	0
2546.46	6693466	718144	6693466	25005277184	17346863104	403.8	23	0
2547.46	6693466	718144	6693466	25005117440	17346863104	399.7	23	0
2548.47	6693466	718144	6693466	25004863488	17346863104	399.8	23	0
2549.47	6693466	718144	6693466	25004883968	17346867200	403.7	23	0
2550.47	6693466	718144	6693466	25004957696	17346867200	399.8	23	0
2551.48	6693466	718144	6693466	25004744704	17346867200	403.8	23	0
2552.48	6693466	718144	6693466	25005416448	17346871296	399.7	23	0
2553.49	6693466	718144	6693466	25005359104	17346871296	399.8	23	0
2554.49	6693466	718144	6693466	25005371392	17346871296	403.6	23	0
2555.49	6693466	718144	6693466	25005633536	17346871296	399.8	23	0
2556.50	6693466	718144	6693466	25004990464	17346871296	403.7	23	0
2557.50	6693466	718144	6693466	25005383680	17346871296	399.8	23	0
2558.51	6693466	718144	6693466	25005232128	17346871296	399.8	23	0
2559.51	6693466	718144	6693466	25005387776	17346871296	403.7	23	0
2560.51	6693466	718144	6693466	25005252608	17346871296	399.6	23	0
2561.52	6693466	718144	6693466	25005404160	17346871296	403.7	23	0
2562.52	6693466	718144	6693466	25005174784	17346871296	399.7	23	0
2563.53	6693466	718144	6693466	25005314048	17346871296	399.7	23	0
2564.53	6693466	718144	6693466	25005383680	17346871296	403.7	23	0
2565.53	6693466	718144	6693466	25005092864	17346871296	399.8	23	0
2566.54	6693466	718144	6693466	25005125632	17346871296	403.7	23	0
2567.54	6693466	718144	6693466	25004937216	17346871296	399.6	23	0
2568.55	6693466	718144	6693466	25005449216	17346871296	399.8	23	0
2569.55	6693466	718144	6693466	25005359104	17346871296	403.8	23	0
2570.55	6693466	718144	6693466	25005301760	17346871296	400.4	23	0
2571.56	6693466	718144	6693466	25005248512	17346871296	404.3	23	0
2572.56	6693466	718144	6693466	25005252608	17346871296	400.3	23	0
2573.57	6693466	718144	6693466	25004871680	17346871296	400.4	23	0
2574.57	6693466	718144	6693466	25004945408	17346871296	404.2	23	0
2575.57	6693466	718144	6693466	25004920832	17346871296	400.4	23	0
2576.58	6693466	722635	6693466	25010159616	17346871296	496.4	23	0
2577.58	6693466	727847	6693466	25015681024	17346871296	506.7	23	0
2578.59	6693466	733041	6693466	25020690432	17346871296	506.4	23	0
2579.59	6693466	737151	6693466	25024966656	17346871296	490.1	23	0
2580.59	6693466	737151	6693466	25024585728	17346871296	399.7	23	0
2581.60	6693466	737151	6693466	25024602112	17346871296	404.3	23	0
2582.60	6693466	737151	6693466	25024745472	17346871296	401.0	23	0
2583.61	6693466	737151	6693466	25024970752	17346871296	400.1	23	0
2584.61	6693466	737151	6693466	25024954368	17346871296	404.5	23	0
2585.61	6693466	737151	6693466	25024782336	17346871296	400.5	23	0
2586.62	6693466	737151	6693466	25024720896	17346871296	404.4	23	0
2587.62	6693466	737151	6693466	25024409600	17346871296	400.3	23	0
2588.63	6693466	737151	6693466	25024364544	17346871296	399.8	23	0
2589.63	6693466	737151	6693466	25024876544	17346871296	403.7	23	0
2590.63	6693466	737151	6693466	25024835584	17346871296	399.7	23	0
2591.64	6693466	737151	6693466	25024737280	17346871296	403.8	23	0
2592.64	6693466	737151	6693466	25024962560	17346875392	399.8	23	0
2593.65	6693466	737151	6693466	25024897024	17346875392	399.7	23	0
2594.65	6693466	737151	6693466	25025343488	17346879488	403.7	23	0
2595.65	6693466	737151	6693466	25025003520	17346879488	399.7	23	0
2596.66	6693466	737151	6693466	25025323008	17346891776	403.8	23	0
2597.66	6693466	737151	6693466	25025208320	17346891776	399.7	23	0
2598.67	6693466	737151	6693466	25025671168	17346891776	399.8	23	0
2599.67	6693466	737151	6693466	25025392640	17346891776	403.6	23	0
2600.67	6693466	737151	6693466	25025810432	17346891776	399.7	23	0
2601.68	6693466	737151	6693466	25025470464	17346891776	403.8	23	0
2602.68	6693466	737151	6693466	25025187840	17346891776	399.7	23	0
2603.69	6693466	737151	6693466	25025421312	17346891776	399.7	23	0
2604.69	6693466	737151	6693466	25025114112	17346891776	403.8	23	0
2605.69	6693466	737151	6693466	25024929792	17346891776	399.7	23	0
2606.70	6693466	737151	6693466	25025339392	17346891776	403.7	23	0
2607.70	6693466	737151	6693466	25025269760	17346891776	399.6	23	0
2608.71	6693466	737151	6693466	25025216512	17346891776	399.7	23	0
2609.71	6693466	737151	6693466	25024880640	17346891776	403.7	23	0
2610.71	6693466	737151	6693466	25024651264	17346891776	399.6	23	0
2611.72	6693466	737151	6693466	25024815104	17346891776	403.7	23	0
2612.72	6693466	737151	6693466	25024905216	17346895872	400.3	23	0
2613.73	6693466	737151	6693466	25024954368	17346895872	400.4	23	0
2614.73	6693466	737151	6693466	25024798720	17346895872	404.1	23	0
2615.73	6693466	737151	6693466	25024589824	17346895872	399.7	23	0
2616.74	6693466	737151	6693466	25024663552	17346895872	403.8	23	0
2617.74	6693466	737151	6693466	25024618496	17346895872	399.8	23	0
2618.75	6693466	737151	6693466	25024724992	17346895872	399.8	23	0
2619.75	6693466	737151	6693466	25025171456	17346895872	403.8	23	0
2620.75	6693466	737151	6693466	25025253376	17346895872	399.7	23	0
2621.76	6693466	737151	6693466	25025236992	17346895872	403.8	23	0
2622.76	6693466	737151	6693466	25024917504	17346895872	399.7	23	0
2623.77	6693466	737151	6693466	25025355776	17346895872	399.9	23	0
2624.77	6693466	737151	6693466	25024937984	17346895872	403.8	23	0
2625.77	6693466	737151	6693466	25025101824	17346895872	399.8	23	0
2626.78	6693466	737151	6693466	25025216512	17346895872	403.9	23	0
2627.78	6693466	737151	6693466	25025495040	17346895872	399.7	23	0
2628.79	6693466	737151	6693466	25025409024	17346895872	399.8	23	0
2629.79	6693466	737151	6693466	25025257472	17346895872	403.8	23	0
2630.79	6693466	737151	6693466	25025384448	17346895872	399.8	23	0
2631.80	6693466	737151	6693466	25025175552	17346895872	403.8	23	0
2632.80	6693466	737151	6693466	25025220608	17346895872	399.7	23	0
2633.81	6693466	737151	6693466	25025232896	17346895872	399.8	23	0
2634.81	6693466	737151	6693466	25024937984	17346895872	403.7	23	0
2635.81	6693466	737151	6693466	25024937984	17346895872	399.7	23	0
2636.82	6693466	737151	6693466	25024815104	17346895872	403.7	23	0
2637.82	6693466	737151	6693466	25025249280	17346895872	399.7	23	0
2638.83	6693466	737151	6693466	25025613824	17346895872	399.7	23	0
2639.83	6693466	737151	6693466	25025060864	17346895872	403.7	23	0
2640.83	6693466	737151	6693466	25025015808	17346895872	399.7	23	0
2641.84	6693466	737151	6693466	25024958464	17346895872	403.7	23	0
2642.84	6693466	737151	6693466	25025024000	17346895872	399.8	23	0
2643.85	6693466	737151	6693466	25025036288	17346895872	399.7	23	0
2644.85	6693466	737151	6693466	25024892928	17346895872	403.8	23	0
2645.85	6693466	737151	6693466	25024884736	17346895872	399.8	23	0
2646.86	6693466	737151	6693466	25025150976	17346895872	403.9	23	0
2647.86	6693466	737151	6693466	25025077248	17346895872	399.7	23	0
2648.87	6693466	737151	6693466	25025011712	17346895872	399.8	23	0
2649.87	6693466	737151	6693466	25024737280	17346895872	403.6	23	0
2650.87	6693466	737151	6693466	25025064960	17346895872	399.8	23	0
2651.88	6693466	737151	6693466	25025245184	17346895872	403.8	23	0
2652.88	6693466	737151	6693466	25025204224	17347080192	399.8	23	0
2653.89	6693466	737151	6693466	25025089536	17347080192	399.8	23	0
2654.89	6693466	737151	6693466	25025073152	17347080192	403.6	23	0
2655.89	6693466	737151	6693466	25025343488	17347080192	399.8	23	0
2656.90	6693466	737151	6693466	25025232896	17347080192	403.7	23	0
2657.90	6693466	737151	6693466	25025429504	17347080192	399.7	23	0
2658.91	6693466	737151	6693466	25025036288	17347080192	399.8	23	0
2659.91	6693466	737151	6693466	25025130496	17347080192	403.7	23	0
2660.91	6693466	737151	6693466	25025282048	17347084288	399.7	23	0
2661.92	6693466	737151	6693466	25025110016	17347084288	403.7	23	0
2662.92	6693466	737151	6693466	25025261568	17347084288	399.7	23	0
2663.93	6693466	737151	6693466	25025253376	17347084288	399.8	23	0
2664.93	6693466	737151	6693466	25024638976	17347084288	403.7	23	0
2665.93	6693466	737151	6693466	25024704512	17347084288	399.7	23	0
2666.94	6693466	737151	6693466	25024757760	17347084288	403.7	23	0
2667.94	6693466	737151	6693466	25024905216	17347084288	399.6	23	0
2668.95	6693466	737151	6693466	25024987136	17347084288	399.7	23	0
2669.95	6693466	737151	6693466	25024724992	17347084288	403.7	23	0
2670.95	6693466	737151	6693466	25024458752	17347084288	399.9	23	0
2671.96	6693466	737151	6693466	25024458752	17347084288	403.7	23	0
2672.96	6693466	737151	6693466	25024458752	17347084288	399.8	23	0
2673.97	6693466	737151	6693466	25024712704	17347084288	403.9	23	0
2674.97	6693466	737151	6693466	25024729088	17347084288	399.6	23	0
2675.98	6693466	737151	6693466	25024462848	17347084288	399.8	23	0
2676.98	6693466	737151	6693466	25024610304	17347084288	403.7	23	0
2677.98	6693466	737151	6693466	25025015808	17347084288	399.7	23	0
2678.99	6693466	737151	6693466	25024765952	17347084288	404.0	23	0
2679.99	6693466	737151	6693466	25024790528	17347084288	400.4	23	0
2681.00	6693466	737151	6693466	25024704512	17347084288	400.6	23	0
2682.00	6693466	737151	6693466	25024622592	17347084288	404.1	23	0
2683.00	6693466	737151	6693466	25024700416	17347084288	400.4	23	0
2684.01	6693466	737151	6693466	25024512000	17347084288	404.4	23	0
2685.01	6693466	737151	6693466	25024339968	17347084288	400.4	23	0
2686.02	6693466	737151	6693466	25024786432	17347084288	400.4	23	0
2687.02	6693466	737151	6693466	25024933888	17347084288	403.7	23	0
2688.02	6693466	737151	6693466	25025015808	17347084288	399.8	23	0
2689.03	6693466	737151	6693466	25024921600	17347084288	403.7	23	0
2690.03	6693466	737151	6693466	25024978944	17347084288	399.8	23	0
2691.04	6693466	737151	6693466	25024999424	17347084288	399.7	23	0
2692.04	6693466	737151	6693466	25024950272	17347084288	403.7	23	0
2693.04	6693466	737151	6693466	25025159168	17347084288	399.7	23	0
2694.05	6693466	737151	6693466	25025368064	17347084288	403.7	23	0
2695.05	6693466	737151	6693466	25024888832	17347084288	399.7	23	0
2696.06	6693466	737151	6693466	25025048576	17347084288	403.8	23	0
2697.06	6693466	737151	6693466	25025028096	17347084288	399.7	23	0
2698.07	6693466	737151	6693466	25025269760	17347084288	399.7	23	0
2699.07	6693466	737151	6693466	25025404928	17347084288	403.6	23	0
2700.07	6693466	737151	6693466	25025081344	17347084288	399.7	23	0
2701.08	6693466	737151	6693466	25025163264	17347084288	403.7	23	0
2702.08	6693466	737151	6693466	25025204224	17347084288	399.8	23	0
2703.09	6693466	737151	6693466	25025060864	17347084288	399.7	23	0
2704.09	6693466	737151	6693466	25025236992	17347084288	403.6	23	0
2705.09	6693466	737151	6693466	25024737280	17347084288	399.6	23	0
2706.10	6693466	737151	6693466	25025261568	17347084288	403.7	23	0
2707.10	6693466	737151	6693466	25025265664	17347084288	399.7	23	0
2708.11	6693466	737151	6693466	25025089536	17347084288	403.6	23	0
2709.11	6693466	737151	6693466	25025437696	17347084288	399.8	23	0
2710.12	6693466	737151	6693466	25025380352	17347084288	399.8	23	0
2711.12	6693466	737151	6693466	25024868352	17347084288	403.7	23	0
2712.12	6693466	737151	6693466	25025069056	17347084288	399.7	23	0
2713.13	6693466	737151	6693466	25024741376	17347084288	403.6	23	0
2714.13	6693466	737151	6693466	25025003520	17347084288	399.7	23	0
2715.14	6693466	737151	6693466	25024552960	17347084288	403.6	23	0
2716.14	6693466	737151	6693466	25025097728	17347092480	399.8	23	0
2717.14	6693466	737151	6693466	25025036288	17347092480	399.8	23	0
2718.15	6693466	737151	6693466	25024811008	17347092480	403.7	23	0
2719.15	6693466	737151	6693466	25025085440	17347092480	399.7	23	0
2720.16	6693466	737151	6693466	25025384448	17347092480	403.8	23	0
2721.16	6693466	737151	6693466	25024688128	17347092480	399.6	23	0
2722.17	6693466	737151	6693466	25024741376	17347092480	399.8	23	0
2723.17	6693466	737151	6693466	25024733184	17347092480	403.7	23	0
2724.17	6693466	737151	6693466	25025114112	17347092480	399.7	23	0
2725.18	6693466	737151	6693466	25024864256	17347092480	403.7	23	0
2726.18	6693466	737151	6693466	25025011712	17347092480	399.7	23	0
2727.19	6693466	737151	6693466	25024753664	17347092480	399.7	23	0
2728.19	6693466	737151	6693466	25025007616	17347092480	403.8	23	0
2729.19	6693466	737151	6693466	25024847872	17347092480	399.7	23	0
2730.20	6693466	737151	6693466	25024471040	17347092480	403.7	23	0
2731.20	6693466	737151	6693466	25024790528	17347092480	399.7	23	0
2732.21	6693466	737151	6693466	25024835584	17347092480	399.8	23	0
2733.21	6693466	737151	6693466	25024688128	17347092480	403.7	23	0
2734.21	6693466	737151	6693466	25024499712	17347092480	399.7	23	0
2735.22	6693466	737151	6693466	25024847872	17347096576	403.8	23	0
2736.22	6693466	737151	6693466	25024733184	17347096576	399.7	23	0
2737.23	6693466	737151	6693466	25024761856	17347096576	399.7	23	0
2738.23	6693466	737151	6693466	25024716800	17347096576	403.8	23	0
2739.23	6693466	737151	6693466	25024774144	17347096576	399.7	23	0
2740.24	6693466	737151	6693466	25024729088	17347096576	403.7	23	0
2741.24	6693466	737151	6693466	25024778240	17347096576	399.8	23	0
2742.24	6693466	737151	6693466	25024892928	17347096576	399.8	23	0
2743.25	6693466	737151	6693466	25025200128	17347096576	403.8	23	0
2744.25	6693466	737151	6693466	25025265664	17347096576	399.7	23	0
2745.26	6693466	737151	6693466	25025118208	17347096576	403.7	23	0
2746.26	6693466	737151	6693466	25025253376	17347096576	399.7	23	0
2747.26	6693466	737151	6693466	25025167360	17347096576	399.7	23	0
2748.27	6693466	737151	6693466	25025204224	17347096576	403.6	23	0
2749.27	6693466	737151	6693466	25025056768	17347096576	399.8	23	0
2750.28	6693466	737151	6693466	25025441792	17347096576	399.8	23	0
2751.28	6693466	737151	6693466	25025597440	17347096576	403.8	23	0
2752.28	6693466	737151	6693466	25025245184	17347096576	399.9	23	0
2753.29	6693466	737151	6693466	25025372160	17347100672	403.7	23	0
2754.29	6693466	737151	6693466	25025515520	17347100672	399.8	23	0
2755.30	6693466	737151	6693466	25025056768	17347100672	399.8	23	0
2756.30	6693466	737151	6693466	25024823296	17347100672	403.6	23	0
2757.30	6693466	737151	6693466	25025048576	17347100672	399.7	23	0
2758.31	6693466	737151	6693466	25025105920	17347100672	403.7	23	0
2759.31	6693466	737151	6693466	25025179648	17347100672	399.7	23	0
2760.32	6693466	737151	6693466	25025200128	17347100672	399.8	23	0
2761.32	6693466	737151	6693466	25025310720	17347100672	403.7	23	0
2762.32	6693466	737151	6693466	25025040384	17347100672	399.8	23	0
2763.33	6693466	737151	6693466	25024831488	17347100672	403.7	23	0
2764.33	6693466	737151	6693466	25025171456	17347100672	399.8	23	0
2765.34	6693466	737151	6693466	25025241088	17347108864	399.8	23	0
2766.34	6693466	737151	6693466	25025273856	17347108864	403.7	23	0
2767.34	6693466	737151	6693466	25025150976	17347108864	399.8	23	0
2768.35	6693466	737151	6693466	25025150976	17347108864	403.7	23	0
2769.35	6693466	737151	6693466	25025236992	17347108864	399.6	23	0
2770.36	6693466	737151	6693466	25025093632	17347108864	399.8	23	0
2771.36	6693466	737151	6693466	25025146880	17347108864	403.7	23	0
2772.36	6693466	737151	6693466	25025175552	17347108864	399.7	23	0
2773.37	6693466	737151	6693466	25025601536	17347108864	403.7	23	0
2774.37	6693466	737151	6693466	25025712128	17347108864	399.6	23	0
2775.38	6693466	737151	6693466	25025093632	17347108864	403.6	23	0
2776.38	6693466	737151	6693466	25025249280	17347108864	399.7	23	0
2777.38	6693466	737151	6693466	25025388544	17347108864	399.8	23	0
2778.39	6693466	737151	6693466	25025265664	17347108864	403.8	23	0
2779.39	6693466	737151	6693466	25025212416	17347108864	399.7	23	0
2780.40	6693466	737151	6693466	25025400832	17347108864	403.7	23	0
2781.40	6693466	737151	6693466	25025548288	17347108864	399.8	23	0
2782.41	6693466	737151	6693466	25024843776	17347108864	399.8	23	0
2783.41	6693466	737151	6693466	25024897024	17347108864	403.7	23	0
2784.41	6693466	737151	6693466	25025024000	17347108864	399.7	23	0
2785.42	6693466	737151	6693466	25024876544	17347108864	403.8	23	0
2786.42	6693466	737151	6693466	25024593920	17347108864	399.7	23	0
2787.43	6693466	737151	6693466	25025417216	17347108864	399.8	23	0
2788.43	6693466	737151	6693466	25024942080	17347108864	403.8	23	0
2789.43	6693466	737151	6693466	25024901120	17347108864	399.7	23	0
2790.44	6693466	737151	6693466	25024913408	17347108864	403.7	23	0
2791.44	6693466	737151	6693466	25024913408	17347108864	399.8	23	0
2792.45	6693466	737151	6693466	25024942080	17347108864	399.7	23	0
2793.45	6693466	737151	6693466	25024888832	17347108864	403.8	23	0
2794.45	6693466	737151	6693466	25025437696	17347108864	399.8	23	0
2795.46	6693466	737151	6693466	25025163264	17347108864	403.8	23	0
2796.46	6693466	737151	6693466	25025171456	17347108864	399.8	23	0
2797.47	6693466	737151	6693466	25025142784	17347108864	399.8	23	0
2798.47	6693466	737151	6693466	25024819200	17347108864	403.6	23	0
2799.47	6693466	737151	6693466	25025028096	17347108864	399.6	23	0
2800.48	6693466	737151	6693466	25025384448	17347108864	403.8	23	0
2801.48	6693466	737151	6693466	25025699840	17347108864	399.7	23	0
2802.49	6693466	737151	6693466	25025175552	17347108864	399.7	23	0
2803.49	6693466	737151	6693466	25025454080	17347108864	403.6	23	0
2804.49	6693466	737151	6693466	25025589248	17347108864	399.7	23	0
2805.50	6693466	737151	6693466	25025470464	17347112960	403.7	23	0
2806.50	6693466	737151	6693466	25025204224	17347112960	399.7	23	0
2807.51	6693466	737151	6693466	25025355776	17347112960	399.7	23	0
2808.51	6693466	737151	6693466	25025257472	17347112960	403.8	23	0
2809.51	6693466	737151	6693466	25025658880	17347112960	399.8	23	0
2810.52	6693466	737151	6693466	25025630208	17347112960	403.8	23	0
2811.52	6693466	737151	6693466	25025409024	17347112960	399.8	23	0
2812.53	6693466	737151	6693466	25025495040	17347112960	399.8	23	0
2813.53	6693466	737151	6693466	25025638400	17347112960	403.6	23	0
2814.53	6693466	737151	6693466	25025789952	17347112960	399.8	23	0
2815.54	6693466	737151	6693466	25025220608	17347112960	403.6	23	0
2816.54	6693466	737151	6693466	25025167360	17347112960	400.2	23	0
2817.55	6693466	737151	6693466	25025171456	17347112960	403.2	23	0
2818.55	6693466	737151	6693466	25025126400	17347112960	399.8	23	0
2819.56	6693466	737151	6693466	25025343488	17347112960	399.7	23	0
2820.56	6693466	737151	6693466	25025171456	17347112960	403.7	23	0
2821.56	6693466	737151	6693466	25025380352	17347112960	399.7	23	0
2822.57	6693466	737151	6693466	25025531904	17347112960	403.7	23	0
2823.57	6693466	737151	6693466	25025138688	17347112960	399.8	23	0
2824.58	6693466	737151	6693466	25025380352	17347117056	399.7	23	0
2825.58	6693466	737151	6693466	25025175552	17347117056	403.8	23	0
2826.58	6693466	740098	6693466	25029083136	17347117056	460.2	23	0
2827.59	6693466	745248	6693466	25034117120	17347117056	511.0	23	0
2828.59	6693466	750351	6693466	25039806464	17347117056	506.4	23	0
2829.60	6693466	755467	6693466	25045254144	17347117056	506.7	23	0
2830.60	6693466	760537	6693466	25050615808	17347117056	511.6	23	0
2831.60	6693466	765605	6693466	25055358976	17347117056	506.7	23	0
2832.61	6693466	770690	6693466	25061134336	17347117056	512.0	23	0
2833.61	6693466	775821	6693466	25066479616	17347117056	506.7	23	0
2834.62	6693466	780938	6693466	25071136768	17347117056	506.7	23	0
2835.62	6693466	786052	6693466	25076305920	17347121152	511.3	23	0
2836.62	6693466	791185	6693466	25081499648	17347121152	506.2	23	0
2837.63	6693466	796352	6693466	25086775296	17347121152	511.3	23	0
2838.63	6693466	801501	6693466	25092415488	17347121152	506.4	23	0
2839.64	6693466	806652	6693466	25097392128	17347121152	511.5	23	0
2840.64	6693466	811801	6693466	25102725120	17347121152	506.4	23	0
2841.65	6693466	813281	6693466	25103990784	17347121152	431.2	23	0
2842.65	6693466	813281	6693466	25104039936	17347121152	403.7	23	0
2843.65	6693466	813281	6693466	25104007168	17347121152	399.7	23	0
2844.66	6693466	813281	6693466	25103663104	17347121152	403.8	23	0
2845.66	6693466	813281	6693466	25103446016	17347121152	399.7	23	0
2846.67	6693466	813281	6693466	25103577088	17347121152	399.7	23	0
2847.67	6693466	813281	6693466	25103642624	17347121152	403.6	23	0
2848.67	6693466	813281	6693466	25103523840	17347121152	399.7	23	0
2849.68	6693466	813281	6693466	25103495168	17347121152	403.7	23	0
2850.68	6693466	813281	6693466	25103536128	17347121152	399.6	23	0
2851.69	6693466	813281	6693466	25103413248	17347125248	399.8	23	0
2852.69	6693466	813281	6693466	25103650816	17347129344	403.6	23	0
2853.69	6693466	813281	6693466	25103675392	17347129344	399.7	23	0
2854.70	6693466	813281	6693466	25103679488	17347129344	403.7	23	0
2855.70	6693466	813281	6693466	25103577088	17347129344	399.7	23	0
2856.71	6693466	813281	6693466	25103253504	17347129344	403.8	23	0
2857.71	6693466	813281	6693466	25103327232	17347129344	399.7	23	0
2858.71	6693466	813281	6693466	25103360000	17347129344	399.6	23	0
2859.72	6693466	813281	6693466	25103515648	17347129344	403.8	23	0
2860.72	6693466	813281	6693466	25103355904	17347129344	399.7	23	0
2861.73	6693466	813281	6693466	25103249408	17347129344	403.8	23	0
2862.73	6693466	813281	6693466	25103237120	17347129344	399.8	23	0
2863.74	6693466	813281	6693466	25103298560	17347129344	399.9	23	0
2864.74	6693466	813281	6693466	25103425536	17347129344	403.8	23	0
2865.74	6693466	813281	6693466	25103400960	17347129344	399.7	23	0
2866.75	6693466	813281	6693466	25103474688	17347129344	403.7	23	0
2867.75	6693466	813281	6693466	25103491072	17347129344	399.8	23	0
2868.76	6693466	813281	6693466	25103597568	17347133440	399.8	23	0
2869.76	6693466	813281	6693466	25103851520	17347133440	403.8	23	0
2870.76	6693466	813281	6693466	25103736832	17347133440	399.7	23	0
2871.77	6693466	813281	6693466	25103757312	17347133440	403.7	23	0
2872.77	6693466	813281	6693466	25103683584	17347133440	399.7	23	0
2873.78	6693466	813281	6693466	25103826944	17347133440	399.8	23	0
2874.78	6693466	813281	6693466	25103699968	17347133440	403.7	23	0
2875.78	6693466	813281	6693466	25103360000	17347133440	399.8	23	0
2876.79	6693466	813281	6693466	25103454208	17347133440	403.8	23	0
2877.79	6693466	813281	6693466	25103409152	17347133440	399.8	23	0
2878.80	6693466	813281	6693466	25103593472	17347133440	399.9	23	0
2879.80	6693466	813281	6693466	25103470592	17347133440	403.8	23	0
2880.80	6693466	813281	6693466	25103302656	17347133440	399.7	23	0
2881.81	6693466	813281	6693466	25103532032	17347133440	403.8	23	0
2882.81	6693466	813281	6693466	25103745024	17347133440	399.8	23	0
2883.82	6693466	813281	6693466	25103314944	17347133440	399.7	23	0
2884.82	6693466	813281	6693466	25103831040	17347133440	403.8	23	0
2885.82	6693466	813281	6693466	25103798272	17347133440	399.7	23	0
2886.83	6693466	813281	6693466	25103671296	17347133440	403.8	23	0
2887.83	6693466	813281	6693466	25103613952	17347133440	399.7	23	0
2888.84	6693466	813281	6693466	25103458304	17347133440	399.7	23	0
2889.84	6693466	814726	6693466	25105682432	17347133440	433.0	23	0
2890.84	6693466	819872	6693466	25111347200	17347133440	505.5	23	0
2891.85	6693466	825052	6693466	25116364800	17347133440	510.2	23	0
2892.85	6693466	830210	6693466	25121333248	17347133440	505.0	23	0
2893.86	6693466	832513	6693466	25123856384	17347133440	448.0	23	0
2894.86	6693466	832513	6693466	25123885056	17347133440	403.6	23	0
2895.86	6693466	832513	6693466	25123074048	17347133440	399.7	23	0
2896.87	6693466	832513	6693466	25123205120	17347133440	403.7	23	0
2897.87	6693466	832513	6693466	25123184640	17347133440	399.8	23	0
2898.88	6693466	832513	6693466	25123291136	17347133440	403.7	23	0
2899.88	6693466	832513	6693466	25123315712	17347133440	399.7	23	0
2900.88	6693466	832513	6693466	25123098624	17347137536	399.7	23	0
2901.89	6693466	832513	6693466	25123180544	17347137536	403.8	23	0
2902.89	6693466	832513	6693466	25123074048	17347137536	399.6	23	0
2903.90	6693466	832513	6693466	25123336192	17347137536	403.7	23	0
2904.90	6693466	832513	6693466	25123196928	17347137536	399.8	23	0
2905.91	6693466	832513	6693466	25123074048	17347137536	399.7	23	0
2906.91	6693466	832513	6693466	25123061760	17347137536	403.8	23	0
2907.91	6693466	832513	6693466	25122889728	17347137536	399.7	23	0
2908.92	6693466	832513	6693466	25123250176	17347145728	403.8	23	0
2909.92	6693466	832513	6693466	25123713024	17347145728	399.8	23	0
2910.93	6693466	832513	6693466	25124003840	17347145728	400.3	23	0
2911.93	6693466	832513	6693466	25123852288	17347145728	403.2	23	0
2912.93	6693466	832513	6693466	25123946496	17347145728	399.9	23	0
2913.94	6693466	832513	6693466	25123442688	17347145728	403.7	23	0
2914.94	6693466	832513	6693466	25123549184	17347145728	400.1	23	0
2915.95	6693466	832513	6693466	25123614720	17347145728	399.4	23	0
2916.95	6693466	832513	6693466	25123467264	17347145728	403.7	23	0
2917.95	6693466	832513	6693466	25123614720	17347145728	399.7	23	0
2918.96	6693466	832513	6693466	25123352576	17347145728	403.7	23	0
2919.96	6693466	832513	6693466	25123827712	17347145728	399.8	23	0
2920.97	6693466	832513	6693466	25123520512	17347145728	399.7	23	0
2921.97	6693466	832513	6693466	25123536896	17347145728	403.7	23	0
2922.97	6693466	832513	6693466	25123131392	17347145728	399.8	23	0
2923.98	6693466	832513	6693466	25123516416	17347145728	403.7	23	0
2924.98	6693466	832513	6693466	25123491840	17347145728	399.9	23	0
2925.99	6693466	832513	6693466	25123090432	17347145728	403.9	23	0
2926.99	6693466	832513	6693466	25123586048	17347145728	399.8	23	0
2928.00	6693466	832513	6693466	25123782656	17347145728	400.3	23	0
2929.00	6693466	832513	6693466	25123258368	17347145728	403.2	23	0
2930.00	6693466	832513	6693466	25123692544	17347145728	399.8	23	0
2931.01	6693466	832513	6693466	25123590144	17347145728	403.8	23	0
2932.01	6693466	832513	6693466	25123368960	17347145728	399.8	23	0
2933.02	6693466	832513	6693466	25123594240	17347145728	399.7	23	0
2934.02	6693466	832513	6693466	25123635200	17347145728	403.7	23	0
2935.02	6693466	832513	6693466	25123500032	17347145728	399.7	23	0
2936.03	6693466	832513	6693466	25123729408	17347145728	403.7	23	0
2937.03	6693466	832513	6693466	25123749888	17347145728	399.7	23	0
2938.04	6693466	832513	6693466	25123397632	17347145728	399.7	23	0
2939.04	6693466	832513	6693466	25123299328	17347145728	403.7	23	0
2940.04	6693466	832513	6693466	25123172352	17347145728	399.7	23	0
2941.05	6693466	832513	6693466	25123438592	17347145728	403.8	23	0
2942.05	6693466	832513	6693466	25123438592	17347145728	399.7	23	0
2943.06	6693466	832513	6693466	25123364864	17347145728	399.6	23	0
2944.06	6693466	832513	6693466	25123266560	17347145728	403.7	23	0
2945.06	6693466	832513	6693466	25123192832	17347145728	399.8	23	0
2946.07	6693466	832513	6693466	25123336192	17347145728	403.7	23	0
2947.07	6693466	832513	6693466	25123344384	17347145728	399.8	23	0
2948.08	6693466	832513	6693466	25123352576	17347145728	399.7	23	0
2949.08	6693466	832513	6693466	25123540992	17347145728	403.7	23	0
2950.08	6693466	832513	6693466	25123545088	17347145728	399.8	23	0
2951.09	6693466	832513	6693466	25123815424	17347145728	403.8	23	0
2952.09	6693466	832513	6693466	25123831808	17347145728	399.9	23	0
2953.10	6693466	832513	6693466	25123512320	17347145728	399.7	23	0
2954.10	6693466	832513	6693466	25123348480	17347145728	403.7	23	0
2955.10	6693466	832513	6693466	25122811904	17347145728	399.8	23	0
2956.11	6693466	832513	6693466	25123635200	17347149824	403.7	23	0
2957.11	6693466	832513	6693466	25122922496	17347149824	399.8	23	0
2958.12	6693466	832513	6693466	25123475456	17347149824	403.7	23	0
2959.12	6693466	832513	6693466	25123201024	17347149824	399.7	23	0
2960.12	6693466	832513	6693466	25123315712	17347149824	399.8	23	0
2961.13	6693466	832513	6693466	25123311616	17347149824	403.9	23	0
2962.13	6693466	832513	6693466	25123061760	17347149824	399.8	23	0
2963.14	6693466	832513	6693466	25123143680	17347149824	403.8	23	0
2964.14	6693466	832513	6693466	25123618816	17347149824	399.7	23	0
2965.15	6693466	832513	6693466	25123352576	17347149824	399.8	23	0
2966.15	6693466	832513	6693466	25123418112	17347149824	403.7	23	0
2967.15	6693466	833679	6693466	21926424576	14154842112	286.9	18	0
2968.16	6693466	838797	6693466	21931057152	14154842112	107.2	18	0
2969.16	6693466	843932	6693466	21936480256	14154842112	105.9	18	0
2970.17	6693466	848992	6693466	21941555200	14154842112	106.1	18	0
2971.17	6693466	853561	6693466	21946818560	14154842112	106.8	18	0
2972.17	1673366	855960	1673366	6346608640	2817327104	145.0	2	0
