t_s	temp_kb	out_kb	converted_kb	mem_bytes	anon_bytes	cpu_pct	pids	fifos
0.00	0	0	0	6324224	327680	58.9	2	0
1.00	0	0	0	378175488	356102144	98.5	2	0
2.01	0	0	0	897863680	874917888	101.0	2	0
3.01	0	1	0	1333600256	1301946368	100.0	2	0
4.01	0	1	0	1792618496	1744596992	100.0	2	0
5.02	0	1	0	2220720128	2173874176	101.0	2	0
6.02	0	1	0	2554564608	2508898304	100.0	2	0
7.03	0	1	0	2804641792	2758488064	101.0	2	0
8.03	0	2	0	5449711616	5395402752	203.2	30	8
9.03	0	2	0	12777914368	12709335040	398.8	30	8
10.04	0	135	0	15822159872	15737184256	1125.7	50	8
11.04	0	401	0	15841816576	15755853824	1624.6	50	8
12.05	0	401	0	15860432896	15774769152	1631.1	50	8
13.05	0	567	0	15882178560	15796097024	1575.2	50	8
14.06	0	767	0	15903514624	15816966144	1439.8	50	8
15.06	0	1347	0	15915732992	15829266432	1512.5	50	8
16.07	0	1645	0	15935877120	15849807872	1462.1	50	8
17.07	0	1645	0	15948050432	15862931456	1508.1	50	8
18.08	0	1794	0	15960485888	15875375104	1473.6	50	8
19.08	0	1794	0	15971131392	15886180352	1423.4	50	8
20.09	0	1794	0	15983222784	15897956352	1443.9	50	8
21.09	0	2207	0	15995756544	15909998592	1479.1	50	8
22.10	0	2207	0	16003911680	15917551616	1490.1	50	8
23.11	0	3167	0	16016592896	15929180160	1550.6	50	8
24.11	0	3167	0	16041500672	15954309120	1484.6	50	8
25.12	0	3167	0	16053542912	15966539776	1509.3	50	8
26.12	0	3167	0	16091992064	16004337664	1448.0	50	8
27.13	0	3167	0	16106934272	16021311488	1434.1	50	8
28.13	0	3167	0	16121307136	16035897344	1508.7	50	8
29.14	0	3167	0	16136728576	16050114560	1511.4	50	8
30.14	0	3167	0	16150249472	16064237568	1446.0	50	8
31.14	0	3349	0	16161955840	16076132352	1457.3	50	8
32.15	0	3349	0	16171032576	16084934656	1460.3	50	8
33.15	0	3349	0	16180744192	16094195712	1466.0	50	8
34.16	0	3349	0	16194617344	16108085248	1482.2	50	8
35.16	0	3349	0	16208535552	16122347520	1484.7	50	8
36.17	0	3349	0	16248393728	16161808384	1498.7	50	8
37.17	0	3349	0	16262488064	16175980544	1466.8	50	8
38.18	0	3349	0	16275857408	16190136320	1464.0	50	8
39.18	0	4176	0	16290983936	16203403264	1516.7	50	8
40.19	0	7988	0	16304185344	16213000192	1500.3	50	8
41.19	0	7988	0	16315457536	16224235520	1467.6	50	8
42.20	0	7988	0	16327041024	16236294144	1439.9	50	8
43.20	0	8650	0	16343977984	16251379712	1467.9	50	8
44.21	0	9144	0	16354861056	16262598656	1489.3	50	8
45.22	0	9144	0	16365948928	16273842176	1498.8	50	8
46.22	0	9144	0	16377466880	16284635136	1390.9	50	8
47.23	0	9144	0	16388145152	16296128512	1445.2	50	8
48.23	0	9144	0	16400248832	16307593216	1447.2	50	8
49.24	0	9144	0	16429842432	16337141760	1443.7	50	8
50.24	0	9144	0	16423251968	16330297344	1441.1	50	8
51.25	0	9144	0	16435867648	16343138304	1466.1	50	8
52.25	0	9144	0	16447619072	16354402304	1456.7	50	8
53.26	0	9144	0	16458117120	16365268992	1464.9	50	8
54.26	0	9144	0	16468779008	16375726080	1433.3	50	8
55.27	0	9144	0	16478994432	16386080768	1465.1	50	8
56.27	0	9144	0	16489312256	16396750848	1461.5	50	8
57.28	0	9144	0	16502038528	16408129536	1503.8	50	8
58.28	0	9144	0	16510251008	16417796096	1380.3	50	8
59.29	0	9424	0	16522293248	16428699648	1454.1	50	8
60.29	0	12891	0	16536694784	16439971840	1530.2	50	8
61.30	0	12891	0	16548622336	16451211264	1448.7	50	8
62.31	0	12891	0	16558522368	16461889536	1449.1	50	8
63.31	0	12891	0	16569192448	16472633344	1479.5	50	8
64.32	0	12891	0	16581996544	16485494784	1456.1	50	8
65.32	0	12891	0	16595853312	16499175424	1415.0	50	8
66.33	0	12891	0	16610422784	16512897024	1491.6	50	8
67.33	0	12891	0	16623906816	16526843904	1482.6	50	8
68.34	0	12891	0	16662364160	16564883456	1439.3	50	8
69.34	0	12891	0	16676298752	16579297280	1464.6	50	8
70.35	0	12891	0	16690716672	16593391616	1440.0	50	8
71.35	0	12891	0	16704258048	16607195136	1522.2	50	8
72.36	0	12891	0	16717529088	16620986368	1485.8	50	8
73.36	0	12891	0	16731660288	16634605568	1454.5	50	8
74.37	0	12891	0	16743989248	16648085504	1481.1	50	8
75.37	0	12891	0	16758181888	16661598208	1431.6	50	8
76.38	0	12891	0	16771649536	16674775040	1463.6	50	8
77.38	0	12891	0	16784621568	16687685632	1434.6	50	8
78.39	0	12891	0	16798773248	16701718528	1488.0	50	8
79.39	0	12891	0	16814997504	16717426688	1484.7	50	8
80.40	0	12891	0	16828469248	16730824704	1460.6	50	8
81.40	0	12891	0	16841957376	16744419328	1423.8	50	8
82.41	0	12891	0	16855707648	16757698560	1455.4	50	8
83.41	0	12891	0	16868519936	16770990080	1457.6	50	8
84.42	0	12891	0	16882155520	16784334848	1456.6	50	8
85.42	0	12891	0	16895578112	16797777920	1458.4	50	8
86.43	0	12891	0	16909217792	16811798528	1463.8	50	8
87.43	0	12891	0	16923168768	16825614336	1454.4	50	8
88.44	0	12891	0	16935755776	16838881280	1464.8	50	8
89.45	0	12891	0	16949362688	16851922944	1438.9	50	8
90.45	0	12891	0	16964358144	16866361344	1473.5	50	8
91.46	0	12891	0	16977649664	16880136192	1461.6	50	8
92.46	0	12891	0	16991698944	16893632512	1432.6	50	8
93.47	0	12891	0	17003311104	16906612736	1436.1	50	8
94.47	0	12891	0	17017536512	16920342528	1460.8	50	8
95.48	0	12891	0	17031860224	16934187008	1466.2	50	8
96.48	0	13517	0	17046609920	16947408896	1466.7	50	8
97.49	0	13764	0	17055186944	16956121088	1510.4	50	8
98.49	0	13764	0	17062854656	16964272128	1417.4	50	8
99.50	0	13764	0	17071386624	16972070912	1421.6	50	8
100.50	0	13764	0	17079803904	16980164608	1423.2	50	8
101.50	0	13764	0	17086005248	16988184576	1497.6	50	8
102.51	0	13764	0	17093591040	16995631104	1361.1	50	8
103.51	0	13764	0	17102594048	17003913216	1475.1	50	8
104.52	0	13764	0	17109573632	17011867648	1477.3	50	8
105.52	0	13764	0	17117634560	17020162048	1488.9	50	8
106.53	0	13764	0	17128648704	17030070272	1472.8	50	8
107.53	0	13764	0	17140412416	17041899520	1433.5	50	8
108.54	0	13764	0	17154297856	17055793152	1457.8	50	8
109.54	0	13764	0	17169031168	17070157824	1464.4	50	8
110.55	0	13764	0	17183174656	17084522496	1459.3	50	8
111.55	0	13764	0	17196494848	17098735616	1432.1	50	8
112.56	0	13764	0	17211629568	17112776704	1466.3	50	8
113.57	0	13764	0	17224581120	17126535168	1453.3	50	8
114.57	0	13764	0	17239539712	17140228096	1429.9	50	8
115.58	0	13764	0	17253236736	17153789952	1443.5	50	8
116.58	0	13764	0	17264820224	17166467072	1440.2	50	8
117.59	0	13764	0	17279082496	17180401664	1423.8	50	8
118.59	0	13764	0	17292820480	17193918464	1460.0	50	8
119.60	0	13764	0	17305653248	17207336960	1504.8	50	8
120.60	0	13764	0	17320333312	17220702208	1457.4	50	8
121.61	0	13764	0	17333735424	17234259968	1440.2	50	8
122.61	0	13764	0	17345511424	17247682560	1504.6	50	8
123.62	0	13764	0	17359142912	17260994560	1447.8	50	8
124.62	0	13764	0	17372135424	17273999360	1426.9	50	8
125.63	0	13764	0	17387380736	17287872512	1440.0	50	8
126.63	0	13764	0	17400901632	17301233664	1430.1	50	8
127.64	0	17068	0	17416003584	17313005568	1522.2	50	8
128.64	0	21937	0	17431220224	17323548672	1605.0	50	8
129.65	0	25235	0	17445617664	17334280192	1605.5	50	8
130.65	0	25235	0	17455247360	17344569344	1470.4	50	8
131.66	0	25235	0	17466359808	17355051008	1422.8	50	8
132.66	0	25235	0	17482973184	17371164672	1431.1	50	8
133.67	0	25235	0	17492283392	17381081088	1467.0	50	8
134.68	0	25235	0	17501802496	17391030272	1520.2	50	8
135.68	0	25235	0	17510465536	17399869440	1396.4	50	8
136.69	0	25235	0	17521672192	17410449408	1450.3	50	8
137.69	0	25235	0	17532182528	17421074432	1439.4	50	8
138.70	0	25235	0	17543860224	17432121344	1431.2	50	8
139.70	0	25235	0	17554006016	17442459648	1439.9	50	8
140.71	0	25235	0	17564573696	17452793856	1482.0	50	8
141.71	0	25235	0	17574739968	17464250368	1420.2	50	8
142.72	0	25235	0	17585405952	17474514944	1435.6	50	8
143.72	0	25235	0	17596010496	17484910592	1416.9	50	8
144.73	0	25235	0	17607708672	17496227840	1517.2	50	8
145.73	0	25235	0	17620840448	17509023744	1431.5	50	8
146.74	0	25235	0	17634574336	17522409472	1414.8	50	8
147.74	0	25235	0	17648807936	17536233472	1439.1	50	8
148.75	0	25235	0	17660358656	17549254656	1420.2	50	8
149.76	0	25235	0	17675239424	17565343744	1512.9	50	8
150.76	0	25235	0	17688707072	17579294720	1447.0	50	8
151.77	0	25235	0	17702834176	17593200640	1437.1	50	8
152.77	0	25235	0	17716916224	17606840320	1398.4	50	8
153.77	0	25235	0	17729892352	17620283392	1464.5	50	8
154.78	0	25235	0	17743519744	17633644544	1384.3	50	8
155.78	0	25235	0	17757663232	17647325184	1425.2	50	8
156.79	0	25235	0	17771175936	17661198336	1492.4	50	8
157.79	0	25235	0	17785679872	17675390976	1451.0	50	8
158.80	0	25235	0	17798746112	17688588288	1497.9	50	8
159.81	0	25235	0	17812316160	17702158336	1477.7	50	8
160.81	0	25235	0	17825710080	17715564544	1435.1	50	8
161.81	0	25235	0	17839013888	17729007616	1465.7	50	8
162.82	0	25235	0	17851768832	17742176256	1400.1	50	8
163.82	0	25235	0	17865207808	17755152384	1426.3	50	8
164.83	0	25235	0	17878786048	17768800256	1495.3	50	8
165.83	0	25235	0	17892044800	17782411264	1492.1	50	8
166.84	0	25235	0	17906802688	17796173824	1450.5	50	8
167.84	0	25235	0	17919422464	17809629184	1447.3	50	8
168.85	0	25235	0	17933004800	17823215616	1464.0	50	8
169.85	0	25235	0	17946824704	17837137920	1499.6	50	8
170.86	0	25235	0	17961074688	17850589184	1432.8	50	8
171.86	0	25235	0	17974292480	17864196096	1476.4	50	8
172.87	0	25235	0	17987964928	17877970944	1462.2	50	8
173.87	0	25235	0	18227261440	18116726784	1407.8	50	8
174.88	0	25235	0	18011291648	17901535232	1412.5	50	8
175.88	0	25235	0	18025111552	17914810368	1459.9	50	8
176.89	0	25235	0	18038910976	17928523776	1422.3	50	8
177.89	0	25235	0	18051690496	17942122496	1446.5	50	8
178.90	0	25235	0	18064773120	17955717120	1422.4	50	8
179.90	0	25235	0	18079563776	17969164288	1474.8	50	8
180.91	0	25235	0	18093711360	17983004672	1513.0	50	8
181.91	0	25235	0	18107146240	17996566528	1450.3	50	8
182.92	0	25235	0	18120802304	18009927680	1459.5	50	8
183.92	0	25235	0	18134065152	18023677952	1469.5	50	8
184.93	0	28736	0	18147049472	18033209344	1605.2	50	8
185.93	0	32087	0	18159353856	18041466880	1537.9	50	8
186.94	0	32087	0	18167566336	18049953792	1533.3	50	8
187.94	0	32087	0	18175057920	18058440704	1439.6	50	8
188.95	0	32087	0	18183315456	18066661376	1445.1	50	8
189.95	0	32087	0	18192539648	18075136000	1454.0	50	8
190.96	0	32087	0	18200571904	18083565568	1447.8	50	8
191.97	0	32087	0	18209071104	18092044288	1457.6	50	8
192.97	0	32087	0	18217279488	18099941376	1433.4	50	8
193.98	0	32087	0	18225188864	18108211200	1447.0	50	8
194.98	0	32087	0	18233544704	18116313088	1446.1	50	8
195.98	0	32765	0	18242965504	18124500992	1454.7	50	8
196.99	0	35638	0	18251259904	18129985536	1554.0	50	8
197.99	0	39406	0	18260455424	18135597056	1582.2	50	8
199.00	0	42970	0	18270072832	18140880896	1640.9	50	8
200.00	0	46815	0	18278862848	18146062336	1552.3	50	8
201.01	0	50728	0	18288812032	18151526400	1572.6	50	8
202.01	0	50728	0	18293297152	18156978176	1483.1	50	8
203.02	0	50728	0	18299478016	18162667520	1432.2	50	8
204.02	0	50728	0	18309959680	18173591552	1437.8	50	8
205.03	0	50728	0	18321072128	18184540160	1489.3	50	8
206.03	0	50728	0	18331570176	18195677184	1437.0	50	8
207.04	0	50728	0	18342592512	18206396416	1427.4	50	8
208.04	0	50728	0	18353254400	18217017344	1428.8	50	8
209.05	0	50728	0	18364661760	18228305920	1484.1	50	8
210.05	0	50728	0	18375110656	18239401984	1479.7	50	8
211.06	0	50728	0	18387177472	18250166272	1483.0	50	8
212.06	0	50728	0	18398015488	18261311488	1445.1	50	8
213.07	0	50728	0	18408710144	18272346112	1484.1	50	8
214.07	0	50728	0	18421354496	18283671552	1473.9	50	8
215.08	0	50728	0	18432372736	18294730752	1457.2	50	8
216.08	0	50728	0	18442403840	18305757184	1507.4	50	8
217.09	0	50728	0	18453053440	18316259328	1466.6	50	8
218.10	0	50728	0	18463739904	18326753280	1462.4	50	8
219.10	0	50728	0	18473566208	18337226752	1406.1	50	8
220.10	0	50728	0	18484314112	18348105728	1454.5	50	8
221.11	0	50728	0	18495516672	18358525952	1494.4	50	8
222.11	0	50728	0	18505400320	18368245760	1464.4	50	8
223.12	0	50728	0	18516451328	18379145216	1500.6	50	8
224.12	0	50728	0	18527789056	18390179840	1437.7	50	8
225.13	0	50728	0	18538962944	18401390592	1481.0	50	8
226.13	0	50728	0	18550562816	18412744704	1514.5	50	8
227.14	0	50728	0	18560344064	18423418880	1503.6	50	8
228.14	0	50728	0	18570620928	18434121728	1407.7	50	8
229.15	0	50728	0	18581635072	18444247040	1479.8	50	8
230.16	0	50728	0	18592370688	18454642688	1470.0	50	8
231.16	0	50728	0	18602614784	18466955264	1455.1	50	8
232.17	0	50728	0	18613555200	18477948928	1455.2	50	8
233.17	0	50728	0	18624598016	18488950784	1473.0	50	8
234.18	0	50728	0	18635063296	18499948544	1461.6	50	8
235.18	0	50728	0	18645872640	18510344192	1468.5	50	8
236.19	0	50728	0	18656174080	18520748032	1474.4	50	8
237.19	0	50728	0	18666491904	18531053568	1458.9	50	8
238.20	0	50728	0	18676862976	18541912064	1506.9	50	8
239.20	0	50728	0	18687971328	18552799232	1516.3	50	8
240.21	0	50728	0	18698735616	18563731456	1507.5	50	8
241.21	0	50728	0	18710392832	18574995456	1440.3	50	8
242.21	0	50728	0	18722152448	18586017792	1473.2	50	8
243.22	0	50728	0	18731581440	18596769792	1472.7	50	8
244.22	0	50728	0	18743095296	18607808512	1479.5	50	8
245.23	0	50728	0	18754527232	18618642432	1451.4	50	8
246.23	0	50728	0	18764414976	18629025792	1543.2	50	8
247.24	0	50728	0	18775105536	18639503360	1460.1	50	8
248.24	0	50728	0	18784612352	18650120192	1412.1	50	8
249.25	0	50728	0	18795868160	18660675584	1458.5	50	8
250.26	0	50728	0	18800750592	18665275392	1269.9	50	8
251.26	0	50728	0	18811752448	18676047872	1455.7	50	8
252.27	0	50728	0	18822131712	18686906368	1432.3	50	8
253.27	0	50728	0	18833084416	18697691136	1436.7	50	8
254.27	0	50728	0	18844626944	18708516864	1455.3	50	8
255.28	0	50728	0	18855313408	18719993856	1497.5	50	8
256.28	0	50728	0	18866900992	18731040768	1433.9	50	8
257.29	0	50728	0	18878005248	18742198272	1447.1	50	8
258.29	0	50728	0	18888278016	18753478656	1488.2	50	8
259.30	0	50728	0	18899234816	18764414976	1460.7	50	8
260.30	0	50728	0	18908930048	18773835776	1490.0	50	8
261.31	0	50728	0	18920370176	18785042432	1491.4	50	8
262.31	0	50728	0	18930974720	18795945984	1440.1	50	8
263.32	0	50728	0	18943361024	18807537664	1420.9	50	8
264.32	0	50728	0	18953814016	18818842624	1468.2	50	8
265.33	0	53550	0	18968944640	18829959168	1558.4	50	8
266.33	0	58305	0	18985558016	18840772608	1604.1	50	8
267.34	0	63359	0	19000139776	18851028992	1626.5	50	8
268.34	0	68428	0	19015548928	18861490176	1562.8	50	8
269.35	0	69236	0	19027415040	18872430592	1514.7	50	8
270.36	0	69236	0	19037081600	18883244032	1505.6	50	8
271.36	0	69236	0	19048919040	18893881344	1412.6	50	8
272.37	0	69236	0	19058339840	18904387584	1478.4	50	8
273.37	0	69236	0	19069771776	18915020800	1420.4	50	8
274.38	0	69236	0	19081179136	18926063616	1427.3	50	8
275.38	0	69236	0	19091922944	18937188352	1464.2	50	8
276.38	0	69236	0	19102650368	18948050944	1432.4	50	8
277.39	0	69236	0	19113250816	18958630912	1437.7	50	8
278.39	0	69236	0	19123978240	18969194496	1447.8	50	8
279.40	0	69236	0	19135021056	18980098048	1362.7	50	8
280.40	0	69236	0	19145900032	18990882816	1488.9	50	8
281.41	0	69236	0	19156058112	19001475072	1500.4	50	8
282.41	0	69236	0	19166593024	19011694592	1433.9	50	8
283.42	0	69236	0	19177332736	19022348288	1444.6	50	8
284.42	0	69236	0	19187486720	19033006080	1410.4	50	8
285.43	0	69236	0	19198853120	19043946496	1424.1	50	8
286.43	0	69236	0	19209539584	19054657536	1436.6	50	8
287.44	0	69236	0	19220189184	19065229312	1442.9	50	8
288.44	0	69236	0	19230298112	19075465216	1469.4	50	8
289.45	0	69236	0	19241816064	19086389248	1497.5	50	8
290.45	0	69236	0	19252256768	19097190400	1454.0	50	8
291.46	0	69236	0	19262566400	19108003840	1417.0	50	8
292.47	0	69236	0	19274444800	19119005696	1504.6	50	8
293.47	0	69236	0	19284684800	19129532416	1470.6	50	8
294.47	0	69236	0	19294941184	19140530176	1472.6	50	8
295.48	0	69236	0	19306577920	19151577088	1429.8	50	8
296.49	0	69236	0	19318140928	19162755072	1493.0	50	8
297.49	0	69236	0	19328602112	19173588992	1418.4	50	8
298.49	0	69236	0	19339988992	19184779264	1430.7	50	8
299.50	0	69236	0	19351015424	19195813888	1459.0	50	8
300.50	0	69236	0	19361509376	19206803456	1438.0	50	8
301.51	0	69236	0	19372982272	19217829888	1425.0	50	8
302.51	0	69236	0	19384414208	19228532736	1459.0	50	8
303.52	0	69236	0	19394682880	19239387136	1467.7	50	8
304.52	0	69236	0	19405594624	19250380800	1454.5	50	8
305.53	0	69236	0	19417079808	19261218816	1490.8	50	8
306.53	0	69236	0	19427565568	19272138752	1454.3	50	8
307.54	0	69236	0	19439046656	19283202048	1441.1	50	8
308.54	0	69236	0	19449745408	19294248960	1430.1	50	8
309.55	0	69236	0	19460341760	19305218048	1484.5	50	8
310.55	0	69236	0	19471863808	19316023296	1468.8	50	8
311.56	0	69236	0	19483136000	19327037440	1583.3	50	8
312.56	0	69236	0	19494010880	19338047488	1477.1	50	8
313.56	0	69236	0	19504406528	19349028864	1447.5	50	8
314.57	0	69236	0	19515383808	19360268288	1476.0	50	8
315.57	0	69236	0	19527602176	19371233280	1433.1	50	8
316.58	0	69236	0	19537850368	19382124544	1545.7	50	8
317.58	0	69236	0	19547119616	19392544768	1481.7	50	8
318.60	0	69236	0	19556237312	19401129984	1619.8	50	8
319.60	0	69236	0	19564892160	19410010112	1469.7	50	8
320.61	0	69236	0	19573108736	19418800128	1485.5	50	8
321.61	0	69236	0	19584729088	19429191680	1517.2	50	8
322.62	0	69236	0	19595403264	19440005120	1504.3	50	8
323.62	0	69236	0	19606003712	19450384384	1488.7	50	8
324.62	0	69236	0	19616964608	19461185536	1441.3	50	8
325.63	0	69236	0	19627233280	19471851520	1416.9	50	8
326.63	0	69236	0	19638157312	19481710592	1502.5	50	8
327.64	0	69236	0	19649118208	19492405248	1538.9	50	8
328.64	0	69236	0	19659472896	19503222784	1438.8	50	8
329.65	0	69236	0	19670134784	19514339328	1423.1	50	8
330.65	0	69236	0	19681812480	19525709824	1403.3	50	8
331.66	0	69236	0	19692621824	19536760832	1420.9	50	8
332.66	0	69236	0	19703463936	19547746304	1411.2	50	8
333.67	0	69912	0	19716222976	19560615936	1512.9	50	8
334.67	0	73877	0	19730247680	19571036160	1570.7	50	8
335.68	0	78997	0	20365266944	20198780928	1591.9	50	8
336.68	0	84133	0	19759677440	19589107712	1572.7	50	8
337.69	0	87916	0	19773808640	19600187392	1534.0	50	8
338.69	0	87916	0	19785076736	19611856896	1468.9	50	8
339.70	0	87916	0	19797131264	19623219200	1484.2	50	8
340.70	0	87916	0	19807965184	19634503680	1499.5	50	8
341.71	0	87916	0	19819679744	19645538304	1426.2	50	8
342.71	0	87916	0	19831123968	19656916992	1429.0	50	8
343.72	0	87916	0	19842220032	19668586496	1465.5	50	8
344.72	0	87916	0	19853447168	19679956992	1439.1	50	8
345.73	0	87916	0	19865047040	19691249664	1455.5	50	8
346.73	0	87916	0	19876831232	19702423552	1438.5	50	8
347.74	0	87916	0	19886739456	19713220608	1420.9	50	8
348.74	0	87916	0	19898052608	19724271616	1506.3	50	8
349.75	0	87916	0	19909881856	19735461888	1478.2	50	8
350.75	0	87916	0	19920310272	19746426880	1466.2	50	8
351.76	0	87916	0	19931017216	19757146112	1422.3	50	8
352.76	0	87916	0	19941629952	19768012800	1413.7	50	8
353.77	0	87916	0	19952590848	19778818048	1533.8	50	8
354.77	0	87916	0	19963465728	19790028800	1451.7	50	8
355.78	0	87916	0	19975065600	19801313280	1451.6	50	8
356.78	0	87916	0	19986161664	19812216832	1439.3	50	8
357.79	0	87916	0	19996868608	19823222784	1493.8	50	8
358.79	0	87916	0	20008251392	19834236928	1443.4	50	8
359.80	0	87916	0	20019220480	19845382144	1481.7	50	8
360.80	0	87916	0	20029820928	19856248832	1438.5	50	8
361.81	0	87916	0	20042485760	19867750400	1439.0	50	8
362.81	0	87916	0	20053757952	19879645184	1458.7	50	8
363.82	0	87916	0	20065370112	19891109888	1432.8	50	8
364.82	0	87916	0	20076130304	19902083072	1452.5	50	8
365.83	0	87916	0	20087410688	19913338880	1408.5	50	8
366.83	0	87916	0	20099465216	19924602880	1476.9	50	8
367.84	0	87916	0	20109426688	19935551488	1498.0	50	8
368.84	0	87916	0	20120334336	19946733568	1444.9	50	8
369.85	0	87916	0	20132040704	19957719040	1434.5	50	8
370.85	0	87916	0	20143349760	19968716800	1467.5	50	8
371.86	0	87916	0	20152754176	19979444224	1489.3	50	8
372.86	0	87916	0	20163760128	19990306816	1520.9	50	8
373.87	0	87916	0	20174274560	20000845824	1492.5	50	8
374.88	0	87916	0	20185018368	20011597824	1450.3	50	8
375.88	0	87916	0	20195823616	20022460416	1424.3	50	8
376.88	0	87916	0	20206223360	20032929792	1438.0	50	8
377.89	0	87916	0	20217057280	20043374592	1532.5	50	8
378.89	0	87916	0	20227395584	20054089728	1445.2	50	8
379.90	0	87916	0	20238045184	20064641024	1466.9	50	8
380.90	0	87916	0	20249477120	20075356160	1435.5	50	8
381.91	0	87916	0	20260429824	20085915648	1501.7	50	8
382.91	0	87916	0	20271304704	20096622592	1443.4	50	8
383.92	0	87916	0	20281700352	20107067392	1491.4	50	8
384.93	0	87916	0	20292292608	20118142976	1445.3	50	8
385.93	0	87916	0	20304539648	20129579008	1465.9	50	8
386.94	0	87916	0	20314845184	20140367872	1442.9	50	8
387.94	0	87916	0	20325175296	20151341056	1431.9	50	8
388.95	0	87916	0	20336340992	20162060288	1478.5	50	8
389.95	0	87916	0	20346318848	20172513280	1461.4	50	8
390.96	0	87916	0	20357533696	20183453696	1392.5	50	8
391.96	0	87916	0	20368404480	20194050048	1426.4	50	8
392.97	0	87916	0	20378591232	20204556288	1427.7	50	8
393.98	0	87916	0	20390051840	20214910976	1514.2	50	8
394.98	0	87916	0	20399935488	20225507328	1423.6	50	8
395.98	0	87916	0	20410593280	20236226560	1425.6	50	8
396.99	0	87916	0	20422311936	20247400448	1401.3	50	8
397.99	0	87916	0	20432756736	20258230272	1472.2	50	8
399.00	0	87916	0	20442890240	20268691456	1462.6	50	8
400.00	0	87916	0	20987809792	20812046336	1320.1	50	8
401.01	0	87916	0	20453097472	20277895168	1079.2	50	8
402.01	0	88608	0	20464558080	20288606208	1455.0	50	8
403.02	0	92226	0	20479041536	20299194368	1550.7	50	8
404.02	0	97332	0	20495556608	20309454848	1560.0	50	8
405.03	0	102070	0	20509888512	20319752192	1610.0	50	8
406.03	0	102070	0	20520562688	20330377216	1482.0	50	8
407.04	0	102070	0	20530782208	20341039104	1448.6	50	8
408.04	0	102070	0	20540735488	20351557632	1433.4	50	8
409.05	0	102070	0	20552196096	20362559488	1437.6	50	8
410.05	0	102070	0	20562841600	20373413888	1488.6	50	8
411.05	0	102070	0	20573278208	20383956992	1428.3	50	8
412.06	0	102070	0	20583518208	20394315776	1441.6	50	8
413.06	0	102070	0	20595146752	20405329920	1441.6	50	8
414.07	0	102070	0	20605784064	20416126976	1463.9	50	8
415.07	0	102070	0	20616474624	20426629120	1418.6	50	8
416.08	0	102070	0	20626112512	20439138304	1448.4	50	8
417.08	0	102070	0	20638580736	20449964032	1435.4	50	8
418.09	0	102070	0	20648693760	20460965888	1422.6	50	8
419.09	0	102070	0	20658544640	20471123968	1410.5	50	8
420.10	0	102070	0	20666716160	20479389696	1407.4	50	8
421.10	0	102070	0	20672573440	20484825088	1430.3	50	8
422.11	0	102070	0	20677869568	20490301440	1448.1	50	8
423.12	0	102070	0	20685713408	20497592320	1502.2	50	8
424.12	0	102070	0	20693082112	20504862720	1459.1	50	8
425.13	0	102070	0	20701454336	20513284096	1362.4	50	8
426.13	0	102070	0	20710322176	20523208704	1448.8	50	8
427.14	0	102070	0	20720369664	20532834304	1474.9	50	8
428.14	0	102070	0	20730044416	20543270912	1427.8	50	8
429.15	0	102070	0	20740976640	20553838592	1469.0	50	8
430.16	0	102070	0	20751761408	20564279296	1453.8	50	8
431.16	0	102070	0	20762251264	20574928896	1378.2	50	8
432.17	0	102070	0	20773048320	20585308160	1485.6	50	8
433.17	0	102070	0	20783587328	20595511296	1436.2	50	8
434.18	0	102070	0	20793217024	20605460480	1437.1	50	8
435.18	0	102070	0	20803342336	20615946240	1424.2	50	8
436.19	0	102070	0	20814024704	20626223104	1438.1	50	8
437.19	0	102070	0	20825362432	20637155328	1442.5	50	8
438.20	0	102070	0	20835807232	20647948288	1483.7	50	8
439.20	0	102070	0	20847329280	20658978816	1440.9	50	8
440.21	0	102070	0	20858707968	20669685760	1421.2	50	8
441.21	0	102070	0	20869488640	20681031680	1448.9	50	8
442.22	0	102070	0	20879261696	20692025344	1427.3	50	8
443.23	0	102070	0	20891262976	20702973952	1458.8	50	8
444.23	0	102070	0	20902313984	20714229760	1402.7	50	8
445.24	0	102070	0	20913180672	20725133312	1467.1	50	8
446.24	0	102070	0	20924002304	20736200704	1438.2	50	8
447.25	0	102070	0	20934856704	20746371072	1510.2	50	8
448.25	0	102070	0	20944203776	20756234240	1470.3	50	8
449.26	0	102070	0	20954308608	20766277632	1443.0	50	8
450.26	0	102070	0	20964933632	20776747008	1436.3	50	8
451.27	0	102070	0	20975423488	20787646464	1397.3	50	8
452.27	0	102070	0	20987195392	20798787584	1406.7	50	8
453.28	0	102070	0	20998029312	20809879552	1441.7	50	8
454.29	0	102070	0	21008654336	20820963328	1482.9	50	8
455.29	0	102070	0	21021077504	20832063488	1475.0	50	8
456.30	0	102070	0	21030645760	20842995712	1399.7	50	8
457.30	0	102070	0	21041991680	20853997568	1413.1	50	8
458.30	0	102070	0	21053136896	20864753664	1412.6	50	8
459.31	0	102070	0	21064261632	20876066816	1489.3	50	8
460.31	0	102070	0	21075189760	20886732800	1462.0	50	8
461.32	0	102070	0	21085880320	20897619968	1492.4	50	8
462.32	0	102070	0	21097463808	20908498944	1445.9	50	8
463.33	0	102070	0	21106724864	20918792192	1475.2	50	8
464.33	0	102070	0	21116485632	20928192512	1387.2	50	8
465.34	0	102070	0	21126971392	20938436608	1443.4	50	8
466.34	0	102070	0	21137543168	20949057536	1486.6	50	8
467.35	0	102070	0	21148618752	20959862784	1499.1	50	8
468.35	0	102070	0	21158854656	20970606592	1449.8	50	8
469.36	0	102070	0	21169782784	20981698560	1465.2	50	8
470.36	0	102070	0	21181743104	20992724992	1464.4	50	8
471.37	0	102070	0	21193097216	21003923456	1528.9	50	8
472.37	0	102070	0	21205508096	21015883776	1432.0	50	8
473.38	0	102070	0	21218959360	21029548032	1511.8	50	8
474.38	0	102070	0	21233270784	21043367936	1456.6	50	8
475.39	0	102070	0	21246709760	21057462272	1453.3	50	8
476.39	0	102070	0	21260402688	21071212544	1437.3	50	8
477.40	0	102070	0	21274484736	21085196288	1464.1	50	8
478.41	0	102070	0	21287497728	21098954752	1463.3	50	8
479.41	0	102070	0	21301719040	21112823808	1449.2	50	8
480.42	0	102070	0	21315125248	21125918720	1399.8	50	8
481.42	0	102070	0	21328850944	21139263488	1425.1	50	8
482.43	0	102070	0	21342744576	21152935936	1490.0	50	8
483.43	0	102070	0	21355864064	21166505984	1394.7	50	8
484.44	0	102070	0	21369806848	21180096512	1454.4	50	8
485.44	0	102070	0	21384228864	21194330112	1485.5	50	8
486.45	0	102070	0	21397843968	21207928832	1416.9	50	8
487.46	0	102070	0	21412020224	21221584896	1442.7	50	8
488.46	0	102070	0	21423759360	21235408896	1475.1	50	8
489.47	0	102070	0	22471122944	22280368128	1405.7	50	8
490.47	0	102070	0	21444878336	21255262208	1379.3	50	8
491.48	0	102070	0	21458984960	21269258240	1454.0	50	8
492.48	0	102070	0	21471526912	21282607104	1457.4	50	8
493.48	0	102070	0	21486034944	21296615424	1454.9	50	8
494.49	0	102070	0	21500051456	21310799872	1476.3	50	8
495.49	0	102070	0	21513945088	21324480512	1424.7	50	8
496.50	0	102070	0	21527339008	21338329088	1450.2	50	8
497.50	0	102070	0	21542723584	21354799104	1506.0	50	8
498.51	0	102070	0	21555638272	21369008128	1510.3	50	8
499.52	0	102070	0	21570236416	21382549504	1457.8	50	8
500.52	0	102070	0	21584355328	21396770816	1435.5	50	8
501.53	0	102070	0	21596958720	21410066432	1477.1	50	8
502.53	0	102070	0	21611884544	21424365568	1453.4	50	8
503.54	0	102070	0	21626597376	21438226432	1445.1	50	8
504.54	0	102070	0	21640536064	21452374016	1511.5	50	8
505.55	0	102070	0	21654659072	21466300416	1463.2	50	8
506.55	0	102070	0	21668077568	21479452672	1457.0	50	8
507.56	0	102070	0	21680939008	21492908032	1511.2	50	8
508.56	0	102070	0	21694193664	21506609152	1414.5	50	8
509.57	0	102070	0	21709393920	21520924672	1535.6	50	8
510.57	0	102070	0	21724684288	21535748096	1498.3	50	8
511.58	0	102070	0	21737197568	21549346816	1416.1	50	8
512.58	0	102070	0	21751693312	21563478016	1525.9	50	8
513.59	0	102070	0	21766180864	21577420800	1492.4	50	8
514.59	0	102070	0	21779566592	21591355392	1457.9	50	8
515.60	0	102070	0	21793878016	21605396480	1504.7	50	8
516.60	0	102070	0	21807382528	21619675136	1489.8	50	8
517.61	0	102070	0	21821071360	21633417216	1454.5	50	8
518.61	0	102070	0	21834428416	21647032320	1454.9	50	8
519.62	0	102070	0	21848694784	21660573696	1416.8	50	8
520.62	0	102070	0	21863456768	21674426368	1492.6	50	8
521.63	0	102070	0	21876752384	21687648256	1460.4	50	8
522.63	0	102070	0	21890834432	21701857280	1462.2	50	8
523.64	0	102070	0	21904396288	21715898368	1478.2	50	8
524.64	0	102070	0	21918138368	21729808384	1481.6	50	8
525.65	0	102070	0	21932867584	21744009216	1520.3	50	8
526.65	0	102070	0	21946945536	21757652992	1533.8	50	8
527.66	0	102070	0	21959680000	21770805248	1457.3	50	8
528.67	0	102070	0	21972668416	21783814144	1447.3	50	8
529.67	0	102070	0	21986283520	21797457920	1454.5	50	8
530.68	0	102070	0	21999960064	21810671616	1456.7	50	8
531.68	0	102070	0	22012473344	21824184320	1489.7	50	8
532.69	0	102070	0	22026391552	21838123008	1461.8	50	8
533.69	0	102070	0	22039736320	21851734016	1435.2	50	8
534.70	0	102070	0	22053613568	21865287680	1412.5	50	8
535.70	0	102070	0	22067970048	21879013376	1446.5	50	8
536.71	0	102070	0	22080851968	21892005888	1436.4	50	8
537.71	0	102070	0	22094446592	21905661952	1476.6	50	8
538.72	0	102070	0	22105812992	21919457280	1469.7	50	8
539.72	0	102070	0	22118445056	21932908544	1492.2	50	8
540.73	0	102070	0	22292037632	22067953664	1471.5	50	8
541.73	0	102070	0	22145945600	21959397376	1479.0	50	8
542.74	0	102070	0	22159298560	21972353024	1460.5	50	8
543.74	0	102070	0	22172823552	21985673216	1459.1	50	8
544.75	0	102070	0	22186356736	21998985216	1474.7	50	8
545.75	0	102070	0	22199377920	22012243968	1423.5	50	8
546.76	0	102070	0	22212071424	22025691136	1475.7	50	8
547.76	0	102070	0	22225666048	22039220224	1473.0	50	8
548.77	0	102070	0	22239375360	22052261888	1441.9	50	8
549.77	0	102070	0	22252572672	22065598464	1362.2	50	8
550.78	0	102070	0	22267453440	22080208896	1528.3	50	8
551.78	0	102070	0	22281007104	22094213120	1453.9	50	8
552.79	0	102070	0	22294683648	22107877376	1446.5	50	8
553.80	0	102070	0	22308089856	22121504768	1467.2	50	8
554.80	0	102070	0	22321995776	22134906880	1457.7	50	8
555.80	0	102070	0	22335614976	22148227072	1458.9	50	8
556.81	0	102070	0	22349414400	22161821696	1428.4	50	8
557.82	0	102070	0	22362767360	22175535104	1495.1	50	8
558.82	0	102070	0	22376218624	22189383680	1516.0	50	8
559.83	0	102070	0	22390657024	22203392000	1451.5	50	8
560.83	0	102070	0	22403600384	22217097216	1385.6	50	8
561.83	0	102070	0	22418079744	22230568960	1449.1	50	8
562.84	0	102070	0	22430572544	22243758080	1455.4	50	8
563.84	0	102070	0	22444339200	22257086464	1421.5	50	8
564.85	0	102070	0	22458118144	22270541824	1402.2	50	8
565.85	0	102070	0	22471819264	22284349440	1455.2	50	8
566.86	0	102070	0	22485966848	22298279936	1465.8	50	8
567.87	0	102070	0	22498738176	22311669760	1459.7	50	8
568.87	0	102070	0	22513152000	22325686272	1460.0	50	8
569.88	0	102070	0	22526484480	22339461120	1405.5	50	8
570.88	0	102070	0	22540992512	22353592320	1440.5	50	8
571.89	0	102070	0	22555586560	22367649792	1484.2	50	8
572.89	0	102070	0	22569328640	22381481984	1455.6	50	8
573.90	0	102070	0	22583406592	22395457536	1433.9	50	8
574.90	0	102070	0	22596706304	22409437184	1429.6	50	8
575.91	0	102070	0	22611234816	22423375872	1488.4	50	8
576.91	0	102070	0	22624649216	22436954112	1475.1	50	8
577.92	0	102070	0	22638014464	22450405376	1387.2	50	8
578.92	0	102070	0	22651252736	22464323584	1462.6	50	8
579.93	0	102070	0	22666100736	22480568320	1478.9	50	8
580.93	0	102070	0	22680088576	22494953472	1452.6	50	8
581.94	0	102070	0	22695116800	22509043712	1452.5	50	8
582.94	0	102070	0	22709743616	22523011072	1410.0	50	8
583.95	0	102070	0	22722842624	22536921088	1448.4	50	8
584.95	0	102070	0	22737227776	22551240704	1463.6	50	8
585.96	0	102070	0	22750896128	22565543936	1441.2	50	8
586.96	0	102070	0	22765821952	22579867648	1385.0	50	8
587.97	0	102070	0	22780334080	22594441216	1489.6	50	8
588.97	0	102070	0	22794358784	22608666624	1489.9	50	8
589.98	0	102070	0	22808981504	22623150080	1468.1	50	8
590.98	0	102070	0	22822649856	22636994560	1439.5	50	8
591.99	0	102070	0	22837325824	22651158528	1506.4	50	8
592.99	0	102070	0	22851145728	22664781824	1471.6	50	8
594.00	0	102070	0	22864023552	22677983232	1461.9	50	8
595.01	0	102070	0	22877655040	22691516416	1479.6	50	8
596.01	0	102070	0	22891339776	22705135616	1457.1	50	8
597.02	0	102070	0	22905458688	22718869504	1480.5	50	8
598.02	0	102070	0	22919106560	22732689408	1452.2	50	8
599.03	0	102070	0	22931927040	22745784320	1459.2	50	8
600.03	0	102070	0	22945951744	22760042496	1488.6	50	8
601.04	0	102070	0	22959476736	22773374976	1424.9	50	8
602.04	0	102070	0	22973906944	22786916352	1467.8	50	8
603.05	0	102070	0	22987988992	22801600512	1553.4	50	8
604.05	0	102070	0	23001432064	22815002624	1451.4	50	8
605.06	0	102070	0	23015837696	22828888064	1442.8	50	8
606.06	0	102070	0	23029096448	22842953728	1433.8	50	8
607.07	0	102070	0	23044427776	22857056256	1522.3	50	8
608.07	0	102070	0	23057297408	22870773760	1467.2	50	8
609.08	0	102070	0	23070269440	22884724736	1479.0	50	8
610.08	0	102070	0	23084482560	22898466816	1449.5	50	8
611.09	0	102070	0	23099518976	22912978944	1527.7	50	8
612.09	0	102070	0	23113187328	22926389248	1446.7	50	8
613.10	0	102070	0	23126319104	22939922432	1453.6	50	8
614.10	0	102070	0	23139700736	22953222144	1493.3	50	8
615.11	0	102070	0	23154036736	22966898688	1493.5	50	8
616.11	0	102070	0	23167180800	22980071424	1448.5	50	8
617.12	0	102070	0	23180472320	22993416192	1489.7	50	8
618.12	0	102070	0	23191285760	23004790784	1406.1	50	8
619.13	0	102070	0	23201665024	23015518208	1478.7	50	8
620.14	0	102070	0	23212326912	23026663424	1431.4	50	8
621.14	0	102070	0	23226064896	23039037440	1534.7	50	8
622.15	0	102070	0	23238684672	23052259328	1487.7	50	8
623.15	0	102070	0	23252492288	23065600000	1510.2	50	8
624.16	0	102070	0	23266590720	23079387136	1528.4	50	8
625.16	0	102070	0	23279136768	23093137408	1499.9	50	8
626.17	0	102070	0	23293206528	23106387968	1482.6	50	8
627.17	0	102070	0	23307620352	23120465920	1453.8	50	8
628.18	0	102070	0	23321255936	23134498816	1481.0	50	8
629.18	0	102070	0	23335464960	23148281856	1477.9	50	8
630.19	0	102070	0	23349444608	23161667584	1458.4	50	8
631.19	0	102070	0	23362535424	23174934528	1463.7	50	8
632.20	0	102070	0	23376138240	23189221376	1533.4	50	8
633.20	0	102070	0	23391006720	23203090432	1470.1	50	8
634.21	0	102070	0	23404273664	23216988160	1453.4	50	8
635.21	0	102070	0	23417802752	23230468096	1410.2	50	8
636.22	0	102070	0	23431274496	23243857920	1472.1	50	8
637.22	0	102070	0	23444127744	23257186304	1478.7	50	8
638.23	0	102070	0	23457873920	23270486016	1442.8	50	8
639.24	0	102070	0	23472459776	23284494336	1477.3	50	8
640.24	0	102070	0	23485972480	23297847296	1443.4	50	8
641.24	0	102070	0	23498174464	23311138816	1414.5	50	8
642.25	0	102070	0	23511879680	23324319744	1477.8	50	8
643.25	0	102070	0	23526653952	23338569728	1456.5	50	8
644.26	0	102070	0	23540584448	23352397824	1480.8	50	8
645.27	0	102070	0	23553306624	23366225920	1495.1	50	8
646.27	0	102070	0	23568138240	23379775488	1384.0	50	8
647.27	0	102070	0	23581220864	23393710080	1415.4	50	8
648.28	0	102070	0	23595327488	23407751168	1520.6	50	8
649.29	0	102070	0	23610003456	23421771776	1480.1	50	8
650.29	0	102070	0	23624269824	23435436032	1445.2	50	8
651.29	0	102070	0	23637180416	23451017216	1436.5	50	8
652.30	0	102070	0	23651164160	23464718336	1454.6	50	8
653.31	0	102070	0	23664979968	23478546432	1467.7	50	8
654.31	0	102070	0	23677857792	23492001792	1433.8	50	8
655.32	0	102070	0	23691251712	23505391616	1516.4	50	8
656.32	0	102070	0	23705686016	23519195136	1495.0	50	8
657.32	0	102070	0	23719510016	23533416448	1466.8	50	8
658.33	0	102070	0	23733047296	23546998784	1404.3	50	8
659.34	0	102070	0	23747174400	23560998912	1548.0	50	8
660.34	0	102070	0	23761096704	23574573056	1450.1	50	8
661.35	0	102070	0	23774736384	23588507648	1491.6	50	8
662.35	0	102070	0	23789424640	23602081792	1469.9	50	8
663.36	0	102070	0	23801397248	23616114688	1435.1	50	8
664.36	0	102070	0	23816605696	23630225408	1400.9	50	8
665.37	0	102070	0	23830335488	23644459008	1444.3	50	8
666.37	0	102070	0	23843926016	23658323968	1465.4	50	8
667.38	0	102070	0	23858139136	23672143872	1432.4	50	8
668.38	0	102070	0	23871819776	23686008832	1479.2	50	8
669.39	0	102070	0	23886135296	23699824640	1505.8	50	8
670.39	0	102070	0	23898939392	23713456128	1411.2	50	8
671.40	0	102070	0	23912947712	23727398912	1425.4	50	8
672.40	0	102070	0	23926349824	23744811008	1508.0	50	8
673.41	0	102070	0	24276242432	24094019584	1476.2	50	8
674.41	0	102070	0	23951839232	23770955776	1470.6	50	8
675.42	0	102070	0	23965364224	23784198144	1447.3	50	8
676.42	0	102070	0	23978663936	23797706752	1490.3	50	8
677.43	0	102070	0	23991779328	23810936832	1476.8	50	8
678.43	0	102070	0	24005287936	23824871424	1437.5	50	8
679.44	0	102070	0	24020492288	23838822400	1460.4	50	8
680.44	0	102070	0	24033206272	23852445696	1434.4	50	8
681.45	0	102070	0	24047435776	23866564608	1488.4	50	8
682.46	0	102070	0	24060690432	23880142848	1491.1	50	8
683.46	0	102070	0	24075395072	23893901312	1435.2	50	8
684.47	0	102070	0	24089305088	23907889152	1433.1	50	8
685.47	0	102070	0	24103563264	23922012160	1505.9	50	8
686.48	0	102070	0	24118095872	23936040960	1496.7	50	8
687.48	0	102070	0	24130854912	23949586432	1420.8	50	8
688.49	0	102070	0	24143884288	23962800128	1468.6	50	8
689.49	0	102070	0	24158277632	23976681472	1500.8	50	8
690.50	0	102070	0	24171380736	23990628352	1462.7	50	8
691.50	0	102070	0	24185450496	24004308992	1467.6	50	8
692.51	0	102070	0	24198533120	24017924096	1454.7	50	8
693.51	0	102070	0	24213544960	24031543296	1470.4	50	8
694.52	0	102070	0	24227135488	24045428736	1544.6	50	8
695.52	0	102070	0	24240746496	24059113472	1454.9	50	8
696.53	0	102070	0	24254160896	24072347648	1452.9	50	8
697.53	0	102070	0	24267538432	24085749760	1472.0	50	8
698.54	0	102070	0	24280657920	24098803712	1479.1	50	8
699.54	0	102070	0	24293068800	24111874048	1381.0	50	8
700.55	0	102070	0	24307048448	24125202432	1443.1	50	8
701.55	0	102070	0	24321613824	24139145216	1433.9	50	8
702.56	0	102070	0	24335118336	24153038848	1473.7	50	8
703.57	0	102070	0	24347897856	24166158336	1404.6	50	8
704.57	0	102070	0	24362000384	24179634176	1457.5	50	8
705.58	0	102070	0	24375042048	24193413120	1486.7	50	8
706.58	0	102070	0	24389058560	24206848000	1384.6	50	8
707.59	0	102316	0	24403722240	24220745728	1470.7	50	8
708.59	0	106379	0	24416059392	24229294080	1644.0	50	8
709.60	0	106379	0	24423804928	24237588480	1440.2	50	8
710.60	0	106379	0	24432963584	24245661696	1414.0	50	8
711.61	0	106379	0	24440651776	24254455808	1522.0	50	8
712.61	0	106379	0	24449060864	24263065600	1456.8	50	8
713.62	0	106379	0	24458125312	24271282176	1452.0	50	8
714.62	0	106379	0	24466219008	24279601152	1470.0	50	8
715.63	0	106379	0	24474087424	24287637504	1424.3	50	8
716.63	0	106379	0	24482619392	24295763968	1436.2	50	8
717.64	0	106379	0	24490352640	24303923200	1422.7	50	8
718.64	0	106379	0	24498167808	24312164352	1435.2	50	8
719.65	0	106379	0	24506339328	24320360448	1435.2	50	8
720.65	0	106379	0	24514768896	24328577024	1446.3	50	8
721.65	0	106379	0	24523423744	24337027072	1437.6	50	8
722.66	0	106379	0	24531234816	24345079808	1468.5	50	8
723.67	0	106379	0	24539525120	24353726464	1502.7	50	8
724.67	0	106379	0	24549511168	24362188800	1475.1	50	8
725.68	0	106379	0	24557338624	24370634752	1429.3	50	8
726.68	0	106379	0	24564768768	24378839040	1437.4	50	8
727.69	0	106379	0	24573689856	24386924544	1438.9	50	8
728.69	0	106379	0	24581570560	24395186176	1422.4	50	8
729.69	0	106379	0	24589733888	24403521536	1429.1	50	8
730.70	0	106379	0	24598437888	24411987968	1449.6	50	8
731.70	0	106379	0	24606973952	24420040704	1422.2	50	8
732.71	0	106379	0	24614694912	24428277760	1423.3	50	8
733.71	0	106379	0	24623079424	24436862976	1526.7	50	8
734.72	0	106379	0	24632049664	24445419520	1447.5	50	8
735.73	0	106379	0	24639348736	24453640192	1425.0	50	8
736.73	0	106379	0	19097964544	18885091328	1093.5	34	8
737.73	0	106379	0	18254737408	18080993280	612.6	34	8
738.74	0	106379	0	18256269312	18083971072	635.1	34	8
739.74	0	106379	0	18260635648	18087608320	697.6	34	8
740.75	0	106379	0	18263437312	18090688512	659.6	34	8
741.75	0	106379	0	18265812992	18093584384	601.6	34	8
742.76	0	106379	0	18269822976	18096529408	611.7	34	8
743.76	0	106379	0	18272198656	18101800960	633.8	34	8
744.76	0	106379	0	18275311616	18104913920	657.0	34	8
745.77	0	106379	0	18279161856	18108100608	708.3	34	8
746.77	0	106379	0	18282209280	18111168512	628.3	34	8
747.78	0	106379	0	18284900352	18114129920	620.4	34	8
748.78	0	106379	0	18288046080	18117365760	618.4	34	8
749.79	0	106379	0	18291396608	18120998912	682.2	34	8
750.79	0	106379	0	18294800384	18124337152	610.4	34	8
751.79	0	106379	0	18298568704	18127511552	657.9	34	8
752.80	0	106379	0	18301149184	18130976768	675.4	34	8
753.80	0	106379	0	18304712704	18134118400	597.8	34	8
754.81	0	106379	0	18308100096	18137227264	636.8	34	8
755.81	0	106379	0	18312077312	18140631040	680.3	34	8
756.81	0	106379	0	18314616832	18143817728	688.2	34	8
757.82	0	106379	0	18317967360	18146893824	640.7	34	8
758.82	0	106379	0	18320691200	18150039552	641.1	34	8
759.83	0	106379	0	18323472384	18152910848	657.2	34	8
760.83	0	106379	0	18326884352	18156314624	644.4	34	8
761.83	0	106379	0	18329886720	18159415296	629.6	34	8
762.84	0	106379	0	18333286400	18162327552	621.4	34	8
763.84	0	106379	0	18336620544	18165428224	623.0	34	8
764.85	0	106379	0	18338836480	18168737792	692.6	34	8
765.85	0	106379	0	18343014400	18172141568	646.5	34	8
766.85	0	106379	0	18333458432	18161197056	618.4	34	8
767.86	0	106379	0	18335690752	18164289536	654.3	34	8
768.86	0	106379	0	18339459072	18167721984	677.4	34	8
769.87	0	106379	0	18343264256	18171019264	675.3	34	8
770.87	0	106379	0	18345775104	18174271488	653.6	34	8
771.87	0	106379	0	18349359104	18177761280	692.9	34	8
772.88	0	106379	0	18352525312	18180976640	660.4	34	8
773.88	0	106379	0	18355998720	18184015872	641.0	34	8
774.89	0	106379	0	18359230464	18187669504	676.6	34	8
775.89	0	106379	0	18362597376	18190721024	620.6	34	8
776.90	0	106379	0	18366177280	18193948672	660.3	34	8
777.90	0	106379	0	18368335872	18196721664	633.6	34	8
778.90	0	106379	0	18371125248	18199519232	646.7	34	8
779.91	0	106379	0	18373959680	18202468352	622.9	34	8
780.91	0	106379	0	18377154560	18205290496	626.0	34	8
781.92	0	106379	0	18380513280	18208399360	616.9	34	8
782.92	0	106379	0	18382974976	18211246080	643.0	34	8
783.92	0	106379	0	18386227200	18214285312	665.2	34	8
784.93	0	106379	0	18388918272	18216964096	631.2	34	8
785.93	0	106379	0	18390900736	18219732992	603.8	34	8
786.94	0	106379	0	18394030080	18222424064	630.1	34	8
787.94	0	106379	0	18397306880	18225336320	604.7	34	8
788.95	0	106379	0	18399752192	18228244480	642.9	34	8
789.95	0	106379	0	18402533376	18231046144	609.8	34	8
790.95	0	106379	0	18405871616	18233946112	640.8	34	8
791.96	0	106379	0	18409201664	18237063168	668.7	34	8
792.96	0	106379	0	18412822528	18240602112	665.5	34	8
793.97	0	106379	0	18415308800	18243686400	603.2	34	8
794.97	0	106379	0	18418970624	18246930432	657.6	34	8
795.98	0	106379	0	18421977088	18250182656	622.4	34	8
796.98	0	106379	0	18425249792	18253094912	628.6	34	8
797.98	0	106379	0	18428534784	18256666624	732.8	34	8
798.99	0	106379	0	18431516672	18259644416	661.9	34	8
799.99	0	106379	0	18434904064	18262814720	643.7	34	8
801.00	0	106379	0	18438344704	18266234880	637.5	34	8
802.00	0	106379	0	18440294400	18269061120	597.9	34	8
803.00	0	106379	0	18444275712	18272063488	599.1	34	8
804.01	0	106379	0	18447323136	18275373056	663.4	34	8
805.01	0	106379	0	18450055168	18280476672	607.0	34	8
806.02	0	106379	0	18453856256	18283651072	650.4	34	8
807.02	0	106379	0	18456817664	18286895104	648.3	34	8
808.03	0	106379	0	18460200960	18289872896	684.0	34	8
809.03	0	106379	0	18463256576	18292998144	637.7	34	8
810.03	0	106379	0	18466078720	18296020992	636.4	34	8
811.04	0	106379	0	18468507648	18298781696	613.8	34	8
812.04	0	106379	0	18472497152	18301640704	628.2	34	8
813.05	0	106379	0	18475020288	18305011712	683.8	34	8
814.05	0	106379	0	18478395392	18308173824	642.0	34	8
815.05	0	106379	0	18481774592	18311004160	607.9	34	8
816.06	0	106379	0	18484637696	18314231808	709.3	34	8
817.06	0	106379	0	18487844864	18317320192	651.3	34	8
818.07	0	106379	0	18490642432	18320564224	637.1	34	8
819.07	0	106379	0	18493399040	18323468288	582.8	34	8
820.08	0	106379	0	18496872448	18326667264	672.6	34	8
821.08	0	106379	0	18499723264	18329817088	681.6	34	8
822.08	0	106379	0	18502823936	18332438528	579.3	34	8
823.09	0	106379	0	18506002432	18335686656	676.2	34	8
824.09	0	106379	0	18508398592	18338476032	659.3	34	8
825.10	0	106379	0	18511990784	18341740544	665.6	34	8
826.10	0	106379	0	18515079168	18344689664	597.1	34	8
827.10	0	106379	0	18517684224	18347646976	612.9	34	8
828.11	0	106379	0	18521194496	18350800896	632.7	34	8
829.11	0	106379	0	18524655616	18354192384	681.6	34	8
830.12	0	106379	0	18528153600	18357448704	650.0	34	8
831.12	0	106379	0	18530643968	18360778752	648.6	34	8
832.12	0	106379	0	18534322176	18364256256	710.5	34	8
833.13	0	106379	0	18537119744	18367320064	647.3	34	8
834.13	0	106379	0	18540253184	18370207744	643.6	34	8
835.14	0	106379	0	18543558656	18373484544	694.7	34	8
836.14	0	106379	0	18546565120	18376908800	707.5	34	8
837.15	0	106379	0	18549972992	18379550720	647.7	34	8
838.15	0	106379	0	18552217600	18382352384	622.8	34	8
839.15	0	106379	0	18555113472	18385580032	679.0	34	8
840.16	0	106379	0	18558779392	18388561920	629.6	34	8
841.16	0	106379	0	18561630208	18391416832	631.1	34	8
842.17	0	106379	0	18565820416	18394529792	690.5	34	8
843.17	0	106379	0	18568466432	18397720576	666.7	34	8
844.17	0	106379	0	18571169792	18400890880	675.5	34	8
845.18	0	106379	0	18573926400	18403823616	608.6	34	8
846.18	0	106379	0	18577162240	18406707200	627.0	34	8
847.19	0	106379	0	18580066304	18410221568	714.7	34	8
848.19	0	106379	0	18583261184	18413350912	678.4	34	8
849.20	0	106379	0	18585604096	18416001024	635.0	34	8
850.20	0	106379	0	18589241344	18419134464	663.6	34	8
851.20	0	106379	0	18592169984	18422181888	628.6	34	8
852.21	0	106379	0	18596040704	18425520128	703.9	34	8
853.21	0	106379	0	18599116800	18428563456	640.4	34	8
854.22	0	106379	0	18602655744	18431606784	646.9	34	8
855.22	0	106379	0	18605314048	18434654208	612.8	34	8
856.22	0	106379	0	18608099328	18437619712	625.1	34	8
857.23	0	106379	0	18611683328	18440548352	615.6	34	8
858.23	0	106379	0	18614689792	18444087296	712.5	34	8
859.24	0	106379	0	18617929728	18447335424	671.9	34	8
860.24	0	106379	0	18621054976	18450345984	624.2	34	8
861.24	0	106379	0	18624778240	18453872640	678.2	34	8
862.25	0	106379	0	18628280320	18457313280	695.8	34	8
863.25	0	106379	0	18630811648	18460381184	638.6	34	8
864.26	0	106379	0	18634285056	18463551488	631.4	34	8
865.26	0	106379	0	18638131200	18467012608	673.2	34	8
866.27	0	106379	0	18640470016	18469904384	590.1	34	8
867.27	0	106379	0	18644664320	18473512960	645.4	34	8
868.27	0	106379	0	18647416832	18476486656	598.1	34	8
869.28	0	106379	0	18651275264	18479890432	631.5	34	8
870.28	0	106379	0	18653278208	18482778112	620.4	34	8
871.29	0	106379	0	18657083392	18486636544	722.1	34	8
872.29	0	106379	0	18661216256	18490216448	668.2	34	8
873.29	0	106379	0	18664386560	18493984768	693.4	34	8
874.30	0	106379	0	18668199936	18497474560	646.9	34	8
875.30	0	106379	0	18671702016	18500718592	664.5	34	8
876.31	0	106379	0	18674630656	18504101888	658.9	34	8
877.31	0	106379	0	18677301248	18507288576	696.3	34	8
878.32	0	106379	0	18680541184	18510659584	700.0	34	8
879.32	0	106379	0	18683719680	18513809408	632.6	34	8
880.33	0	106379	0	18688516096	18517360640	654.6	34	8
881.33	0	106379	0	18690854912	18520813568	625.7	34	8
882.33	0	106379	0	18694971392	18524344320	698.4	34	8
883.34	0	106379	0	18698088448	18527686656	644.9	34	8
884.34	0	106379	0	18700906496	18530684928	632.7	34	8
885.35	0	106379	0	18703925248	18533855232	619.3	34	8
886.35	0	106379	0	18706997248	18536615936	591.0	34	8
887.35	0	106379	0	18710265856	18539958272	644.3	34	8
888.36	0	106379	0	18713894912	18543276032	673.6	34	8
889.36	0	106379	0	18716585984	18546446336	614.5	34	8
890.37	0	106379	0	18720411648	18550157312	697.3	34	8
891.37	0	106379	0	18724986880	18554114048	699.0	34	8
892.38	0	106379	0	18728620032	18558042112	709.2	34	8
893.38	0	106379	0	18731786240	18561470464	643.3	34	8
894.39	0	106379	0	18735280128	18564714496	616.1	34	8
895.39	0	106379	0	18739073024	18568318976	685.5	34	8
896.39	0	106379	0	18742378496	18571608064	635.0	34	8
897.40	0	106379	0	18745294848	18574778368	610.8	34	8
898.40	0	106379	0	18749308928	18578575360	682.5	34	8
899.41	0	106379	0	18752548864	18582134784	669.1	34	8
900.41	0	106379	0	18755506176	18585632768	680.9	34	8
901.42	0	106379	0	18759151616	18588901376	628.1	34	8
902.42	0	106379	0	18763223040	18592296960	644.2	34	8
903.43	0	106379	0	18766454784	18595762176	622.3	34	8
904.43	0	106379	0	18769383424	18598756352	622.3	34	8
905.43	0	106379	0	18773106688	18602692608	693.0	34	8
906.44	0	106379	0	18777403392	18606407680	717.7	34	8
907.44	0	106379	0	18780078080	18609717248	687.3	34	8
908.45	0	106379	0	18783182848	18612563968	645.8	34	8
909.45	0	106379	0	18785832960	18615353344	612.7	34	8
910.46	0	106379	0	18789105664	18618327040	655.6	34	8
911.46	0	106379	0	18791944192	18621169664	619.5	34	8
912.46	0	106379	0	18795294720	18624307200	673.5	34	8
913.47	0	106379	0	18798108672	18627670016	691.9	34	8
914.47	0	106379	0	18801606656	18630795264	612.9	34	8
915.48	0	106379	0	18804682752	18633891840	660.2	34	8
916.48	0	106379	0	18807980032	18637180928	694.9	34	8
917.49	0	106379	0	18811097088	18642128896	633.5	34	8
918.49	0	106379	0	18813059072	18644897792	622.3	34	8
919.50	0	106379	0	18815590400	18647609344	632.4	34	8
920.50	0	106379	0	18818961408	18651140096	718.0	34	8
921.50	0	106379	0	18821996544	18654105600	635.5	34	8
922.51	0	106379	0	18825928704	18657447936	681.2	34	8
923.51	0	106379	0	18828988416	18660429824	667.6	34	8
924.52	0	106379	0	18831613952	18663432192	622.1	34	8
925.52	0	106379	0	18835099648	18666393600	609.4	34	8
926.53	0	106379	0	18837491712	18669453312	659.2	34	8
927.53	0	106379	0	18841411584	18672340992	649.2	34	8
928.53	0	106379	0	18843987968	18675138560	610.7	34	8
929.54	0	106379	0	18847289344	18678169600	632.5	34	8
930.54	0	106379	0	18850484224	18681491456	665.5	34	8
931.55	0	107020	0	18854563840	18684329984	714.0	34	8
932.55	0	107036	0	18854899712	18685353984	746.4	34	8
933.56	0	107036	0	18856476672	18687295488	698.7	34	8
934.56	0	107036	0	18858303488	18688704512	623.6	34	8
935.56	0	107036	0	18860113920	18690473984	705.3	34	8
936.57	0	107036	0	18861993984	18692235264	649.8	34	8
937.57	0	107036	0	18863202304	18693656576	614.2	34	8
938.58	0	107036	0	18864091136	18695299072	690.7	34	8
939.58	0	107036	0	18866548736	18697179136	672.4	34	8
940.59	0	107036	0	18867982336	18698596352	656.3	34	8
941.59	0	107036	0	18869071872	18699943936	649.6	34	8
942.59	0	107036	0	18870919168	18701422592	629.1	34	8
943.60	0	107036	0	18872074240	18702839808	642.7	34	8
944.60	0	107036	0	18874167296	18704543744	674.8	34	8
945.61	0	107036	0	18875359232	18706333696	668.4	34	8
946.61	0	107036	0	18877292544	18707783680	622.7	34	8
947.61	0	107036	0	18879049728	18709258240	600.0	34	8
948.62	0	107036	0	18881294336	18711195648	708.2	34	8
949.62	0	107036	0	18881699840	18712743936	603.3	34	8
950.63	0	107036	0	18883756032	18714238976	641.1	34	8
951.63	0	107036	0	18885529600	18716119040	662.1	34	8
952.64	0	107036	0	18887000064	18717728768	603.4	34	8
953.64	0	107036	0	18888687616	18719379456	652.8	34	8
954.64	0	107036	0	18890842112	18721292288	679.9	34	8
955.65	0	107036	0	18892210176	18722697216	596.6	34	8
956.65	0	107036	0	18893508608	18724208640	634.1	34	8
957.66	0	107036	0	18895335424	18725818368	643.2	34	8
958.66	0	107036	0	18896883712	18727596032	645.3	34	8
959.67	0	107036	0	18898022400	18729086976	625.7	34	8
960.67	0	107036	0	18899628032	18730512384	583.2	34	8
961.67	0	107036	0	18901692416	18732412928	714.0	34	8
962.68	0	107036	0	18903515136	18734149632	660.9	34	8
963.68	0	107036	0	18904694784	18735497216	601.0	34	8
964.69	0	107036	0	18906910720	18737508352	685.1	34	8
965.69	0	107036	0	18908131328	18739044352	650.0	34	8
966.70	0	107036	0	18910191616	18740523008	656.3	34	8
967.70	0	107036	0	18911608832	18742030336	656.1	34	8
968.70	0	107036	0	18913030144	18743480320	627.2	34	8
969.71	0	107036	0	18913882112	18745163776	662.8	34	8
970.71	0	107036	0	18915483648	18746818560	644.5	34	8
971.72	0	107036	0	18917720064	18748440576	657.5	34	8
972.72	0	107036	0	18919542784	18750087168	685.0	34	8
973.73	0	107036	0	18921431040	18751844352	644.8	34	8
974.73	0	107036	0	18922610688	18753257472	645.0	34	8
975.73	0	107036	0	18924343296	18754813952	610.4	34	8
976.74	0	107036	0	18926338048	18756501504	701.9	34	8
977.74	0	107036	0	18927960064	18758193152	632.0	34	8
978.75	0	107036	0	18929139712	18759839744	645.4	34	8
979.75	0	107036	0	18931281920	18761596928	674.8	34	8
980.76	0	107036	0	18932482048	18763018240	626.6	34	8
981.76	0	107036	0	18934116352	18764546048	645.1	34	8
982.76	0	107036	0	18935533568	18765959168	628.2	34	8
983.77	0	107036	0	18936532992	18767376384	648.6	34	8
984.77	0	107036	0	18938421248	18769022976	635.3	34	8
985.78	0	107036	0	18939617280	18770522112	615.3	34	8
986.78	0	107036	0	18941988864	18772086784	641.7	34	8
987.78	0	107036	0	18943115264	18773725184	616.8	34	8
988.79	0	107036	0	18944397312	18775146496	600.4	34	8
989.79	0	107036	0	18945748992	18776727552	652.7	34	8
990.80	0	107036	0	18947911680	18778267648	652.6	34	8
991.80	0	107036	0	18949836800	18780082176	682.7	34	8
992.81	0	107036	0	18951069696	18781491200	655.8	34	8
993.81	0	107036	0	18952491008	18782896128	644.2	34	8
994.81	0	107036	0	18953732096	18784391168	618.8	34	8
995.82	0	107036	0	18955988992	18786750464	635.6	34	8
996.82	0	107036	0	18958573568	18789482496	598.9	34	8
997.83	0	107036	0	18961928192	18792370176	658.8	34	8
998.83	0	107036	0	18964660224	18795675648	675.6	34	8
999.83	0	107036	0	18967531520	18798321664	613.0	34	8
1000.84	0	107036	0	18970439680	18801188864	682.2	34	8
1001.84	0	107036	0	18973646848	18804137984	633.7	34	8
1002.85	0	107036	0	18976690176	18807156736	652.2	34	8
1003.85	0	107036	0	18980233216	18810568704	639.5	34	8
1004.86	0	107036	0	18983374848	18813534208	627.2	34	8
1005.86	0	107036	0	18986430464	18816544768	623.1	34	8
1006.86	0	107036	0	18989895680	18819772416	634.3	34	8
1007.87	0	107036	0	18993094656	18822979584	663.8	34	8
1008.87	0	107036	0	18995470336	18826276864	657.3	34	8
1009.88	0	107036	0	18998865920	18829283328	650.7	34	8
1010.88	0	107036	0	19001454592	18832314368	639.0	34	8
1011.88	0	107036	0	19004936192	18835349504	601.6	34	8
1012.89	0	107036	0	19008040960	18838679552	692.6	34	8
1013.89	0	107036	0	19010527232	18841858048	626.1	34	8
1014.90	0	107036	0	19014565888	18845167616	662.2	34	8
1015.90	0	107036	0	19017490432	18848362496	679.1	34	8
1016.90	0	107036	0	19021012992	18851704832	638.0	34	8
1017.91	0	107036	0	19023978496	18854653952	642.0	34	8
1018.91	0	107036	0	19028037632	18858102784	639.8	34	8
1019.92	0	107036	0	19031052288	18861531136	679.7	34	8
1020.92	0	107036	0	19034251264	18864599040	628.2	34	8
1021.93	0	107036	0	19037343744	18867630080	639.1	34	8
1022.93	0	107036	0	19040219136	18870308864	607.8	34	8
1023.93	0	107036	0	19043422208	18873556992	656.8	34	8
1024.94	0	107036	0	19046354944	18876813312	669.0	34	8
1025.94	0	107036	0	19049598976	18879692800	575.9	34	8
1026.95	0	107036	0	19052982272	18882867200	686.1	34	8
1027.95	0	107036	0	19055403008	18885758976	642.4	34	8
1028.96	0	107036	0	19058712576	18888916992	681.2	34	8
1029.96	0	107036	0	19061129216	18891816960	630.7	34	8
1030.96	0	107036	0	19064537088	18894450688	629.4	34	8
1031.97	0	107036	0	19067400192	18898018304	694.2	34	8
1032.97	0	107036	0	19071352832	18901286912	663.3	34	8
1033.98	0	107036	0	19074265088	18904211456	658.6	34	8
1034.98	0	107036	0	19077185536	18907525120	726.3	34	8
1035.99	0	107036	0	19080065024	18910294016	629.9	34	8
1036.99	0	107036	0	19083468800	18913107968	619.3	34	8
1037.99	0	107036	0	19086589952	18916556800	710.9	34	8
1039.00	0	107036	0	19088990208	18919403520	622.2	34	8
1040.00	0	107036	0	19092045824	18922397696	654.0	34	8
1041.01	0	107036	0	19095097344	18925375488	660.6	34	8
1042.01	0	107036	0	19097980928	18928398336	631.9	34	8
1043.01	0	107036	0	19100667904	18931478528	636.3	34	8
1044.02	0	107036	0	19104530432	18934820864	672.3	34	8
1045.02	0	107036	0	19107135488	18937872384	620.3	34	8
1046.03	0	107036	0	19110998016	18941091840	651.9	34	8
1047.03	0	107036	0	19113914368	18944319488	660.2	34	8
1048.04	0	107036	0	19117727744	18947637248	650.8	34	8
1049.04	0	107036	0	19119923200	18950598656	641.6	34	8
1050.04	0	107036	0	19124035584	18953805824	648.8	34	8
1051.05	0	107036	0	19126689792	18957312000	702.3	34	8
1052.05	0	107036	0	19130290176	18960580608	633.0	34	8
1053.06	0	107036	0	19132985344	18963689472	654.7	34	8
1054.06	0	107036	0	19136573440	18966511616	625.1	34	8
1055.07	0	107036	0	19139543040	18969665536	653.4	34	8
1056.07	0	107036	0	19142197248	18973052928	658.4	34	8
1057.07	0	107036	0	19145420800	18976100352	634.4	34	8
1058.08	0	107036	0	19148935168	18979553280	685.2	34	8
1059.08	0	107036	0	19152633856	18983018496	660.9	34	8
1060.09	0	107036	0	19231457280	19061096448	701.1	34	8
1061.09	0	107036	0	19158958080	18988969984	621.3	34	8
1062.10	0	107036	0	19161313280	18991824896	637.0	34	8
1063.10	0	107036	0	19164766208	18995593216	677.7	34	8
1064.10	0	107036	0	19168485376	18998636544	618.9	34	8
1065.11	0	107036	0	19171909632	19002126336	669.7	34	8
1066.11	0	107036	0	19175870464	19005431808	676.4	34	8
1067.12	0	107036	0	19179028480	19008622592	591.3	34	8
1068.12	0	107036	0	19182297088	19012046848	622.0	34	8
1069.12	0	107036	0	19184517120	19015446528	617.7	34	8
1070.13	0	107036	0	19189141504	19018985472	615.1	34	8
1071.13	0	107036	0	19192614912	19022512128	624.3	34	8
1072.14	0	107036	0	19195707392	19025805312	629.7	34	8
1073.14	0	107036	0	19199713280	19029450752	708.5	34	8
1074.15	0	107036	0	19202543616	19032793088	599.4	34	8
1075.15	0	107036	0	19205922816	19035979776	601.5	34	8
1076.15	0	107036	0	19209551872	19039678464	645.7	34	8
1077.16	0	107036	0	19212099584	19042643968	589.6	34	8
1078.16	0	107036	0	19216019456	19045937152	614.8	34	8
1079.17	0	107036	0	19219095552	19048931328	598.9	34	8
1080.17	0	107036	0	19222433792	19052584960	632.4	34	8
1081.18	0	107036	0	19226370048	19055734784	598.4	34	8
1082.18	0	107036	0	19229630464	19059425280	654.9	34	8
1083.18	0	107036	0	19232772096	19062579200	605.5	34	8
1084.19	0	107036	0	19235880960	19065864192	616.8	34	8
1085.19	0	107036	0	19239747584	19069214720	687.2	34	8
1086.20	0	107036	0	19243335680	19072634880	634.3	34	8
1087.20	0	107036	0	19246743552	19075760128	674.6	34	8
1088.21	0	107036	0	19249627136	19079491584	704.1	34	8
1089.21	0	107036	0	19252355072	19082653696	593.2	34	8
1090.21	0	107036	0	19256635392	19085803520	653.1	34	8
1091.22	0	107036	0	19259826176	19089383424	695.0	34	8
1092.22	0	107036	0	19262967808	19092443136	643.7	34	8
1093.23	0	107036	0	19266699264	19095867392	634.8	34	8
1094.23	0	107036	0	19269455872	19098746880	635.1	34	8
1095.23	0	107036	0	19272429568	19102195712	684.4	34	8
1096.24	0	107036	0	19275902976	19105316864	627.6	34	8
1097.24	0	107036	0	19279151104	19108671488	681.7	34	8
1098.25	0	107036	0	19282030592	19111497728	623.2	34	8
1099.25	0	107036	0	19285336064	19115134976	680.7	34	8
1100.26	0	107036	0	19288571904	19118166016	625.3	34	8
1101.26	0	107036	0	19291791360	19121483776	647.0	34	8
1102.26	0	107036	0	19294863360	19124785152	683.2	34	8
1103.27	0	107036	0	19298447360	19128037376	662.3	34	8
1104.27	0	107036	0	19301634048	19131105280	610.2	34	8
1105.28	0	107036	0	19305213952	19134693376	699.9	34	8
1106.28	0	107036	0	19308118016	19137478656	613.1	34	8
1107.29	0	107036	0	19310608384	19140403200	644.1	34	8
1108.29	0	107036	0	19313459200	19143569408	641.4	34	8
1109.29	0	107036	0	19317235712	19146784768	664.4	34	8
1110.30	0	107036	0	19319574528	19150229504	647.4	34	8
1111.30	0	107036	0	19323199488	19153154048	637.8	34	8
1112.31	0	107036	0	19327737856	19156631552	657.6	34	8
1113.31	0	107036	0	19330965504	19160256512	679.5	34	8
1114.31	0	107036	0	19333656576	19163291648	615.2	34	8
1115.32	0	107036	0	19336560640	19166535680	624.3	34	8
1116.32	0	107036	0	19340345344	19170193408	654.4	34	8
1117.33	0	107036	0	19344076800	19173384192	620.7	34	8
1118.33	0	107036	0	19347517440	19176873984	665.3	34	8
1119.33	0	107036	0	19350048768	19180056576	643.3	34	8
1120.34	0	107036	0	19354025984	19183579136	631.5	34	8
1121.34	0	107036	0	19356819456	19186876416	654.8	34	8
1122.35	0	107036	0	19360292864	19189944320	647.5	34	8
1123.35	0	107036	0	19363819520	19193135104	629.8	34	8
1124.35	0	107036	0	19368067072	19197042688	688.3	34	8
1125.36	0	107036	0	19370881024	19200294912	659.0	34	8
1126.36	0	107036	0	19374133248	19203760128	666.7	34	8
1127.37	0	107036	0	19377627136	19207188480	678.8	34	8
1128.37	0	107036	0	19380162560	19210297344	638.3	34	8
1129.37	0	107036	0	19383971840	19213189120	609.6	34	8
1130.38	0	107036	0	19387105280	19216535552	657.5	34	8
1131.38	0	107036	0	19390205952	19219873792	626.3	34	8
1132.39	0	107036	0	19393482752	19222831104	638.6	34	8
1133.39	0	107036	0	19396526080	19225948160	653.4	34	8
1134.39	0	107036	0	19399262208	19228758016	616.2	34	8
1135.40	0	107036	0	19401965568	19231797248	662.6	34	8
1136.40	0	107036	0	19405787136	19235307520	683.7	34	8
1137.41	0	107036	0	19408982016	19238400000	633.3	34	8
1138.41	0	107036	0	19412426752	19241627648	649.9	34	8
1139.42	0	107036	0	19415937024	19245236224	698.8	34	8
1140.42	0	107036	0	19418886144	19248689152	678.3	34	8
1141.42	0	107036	0	19422617600	19252146176	646.7	34	8
1142.43	0	107036	0	19425460224	19255177216	625.2	34	8
1143.43	0	107036	0	19429232640	19258441728	638.0	34	8
1144.44	0	107036	0	19433291776	19262054400	683.8	34	8
1145.44	0	107036	0	19436179456	19265003520	612.8	34	8
1146.44	0	107036	0	19440304128	19268235264	662.9	34	8
1147.45	0	107036	0	19442892800	19271340032	637.1	34	8
1148.45	0	107036	0	19445747712	19274690560	657.6	34	8
1149.46	0	107036	0	19448467456	19277864960	628.1	34	8
1150.46	0	107036	0	19452051456	19280818176	584.4	34	8
1151.46	0	107036	0	19454660608	19283849216	625.1	34	8
1152.47	0	107036	0	19457445888	19287199744	670.7	34	8
1153.47	0	107036	0	19460878336	19290537984	642.7	34	8
1154.48	0	107036	0	19463802880	19293433856	590.2	34	8
1155.48	0	107036	0	19466780672	19296702464	625.0	34	8
1156.48	0	107036	0	19470872576	19300573184	723.6	34	8
1157.49	0	107036	0	19474165760	19303514112	666.5	34	8
1158.49	0	107036	0	19476697088	19306356736	599.0	34	8
1159.50	0	107036	0	19480137728	19309776896	648.7	34	8
1160.50	0	107036	0	19483815936	19313106944	644.8	34	8
1161.51	0	107036	0	19486494720	19316109312	651.8	34	8
1162.51	0	107036	0	19489619968	19319271424	654.7	34	8
1163.51	0	107036	0	19492732928	19322462208	677.1	34	8
1164.52	0	107036	0	19495346176	19325431808	631.4	34	8
1165.52	0	107036	0	19499274240	19328864256	658.5	34	8
1166.53	0	107036	0	19502272512	19331883008	642.5	34	8
1167.53	0	107036	0	19505246208	19334864896	615.7	34	8
1168.53	0	107036	0	19509014528	19338133504	692.6	34	8
1169.54	0	107036	0	19511697408	19341475840	662.6	34	8
1170.54	0	107036	0	19514757120	19344371712	627.0	34	8
1171.55	0	107036	0	19517759488	19347382272	613.2	34	8
1172.55	0	107036	0	19520290816	19350175744	630.5	34	8
1173.55	0	107036	0	19524890624	19353477120	653.7	34	8
1174.56	0	107036	0	19527151616	19356360704	648.6	34	8
1175.56	0	107036	0	19530272768	19359551488	664.2	34	8
1176.57	0	107036	0	19533213696	19362734080	651.5	34	8
1177.57	0	107036	0	19536281600	19365654528	613.4	34	8
1178.57	0	107036	0	19539767296	19368894464	643.5	34	8
1179.58	0	107036	0	19544006656	19372670976	722.4	34	8
1180.58	0	107036	0	19546656768	19375628288	631.3	34	8
1181.59	0	107036	0	19549548544	19378720768	651.3	34	8
1182.59	0	107036	0	19553599488	19382104064	679.6	34	8
1183.59	0	107036	0	19556524032	19385434112	626.9	34	8
1184.60	0	107036	0	19560148992	19388698624	628.9	34	8
1185.60	0	107036	0	19562102784	19390910464	594.7	34	8
1186.61	0	107036	0	19565625344	19394166784	623.0	34	8
1187.61	0	107036	0	19568848896	19397541888	650.5	34	8
1188.61	0	107036	0	19572056064	19400687616	658.6	34	8
1189.62	0	107036	0	19574804480	19403972608	645.0	34	8
1190.62	0	107036	0	19578097664	19407089664	628.7	34	8
1191.63	0	107036	0	19580547072	19410374656	658.7	34	8
1192.63	0	107036	0	19584159744	19413659648	657.4	34	8
1193.63	0	107036	0	19587547136	19416907776	675.6	34	8
1194.64	0	107036	0	19590217728	19419934720	671.7	34	8
1195.64	0	107036	0	19593936896	19423219712	651.2	34	8
1196.65	0	107036	0	19597434880	19427004416	647.1	34	8
1197.65	0	107036	0	19602051072	19430928384	738.4	34	8
1198.66	0	107036	0	19605692416	19434323968	696.6	34	8
1199.66	0	107036	0	19608289280	19437498368	647.8	34	8
1200.66	0	107036	0	19611742208	19440369664	621.2	34	8
1201.67	0	107036	0	19614437376	19443449856	665.3	34	8
1202.67	0	107036	0	19618205696	19446579200	622.3	34	8
1203.68	0	107036	0	19621212160	19449864192	667.5	34	8
1204.68	0	107036	0	19624509440	19453214720	643.0	34	8
1205.68	0	107036	0	19627712512	19456458752	648.5	34	8
1206.69	0	107036	0	19630854144	19459690496	609.9	34	8
1207.69	0	107036	0	19633709056	19463008256	628.9	34	8
1208.70	0	107036	0	19637399552	19466412032	622.0	34	8
1209.70	0	107036	0	19641094144	19470012416	641.2	34	8
1210.70	0	107036	0	19644829696	19473494016	622.8	34	8
1211.71	0	107036	0	19649040384	19477139456	646.5	34	8
1212.71	0	107036	0	19652231168	19481022464	652.8	34	8
1213.72	0	107036	0	19656908800	19483766784	669.8	34	8
1214.72	0	107036	0	19659489280	19490271232	621.0	34	8
1215.72	0	107036	0	19663130624	19493625856	635.7	34	8
1216.73	0	107036	0	19666554880	19496775680	613.5	34	8
1217.73	0	107036	0	19668873216	19499913216	610.5	34	8
1218.74	0	107036	0	19671314432	19502936064	671.8	34	8
1219.74	0	107036	0	19673935872	19505635328	603.2	34	8
1220.74	0	107036	0	19677892608	19509243904	668.2	34	8
1221.75	0	107036	0	19680661504	19512389632	619.6	34	8
1222.75	0	107036	0	19685240832	19515912192	668.8	34	8
1223.76	0	107036	0	19687960576	19519262720	656.1	34	8
1224.76	0	107036	0	19690799104	19522334720	570.9	34	8
1225.76	0	107036	0	19695312896	19526082560	687.5	34	8
1226.77	0	107036	0	19698266112	19529453568	636.0	34	8
1227.77	0	107036	0	19701600256	19532587008	620.8	34	8
1228.78	0	107036	0	19705180160	19536187392	682.4	34	8
1229.78	0	107036	0	19708715008	19539673088	630.8	34	8
1230.79	0	107036	0	19712126976	19542867968	640.6	34	8
1231.79	0	107036	0	19715416064	19546542080	656.5	34	8
1232.79	0	107036	0	19718799360	19549622272	610.9	34	8
1233.80	0	107036	0	19721531392	19553009664	664.0	34	8
1234.80	0	107036	0	19724414976	19556335616	632.9	34	8
1235.81	0	107036	0	19728764928	19559694336	644.0	34	8
1236.81	0	107036	0	19732078592	19563372544	664.2	34	8
1237.82	0	107036	0	19735687168	19566522368	588.9	34	8
1238.82	0	107036	0	19739201536	19569913856	644.1	34	8
1239.82	0	107036	0	19742437376	19573473280	671.1	34	8
1240.83	0	107036	0	19745460224	19576676352	606.7	34	8
1241.83	0	107036	0	19749130240	19579949056	627.2	34	8
1242.84	0	107036	0	19752996864	19583414272	639.7	34	8
1243.84	0	107036	0	19755380736	19586465792	630.0	34	8
1244.84	0	107036	0	19758952448	19590180864	656.6	34	8
1245.85	0	107036	0	19762069504	19593318400	632.2	34	8
1246.85	0	107036	0	19766800384	19596767232	671.0	34	8
1247.86	0	107036	0	19769339904	19600142336	661.1	34	8
1248.86	0	107036	0	19772719104	19602989056	614.8	34	8
1249.86	0	107036	0	19776143360	19606360064	628.6	34	8
1250.87	0	107036	0	19778756608	19609444352	649.9	34	8
1251.87	0	107036	0	19782475776	19612651520	648.8	34	8
1252.88	0	107036	0	19785416704	19616030720	662.3	34	8
1253.88	0	107036	0	19789066240	19619143680	635.5	34	8
1254.88	0	107036	0	19791568896	19622064128	633.3	34	8
1255.89	0	107036	0	19794579456	19625304064	691.3	34	8
1256.89	0	107036	0	19797495808	19628056576	634.5	34	8
1257.90	0	107036	0	19801161728	19631661056	661.4	34	8
1258.90	0	107036	0	19803344896	19634556928	616.3	34	8
1259.90	0	107036	0	19806863360	19637645312	616.1	34	8
1260.91	0	107036	0	19809832960	19641122816	696.8	34	8
1261.91	0	107036	0	19813892096	19644440576	635.8	34	8
1262.92	0	107036	0	19816472576	19647422464	606.8	34	8
1263.92	0	107036	0	19820154880	19651018752	637.6	34	8
1264.92	0	107036	0	19822927872	19654479872	640.0	34	8
1265.93	0	107036	0	19826900992	19657846784	693.1	34	8
1266.93	0	107036	0	19830771712	19661496320	662.6	34	8
1267.94	0	107036	0	19834925056	19665215488	701.3	34	8
1268.94	0	107036	0	19837915136	19668668416	601.3	34	8
1269.94	0	107036	0	19841388544	19671830528	619.2	34	8
1270.95	0	107036	0	19844861952	19675488256	703.0	34	8
1271.95	0	107036	0	19848552448	19678924800	619.7	34	8
1272.96	0	107036	0	19851816960	19682152448	670.1	34	8
1273.96	0	107036	0	19854757888	19685818368	674.8	34	8
1274.97	0	107036	0	19858354176	19689287680	676.9	34	8
1275.97	0	107036	0	19861176320	19692281856	614.4	34	8
1276.97	0	107036	0	19865952256	19695607808	652.2	34	8
1277.98	0	107036	0	19869093888	19699191808	677.9	34	8
1278.98	0	107036	0	19872202752	19702595584	681.1	34	8
1279.99	0	107036	0	19874893824	19705864192	620.3	34	8
1280.99	0	107036	0	19878539264	19709587456	667.7	34	8
1281.99	0	107036	0	19881865216	19712729088	645.5	34	8
1283.00	0	107036	0	19885019136	19715895296	650.1	34	8
1284.00	0	107036	0	19888676864	19719499776	661.0	34	8
1285.01	0	107036	0	19892129792	19722534912	602.7	34	8
1286.01	0	107036	0	19895685120	19726004224	633.8	34	8
1287.01	0	107036	0	19899420672	19729428480	688.9	34	8
1288.02	0	107036	0	19902046208	19732586496	629.5	34	8
1289.02	0	107036	0	19905204224	19735773184	662.3	34	8
1290.03	0	107036	0	19909042176	19739484160	715.7	34	8
1291.03	0	107036	0	19912163328	19742666752	647.6	34	8
1292.03	0	107036	0	19914899456	19745914880	645.4	34	8
1293.04	0	107036	0	19918680064	19749183488	677.5	34	8
1294.04	0	107036	0	19921690624	19752263680	670.4	34	8
1295.05	0	107036	0	19924873216	19755253760	608.3	34	8
1296.05	0	107036	0	19927851008	19758358528	628.8	34	8
1297.05	0	107036	0	19931627520	19762167808	716.7	34	8
1298.06	0	107036	0	19935166464	19765157888	635.7	34	8
1299.06	0	107036	0	19937984512	19768328192	644.5	34	8
1300.07	0	107036	0	19940945920	19771248640	639.3	34	8
1301.07	0	107036	0	19944628224	19774337024	603.4	34	8
1302.08	0	107036	0	19947732992	19777499136	651.8	34	8
1303.08	0	107036	0	19949969408	19780751360	611.5	34	8
1304.08	0	107036	0	19953610752	19783823360	617.5	34	8
1305.09	0	107036	0	19956908032	19787436032	682.4	34	8
1306.09	0	107036	0	19960340480	19790471168	627.1	34	8
1307.10	0	107036	0	19963645952	19793649664	590.1	34	8
1308.10	0	107036	0	19967180800	19796930560	600.9	34	8
1309.10	0	107036	0	19970244608	19800637440	690.5	34	8
1310.11	0	107036	0	19973898240	19804000256	615.5	34	8
1311.11	0	107036	0	19977867264	19807272960	661.4	34	8
1312.12	0	107036	0	19980685312	19810758656	665.2	34	8
1313.12	0	107036	0	19983761408	19814023168	653.8	34	8
1314.12	0	107036	0	19987152896	19817709568	653.7	34	8
1315.13	0	107036	0	19990503424	19820900352	627.3	34	8
1316.13	0	107036	0	19994353664	19824615424	676.0	34	8
1317.14	0	107036	0	19997626368	19827875840	619.1	34	8
1318.14	0	107036	0	20001431552	19831562240	678.1	34	8
1319.14	0	107036	0	20003721216	19834961920	614.2	34	8
1320.15	0	107036	0	20007256064	19838009344	651.2	34	8
1321.15	0	107036	0	20011069440	19841708032	643.4	34	8
1322.16	0	107036	0	20015333376	19845062656	602.0	34	8
1323.16	0	107036	0	20018941952	19848523776	651.5	34	8
1324.16	0	107036	0	20021485568	19852058624	652.9	34	8
1325.17	0	107036	0	20025430016	19855572992	659.3	34	8
1326.17	0	107036	0	20028968960	19859107840	675.6	34	8
1327.18	0	107036	0	20031922176	19862188032	615.0	34	8
1328.18	0	107036	0	20035076096	19865694208	655.9	34	8
1329.19	0	107036	0	20038619136	19869138944	663.7	34	8
1330.19	0	107036	0	20042817536	19873017856	721.9	34	8
1331.19	0	107036	0	20045787136	19876052992	624.3	34	8
1332.20	0	107036	0	20048580608	19879129088	618.2	34	8
1333.20	0	107036	0	20051980288	19882409984	661.0	34	8
1334.21	0	107036	0	20055638016	19885998080	667.1	34	8
1335.21	0	107036	0	20058329088	19889074176	620.2	34	8
1336.21	0	107036	0	20062605312	19892838400	694.1	34	8
1337.22	0	107036	0	20065280000	19896107008	660.4	34	8
1338.22	0	107036	0	20068630528	19899146240	614.8	34	8
1339.23	0	107036	0	20072251392	19902631936	683.2	34	8
1340.23	0	107036	0	20075216896	19906195456	678.5	34	8
1341.23	0	107036	0	20079038464	19909611520	660.2	34	8
1342.24	0	107036	0	20082589696	19912986624	693.8	34	8
1343.24	0	107036	0	20085796864	19916115968	599.2	34	8
1344.25	0	107036	0	20088774656	19919200256	658.7	34	8
1345.25	0	107036	0	20091645952	19922694144	648.1	34	8
1346.25	0	107036	0	20096053248	19926036480	586.6	34	8
1347.26	0	107036	0	20098990080	19929202688	635.9	34	8
1348.26	0	107036	0	20102868992	19932925952	631.3	34	8
1349.27	0	107036	0	20105515008	19936022528	607.9	34	8
1350.27	0	107036	0	20108951552	19939254272	614.4	34	8
1351.28	0	107036	0	20112461824	19942715392	654.7	34	8
1352.28	0	107036	0	20115599360	19945910272	648.9	34	8
1353.28	0	107036	0	20119085056	19949195264	584.9	34	8
1354.29	0	107036	0	20122329088	19952709632	657.5	34	8
1355.29	0	107036	0	20125945856	19956183040	581.6	34	8
1356.30	0	107036	0	20130213888	19959894016	689.8	34	8
1357.30	0	107036	0	20133535744	19963613184	650.3	34	8
1358.30	0	107036	0	20137095168	19966885888	672.7	34	8
1359.31	0	107036	0	20140318720	19970740224	658.2	34	8
1360.31	0	107036	0	20144631808	19974242304	637.1	34	8
1361.32	0	107036	0	20147556352	19977789440	629.2	34	8
1362.32	0	107036	0	20151316480	19981524992	660.9	34	8
1363.32	0	107036	0	20155539456	19985334272	701.3	34	8
1364.33	0	107036	0	20158603264	19988856832	668.6	34	8
1365.33	0	107036	0	20161998848	19992182784	667.6	34	8
1366.34	0	107036	0	20165296128	19995623424	667.2	34	8
1367.34	0	107036	0	20168380416	19998748672	592.3	34	8
1368.34	0	107036	0	20172308480	20002590720	674.7	34	8
1369.35	0	107036	0	20175343616	20005961728	624.2	34	8
1370.35	0	107036	0	20178792448	20009279488	640.2	34	8
1371.36	0	107036	0	20181889024	20012724224	712.3	34	8
1372.36	0	107036	0	20185350144	20015808512	628.3	34	8
1373.36	0	107036	0	20188508160	20018667520	633.8	34	8
1374.37	0	107036	0	20190883840	20021567488	648.5	34	8
1375.37	0	107036	0	20194553856	20024893440	655.9	34	8
1376.38	0	107036	0	20198088704	20028280832	645.8	34	8
1377.38	0	107036	0	20200960000	20031426560	597.7	34	8
1378.39	0	107036	0	20205068288	20034994176	719.2	34	8
1379.39	0	107036	0	20208144384	20038492160	658.6	34	8
1380.39	0	107036	0	20211929088	20041990144	679.4	34	8
1381.40	0	107036	0	20215394304	20045291520	678.8	34	8
1382.40	0	107036	0	20218359808	20048474112	599.9	34	8
1383.41	0	107036	0	20220710912	20051271680	648.4	34	8
1384.41	0	107036	0	20224765952	20054855680	671.9	34	8
1385.41	0	107036	0	20227567616	20057952256	636.3	34	8
1386.42	0	107036	0	20231389184	20061286400	606.1	34	8
1387.42	0	107036	0	20233842688	20064600064	661.9	34	8
1388.43	0	107036	0	20238053376	20067880960	655.5	34	8
1389.43	0	107036	0	20240261120	20071034880	646.1	34	8
1390.43	0	107036	0	20243042304	20074057728	583.8	34	8
1391.44	0	107036	0	20247146496	20077133824	663.8	34	8
1392.44	0	107036	0	20251103232	20080910336	671.5	34	8
1393.45	0	107036	0	20253921280	20083961856	593.8	34	8
1394.45	0	107036	0	20257005568	20087345152	640.3	34	8
1395.45	0	107036	0	20260352000	20090855424	658.6	34	8
1396.46	0	107036	0	20263968768	20093886464	582.7	34	8
1397.46	0	107036	0	20267630592	20097396736	673.1	34	8
1398.47	0	107036	0	20270936064	20100915200	661.5	34	8
1399.47	0	107036	0	20273659904	20103884800	652.9	34	8
1400.47	0	107036	0	20276965376	20107313152	638.7	34	8
1401.48	0	107036	0	20280508416	20110405632	633.8	34	8
1402.48	0	107036	0	20283740160	20113666048	645.4	34	8
1403.49	0	107036	0	20286468096	20116725760	629.9	34	8
1404.49	0	107036	0	20289404928	20119711744	641.4	34	8
1405.49	0	107036	0	20292198400	20122882048	633.3	34	8
1406.50	0	107036	0	20296409088	20126121984	669.4	34	8
1407.50	0	107036	0	20299780096	20129288192	620.6	34	8
1408.51	0	107036	0	20302028800	20132216832	643.4	34	8
1409.51	0	107036	0	20305666048	20136046592	671.7	34	8
1410.51	0	107036	0	20308885504	20139143168	651.6	34	8
1411.52	0	107036	0	20312748032	20142149632	608.7	34	8
1412.52	0	107036	0	20315115520	20145074176	621.4	34	8
1413.53	0	107036	0	20319608832	20148711424	736.9	34	8
1414.53	0	107036	0	20322816000	20151885824	627.6	34	8
1415.53	0	107036	0	20325699584	20154863616	611.9	34	8
1416.54	0	107036	0	20328779776	20158001152	695.4	34	8
1417.54	0	107036	0	20331900928	20161245184	616.8	34	8
1418.55	0	107036	0	20334637056	20164444160	672.9	34	8
1419.55	0	107036	0	20337836032	20167618560	633.4	34	8
1420.55	0	107036	0	20340609024	20170637312	595.6	34	8
1421.56	0	107036	0	20344856576	20174348288	713.9	34	8
1422.56	0	107036	0	20348088320	20177608704	611.4	34	8
1423.57	0	107036	0	20351221760	20180803584	658.0	34	8
1424.57	0	107036	0	20355031040	20184510464	692.0	34	8
1425.58	0	107036	0	20357693440	20187615232	620.5	34	8
1426.58	0	107036	0	20361789440	20191203328	698.1	34	8
1427.58	0	107036	0	20364980224	20194598912	622.8	34	8
1428.59	0	107036	0	20574564352	20404588544	607.8	34	8
1429.59	0	108533	0	20371329024	20198756352	552.7	34	8
1430.60	0	113441	0	20377702400	20200562688	817.8	34	8
1431.60	0	118378	0	20384759808	20202057728	747.4	34	8
1432.60	0	123432	0	20391133184	20203536384	709.0	34	8
1433.61	0	128519	0	20398587904	20205215744	747.4	34	8
1434.61	0	133605	0	20405460992	20206817280	729.0	34	8
1435.62	0	138707	0	20412289024	20208480256	738.1	34	8
1436.62	0	143793	0	20419194880	20210225152	732.1	34	8
1437.62	0	148896	0	20425392128	20211789824	739.4	34	8
1438.63	0	153998	0	20432412672	20213358592	710.6	34	8
1439.63	0	159110	0	20439281664	20215087104	681.1	34	8
1440.64	0	164242	0	20446900224	20216958976	845.2	34	8
1441.64	0	169395	0	20453105664	20218617856	697.4	34	8
1442.64	0	174547	0	20460793856	20220243968	755.3	34	8
1443.65	0	179699	0	20467113984	20221853696	723.5	34	8
1444.65	0	184900	0	20474429440	20223655936	724.2	34	8
1445.66	0	190085	0	20482363392	20225445888	847.5	34	8
1446.66	0	195206	0	20488777728	20227108864	797.4	34	8
1447.66	0	200338	0	20495360000	20228632576	782.9	34	8
1448.67	0	205455	0	20501626880	20229550080	827.9	34	8
1449.67	0	210573	0	20508368896	20231081984	765.6	34	8
1450.68	0	215707	0	20515241984	20232572928	737.1	34	8
1451.68	0	220924	0	20522135552	20234244096	771.3	34	8
1452.68	0	226109	0	20528705536	20235845632	825.3	34	8
1453.69	0	231227	0	20536033280	20237406208	797.3	34	8
1454.69	0	236383	0	20543016960	20238954496	747.9	34	8
1455.70	0	241555	0	20549521408	20240392192	742.0	34	8
1456.70	0	246707	0	20556210176	20241952768	732.7	34	8
1457.70	0	251859	0	20563607552	20243439616	787.2	34	8
1458.71	0	255138	0	20567707648	20244938752	720.5	34	8
1459.71	0	255138	0	20568662016	20246396928	650.5	34	8
1460.72	0	255138	0	20570341376	20247851008	648.8	34	8
1461.72	0	255138	0	20571697152	20249329664	654.8	34	8
1462.72	0	255138	0	20573122560	20250718208	631.8	34	8
1463.73	0	255138	0	20574777344	20252229632	591.1	34	8
1464.73	0	255138	0	20575965184	20253859840	621.6	34	8
1465.74	0	255138	0	20578041856	20255682560	707.1	34	8
1466.74	0	255138	0	20579594240	20257394688	711.0	34	8
1467.74	0	255138	0	20581691392	20259205120	598.8	34	8
1468.75	0	255138	0	20583911424	20261113856	755.2	34	8
1469.75	0	255138	0	20585058304	20262879232	725.6	34	8
1470.76	0	255138	0	20587184128	20264632320	703.7	34	8
1471.76	0	255138	0	20588519424	20266487808	705.1	34	8
1472.76	0	255138	0	20590977024	20268154880	637.6	34	8
1473.77	0	255138	0	20592525312	20269875200	684.4	34	8
1474.77	0	255138	0	20593741824	20271570944	647.6	34	8
1475.78	0	255138	0	20595212288	20273102848	639.2	34	8
1476.78	0	255138	0	20597288960	20274651136	687.8	34	8
1477.78	0	255138	0	20599091200	20276273152	602.4	34	8
1478.79	0	255138	0	20600770560	20277862400	624.3	34	8
1479.79	0	255138	0	20602032128	20279631872	676.5	34	8
1480.80	0	255138	0	20603768832	20281266176	619.9	34	8
1481.80	0	255138	0	20605550592	20283027456	668.4	34	8
1482.80	0	255138	0	20606820352	20284596224	656.3	34	8
1483.81	0	255138	0	20608864256	20286312448	592.3	34	8
1484.81	0	255138	0	20609740800	20288028672	647.2	34	8
1485.82	0	255138	0	20612034560	20289794048	653.9	34	8
1486.82	0	255138	0	20613931008	20291592192	647.8	34	8
1487.82	0	255138	0	20615602176	20293484544	675.7	34	8
1488.83	0	255138	0	20617281536	20295331840	643.4	34	8
1489.83	0	255138	0	20618915840	20296933376	568.3	34	8
1490.84	0	255138	0	20621950976	20299300864	698.7	34	8
1491.84	0	255138	0	20625301504	20302594048	616.3	34	8
1492.85	0	255138	0	20628344832	20305960960	666.3	34	8
1493.85	0	255138	0	20631764992	20309499904	674.3	34	8
1494.85	0	255138	0	20634783744	20312453120	568.3	34	8
1495.86	0	255138	0	20638384128	20315787264	644.5	34	8
1496.86	0	255138	0	20641624064	20318982144	655.4	34	8
1497.87	0	255138	0	20645355520	20322803712	657.4	34	8
1498.87	0	255138	0	20648796160	20326191104	633.3	34	8
1499.87	0	255138	0	20652462080	20329525248	655.4	34	8
1500.88	0	255138	0	20654800896	20332494848	599.9	34	8
1501.88	0	255138	0	20658925568	20335542272	581.2	34	8
1502.89	0	255138	0	20661243904	20338688000	633.9	34	8
1503.89	0	255138	0	20665360384	20342431744	665.5	34	8
1504.89	0	255138	0	20668731392	20345667584	618.1	34	8
1505.90	0	255138	0	20671397888	20349005824	642.0	34	8
1506.90	0	255138	0	20675166208	20352364544	660.3	34	8
1507.91	0	255138	0	20677853184	20355612672	608.8	34	8
1508.91	0	255138	0	20681871360	20358897664	662.0	34	8
1509.91	0	255138	0	20684656640	20362231808	620.4	34	8
1510.92	0	255138	0	20687560704	20365189120	597.0	34	8
1511.92	0	255138	0	20691312640	20368449536	644.5	34	8
1512.93	0	255138	0	20694974464	20371898368	635.6	34	8
1513.93	0	255138	0	20698001408	20374892544	577.0	34	8
1514.94	0	255138	0	20700831744	20378054656	603.1	34	8
1515.94	0	255138	0	20704563200	20381347840	634.7	34	8
1516.94	0	255138	0	20706541568	20384153600	590.0	34	8
1517.95	0	255138	0	20710129664	20387622912	645.9	34	8
1518.95	0	255138	0	20712148992	20390342656	605.7	34	8
1519.96	0	255138	0	20714942464	20393377792	634.6	34	8
1520.96	0	255138	0	20718309376	20396412928	609.5	34	8
1521.96	0	255138	0	20721946624	20399546368	613.0	34	8
1522.97	0	255138	0	20725129216	20402810880	659.2	34	8
1523.97	0	255138	0	20729171968	20406169600	634.1	34	8
1524.98	0	255138	0	20732407808	20409204736	600.9	34	8
1525.98	0	255138	0	20734681088	20412194816	584.0	34	8
1526.99	0	255138	0	20738564096	20415741952	662.8	34	8
1527.99	0	255138	0	20742152192	20419002368	616.8	34	8
1528.99	0	255138	0	20745109504	20422283264	618.1	34	8
1530.00	0	255138	0	20748034048	20425175040	648.1	34	8
1531.00	0	255138	0	20752162816	20428812288	656.6	34	8
1532.01	0	255138	0	20755439616	20432056320	639.4	34	8
1533.01	0	255138	0	20758712320	20435623936	687.2	34	8
1534.01	0	255138	0	20762157056	20438945792	636.7	34	8
1535.02	0	255138	0	20765372416	20442431488	656.7	34	8
1536.02	0	255138	0	20769009664	20445499392	624.9	34	8
1537.03	0	255138	0	20772519936	20448858112	641.2	34	8
1538.03	0	255138	0	20775522304	20451991552	612.8	34	8
1539.03	0	255138	0	20778704896	20455313408	665.2	34	8
1540.04	0	255138	0	20781584384	20458299392	643.3	34	8
1541.04	0	255138	0	20784742400	20461617152	626.0	34	8
1542.05	0	255138	0	20788396032	20464881664	665.7	34	8
1543.05	0	255138	0	20791234560	20468203520	653.0	34	8
1544.05	0	255138	0	20794957824	20471787520	633.8	34	8
1545.06	0	255138	0	20798832640	20475162624	689.7	34	8
1546.06	0	255138	0	20801970176	20478291968	602.5	34	8
1547.07	0	255138	0	20804939776	20481302528	613.0	34	8
1548.07	0	255138	0	20807774208	20484530176	623.5	34	8
1549.07	0	255138	0	20811481088	20488253440	669.4	34	8
1550.08	0	255138	0	20814286848	20491587584	622.9	34	8
1551.08	0	255138	0	20817993728	20494864384	584.7	34	8
1552.09	0	255138	0	20821921792	20498407424	653.5	34	8
1553.09	0	255138	0	20824633344	20501680128	697.0	34	8
1554.09	0	255138	0	20829134848	20505366528	651.3	34	8
1555.10	0	255138	0	20831174656	20508430336	624.8	34	8
1556.10	0	255138	0	20834873344	20511924224	638.5	34	8
1557.11	0	255138	0	20837851136	20515237888	639.7	34	8
1558.11	0	255138	0	20841709568	20518330368	573.8	34	8
1559.11	0	255138	0	20845383680	20521926656	682.3	34	8
1560.12	0	255138	0	20849078272	20525568000	676.9	34	8
1561.12	0	255138	0	20851875840	20528893952	634.5	34	8
1562.13	0	255138	0	20855611392	20532391936	628.6	34	8
1563.13	0	255138	0	20859060224	20535390208	612.0	34	8
1564.14	0	255138	0	20863381504	20539383808	687.0	34	8
1565.14	0	255138	0	20866777088	20542631936	610.9	34	8
1566.14	0	255138	0	20869160960	20546285568	713.0	34	8
1567.15	0	255138	0	20872749056	20549689344	611.3	34	8
1568.15	0	255138	0	20877393920	20553785344	678.1	34	8
1569.16	0	255138	0	20880633856	20557361152	692.7	34	8
1570.16	0	255138	0	20884160512	20560809984	638.4	34	8
1571.16	0	255138	0	20886671360	20563779584	610.6	34	8
1572.17	0	255138	0	20890025984	20566863872	655.3	34	8
1573.17	0	255138	0	20893380608	20570370048	675.1	34	8
1574.18	0	255138	0	20897058816	20573614080	659.5	34	8
1575.18	0	255138	0	20900249600	20576841728	649.3	34	8
1576.18	0	255138	0	20902973440	20579860480	624.0	34	8
1577.19	0	255138	0	20906070016	20583034880	667.6	34	8
1578.19	0	255138	0	20909924352	20586409984	630.2	34	8
1579.20	0	255138	0	20913467392	20589699072	714.7	34	8
1580.20	0	255138	0	20916019200	20593344512	648.2	34	8
1581.20	0	255138	0	20919590912	20596273152	603.5	34	8
1582.21	0	255138	0	20923215872	20599607296	648.4	34	8
1583.21	0	255138	0	20926509056	20603019264	693.3	34	8
1584.22	0	255138	0	20930154496	20606259200	607.6	34	8
1585.22	0	255138	0	20933734400	20609495040	668.3	34	8
1586.23	0	255138	0	20936470528	20612784128	650.0	34	8
1587.23	0	255138	0	20939624448	20615974912	574.6	34	8
1588.23	0	255138	0	20942737408	20618952704	624.3	34	8
1589.24	0	255138	0	20945567744	20622573568	733.6	34	8
1590.24	0	255138	0	20949032960	20625784832	633.7	34	8
1591.25	0	255138	0	20951310336	20628680704	598.2	34	8
1592.25	0	255138	0	20955512832	20631961600	605.6	34	8
1593.25	0	255138	0	20959039488	20635381760	683.2	34	8
1594.26	0	255138	0	20961804288	20638687232	625.3	34	8
1595.26	0	255138	0	20964712448	20641558528	605.2	34	8
1596.27	0	255138	0	20967866368	20644696064	672.0	34	8
1597.27	0	255138	0	20971749376	20647931904	674.2	34	8
1598.28	0	255138	0	20975005696	20651343872	671.0	34	8
1599.28	0	255138	0	20977123328	20654362624	606.7	34	8
1600.28	0	255138	0	20981415936	20657451008	617.8	34	8
1601.29	0	255138	0	20985229312	20660862976	663.6	34	8
1602.29	0	255138	0	20987662336	20663959552	632.1	34	8
1603.30	0	255138	0	20990201856	20666937344	603.8	34	8
1604.30	0	255138	0	20993134592	20669911040	593.9	34	8
1605.30	0	255138	0	20996644864	20673515520	668.3	34	8
1606.31	0	255138	0	21000765440	20676894720	652.3	34	8
1607.31	0	255138	0	21003931648	20680097792	610.3	34	8
1608.32	0	255138	0	21007785984	20682985472	645.1	34	8
1609.32	0	255138	0	21010386944	20686733312	687.2	34	8
1610.32	0	255138	0	21013311488	20689657856	610.8	34	8
1611.33	0	255138	0	21015998464	20692602880	614.6	34	8
1612.33	0	255138	0	21019037696	20695994368	649.5	34	8
1613.34	0	255138	0	21022265344	20699127808	626.2	34	8
1614.34	0	255138	0	21026119680	20702220288	655.8	34	8
1615.35	0	255138	0	21029646336	20705366016	631.2	34	8
1616.35	0	255138	0	21032718336	20708708352	630.1	34	8
1617.35	0	255138	0	21036154880	20712361984	681.7	34	8
1618.36	0	255138	0	21039546368	20715909120	640.6	34	8
1619.36	0	255138	0	21042606080	20718821376	637.4	34	8
1620.37	0	255138	0	21045837824	20722229248	643.7	34	8
1621.37	0	255138	0	21048709120	20725125120	626.2	34	8
1622.37	0	255138	0	21052321792	20728414208	634.6	34	8
1623.38	0	255138	0	21055193088	20731498496	603.2	34	8
1624.38	0	255138	0	21058203648	20734771200	688.5	34	8
1625.39	0	255138	0	21061664768	20737818624	624.0	34	8
1626.39	0	255138	0	21064716288	20740747264	621.7	34	8
1627.40	0	255138	0	21068038144	20743733248	611.1	34	8
1628.40	0	255138	0	21070598144	20746858496	659.1	34	8
1629.40	0	255138	0	21073383424	20749971456	634.6	34	8
1630.41	0	255138	0	21076488192	20753297408	691.7	34	8
1631.41	0	255138	0	21079789568	20756353024	635.4	34	8
1632.42	0	255138	0	21082148864	20759171072	622.7	34	8
1633.42	0	255138	0	21086011392	20762079232	652.1	34	8
1634.42	0	255138	0	21089505280	20765249536	659.9	34	8
1635.43	0	255138	0	21092274176	20768628736	704.2	34	8
1636.43	0	255138	0	21094711296	20771561472	623.9	34	8
1637.44	0	255138	0	21098516480	20774576128	617.5	34	8
1638.44	0	255138	0	21100494848	20777472000	591.4	34	8
1639.44	0	255138	0	21104422912	20780716032	674.9	34	8
1640.45	0	255138	0	21107478528	20784238592	673.0	34	8
1641.45	0	255138	0	21111046144	20787593216	651.8	34	8
1642.46	0	255138	0	21114200064	20791037952	679.4	34	8
1643.46	0	255138	0	21117243392	20794146816	602.2	34	8
1644.46	0	255138	0	21121794048	20797448192	629.0	34	8
1645.47	0	255138	0	21124771840	20800929792	677.8	34	8
1646.47	0	255138	0	21127901184	20804210688	669.3	34	8
1647.48	0	255138	0	21131202560	20807204864	637.0	34	8
1648.48	0	255138	0	21133250560	20810207232	634.4	34	8
1649.49	0	255138	0	21137178624	20813692928	649.7	34	8
1650.49	0	255138	0	21140725760	20816769024	619.2	34	8
1651.49	0	255138	0	21144084480	20820045824	633.4	34	8
1652.50	0	255138	0	21148106752	20823724032	679.6	34	8
1653.50	0	255138	0	21150064640	20826836992	620.0	34	8
1654.51	0	255138	0	21154000896	20830613504	725.9	34	8
1655.51	0	255138	0	21157761024	20833763328	657.3	34	8
1656.51	0	255138	0	21160853504	20836712448	588.7	34	8
1657.52	0	255138	0	21164613632	20839960576	648.5	34	8
1658.52	0	255138	0	21167640576	20843192320	644.0	34	8
1659.53	0	255138	0	21170622464	20846362624	600.1	34	8
1660.53	0	255138	0	21174083584	20849459200	615.1	34	8
1661.53	0	255138	0	21177626624	20853370880	710.2	34	8
1662.54	0	255138	0	21180809216	20856528896	621.5	34	8
1663.54	0	255138	0	21183967232	20859879424	654.6	34	8
1664.55	0	255138	0	21186740224	20863258624	648.4	34	8
1665.55	0	255138	0	21189636096	20866109440	577.5	34	8
1666.55	0	255138	0	21193900032	20869373952	591.9	34	8
1667.56	0	255138	0	21196988416	20873072640	676.0	34	8
1668.56	0	255138	0	21200674816	20876201984	585.9	34	8
1669.57	0	255138	0	21203918848	20879638528	693.0	34	8
1670.57	0	255138	0	21207502848	20883144704	661.4	34	8
1671.57	0	255138	0	21211246592	20886675456	651.5	34	8
1672.58	0	255138	0	21212962816	20889739264	616.7	34	8
1673.58	0	255138	0	21216456704	20893077504	617.7	34	8
1674.59	0	255138	0	21219672064	20896071680	632.9	34	8
1675.59	0	255138	0	21223776256	20899827712	635.8	34	8
1676.60	0	255138	0	21503324160	21178789888	671.5	34	8
1677.60	0	255138	0	21231198208	20906549248	743.5	34	8
1678.60	0	255138	0	21234237440	20909899776	675.7	34	8
1679.61	0	255138	0	21236760576	20912963584	607.3	34	8
1680.61	0	255138	0	21240635392	20916473856	672.0	34	8
1681.62	0	255138	0	21243445248	20919767040	663.8	34	8
1682.62	0	255138	0	21246464000	20922683392	621.8	34	8
1683.62	0	255138	0	21249679360	20925763584	615.7	34	8
1684.63	0	255138	0	21252509696	20929081344	641.8	34	8
1685.63	0	255138	0	21256630272	20932464640	653.0	34	8
1686.64	0	255138	0	21259603968	20935397376	628.8	34	8
1687.64	0	255138	0	21262663680	20938526720	693.3	34	8
1688.65	0	255138	0	21265932288	20941795328	740.0	34	8
1689.65	0	255138	0	21268111360	20944642048	759.2	34	8
1690.65	0	255138	0	21270798336	20946927616	556.3	34	8
1691.66	0	255138	0	21273006080	20949475328	689.7	34	8
1692.66	0	255138	0	21275959296	20951916544	779.2	34	8
1693.67	0	255138	0	21278482432	20954521600	807.3	34	8
1694.67	0	255138	0	21279993856	20956585984	758.6	34	8
1695.67	0	255138	0	21282418688	20958679040	671.5	34	8
1696.68	0	255138	0	21284155392	20960444416	620.8	34	8
1697.68	0	255138	0	21286469632	20962594816	688.4	34	8
1698.69	0	255138	0	21288505344	20964950016	663.3	34	8
1699.69	0	255138	0	21291098112	20967571456	619.5	34	8
1700.70	0	255138	0	21294006272	20970106880	608.1	34	8
1701.70	0	255138	0	21296570368	20972802048	734.0	34	8
1702.70	0	255138	0	21300461568	20976115712	795.2	34	8
1703.71	0	255138	0	21302108160	20978348032	614.8	34	8
1704.71	0	255138	0	21304164352	20980854784	625.9	34	8
1705.72	0	255138	0	21307252736	20983156736	609.9	34	8
1706.72	0	255138	0	21310705664	20986109952	640.6	34	8
1707.72	0	255138	0	21314088960	20989227008	689.6	34	8
1708.73	0	255138	0	21317120000	20992274432	656.1	34	8
1709.73	0	255138	0	21318746112	20995088384	600.5	34	8
1710.74	0	255138	0	21322424320	20998090752	625.1	34	8
1711.74	0	255138	0	21325791232	21001592832	683.5	34	8
1712.75	0	255138	0	21329182720	21004828672	666.8	34	8
1713.75	0	255138	0	21331685376	21007650816	676.6	34	8
1714.75	0	255138	0	21334474752	21010436096	603.9	34	8
1715.76	0	255138	0	21337366528	21013188608	610.6	34	8
1716.76	0	255138	0	21339598848	21016178688	611.3	34	8
1717.77	0	255138	0	21343301632	21019148288	598.1	34	8
1718.77	0	255138	0	21345968128	21021990912	640.6	34	8
1719.77	0	255138	0	21349556224	21025370112	676.6	34	8
1720.78	0	255138	0	21352898560	21028675584	646.3	34	8
1721.78	0	255138	0	21355651072	21031690240	633.4	34	8
1722.79	0	255138	0	21359333376	21034905600	652.7	34	8
1723.79	0	255138	0	21361995776	21037891584	656.9	34	8
1724.79	0	255138	0	21365800960	21040865280	634.7	34	8
1725.80	0	255138	0	21368324096	21044039680	652.3	34	8
1726.80	0	255138	0	21370966016	21047013376	603.4	34	8
1727.81	0	255138	0	21374279680	21050216448	695.5	34	8
1728.81	0	255138	0	21377536000	21053890560	667.6	34	8
1729.82	0	255138	0	21380976640	21056647168	632.8	34	8
1730.82	0	255138	0	21383966720	21059768320	598.3	34	8
1731.82	0	255138	0	21387505664	21062893568	623.0	34	8
1732.83	0	255138	0	21390925824	21066366976	681.0	34	8
1733.83	0	255138	0	21394317312	21069586432	643.0	34	8
1734.84	0	255138	0	21396250624	21072560128	579.7	34	8
1735.84	0	255138	0	21399134208	21075365888	581.6	34	8
1736.84	0	255138	0	21402882048	21078630400	623.8	34	8
1737.85	0	255138	0	21405696000	21081710592	656.8	34	8
1738.85	0	255138	0	21409538048	21085245440	670.7	34	8
1739.86	0	255138	0	21411840000	21088198656	592.0	34	8
1740.86	0	255138	0	21414952960	21091565568	665.1	34	8
1741.86	0	255138	0	21418647552	21095100416	639.4	34	8
1742.87	0	255138	0	21421760512	21098225664	629.3	34	8
1743.87	0	255138	0	21425418240	21101420544	602.1	34	8
1744.88	0	255138	0	21428875264	21104836608	645.8	34	8
1745.88	0	255138	0	21431873536	21108035584	600.7	34	8
1746.89	0	255138	0	21435596800	21111422976	670.4	34	8
1747.89	0	255138	0	21438820352	21114880000	641.9	34	8
1748.89	0	255138	0	21442002944	21118083072	675.5	34	8
1749.90	0	255138	0	21445992448	21121536000	789.9	34	8
1750.90	0	255138	0	21448851456	21124517888	648.4	34	8
1751.91	0	255138	0	21451558912	21127368704	663.9	34	8
1752.91	0	255138	0	21455159296	21130629120	677.9	34	8
1753.91	0	255138	0	21458116608	21133930496	663.4	34	8
1754.92	0	255138	0	21460967424	21136949248	633.6	34	8
1755.92	0	255138	0	21463805952	21139750912	649.8	34	8
1756.93	0	255138	0	21467615232	21142691840	612.3	34	8
1757.93	0	255138	0	21470212096	21145681920	610.1	34	8
1758.93	0	255138	0	21473202176	21149351936	668.4	34	8
1759.94	0	255138	0	21476343808	21152296960	622.1	34	8
1760.94	0	255138	0	21479428096	21155328000	590.0	34	8
1761.95	0	255138	0	21483167744	21158592512	698.4	34	8
1762.95	0	255138	0	21485543424	21161889792	688.3	34	8
1763.96	0	255138	0	21488566272	21164560384	622.9	34	8
1764.96	0	255138	0	21491429376	21167456256	590.2	34	8
1765.96	0	255138	0	21494644736	21170364416	652.5	34	8
1766.97	0	255138	0	21497720832	21173616640	662.5	34	8
1767.97	0	255138	0	21501812736	21177335808	664.7	34	8
1768.98	0	255138	0	21504724992	21180821504	701.0	34	8
1769.98	0	255138	0	21507772416	21184233472	675.0	34	8
1770.98	0	255138	0	21511495680	21187502080	678.0	34	8
1771.99	0	255138	0	21515321344	21190651904	651.6	34	8
1772.99	0	255138	0	21517959168	21193408512	586.8	34	8
1774.00	0	255138	0	21521510400	21196603392	653.7	34	8
1775.00	0	255138	0	21524377600	21200343040	715.8	34	8
1776.01	0	255138	0	21528231936	21203202048	623.1	34	8
1777.01	0	255138	0	21531078656	21206446080	652.5	34	8
1778.01	0	255138	0	21534609408	21209358336	626.8	34	8
1779.02	0	255138	0	21536415744	21212606464	658.7	34	8
1780.02	0	255138	0	21538992128	21215383552	583.5	34	8
1781.03	0	255138	0	21542621184	21218324480	587.2	34	8
1782.03	0	255138	0	21545439232	21221298176	573.2	34	8
1783.03	0	255138	0	21549936640	21224853504	672.3	34	8
1784.04	0	255138	0	21552685056	21227552768	672.8	34	8
1785.04	0	255138	0	21555478528	21231284224	716.8	34	8
1786.05	0	255138	0	21558181888	21234024448	663.7	34	8
1787.05	0	255138	0	21562179584	21237534720	657.5	34	8
1788.06	0	255138	0	21565677568	21240598528	635.5	34	8
1789.06	0	255138	0	21567750144	21243719680	610.0	34	8
1790.06	0	255138	0	21571260416	21247238144	635.5	34	8
1791.07	0	255138	0	21574696960	21250375680	628.9	34	8
1792.07	0	255138	0	21577977856	21253345280	589.5	34	8
1793.08	0	255138	0	21580488704	21256536064	627.3	34	8
1794.08	0	255138	0	21584830464	21260255232	708.3	34	8
1795.08	0	255138	0	21587177472	21263163392	610.3	34	8
1796.09	0	255138	0	21590638592	21266370560	712.2	34	8
1797.09	0	255138	0	21594562560	21269581824	699.3	34	8
1798.10	0	255138	0	21597290496	21272596480	613.3	34	8
1799.10	0	255138	0	21600055296	21275455488	655.6	34	8
1800.10	0	255138	0	21603573760	21278801920	636.7	34	8
1801.11	0	255138	0	21606346752	21282058240	695.8	34	8
1802.11	0	255138	0	21609349120	21284966400	641.1	34	8
1803.12	0	255138	0	21612548096	21287882752	660.8	34	8
1804.12	0	255138	0	21616009216	21290934272	657.5	34	8
1805.13	0	255138	0	21618118656	21293953024	684.5	34	8
1806.13	0	255138	0	21621678080	21297131520	670.4	34	8
1807.13	0	255138	0	21624324096	21299904512	609.1	34	8
1808.14	0	255138	0	21626732544	21302505472	618.4	34	8
1809.14	0	255138	0	21630177280	21305909248	656.4	34	8
1810.15	0	255138	0	21632884736	21308948480	675.2	34	8
1811.15	0	255138	0	21636280320	21311815680	632.7	34	8
1812.15	0	255138	0	21638643712	21314609152	619.3	34	8
1813.16	0	255138	0	21642301440	21317468160	637.5	34	8
1814.16	0	255138	0	21645762560	21320794112	667.5	34	8
1815.17	0	255138	0	21648609280	21324070912	680.6	34	8
1816.17	0	255138	0	21651230720	21327028224	614.1	34	8
1817.17	0	255138	0	21653737472	21330010112	614.5	34	8
1818.18	0	255138	0	21656051712	21332869120	647.9	34	8
1819.18	0	255138	0	21659234304	21335408640	663.7	34	8
1820.19	0	255138	0	21661962240	21338292224	646.8	34	8
1821.19	0	255138	0	21665054720	21341011968	619.7	34	8
1822.20	0	255138	0	21667852288	21344243712	649.2	34	8
1823.20	0	255138	0	21671583744	21347168256	728.5	34	8
1824.21	0	255138	0	21675343872	21350498304	726.9	34	8
1825.21	0	255138	0	21678170112	21353046016	660.4	34	8
1826.22	0	255138	0	21681827840	21356281856	694.2	34	8
1827.22	0	255138	0	21684404224	21359140864	647.2	34	8
1828.22	0	255138	0	21687193600	21362081792	642.0	34	8
1829.23	0	255138	0	21690572800	21364940800	679.5	34	8
1830.23	0	255138	0	21692903424	21368045568	709.5	34	8
1831.24	0	255138	0	21696360448	21370974208	669.1	34	8
1832.24	0	255138	0	21699194880	21373882368	626.5	34	8
1833.25	0	255138	0	21701677056	21376647168	636.4	34	8
1834.25	0	255138	0	21704630272	21379727360	655.6	34	8
1835.25	0	255138	0	21707321344	21382828032	612.0	34	8
1836.26	0	255138	0	21710336000	21385691136	624.6	34	8
1837.26	0	255138	0	21713625088	21388820480	677.6	34	8
1838.27	0	255138	0	21716652032	21391785984	645.3	34	8
1839.27	0	255138	0	21719359488	21394444288	590.4	34	8
1840.27	0	255138	0	21722292224	21397762048	677.0	34	8
1841.28	0	255138	0	21725175808	21400965120	647.4	34	8
1842.28	0	255138	0	21728481280	21404053504	626.2	34	8
1843.29	0	255138	0	21731573760	21407014912	672.0	34	8
1844.29	0	255138	0	21734506496	21409914880	611.3	34	8
1845.30	0	255138	0	21738516480	21413392384	713.7	34	8
1846.30	0	255138	0	21741559808	21416603648	614.8	34	8
1847.30	0	255138	0	21745377280	21419892736	705.4	34	8
1848.31	0	255138	0	21748396032	21423165440	623.6	34	8
1849.31	0	255138	0	21750972416	21426229248	668.7	34	8
1850.32	0	255138	0	21754667008	21429579776	661.6	34	8
1851.32	0	255138	0	21757890560	21432713216	622.3	34	8
1852.32	0	255138	0	21760851968	21435899904	634.6	34	8
1853.33	0	255138	0	21763846144	21438857216	596.0	34	8
1854.33	0	255138	0	21767077888	21441757184	627.6	34	8
1855.34	0	255138	0	21769297920	21444591616	623.5	34	8
1856.34	0	255138	0	21773258752	21448241152	656.5	34	8
1857.35	0	255138	0	21775994880	21451427840	595.5	34	8
1858.35	0	255138	0	21780099072	21454663680	622.7	34	8
1859.35	0	255138	0	21783339008	21458157568	689.3	34	8
1860.36	0	255138	0	21786046464	21460750336	616.6	34	8
1861.36	0	255138	0	21788745728	21463752704	624.6	34	8
1862.37	0	255138	0	21791334400	21466624000	621.4	34	8
1863.37	0	255138	0	21794369536	21469786112	647.0	34	8
1864.37	0	255138	0	21798260736	21472698368	663.3	34	8
1865.38	0	255138	0	21800648704	21475852288	618.5	34	8
1866.38	0	255138	0	21804527616	21479022592	630.5	34	8
1867.39	0	255138	0	21807366144	21482348544	667.4	34	8
1868.39	0	255138	0	21810421760	21485887488	624.8	34	8
1869.40	0	255138	0	21813940224	21489098752	622.3	34	8
1870.40	0	255138	0	21817192448	21492379648	614.5	34	8
1871.40	0	255138	0	21820567552	21495406592	608.7	34	8
1872.41	0	255138	0	21824475136	21498904576	657.7	34	8
1873.41	0	255138	0	21827555328	21502525440	643.8	34	8
1874.42	0	255138	0	21830205440	21505552384	619.4	34	8
1875.42	0	255138	0	21833764864	21509197824	642.1	34	8
1876.42	0	255138	0	21836754944	21512052736	586.7	34	8
1877.43	0	255138	0	21840687104	21515517952	645.1	34	8
1878.43	0	255138	0	21844025344	21518958592	635.1	34	8
1879.44	0	255138	0	21846462464	21522112512	658.5	34	8
1880.44	0	255138	0	21850128384	21525741568	710.3	34	8
1881.45	0	255138	0	21853401088	21528678400	569.0	34	8
1882.45	0	255138	0	21856505856	21531598848	605.2	34	8
1883.45	0	255138	0	21859573760	21535006720	659.1	34	8
1884.46	0	255138	0	21863018496	21538410496	649.8	34	8
1885.46	0	255138	0	21866307584	21541601280	640.9	34	8
1886.47	0	255138	0	21869559808	21544796160	672.8	34	8
1887.47	0	255138	0	21873311744	21548077056	671.6	34	8
1888.47	0	255138	0	21876195328	21551095808	629.5	34	8
1889.48	0	255138	0	21878587392	21553967104	636.6	34	8
1890.48	0	255138	0	21882171392	21557616640	648.3	34	8
1891.49	0	255138	0	21885280256	21560111104	582.0	34	8
1892.49	0	255138	0	21888327680	21563068416	627.7	34	8
1893.50	0	255138	0	21890637824	21565915136	615.1	34	8
1894.50	0	255138	0	21893738496	21569048576	615.3	34	8
1895.50	0	255138	0	21896843264	21571870720	618.2	34	8
1896.51	0	255138	0	21900623872	21574905856	641.5	34	8
1897.51	0	255138	0	21903978496	21578383360	667.0	34	8
1898.52	0	255138	0	21906710528	21581340672	621.2	34	8
1899.52	0	255138	0	21909385216	21584379904	641.0	34	8
1900.52	0	255138	0	21912731648	21587628032	660.2	34	8
1901.53	0	255138	0	21915660288	21590888448	638.4	34	8
1902.53	0	255138	0	21919686656	21594386432	667.2	34	8
1903.54	0	255138	0	21923205120	21597466624	634.6	34	8
1904.54	0	255138	0	21925810176	21600632832	638.8	34	8
1905.54	0	255138	0	21928390656	21603627008	621.1	34	8
1906.55	0	255138	0	21932306432	21606883328	634.2	34	8
1907.55	0	255138	0	21935480832	21610135552	626.6	34	8
1908.56	0	255138	0	21938335744	21613174784	667.4	34	8
1909.56	0	255138	0	21940817920	21616082944	610.3	34	8
1910.56	0	255138	0	21943906304	21618917376	613.3	34	8
1911.57	0	255138	0	21947531264	21621956608	616.7	34	8
1912.57	0	255138	0	21950353408	21625278464	633.9	34	8
1913.58	0	255138	0	21953478656	21628289024	650.5	34	8
1914.58	0	255138	0	21956333568	21631111168	617.4	34	8
1915.59	0	255138	0	21958983680	21633904640	611.5	34	8
1916.59	0	255138	0	21961510912	21636849664	607.0	34	8
1917.59	0	255138	0	21964947456	21639766016	617.3	34	8
1918.60	0	255138	0	21968117760	21642674176	615.9	34	8
1919.60	0	255138	0	21970857984	21645402112	614.4	34	8
1920.61	0	255138	0	21973520384	21648322560	592.4	34	8
1921.61	0	255138	0	21977276416	21651537920	654.0	34	8
1922.62	0	255138	0	21980430336	21654626304	646.1	34	8
1923.62	0	255138	0	21982928896	21657718784	597.9	34	8
1924.62	0	255138	0	21985366016	21660680192	631.2	34	8
1925.63	0	255138	0	21988491264	21663657984	598.5	34	8
1926.63	0	255138	0	21992513536	21666631680	622.6	34	8
1927.64	0	255138	0	21995474944	21669720064	652.7	34	8
1928.64	0	255138	0	21997805568	21672820736	661.3	34	8
1929.65	0	255138	0	22000877568	21676154880	641.4	34	8
1930.65	0	255138	0	22003789824	21678891008	624.9	34	8
1931.65	0	255138	0	22006312960	21681786880	633.7	34	8
1932.66	0	255138	0	22009278464	21684625408	611.2	34	8
1933.66	0	255138	0	22012174336	21687406592	590.5	34	8
1934.67	0	255138	0	22015123456	21690281984	632.6	34	8
1935.67	0	255138	0	22017769472	21693181952	640.7	34	8
1936.67	0	255138	0	22021242880	21696081920	602.7	34	8
1937.68	0	255138	0	22024552448	21699145728	633.2	34	8
1938.68	0	255138	0	22027083776	21701926912	629.4	34	8
1939.69	0	255138	0	22030245888	21705125888	675.6	34	8
1940.69	0	256209	0	22126096384	21799747584	689.4	34	8
1941.70	0	261312	0	22041358336	21709004800	912.9	34	8
1942.70	0	266445	0	22048251904	21710700544	781.5	34	8
1943.70	0	271528	0	22054998016	21712277504	789.7	34	8
1944.71	0	276632	0	22062063616	21714153472	827.4	34	8
1945.71	0	281737	0	22069112832	21715664896	722.4	34	8
1946.72	0	286809	0	22075396096	21716951040	682.9	34	8
1947.72	0	291927	0	22082301952	21718724608	756.3	34	8
1948.73	0	297057	0	22089789440	21720449024	765.0	34	8
1949.73	0	302219	0	22095663104	21721604096	710.1	34	8
1950.74	0	307385	0	22103019520	21723250688	805.8	34	8
1951.74	0	312503	0	22109646848	21724811264	725.4	34	8
1952.74	0	317639	0	22116827136	21726486528	785.0	34	8
1953.75	0	322759	0	22124048384	21728190464	777.7	34	8
1954.75	0	327863	0	22130716672	21729599488	730.7	34	8
1955.76	0	333001	0	22136832000	21730951168	757.0	34	8
1956.76	0	338150	0	22143709184	21732421632	716.5	34	8
1957.76	0	343310	0	22150139904	21733822464	706.7	34	8
1958.77	0	348475	0	22156611584	21735231488	710.2	34	8
1959.77	0	353646	0	22163443712	21736718336	748.7	34	8
1960.78	0	358783	0	22170869760	21738274816	744.4	34	8
1961.78	0	363950	0	22177980416	21740158976	781.6	34	8
1962.79	0	369065	0	22184361984	21741555712	756.7	34	8
1963.79	0	374223	0	22191415296	21743013888	764.3	34	8
1964.79	0	379389	0	22198046720	21744578560	769.6	34	8
1965.80	0	384570	0	22205329408	21746245632	740.0	34	8
1966.80	0	389750	0	22212415488	21747875840	743.6	34	8
1967.81	0	394914	0	22219509760	21749284864	750.6	34	8
1968.81	0	400078	0	22225395712	21750714368	718.9	34	8
1969.82	0	405246	0	22233432064	21752258560	722.1	34	8
1970.82	0	408372	0	22236815360	21753536512	693.9	34	8
1971.82	0	408372	0	22238490624	21755035648	648.7	34	8
1972.83	0	408372	0	22240563200	21756936192	681.2	34	8
1973.83	0	408372	0	22241415168	21758488576	690.9	34	8
1974.84	0	408372	0	22242955264	21759938560	621.0	34	8
1975.84	0	408372	0	22243823616	21761388544	622.6	34	8
1976.85	0	408372	0	22245924864	21763178496	679.5	34	8
1977.85	0	408372	0	22247780352	21764788224	656.2	34	8
1978.86	0	408372	0	22249021440	21766320128	660.4	34	8
1979.86	0	408372	0	22249926656	21767725056	634.1	34	8
1980.86	0	408372	0	22251667456	21769129984	617.8	34	8
1981.87	0	408372	0	22253137920	21770547200	634.3	34	8
1982.87	0	408372	0	22254882816	21772128256	673.1	34	8
1983.88	0	408372	0	22256443392	21773869056	681.9	34	8
1984.88	0	408372	0	22258044928	21775409152	678.1	34	8
1985.89	0	408372	0	22259597312	21777006592	666.3	34	8
1986.89	0	408372	0	22261313536	21778579456	653.4	34	8
1987.89	0	408372	0	22262980608	21780189184	715.6	34	8
1988.90	0	408372	0	22264471552	21781762048	632.8	34	8
1989.90	0	408372	0	22265352192	21783166976	609.5	34	8
1990.91	0	408372	0	22266822656	21784559616	636.3	34	8
1991.91	0	408372	0	22268653568	21786144768	633.6	34	8
1992.92	0	408372	0	22270672896	21787512832	592.7	34	8
1993.92	0	408372	0	22272131072	21789118464	701.9	34	8
1994.92	0	408372	0	22273867776	21790932992	680.2	34	8
1995.93	0	408372	0	22275170304	21792329728	630.2	34	8
1996.93	0	408372	0	22277042176	21793755136	628.2	34	8
1997.94	0	408372	0	22278557696	21795192832	646.3	34	8
1998.94	0	408372	0	22279327744	21796823040	633.7	34	8
1999.95	0	408372	0	22281117696	21798301696	656.7	34	8
2000.95	0	408372	0	22282817536	21800054784	694.5	34	8
2001.95	0	408372	0	22284554240	21801500672	652.0	34	8
2002.96	0	408372	0	22285283328	21802889216	653.4	34	8
2003.96	0	408372	0	22287212544	21804425216	638.7	34	8
2004.97	0	408372	0	22288519168	21805928448	602.1	34	8
2005.97	0	408372	0	22290124800	21807566848	643.1	34	8
2006.97	0	408372	0	22291877888	21809192960	668.8	34	8
2007.98	0	408372	0	22293512192	21810786304	605.4	34	8
2008.98	0	408372	0	22295617536	21812281344	658.7	34	8
2009.99	0	408372	0	22296596480	21814108160	700.3	34	8
2010.99	0	408372	0	22298427392	21815517184	651.0	34	8
2012.00	0	408372	0	22300581888	21816995840	610.6	34	8
2013.00	0	408372	0	22301876224	21818564608	618.8	34	8
2014.00	0	408372	0	22303686656	21820317696	663.8	34	8
2015.01	0	408372	0	22304960512	21821902848	643.1	34	8
2016.01	0	408372	0	22306041856	21823303680	587.6	34	8
2017.02	0	408372	0	22307905536	21824733184	619.4	34	8
2018.02	0	408372	0	22309433344	21826392064	712.1	34	8
2019.03	0	408372	0	22310883328	21828218880	696.6	34	8
2020.03	0	408372	0	22312386560	21829685248	650.9	34	8
2021.03	0	408372	0	22314369024	21831217152	628.2	34	8
2022.04	0	408372	0	22315765760	21832749056	625.6	34	8
2023.04	0	408372	0	22317441024	21834412032	616.3	34	8
2024.05	0	408372	0	22318710784	21836025856	672.4	34	8
2025.05	0	408372	0	22320447488	21837455360	653.2	34	8
2026.06	0	408372	0	22322520064	21839241216	664.4	34	8
2027.06	0	408372	0	22324113408	21840560128	603.4	34	8
2028.06	0	408372	0	22325694464	21842386944	663.2	34	8
2029.07	0	408372	0	22327091200	21843816448	632.4	34	8
2030.07	0	408372	0	22328213504	21845225472	585.0	34	8
2031.08	0	408372	0	22329892864	21846700032	666.9	34	8
2032.08	0	408372	0	22331285504	21848309760	648.6	34	8
2033.08	0	408372	0	22333341696	21850120192	649.8	34	8
2034.09	0	408372	0	22333526016	21851205632	579.0	34	8
2035.09	0	408372	0	22335770624	21852934144	652.0	34	8
2036.10	0	408372	0	22337069056	21854441472	631.8	34	8
2037.10	0	408372	0	22339092480	21855854592	630.7	34	8
2038.11	0	408372	0	22339616768	21857271808	632.5	34	8
2039.11	0	408372	0	22341459968	21858684928	619.0	34	8
2040.11	0	408372	0	22342520832	21860098048	598.9	34	8
2041.12	0	408372	0	22344126464	21861498880	627.7	34	8
2042.12	0	408372	0	22345977856	21862928384	644.0	34	8
2043.13	0	408372	0	22346883072	21864321024	607.7	34	8
2044.13	0	408372	0	22349111296	21865934848	651.9	34	8
2045.13	0	408372	0	22349873152	21867147264	610.5	34	8
2046.14	0	408372	0	22351638528	21868605440	633.4	34	8
2047.14	0	408372	0	22353899520	21870301184	723.2	34	8
2048.15	0	408372	0	22354964480	21871800320	646.3	34	8
2049.15	0	408372	0	22356021248	21873082368	605.5	34	8
2050.16	0	408372	0	22357311488	21874683904	645.8	34	8
2051.16	0	408372	0	22358654976	21876109312	654.0	34	8
2052.17	0	408372	0	22360449024	21877751808	671.8	34	8
2053.17	0	408372	0	22362906624	21879169024	553.8	34	8
2054.17	0	408372	0	22363783168	21880590336	609.5	34	8
2055.18	0	408372	0	22365622272	21882384384	654.7	34	8
2056.18	0	408372	0	22367014912	21884104704	658.8	34	8
2057.19	0	408372	0	22368694272	21885739008	671.3	34	8
2058.19	0	408372	0	22370897920	21887250432	619.1	34	8
2059.19	0	408372	0	22371631104	21888622592	626.9	34	8
2060.20	0	408372	0	22373830656	21890469888	706.4	34	8
2061.20	0	408372	0	22374871040	21891895296	620.9	34	8
2062.21	0	408372	0	22376501248	21893300224	626.0	34	8
2063.21	0	408372	0	22377836544	21894709248	618.4	34	8
2064.21	0	408372	0	22380048384	21896564736	645.5	34	8
2065.22	0	408372	0	22381473792	21898223616	651.6	34	8
2066.22	0	408372	0	22383394816	21899702272	656.2	34	8
2067.23	0	408372	0	22384726016	21901340672	707.6	34	8
2068.23	0	408372	0	22386716672	21903101952	663.4	34	8
2069.23	0	408372	0	22387531776	21904494592	610.0	34	8
2070.24	0	408372	0	22388895744	21905891328	617.6	34	8
2071.24	0	408372	0	22390542336	21907419136	620.0	34	8
2072.25	0	408372	0	22392172544	21909028864	646.7	34	8
2073.25	0	408372	0	22393720832	21910626304	614.3	34	8
2074.25	0	408372	0	22395113472	21912244224	592.9	34	8
2075.26	0	408372	0	22397161472	21913653248	607.3	34	8
2076.26	0	408372	0	22398455808	21915070464	653.5	34	8
2077.27	0	408372	0	22400147456	21916581888	649.3	34	8
2078.27	0	408372	0	22401413120	21917892608	593.0	34	8
2079.27	0	408372	0	22402842624	21919391744	651.1	34	8
2080.28	0	408372	0	22403497984	21920735232	622.7	34	8
2081.28	0	408372	0	22405533696	21922549760	689.6	34	8
2082.29	0	408372	0	22407503872	21924057088	597.7	34	8
2083.29	0	408372	0	22408597504	21925326848	572.5	34	8
2084.30	0	408372	0	22410039296	21927047168	661.8	34	8
2085.30	0	408372	0	22411317248	21928308736	583.8	34	8
2086.30	0	408372	0	22412840960	21929865216	617.4	34	8
2087.31	0	408372	0	22414290944	21931286528	629.6	34	8
2088.31	0	408372	0	22415327232	21932707840	621.5	34	8
2089.32	0	408372	0	22417252352	21934161920	616.5	34	8
2090.32	0	408372	0	22418640896	21935575040	581.6	34	8
2091.32	0	408372	0	22420168704	21936967680	619.7	34	8
2092.33	0	408372	0	22421299200	21938483200	641.0	34	8
2093.33	0	408372	0	22422806528	21939961856	642.0	34	8
2094.34	0	408372	0	22424612864	21941268480	616.3	34	8
2095.34	0	408372	0	22425886720	21942755328	614.0	34	8
2096.34	0	408372	0	22427287552	21944225792	634.8	34	8
2097.35	0	408372	0	22429085696	21945761792	635.3	34	8
2098.35	0	408372	0	22430519296	21947248640	636.0	34	8
2099.36	0	408372	0	22431764480	21948628992	620.3	34	8
2100.36	0	408372	0	22433419264	21950365696	655.5	34	8
2101.36	0	408372	0	22435237888	21951774720	634.3	34	8
2102.37	0	408372	0	22436909056	21953245184	649.8	34	8
2103.37	0	408372	0	22437715968	21954756608	642.1	34	8
2104.38	0	408372	0	22439550976	21956382720	651.2	34	8
2105.38	0	408372	0	22441078784	21957959680	662.3	34	8
2106.39	0	408372	0	22442844160	21959503872	684.6	34	8
2107.39	0	408372	0	22444068864	21960949760	637.0	34	8
2108.39	0	408372	0	22445174784	21962354688	622.0	34	8
2109.40	0	408372	0	22446960640	21963841536	612.4	34	8
2110.40	0	408372	0	22448857088	21965660160	670.6	34	8
2111.41	0	408372	0	22450520064	21967290368	651.8	34	8
2112.41	0	408372	0	22452535296	21969272832	733.8	34	8
2113.41	0	408372	0	22454738944	21971361792	712.3	34	8
2114.42	0	408372	0	22455906304	21972893696	644.3	34	8
2115.42	0	408372	0	22457208832	21974241280	596.9	34	8
2116.43	0	408372	0	22458826752	21975810048	647.5	34	8
2117.43	0	408372	0	22459826176	21977227264	599.2	34	8
2118.43	0	408372	0	22460698624	21978636288	656.6	34	8
2119.44	0	408372	0	22461927424	21980049408	664.4	34	8
2120.44	0	408372	0	22463479808	21981536256	666.5	34	8
2121.45	0	408372	0	22465228800	21982879744	666.0	34	8
2122.45	0	408372	0	22467493888	21984890880	655.9	34	8
2123.46	0	408372	0	22468243456	21986111488	563.3	34	8
2124.46	0	408372	0	22470307840	21987491840	627.6	34	8
2125.46	0	408372	0	22471856128	21989224448	627.8	34	8
2126.47	0	408372	0	22473089024	21990486016	673.6	34	8
2127.47	0	408372	0	22474498048	21992058880	671.0	34	8
2128.48	0	408372	0	22475440128	21993492480	635.8	34	8
2129.48	0	408372	0	22477344768	21994909696	602.9	34	8
2130.48	0	408372	0	22479040512	21996326912	652.5	34	8
2131.49	0	408372	0	22480580608	21997735936	640.2	34	8
2132.49	0	408372	0	22482251776	21999480832	642.1	34	8
2133.50	0	408372	0	22483718144	22000902144	652.5	34	8
2134.50	0	408372	0	22485565440	22002708480	628.2	34	8
2135.50	0	408372	0	22486769664	22004117504	646.4	34	8
2136.51	0	408372	0	22487818240	22005710848	691.8	34	8
2137.51	0	408372	0	22489776128	22007189504	674.5	34	8
2138.52	0	408372	0	22491033600	22008369152	577.9	34	8
2139.52	0	408372	0	22492413952	22009892864	636.3	34	8
2140.52	0	408372	0	22494355456	22011531264	689.6	34	8
2141.53	0	408372	0	22495719424	22013321216	633.6	34	8
2142.53	0	408372	0	22497361920	22014734336	607.2	34	8
2143.54	0	408372	0	22498746368	22016147456	602.1	34	8
2144.54	0	408372	0	22500724736	22017552384	614.7	34	8
2145.55	0	408372	0	22501801984	22019145728	661.6	34	8
2146.55	0	408372	0	22503555072	22020706304	629.6	34	8
2147.55	0	408372	0	22505680896	22022230016	640.3	34	8
2148.56	0	408372	0	22506749952	22023921664	668.8	34	8
2149.56	0	408372	0	22508498944	22025703424	692.1	34	8
2150.57	0	408372	0	22510727168	22027083776	651.1	34	8
2151.57	0	408372	0	22512005120	22028730368	665.7	34	8
2152.57	0	408372	0	22513786880	22030204928	606.4	34	8
2153.58	0	408372	0	22514712576	22031667200	638.4	34	8
2154.58	0	408372	0	22516056064	22033080320	606.2	34	8
2155.59	0	408372	0	22518140928	22034493440	617.6	34	8
2156.59	0	408372	0	22519324672	22036070400	646.4	34	8
2157.59	0	408372	0	22520451072	22037573632	632.3	34	8
2158.60	0	408372	0	22522548224	22039289856	690.9	34	8
2159.60	0	408372	0	22523797504	22040829952	587.4	34	8
2160.61	0	408372	0	22525472768	22042238976	651.7	34	8
2161.61	0	408372	0	22527152128	22043742208	655.9	34	8
2162.61	0	408372	0	22528724992	22045286400	646.6	34	8
2163.62	0	408372	0	22530060288	22046920704	641.0	34	8
2164.62	0	408372	0	22531657728	22048587776	672.4	34	8
2165.63	0	408372	0	22532755456	22050000896	617.4	34	8
2166.63	0	408372	0	22534193152	22051368960	631.1	34	8
2167.63	0	408372	0	22535643136	22052806656	615.9	34	8
2168.64	0	408372	0	22537584640	22054490112	642.0	34	8
2169.64	0	408372	0	22538432512	22055755776	617.0	34	8
2170.65	0	408372	0	22540189696	22057340928	669.7	34	8
2171.65	0	408372	0	22541635584	22059040768	681.9	34	8
2172.65	0	408372	0	22543134720	22060539904	625.3	34	8
2173.66	0	408372	0	22544912384	22061957120	631.4	34	8
2174.66	0	408372	0	22545973248	22063374336	595.1	34	8
2175.67	0	408372	0	22547509248	22064791552	622.7	34	8
2176.67	0	408372	0	22548619264	22066212864	622.8	34	8
2177.67	0	408372	0	22550831104	22067965952	683.7	34	8
2178.68	0	408372	0	22552391680	22069731328	651.8	34	8
2179.68	0	408372	0	22554284032	22071156736	627.5	34	8
2180.69	0	408372	0	22555885568	22072582144	623.3	34	8
2181.69	0	408372	0	22557462528	22073995264	590.2	34	8
2182.69	0	408372	0	22558613504	22075764736	682.2	34	8
2183.70	0	408372	0	22560415744	22077386752	630.0	34	8
2184.70	0	408372	0	22562107392	22078889984	622.7	34	8
2185.71	0	408372	0	22563512320	22080360448	628.2	34	8
2186.71	0	408372	0	22565384192	22081822720	595.9	34	8
2187.71	0	408372	0	22567079936	22083457024	615.1	34	8
2188.72	0	408372	0	22567452672	22085136384	684.7	34	8
2189.72	0	408372	0	22569050112	22086705152	680.7	34	8
2190.73	0	408372	0	22570201088	22088163328	660.1	34	8
2191.73	0	408372	0	22572126208	22089814016	633.4	34	8
2192.74	0	408372	0	22573457408	22090924032	614.3	34	8
2193.74	0	408372	0	22574505984	22092390400	648.0	34	8
2194.74	0	408372	0	22576381952	22094045184	642.0	34	8
2195.75	0	408372	0	22577729536	22095511552	635.9	34	8
2196.75	0	408372	0	22579961856	22097244160	654.1	34	8
2197.76	0	408372	0	22581432320	22098722816	609.5	34	8
2198.76	0	408372	0	22582452224	22100127744	616.4	34	8
2199.76	0	408372	0	22583930880	22101544960	586.4	34	8
2200.77	0	408372	0	22585511936	22102966272	612.7	34	8
2201.77	0	408372	0	22587412480	22104383488	587.0	34	8
2202.78	0	408372	0	22589313024	22105985024	670.7	34	8
2203.78	0	408372	0	22590652416	22107688960	694.7	34	8
2204.78	0	408372	0	22592114688	22109335552	634.9	34	8
2205.79	0	408372	0	22593597440	22110752768	606.0	34	8
2206.79	0	408372	0	22595145728	22112202752	602.6	34	8
2207.80	0	408372	0	22596579328	22113595392	601.0	34	8
2208.80	0	408372	0	22597959680	22115196928	646.6	34	8
2209.80	0	408372	0	22599573504	22116638720	639.2	34	8
2210.81	0	408372	0	22601371648	22118326272	644.3	34	8
2211.81	0	408372	0	22602895360	22119936000	637.7	34	8
2212.82	0	408372	0	22604455936	22121177088	623.1	34	8
2213.82	0	408372	0	22605950976	22122758144	666.3	34	8
2214.83	0	408372	0	22607118336	22124175360	613.3	34	8
2215.83	0	408372	0	22608527360	22125588480	612.1	34	8
2216.83	0	408372	0	22609715200	22126997504	588.0	34	8
2217.84	0	408372	0	22611755008	22128418816	608.1	34	8
2218.84	0	408372	0	22613127168	22130216960	678.3	34	8
2219.85	0	408372	0	22614712320	22131896320	652.2	34	8
2220.85	0	408372	0	22616662016	22133354496	610.7	34	8
2221.85	0	408372	0	22617935872	22134800384	611.5	34	8
2222.86	0	408372	0	22619717632	22136627200	675.1	34	8
2223.86	0	408372	0	22620528640	22138093568	616.5	34	8
2224.87	0	408372	0	22622732288	22139600896	665.0	34	8
2225.87	0	408372	0	22624014336	22141173760	609.3	34	8
2226.88	0	408372	0	22625644544	22142623744	610.8	34	8
2227.88	0	408372	0	22627246080	22144094208	637.9	34	8
2228.88	0	408372	0	22629109760	22145789952	668.7	34	8
2229.89	0	408372	0	22630785024	22147485696	657.2	34	8
2230.89	0	408372	0	22632361984	22148956160	627.4	34	8
2231.90	0	408372	0	22634123264	22150381568	605.8	34	8
2232.90	0	408372	0	22635900928	22151974912	647.1	34	8
2233.90	0	408372	0	22637547520	22153650176	669.1	34	8
2234.91	0	408372	0	22639468544	22155259904	717.7	34	8
2235.91	0	408372	0	22641205248	22157123584	671.1	34	8
2236.92	0	408372	0	22642814976	22158848000	664.9	34	8
2237.92	0	408372	0	22644326400	22160052224	578.3	34	8
2238.92	0	408372	0	22645874688	22161383424	619.5	34	8
2239.93	0	408372	0	22647222272	22163038208	671.0	34	8
2240.93	0	408372	0	22648381440	22164512768	604.5	34	8
2241.94	0	408372	0	22649745408	22165913600	612.1	34	8
2242.94	0	408372	0	22651043840	22167343104	597.0	34	8
2243.94	0	408372	0	22652153856	22168768512	615.6	34	8
2244.95	0	408372	0	22654128128	22170533888	685.2	34	8
2245.95	0	408372	0	22655610880	22172180480	657.2	34	8
2246.96	0	408372	0	22657122304	22173691904	645.1	34	8
2247.96	0	408372	0	22658707456	22175113216	637.8	34	8
2248.97	0	408372	0	22659805184	22176526336	610.8	34	8
2249.97	0	408372	0	22661185536	22178029568	645.6	34	8
2250.97	0	408372	0	22662823936	22179364864	647.4	34	8
2251.98	0	408372	0	22664585216	22181380096	649.6	34	8
2252.98	0	408372	0	22666162176	22182744064	629.2	34	8
2253.99	0	408372	0	22667522048	22184116224	612.4	34	8
2254.99	0	408372	0	22669357056	22185689088	638.5	34	8
2256.00	0	408372	0	22670336000	22187102208	656.7	34	8
2257.00	0	408372	0	22672187392	22188544000	651.6	34	8
2258.00	0	408372	0	22673936384	22190030848	636.3	34	8
2259.01	0	408372	0	22675185664	22191415296	609.5	34	8
2260.01	0	408372	0	22676303872	22193131520	645.3	34	8
2261.02	0	408372	0	22677958656	22194475008	597.3	34	8
2262.02	0	408372	0	22679134208	22196121600	645.9	34	8
2263.02	0	408372	0	22681317376	22197739520	635.7	34	8
2264.03	0	408372	0	22682611712	22199148544	648.6	34	8
2265.03	0	408372	0	22683824128	22200565760	625.4	34	8
2266.04	0	408372	0	22686052352	22202327040	711.6	34	8
2267.04	0	408372	0	22687105024	22203850752	609.2	34	8
2268.05	0	408372	0	22689517568	22205431808	630.1	34	8
2269.05	0	408372	0	22690717696	22206930944	657.6	34	8
2270.05	0	408372	0	22691864576	22208413696	647.1	34	8
2271.06	0	408372	0	22693433344	22210072576	656.6	34	8
2272.06	0	408372	0	22694400000	22211239936	570.0	34	8
2273.07	0	408372	0	22696112128	22212583424	593.7	34	8
2274.07	0	408372	0	22697562112	22214049792	649.6	34	8
2275.07	0	408372	0	22699888640	22215729152	662.8	34	8
2276.08	0	408372	0	22700847104	22217420800	668.2	34	8
2277.08	0	408372	0	22702211072	22218575872	583.2	34	8
2278.09	0	408372	0	22704021504	22220161024	623.4	34	8
2279.09	0	408372	0	22704848896	22221672448	618.8	34	8
2280.09	0	408372	0	22706704384	22223171584	633.3	34	8
2281.10	0	408372	0	22707802112	22224601088	632.9	34	8
2282.10	0	408372	0	22710317056	22226210816	628.1	34	8
2283.11	0	408372	0	22711164928	22227709952	624.7	34	8
2284.11	0	408372	0	22712705024	22229143552	626.0	34	8
2285.12	0	408372	0	22714265600	22230970368	634.2	34	8
2286.12	0	408372	0	22715817984	22232391680	625.7	34	8
2287.12	0	408372	0	22717603840	22233804800	600.8	34	8
2288.13	0	408372	0	22718918656	22235222016	602.9	34	8
2289.13	0	408372	0	22720032768	22236897280	673.3	34	8
2290.14	0	408372	0	22721892352	22238707712	678.5	34	8
2291.14	0	408372	0	22723620864	22240198656	578.6	34	8
2292.14	0	408372	0	22725165056	22241710080	660.3	34	8
2293.15	0	408372	0	22726381568	22243057664	604.1	34	8
2294.15	0	408372	0	22727626752	22244708352	647.1	34	8
2295.16	0	408372	0	22729744384	22246580224	686.9	34	8
2296.16	0	408372	0	22731177984	22247997440	606.0	34	8
2297.16	0	408372	0	22732607488	22249414656	599.6	34	8
2298.17	0	408372	0	22734180352	22251094016	671.6	34	8
2299.17	0	408372	0	22736203776	22252679168	636.7	34	8
2300.18	0	408372	0	22737514496	22254387200	638.6	34	8
2301.18	0	408372	0	22738796544	22255800320	617.1	34	8
2302.19	0	408372	0	22740520960	22257221632	605.9	34	8
2303.19	0	408372	0	22741651456	22258647040	638.3	34	8
2304.19	0	408372	0	22743891968	22260322304	700.8	34	8
2305.20	0	408372	0	22745468928	22262018048	627.6	34	8
2306.20	0	408372	0	22746943488	22263533568	653.3	34	8
2307.21	0	408372	0	22748860416	22265016320	595.0	34	8
2308.21	0	408372	0	22749552640	22266429440	593.6	34	8
2309.21	0	408372	0	22750990336	22267846656	635.6	34	8
2310.22	0	408372	0	22753415168	22269620224	662.8	34	8
2311.22	0	408372	0	22754074624	22270955520	636.0	34	8
2312.23	0	408372	0	22756798464	22272724992	639.9	34	8
2313.23	0	408372	0	22758391808	22274228224	619.5	34	8
2314.23	0	408372	0	22759690240	22275645440	615.4	34	8
2315.24	0	408372	0	22761091072	22277058560	604.9	34	8
2316.24	0	408372	0	22762377216	22278688768	646.3	34	8
2317.25	0	408372	0	22764834816	22280511488	654.6	34	8
2318.25	0	408372	0	22765965312	22282031104	631.8	34	8
2319.25	0	408372	0	22766960640	22283448320	621.1	34	8
2320.26	0	408372	0	22768975872	22285234176	654.4	34	8
2321.26	0	408372	0	22770778112	22286610432	616.4	34	8
2322.27	0	408372	0	22771605504	22288375808	680.0	34	8
2323.27	0	408372	0	22773313536	22289719296	605.2	34	8
2324.27	0	408372	0	22775095296	22291226624	643.7	34	8
2325.28	0	408372	0	22776332288	22292631552	619.8	34	8
2326.28	0	408372	0	22778273792	22294122496	671.4	34	8
2327.29	0	408372	0	22780137472	22295928832	643.2	34	8
2328.29	0	408372	0	22781198336	22297333760	589.4	34	8
2329.29	0	408372	0	22782554112	22298738688	630.5	34	8
2330.30	0	408372	0	22784004096	22300327936	639.4	34	8
2331.30	0	408372	0	22785429504	22301810688	600.4	34	8
2332.31	0	408372	0	22786953216	22303223808	626.3	34	8
2333.31	0	408372	0	22788124672	22304686080	605.7	34	8
2334.31	0	408372	0	22789840896	22306385920	639.1	34	8
2335.32	0	408372	0	22791413760	22307876864	616.0	34	8
2336.32	0	408372	0	22793203712	22309576704	638.4	34	8
2337.33	0	408372	0	22794289152	22310993920	639.8	34	8
2338.33	0	408372	0	22796025856	22312419328	607.9	34	8
2339.34	0	408372	0	22797660160	22313848832	640.2	34	8
2340.34	0	408372	0	22798553088	22315511808	654.3	34	8
2341.34	0	408372	0	22800613376	22316990464	642.8	34	8
2342.35	0	408372	0	22802591744	22318743552	671.8	34	8
2343.35	0	408372	0	22803972096	22320189440	628.1	34	8
2344.36	0	408372	0	22805360640	22321602560	630.9	34	8
2345.36	0	408372	0	22806814720	22323015680	616.0	34	8
2346.36	0	408372	0	22808174592	22324523008	615.1	34	8
2347.37	0	408372	0	22809432064	22326235136	630.9	34	8
2348.37	0	408372	0	22811017216	22327971840	654.2	34	8
2349.38	0	408372	0	22812450816	22329425920	619.6	34	8
2350.38	0	408372	0	22813872128	22330904576	608.1	34	8
2351.38	0	408372	0	22816112640	22332751872	714.3	34	8
2352.39	0	408372	0	22817857536	22334332928	672.5	34	8
2353.39	0	408372	0	22819180544	22335741952	596.6	34	8
2354.40	0	408372	0	22820741120	22337523712	724.9	34	8
2355.40	0	408372	0	22822170624	22339194880	674.0	34	8
2356.40	0	408372	0	22823968768	22340673536	642.4	34	8
2357.41	0	408372	0	22825914368	22342094848	651.4	34	8
2358.41	0	408372	0	22827089920	22343499776	619.6	34	8
2359.42	0	408372	0	22828400640	22344916992	649.2	34	8
2360.42	0	408372	0	22830190592	22346498048	652.5	34	8
2361.42	0	408372	0	22831321088	22348341248	673.4	34	8
2362.43	0	408372	0	22833045504	22349840384	649.3	34	8
2363.43	0	408372	0	22834733056	22351273984	622.9	34	8
2364.44	0	408372	0	22836166656	22352855040	636.2	34	8
2365.44	0	408372	0	22838255616	22354669568	673.3	34	8
2366.45	0	408372	0	22839758848	22355992576	630.0	34	8
2367.45	0	408372	0	22841597952	22357639168	662.5	34	8
2368.45	0	408372	0	22842408960	22359040000	635.9	34	8
2369.46	0	408372	0	22843822080	22360489984	646.0	34	8
2370.46	0	408372	0	22845464576	22362337280	669.5	34	8
2371.47	0	408372	0	22847242240	22363795456	646.3	34	8
2372.47	0	408372	0	22849204224	22365265920	612.5	34	8
2373.47	0	408372	0	22849941504	22366822400	663.2	34	8
2374.48	0	408372	0	22851751936	22368231424	632.8	34	8
2375.48	0	408372	0	22853136384	22369652736	630.0	34	8
2376.49	0	408372	0	22854279168	22371069952	638.6	34	8
2377.49	0	408372	0	22855692288	22372478976	617.5	34	8
2378.50	0	408372	0	22857318400	22374240256	726.5	34	8
2379.50	0	408372	0	22859079680	22375743488	622.8	34	8
2380.50	0	408372	0	22860537856	22377197568	627.1	34	8
2381.51	0	408372	0	22861697024	22378545152	635.1	34	8
2382.51	0	408372	0	22863945728	22380249088	698.5	34	8
2383.52	0	408372	0	22865162240	22381666304	628.0	34	8
2384.52	0	408372	0	22866386944	22383083520	614.1	34	8
2385.52	0	408372	0	22867472384	22384517120	653.3	34	8
2386.53	0	408372	0	22869434368	22386298880	685.8	34	8
2387.53	0	408372	0	22871822336	22387982336	678.2	34	8
2388.54	0	408372	0	22872227840	22389317632	618.5	34	8
2389.54	0	408372	0	22874361856	22390845440	641.8	34	8
2390.54	0	408372	0	22875594752	22392446976	659.9	34	8
2391.55	0	408372	0	22876774400	22393819136	592.8	34	8
2392.55	0	408372	0	22878879744	22395232256	609.4	34	8
2393.56	0	408372	0	22880444416	22396968960	638.8	34	8
2394.56	0	408372	0	22882287616	22398595072	640.9	34	8
2395.57	0	408372	0	22883676160	22400024576	629.8	34	8
2396.57	0	408372	0	22885548032	22401437696	628.4	34	8
2397.57	0	408372	0	22887141376	22403022848	639.5	34	8
2398.58	0	408372	0	22887776256	22404337664	588.2	34	8
2399.58	0	408372	0	22889578496	22405971968	615.6	34	8
2400.59	0	408372	0	22890987520	22407749632	700.7	34	8
2401.59	0	408372	0	22893195264	22409248768	634.7	34	8
2402.59	0	408372	0	22895349760	22411018240	663.1	34	8
2403.60	0	408372	0	22896451584	22412152832	583.2	34	8
2404.60	0	408372	0	22897299456	22413795328	661.2	34	8
2405.61	0	408372	0	22899421184	22415564800	628.0	34	8
2406.61	0	408372	0	22900768768	22416986112	595.9	34	8
2407.61	0	408372	0	22902288384	22418436096	586.0	34	8
2408.62	0	408372	0	22904246272	22420353024	698.1	34	8
2409.62	0	408372	0	22905532416	22421934080	622.7	34	8
2410.63	0	408372	0	22907187200	22423351296	629.4	34	8
2411.63	0	408372	0	22908792832	22424801280	645.0	34	8
2412.63	0	408372	0	22910140416	22426378240	649.7	34	8
2413.64	0	408372	0	22911631360	22428307456	655.5	34	8
2414.64	0	408372	0	22913265664	22429708288	604.7	34	8
2415.65	0	408372	0	22914433024	22431195136	627.5	34	8
2416.65	0	408372	0	22916116480	22432866304	660.6	34	8
2417.66	0	408372	0	22917672960	22434656256	647.9	34	8
2418.66	0	408372	0	22919045120	22436077568	614.2	34	8
2419.66	0	408372	0	22919774208	22437261312	597.4	34	8
2420.67	0	408372	0	22922203136	22438907904	631.1	34	8
2421.67	0	408372	0	22923137024	22440325120	602.3	34	8
2422.68	0	408372	0	22924898304	22441738240	567.7	34	8
2423.68	0	408372	0	22926778368	22443200512	624.8	34	8
2424.69	0	408372	0	22928289792	22444957696	694.4	34	8
2425.69	0	408372	0	22930124800	22446727168	685.4	34	8
2426.69	0	408372	0	22931988480	22448181248	629.0	34	8
2427.70	0	408372	0	22934118400	22449885184	615.3	34	8
2428.70	0	408372	0	22935347200	22451568640	633.5	34	8
2429.71	0	408372	0	22936846336	22453092352	627.9	34	8
2430.71	0	408372	0	22938034176	22454509568	611.8	34	8
2431.72	0	408372	0	22940020736	22456262656	647.1	34	8
2432.72	0	408372	0	22941454336	22457729024	634.4	34	8
2433.72	0	408372	0	22942724096	22459461632	608.0	34	8
2434.73	0	408372	0	22944391168	22460915712	616.6	34	8
2435.73	0	408372	0	22946217984	22462771200	640.5	34	8
2436.74	0	408372	0	22948229120	22464163840	622.6	34	8
2437.74	0	408372	0	22948786176	22465441792	604.2	34	8
2438.74	0	408372	0	22950375424	22467256320	627.5	34	8
2439.75	0	408372	0	22952464384	22468673536	631.7	34	8
2440.75	0	408372	0	22953414656	22470246400	626.9	34	8
2441.76	0	408372	0	22955249664	22471671808	627.8	34	8
2442.76	0	408372	0	22956683264	22473261056	642.9	34	8
2443.77	0	408372	0	22958460928	22474792960	671.6	34	8
2444.77	0	408372	0	22959755264	22476468224	651.9	34	8
2445.77	0	408372	0	22961618944	22477910016	600.6	34	8
2446.78	0	408372	0	22963159040	22479630336	668.1	34	8
2447.78	0	408372	0	22965317632	22481231872	663.1	34	8
2448.79	0	408372	0	22966808576	22482853888	671.8	34	8
2449.79	0	408372	0	22967963648	22484336640	625.3	34	8
2450.80	0	408372	0	22969733120	22486036480	658.2	34	8
2451.80	0	408372	0	22971301888	22487666688	651.9	34	8
2452.80	0	408372	0	22973153280	22489239552	631.2	34	8
2453.81	0	408372	0	22974533632	22490656768	635.0	34	8
2454.81	0	408372	0	22975377408	22492082176	642.6	34	8
2455.82	0	408372	0	22977363968	22493589504	607.9	34	8
2456.82	0	408372	0	22979215360	22495346688	661.8	34	8
2457.82	0	408372	0	22981058560	22497058816	607.3	34	8
2458.83	0	408372	0	22982545408	22498529280	632.4	34	8
2459.83	0	408372	0	22984126464	22500347904	627.9	34	8
2460.84	0	408372	0	22985592832	22502019072	678.8	34	8
2461.84	0	408372	0	22986887168	22503436288	597.0	34	8
2462.85	0	408372	0	22988365824	22504914944	633.6	34	8
2463.85	0	408372	0	22990581760	22506377216	634.1	34	8
2464.85	0	408372	0	22992166912	22508036096	648.7	34	8
2465.86	0	408372	0	22993670144	22509785088	707.3	34	8
2466.86	0	408372	0	22994644992	22511239168	644.4	34	8
2467.87	0	408372	0	22996520960	22512697344	662.6	34	8
2468.87	0	410687	0	23159205888	22672183296	671.1	34	8
2469.87	0	415867	0	23006175232	22514331648	628.9	34	8
2470.88	0	420706	0	23014658048	22517768192	729.1	34	8
2471.88	0	425941	0	23020232704	22514999296	724.3	34	8
2472.89	0	431173	0	23026167808	22516396032	744.7	34	8
2473.89	0	436416	0	23033393152	22517964800	714.4	34	8
2474.89	0	441631	0	23040806912	22519529472	779.7	34	8
2475.90	0	446847	0	23047610368	22521016320	754.2	34	8
2476.90	0	452094	0	23054389248	22522638336	760.8	34	8
2477.91	0	457344	0	23061884928	22524030976	742.8	34	8
2478.91	0	462579	0	23068119040	22525542400	703.3	34	8
2479.91	0	467798	0	23074992128	22527119360	724.1	34	8
2480.92	0	472981	0	23081529344	22528536576	695.4	34	8
2481.92	0	478149	0	23088676864	22530011136	730.4	34	8
2482.93	0	483352	0	23095631872	22531657728	810.1	34	8
2483.93	0	488390	0	23101878272	22533189632	725.7	34	8
2484.93	0	493445	0	23108538368	22534787072	792.5	34	8
2485.94	0	498625	0	23115636736	22536232960	756.8	34	8
2486.94	0	503704	0	23122677760	22537830400	766.2	34	8
2487.95	0	508502	0	23129690112	22539341824	739.0	34	8
2488.95	0	513458	0	23136464896	22540836864	725.7	34	8
2489.96	0	518431	0	23142268928	22542225408	783.8	34	8
2490.96	0	523389	0	23149076480	22543843328	757.3	34	8
2491.96	0	528328	0	23155908608	22545412096	804.2	34	8
2492.97	0	533392	0	23162867712	22547075072	705.1	34	8
2493.97	0	538429	0	23169654784	22548549632	771.0	34	8
2494.98	0	543356	0	23175577600	22550147072	779.2	34	8
2495.98	0	548411	0	23182516224	22551617536	759.1	34	8
2496.98	0	552676	0	23188893696	22553075712	732.9	34	8
2497.99	0	552676	0	23189499904	22554521600	624.8	34	8
2498.99	0	552676	0	23190568960	22555983872	617.1	34	8
2500.00	0	552676	0	23191412736	22557569024	650.7	34	8
2501.00	0	552676	0	23193497600	22559150080	660.7	34	8
2502.00	0	552676	0	23196200960	22560710656	656.7	34	8
2503.01	0	552676	0	23197929472	22562312192	684.6	34	8
2504.01	0	552676	0	23199039488	22563835904	658.9	34	8
2505.02	0	552676	0	23199137792	22565437440	618.5	34	8
2506.02	0	552676	0	23201591296	22566883328	623.4	34	8
2507.03	0	552676	0	23202725888	22568472576	655.7	34	8
2508.03	0	552676	0	23204315136	22570061824	664.3	34	8
2509.03	0	552676	0	23206068224	22571749376	613.7	34	8
2510.04	0	552676	0	23207993344	22573346816	629.4	34	8
2511.04	0	552676	0	23209545728	22574940160	675.2	34	8
2512.05	0	552676	0	23211036672	22576586752	663.6	34	8
2513.05	0	552676	0	23211511808	22578106368	638.6	34	8
2514.05	0	552676	0	23213518848	22579609600	593.0	34	8
2515.06	0	552676	0	23214649344	22581116928	606.9	34	8
2516.06	0	552676	0	23217082368	22582767616	705.6	34	8
2517.07	0	552676	0	23218692096	22584356864	635.6	34	8
2518.07	0	552676	0	23220248576	22585999360	645.1	34	8
2519.07	0	552676	0	23222030336	22587498496	640.2	34	8
2520.08	0	552676	0	23222341632	22589063168	689.5	34	8
2521.08	0	552676	0	23224307712	22590472192	632.6	34	8
2522.09	0	552676	0	23226634240	22592135168	616.2	34	8
2523.09	0	552676	0	23228215296	22593703936	645.0	34	8
2524.10	0	552676	0	23229779968	22595309568	697.8	34	8
2525.10	0	552676	0	23230869504	22596681728	575.4	34	8
2526.10	0	552676	0	23232647168	22598279168	652.2	34	8
2527.11	0	552676	0	23234560000	22599974912	649.9	34	8
2528.11	0	552676	0	23235149824	22601428992	642.3	34	8
2529.12	0	552676	0	23237087232	22603018240	619.6	34	8
2530.12	0	552676	0	23238582272	22604500992	633.5	34	8
2531.12	0	552676	0	23240130560	22606065664	601.3	34	8
2532.13	0	552676	0	23241965568	22607667200	627.3	34	8
2533.13	0	552676	0	23244001280	22609457152	617.8	34	8
2534.14	0	552676	0	23245131776	22610935808	665.3	34	8
2535.14	0	552676	0	23246479360	22612512768	645.8	34	8
2536.14	0	552676	0	23247712256	22613979136	642.5	34	8
2537.15	0	552676	0	23248834560	22615408640	605.0	34	8
2538.15	0	552676	0	23251165184	22616932352	620.9	34	8
2539.16	0	552676	0	23252824064	22618419200	613.6	34	8
2540.16	0	552676	0	23253819392	22620131328	666.9	34	8
2541.16	0	552676	0	23255699456	22621822976	696.3	34	8
2542.17	0	552676	0	23257231360	22623436800	607.3	34	8
2543.17	0	552676	0	23258607616	22624800768	638.8	34	8
2544.18	0	552676	0	23260221440	22626418688	644.6	34	8
2545.18	0	552676	0	23261970432	22628122624	649.8	34	8
2546.19	0	552676	0	23263338496	22629421056	608.8	34	8
2547.19	0	552676	0	23265652736	22631088128	624.3	34	8
2548.19	0	552676	0	23267061760	22632677376	637.5	34	8
2549.20	0	552676	0	23268315136	22634233856	646.7	34	8
2550.20	0	552676	0	23269912576	22635741184	621.1	34	8
2551.21	0	552676	0	23271141376	22637158400	603.1	34	8
2552.21	0	552676	0	23273287680	22638772224	656.9	34	8
2553.21	0	552676	0	23274409984	22640381952	632.0	34	8
2554.22	0	552676	0	23276142592	22642069504	641.1	34	8
2555.22	0	552676	0	23277887488	22643535872	624.0	34	8
2556.23	0	552676	0	23279534080	22645223424	643.6	34	8
2557.23	0	552676	0	23281410048	22646816768	607.8	34	8
2558.24	0	552676	0	23283060736	22648295424	652.1	34	8
2559.24	0	552676	0	23283900416	22649888768	615.8	34	8
2560.24	0	552676	0	23285518336	22651314176	597.3	34	8
2561.25	0	552676	0	23287054336	22652895232	658.7	34	8
2562.25	0	552676	0	23289188352	22654603264	643.0	34	8
2563.26	0	552676	0	23290793984	22656090112	595.6	34	8
2564.26	0	552676	0	23292497920	22657634304	603.5	34	8
2565.26	0	552676	0	23293947904	22659137536	656.7	34	8
2566.27	0	552676	0	23295803392	22660734976	654.5	34	8
2567.27	0	552676	0	23297298432	22662443008	646.8	34	8
2568.28	0	552676	0	23298486272	22663868416	637.9	34	8
2569.28	0	552676	0	23300640768	22665383936	624.8	34	8
2570.29	0	552676	0	23300775936	22666846208	608.2	34	8
2571.29	0	552676	0	23303208960	22668251136	613.7	34	8
2572.29	0	552676	0	23304769536	22669807616	639.6	34	8
2573.30	0	552676	0	23306100736	22671298560	612.4	34	8
2574.30	0	552676	0	23307161600	22672867328	706.7	34	8
2575.31	0	552676	0	23308775424	22674378752	660.7	34	8
2576.31	0	552676	0	23310098432	22675787776	597.2	34	8
2577.31	0	552676	0	23311278080	22677102592	617.2	34	8
2578.32	0	552676	0	23313338368	22678523904	645.8	34	8
2579.32	0	552676	0	23314591744	22680072192	606.8	34	8
2580.33	0	552676	0	23315816448	22681485312	617.9	34	8
2581.33	0	552676	0	23317573632	22682988544	627.5	34	8
2582.33	0	552676	0	23319609344	22684778496	707.1	34	8
2583.34	0	552676	0	23321710592	22686371840	650.5	34	8
2584.34	0	552676	0	23322640384	22687866880	667.5	34	8
2585.35	0	552676	0	23324643328	22689374208	623.4	34	8
2586.35	0	552676	0	23325786112	22690766848	621.8	34	8
2587.36	0	552676	0	23327391744	22692347904	675.6	34	8
2588.36	0	552676	0	23328321536	22693842944	684.9	34	8
2589.36	0	552676	0	23330263040	22695325696	660.5	34	8
2590.37	0	552676	0	23330840576	22696837120	640.0	34	8
2591.37	0	552676	0	23332573184	22698156032	613.6	34	8
2592.38	0	552676	0	23334330368	22699683840	600.2	34	8
2593.38	0	552676	0	23336206336	22701158400	606.5	34	8
2594.38	0	552676	0	23337545728	22702882816	610.8	34	8
2595.39	0	552676	0	23338991616	22704697344	710.8	34	8
2596.39	0	552676	0	23341019136	22706376704	657.0	34	8
2597.40	0	552676	0	23343067136	22707998720	666.0	34	8
2598.40	0	552676	0	23344508928	22709485568	637.7	34	8
2599.41	0	552676	0	23345147904	22711017472	624.4	34	8
2600.41	0	552676	0	23347240960	22712786944	639.8	34	8
2601.42	0	552676	0	23348707328	22714507264	650.1	34	8
2602.42	0	552676	0	23350587392	22716190720	627.0	34	8
2603.42	0	552676	0	23352483840	22717902848	626.5	34	8
2604.43	0	552676	0	23353667584	22719492096	660.8	34	8
2605.43	0	552676	0	23355707392	22721163264	621.9	34	8
2606.44	0	552676	0	23357022208	22722785280	604.3	34	8
2607.44	0	552676	0	23358906368	22724329472	657.7	34	8
2608.45	0	552676	0	23360630784	22725873664	622.4	34	8
2609.45	0	552676	0	23361818624	22727495680	626.4	34	8
2610.45	0	552676	0	23363444736	22729191424	656.0	34	8
2611.46	0	552676	0	23365603328	22730870784	688.2	34	8
2612.46	0	552676	0	23367819264	22732324864	614.1	34	8
2613.47	0	552676	0	23368372224	22733901824	616.7	34	8
2614.47	0	552676	0	23370043392	22735421440	604.5	34	8
2615.48	0	552676	0	23371694080	22737199104	686.9	34	8
2616.48	0	552676	0	23373828096	22738804736	678.1	34	8
2617.48	0	552676	0	23375384576	22740283392	606.7	34	8
2618.49	0	552676	0	23376588800	22741602304	626.1	34	8
2619.49	0	552676	0	23377821696	22743134208	627.9	34	8
2620.50	0	552676	0	23379144704	22744776704	600.0	34	8
2621.50	0	552676	0	23381106688	22746288128	636.4	34	8
2622.51	0	552676	0	23382831104	22747971584	705.3	34	8
2623.51	0	552676	0	23384195072	22749618176	594.7	34	8
2624.51	0	552676	0	23385939968	22751084544	642.9	34	8
2625.52	0	552676	0	23387922432	22752645120	660.7	34	8
2626.52	0	552676	0	23388860416	22754025472	644.3	34	8
2627.53	0	552676	0	23390363648	22755618816	663.5	34	8
2628.53	0	552676	0	23391690752	22757036032	603.5	34	8
2629.53	0	552676	0	23392874496	22758354944	620.2	34	8
2630.54	0	552676	0	23394107392	22759907328	670.2	34	8
2631.54	0	552676	0	23396253696	22761451520	663.1	34	8
2632.55	0	552676	0	23397621760	22762934272	618.6	34	8
2633.55	0	552676	0	23398793216	22764441600	605.3	34	8
2634.55	0	552676	0	23399956480	22765838336	603.0	34	8
2635.56	0	552676	0	23402631168	22767534080	622.2	34	8
2636.56	0	552676	0	23403646976	22769176576	717.4	34	8
2637.57	0	552676	0	23405797376	22770786304	633.7	34	8
2638.57	0	552676	0	23406874624	22772363264	608.3	34	8
2639.58	0	552676	0	23408009216	22773936128	667.5	34	8
2640.58	0	552676	0	23409393664	22775611392	642.9	34	8
2641.58	0	552676	0	23411339264	22777044992	622.5	34	8
2642.59	0	552676	0	23412674560	22778757120	640.4	34	8
2643.59	0	552676	0	23414480896	22780477440	661.3	34	8
2644.60	0	552676	0	23416336384	22782140416	633.9	34	8
2645.60	0	552676	0	23418191872	22783832064	646.7	34	8
2646.60	0	552676	0	23420104704	22785511424	646.4	34	8
2647.61	0	552676	0	23421575168	22787031040	647.0	34	8
2648.61	0	552676	0	23422959616	22788829184	624.6	34	8
2649.62	0	552676	0	23424745472	22790529024	663.5	34	8
2650.62	0	552676	0	23426052096	22792224768	670.4	34	8
2651.62	0	552676	0	23427846144	22793904128	653.4	34	8
2652.63	0	552676	0	23429410816	22795309056	661.3	34	8
2653.63	0	552676	0	23430983680	22796963840	681.9	34	8
2654.64	0	552676	0	23432888320	22798528512	641.6	34	8
2655.64	0	552676	0	23434096640	22800109568	637.8	34	8
2656.64	0	552676	0	23436111872	22801694720	630.7	34	8
2657.65	0	552676	0	23437234176	22803402752	667.7	34	8
2658.65	0	552676	0	23439052800	22806212608	648.4	34	8
2659.66	0	552676	0	23440486400	22807830528	642.7	34	8
2660.66	0	552676	0	23443001344	22809268224	642.4	34	8
2661.67	0	552676	0	23444115456	22810787840	643.8	34	8
2662.67	0	552676	0	23445676032	22812487680	620.8	34	8
2663.67	0	552676	0	23446855680	22813954048	681.5	34	8
2664.68	0	552676	0	23448621056	22815649792	615.7	34	8
2665.68	0	552676	0	23450812416	22817222656	660.9	34	8
2666.69	0	552676	0	23452913664	22819069952	704.7	34	8
2667.69	0	552676	0	23453888512	22820556800	630.9	34	8
2668.69	0	552676	0	23455985664	22822305792	648.0	34	8
2669.70	0	552676	0	23456534528	22823772160	709.0	34	8
2670.70	0	552676	0	23457923072	22825304064	635.2	34	8
2671.71	0	552676	0	23459794944	22826905600	650.6	34	8
2672.71	0	552676	0	23462043648	22828584960	618.9	34	8
2673.71	0	552676	0	23463923712	22830284800	665.2	34	8
2674.72	0	552676	0	23465242624	22831779840	640.1	34	8
2675.72	0	552676	0	23466168320	22833360896	632.4	34	8
2676.73	0	552676	0	23468027904	22834954240	614.8	34	8
2677.73	0	552676	0	23469371392	22836523008	659.3	34	8
2678.73	0	552676	0	23471218688	22838112256	675.4	34	8
2679.74	0	552676	0	23473074176	22839721984	663.1	34	8
2680.74	0	552676	0	23474417664	22841262080	655.9	34	8
2681.75	0	552676	0	23476244480	22842839040	637.5	34	8
2682.75	0	552676	0	23477645312	22844350464	661.3	34	8
2683.76	0	552676	0	23478562816	22845915136	666.7	34	8
2684.76	0	552676	0	23479930880	22847471616	671.3	34	8
2685.76	0	552676	0	23481974784	22848868352	658.0	34	8
2686.77	0	552676	0	23483691008	22850437120	654.3	34	8
2687.77	0	552676	0	23485218816	22851899392	644.9	34	8
2688.78	0	552676	0	23486439424	22853337088	645.8	34	8
2689.78	0	552676	0	23488524288	22854828032	648.9	34	8
2690.78	0	552676	0	23489200128	22856400896	613.6	34	8
2691.79	0	552676	0	23490875392	22857883648	634.5	34	8
2692.79	0	552676	0	23492640768	22859628544	660.6	34	8
2693.80	0	552676	0	23493718016	22861238272	636.5	34	8
2694.80	0	552676	0	23495323648	22862872576	656.9	34	8
2695.81	0	552676	0	23497445376	22864580608	616.8	34	8
2696.81	0	552676	0	23498858496	22866161664	682.7	34	8
2697.81	0	552676	0	23501254656	22867800064	645.2	34	8
2698.82	0	552676	0	23502864384	22869381120	608.4	34	8
2699.82	0	552676	0	23503990784	22870999040	626.4	34	8
2700.83	0	552676	0	23505956864	22872674304	679.7	34	8
2701.83	0	552676	0	23507218432	22874341376	657.1	34	8
2702.83	0	552676	0	23508647936	22875680768	606.4	34	8
2703.84	0	552676	0	23510503424	22877290496	650.6	34	8
2704.84	0	552676	0	23511982080	22878945280	664.4	34	8
2705.85	0	552676	0	23513571328	22880489472	685.7	34	8
2706.85	0	552676	0	23514697728	22882058240	611.2	34	8
2707.85	0	552676	0	23516327936	22883610624	628.5	34	8
2708.86	0	552676	0	23518195712	22885179392	638.6	34	8
2709.86	0	552676	0	23519301632	22886744064	642.7	34	8
2710.87	0	552676	0	23520890880	22888361984	679.0	34	8
2711.87	0	552676	0	23522992128	22889922560	605.9	34	8
2712.87	0	552676	0	23524626432	22891311104	588.8	34	8
2713.88	0	552676	0	23526141952	22892847104	630.7	34	8
2714.88	0	552676	0	23527550976	22894469120	598.6	34	8
2715.89	0	552676	0	23529324544	22896091136	672.4	34	8
2716.89	0	552676	0	23530283008	22897815552	617.0	34	8
2717.89	0	552676	0	23531651072	22899326976	601.3	34	8
2718.90	0	552676	0	23533535232	22900850688	656.0	34	8
2719.90	0	552676	0	23534653440	22902370304	624.5	34	8
2720.91	0	552676	0	23536181248	22903877632	643.3	34	8
2721.91	0	552676	0	23537950720	22905454592	651.6	34	8
2722.92	0	552676	0	23539642368	22907117568	611.6	34	8
2723.92	0	552676	0	23542075392	22908928000	681.1	34	8
2724.92	0	552676	0	23544442880	22910480384	625.5	34	8
2725.93	0	552676	0	23544852480	22911926272	585.3	34	8
2726.93	0	552676	0	23546564608	22913495040	590.3	34	8
2727.94	0	552676	0	23547838464	22915100672	630.0	34	8
2728.94	0	552676	0	23549554688	22916759552	661.9	34	8
2729.94	0	552676	0	23551586304	22918463488	600.2	34	8
2730.95	0	552676	0	23553118208	22920130560	647.5	34	8
2731.95	0	552676	0	23554965504	22921850880	638.9	34	8
2732.96	0	552676	0	23557505024	22923661312	677.8	34	8
2733.96	0	552676	0	23559127040	22925250560	637.8	34	8
2734.96	0	552676	0	23560196096	22926700544	631.8	34	8
2735.97	0	552676	0	23562018816	22928310272	640.9	34	8
2736.97	0	552676	0	23563448320	22929760256	609.8	34	8
2737.98	0	552676	0	23565307904	22931451904	646.2	34	8
2738.98	0	552676	0	23566561280	22933159936	723.9	34	8
2739.98	0	552676	0	23567814656	22934691840	590.1	34	8
2740.99	0	552676	0	23568916480	22936104960	614.6	34	8
2741.99	0	552676	0	23570731008	22937595904	627.5	34	8
2743.00	0	552676	0	23572373504	22939205632	665.8	34	8
2744.00	0	552676	0	23573430272	22940467200	610.9	34	8
2745.00	0	552676	0	23575166976	22942158848	690.9	34	8
2746.01	0	552676	0	23576735744	22943657984	623.8	34	8
2747.01	0	552676	0	23578034176	22945095680	614.7	34	8
2748.02	0	552676	0	23579934720	22946643968	630.1	34	8
2749.02	0	552676	0	23580717056	22948016128	608.8	34	8
2750.03	0	552676	0	23582531584	22949625856	596.9	34	8
2751.03	0	552676	0	23583838208	22951211008	630.9	34	8
2752.03	0	552676	0	23586041856	22952828928	661.4	34	8
2753.04	0	552676	0	23586852864	22954237952	672.1	34	8
2754.04	0	552676	0	23588270080	22955630592	608.6	34	8
2755.05	0	552676	0	23590207488	22957260800	668.4	34	8
2756.05	0	552676	0	23591378944	22958755840	609.4	34	8
2757.05	0	552676	0	23593082880	22960115712	610.2	34	8
2758.06	0	552676	0	23595134976	22961704960	635.0	34	8
2759.06	0	552676	0	23596445696	22963245056	615.7	34	8
2760.07	0	552676	0	23597625344	22964707328	667.8	34	8
2761.07	0	552676	0	23599329280	22966243328	654.8	34	8
2762.07	0	552676	0	23599964160	22967848960	699.5	34	8
2763.08	0	552676	0	23601741824	22969528320	642.5	34	8
2764.08	0	552676	0	23603421184	22970941440	593.8	34	8
2765.09	0	552676	0	23605641216	22972596224	671.0	34	8
2766.09	0	552676	0	23607173120	22974214144	652.0	34	8
2767.09	0	552676	0	23608819712	22975717376	638.4	34	8
2768.10	0	552676	0	23610109952	22977060864	623.6	34	8
2769.10	0	552676	0	23611871232	22978531328	613.8	34	8
2770.11	0	552676	0	23613042688	22979993600	607.2	34	8
2771.11	0	552676	0	23614160896	22981472256	613.3	34	8
2772.11	0	552676	0	23616225280	22982893568	604.9	34	8
2773.12	0	552676	0	23617761280	22984421376	591.7	34	8
2774.12	0	552676	0	23619579904	22985986048	637.5	34	8
2775.13	0	552676	0	23621128192	22987644928	680.7	34	8
2776.13	0	552676	0	23623098368	22989369344	639.6	34	8
2777.13	0	552676	0	23624388608	22990954496	638.0	34	8
2778.14	0	552676	0	23625965568	22992633856	728.7	34	8
2779.14	0	552676	0	23627186176	22994104320	627.5	34	8
2780.15	0	552676	0	23628353536	22995496960	594.9	34	8
2781.15	0	552676	0	23629701120	22997020672	586.9	34	8
2782.15	0	552676	0	23631519744	22998552576	605.0	34	8
2783.16	0	552676	0	23633326080	23000244224	631.6	34	8
2784.16	0	552676	0	23634608128	23001849856	661.9	34	8
2785.17	0	552676	0	23636590592	23003369472	615.7	34	8
2786.17	0	552676	0	23637839872	23004934144	601.5	34	8
2787.17	0	552676	0	23639175168	23006457856	618.6	34	8
2788.18	0	552676	0	23641591808	23008206848	696.9	34	8
2789.18	0	552676	0	23642759168	23009849344	667.5	34	8
2790.19	0	552676	0	23644340224	23011418112	636.7	34	8
2791.19	0	552676	0	23646445568	23013122048	674.7	34	8
2792.19	0	552676	0	23648063488	23014813696	641.0	34	8
2793.20	0	552676	0	23649181696	23016300544	617.2	34	8
2794.20	0	552676	0	23650668544	23017836544	633.5	34	8
2795.21	0	552676	0	23652782080	23019356160	632.3	34	8
2796.21	0	552676	0	23653834752	23020879872	622.9	34	8
2797.21	0	552676	0	23656239104	23022407680	644.7	34	8
2798.22	0	552676	0	23657345024	23023915008	682.3	34	8
2799.22	0	552676	0	23658717184	23025344512	615.8	34	8
2800.23	0	552676	0	23659843584	23026827264	635.0	34	8
2801.23	0	552676	0	23660965888	23028436992	601.3	34	8
2802.23	0	552676	0	23663325184	23029964800	623.5	34	8
2803.24	0	552676	0	23665188864	23031640064	689.9	34	8
2804.24	0	552676	0	23666319360	23033208832	673.3	34	8
2805.25	0	552676	0	23667707904	23034847232	661.6	34	8
2806.25	0	552676	0	23669456896	23036293120	629.8	34	8
2807.25	0	552676	0	23670947840	23037923328	656.9	34	8
2808.26	0	552676	0	23672242176	23039328256	635.0	34	8
2809.26	0	552676	0	23674384384	23040995328	712.8	34	8
2810.27	0	552676	0	23676096512	23042461696	628.1	34	8
2811.27	0	552676	0	23677120512	23043915776	606.3	34	8
2812.27	0	552676	0	23679320064	23045795840	678.2	34	8
2813.28	0	552676	0	23680909312	23047581696	637.0	34	8
2814.28	0	552676	0	23682334720	23049064448	619.5	34	8
2815.29	0	552676	0	23684374528	23050637312	631.3	34	8
2816.29	0	552676	0	23686074368	23052111872	621.4	34	8
2817.30	0	552676	0	23687483392	23053746176	650.6	34	8
2818.30	0	552676	0	23689220096	23055319040	659.1	34	8
2819.30	0	552676	0	23690518528	23056863232	620.8	34	8
2820.31	0	552676	0	23691804672	23058526208	710.9	34	8
2821.31	0	552676	0	23693332480	23060074496	645.6	34	8
2822.32	0	552676	0	23695380480	23061499904	599.9	34	8
2823.32	0	552676	0	23695962112	23062925312	592.2	34	8
2824.32	0	552676	0	23698546688	23064592384	625.5	34	8
2825.33	0	552676	0	23699443712	23066202112	646.2	34	8
2826.33	0	552676	0	23700070400	23067586560	638.9	34	8
2827.34	0	552676	0	23702130688	23069016064	602.0	34	8
2828.34	0	552676	0	23703572480	23070531584	691.4	34	8
2829.34	0	552676	0	23705915392	23072145408	714.6	34	8
2830.35	0	552676	0	23707058176	23073693696	621.2	34	8
2831.35	0	552676	0	23708532736	23075008512	584.5	34	8
2832.36	0	552676	0	23709888512	23076732928	633.3	34	8
2833.36	0	552676	0	23711993856	23078289408	649.4	34	8
2834.36	0	552676	0	23713333248	23079862272	691.2	34	8
2835.37	0	552676	0	23715172352	23081529344	709.5	34	8
2836.37	0	552676	0	23716753408	23083188224	619.1	34	8
2837.38	0	552676	0	23717871616	23084576768	602.2	34	8
2838.38	0	552676	0	23719772160	23086149632	665.6	34	8
2839.38	0	552676	0	23721517056	23087706112	603.6	34	8
2840.39	0	552676	0	23722688512	23089094656	671.2	34	8
2841.39	0	552676	0	23724556288	23090728960	663.0	34	8
2842.40	0	552676	0	23726342144	23092355072	632.4	34	8
2843.40	0	552676	0	23727292416	23093944320	655.5	34	8
2844.41	0	552676	0	23728783360	23095390208	649.1	34	8
2845.41	0	552676	0	23730987008	23097159680	651.1	34	8
2846.41	0	552676	0	23731617792	23098621952	625.6	34	8
2847.42	0	552676	0	23734165504	23100178432	604.9	34	8
2848.42	0	552676	0	23735259136	23101710336	633.0	34	8
2849.43	0	552676	0	23736451072	23103340544	654.1	34	8
2850.43	0	552676	0	23738101760	23104925696	693.5	34	8
2851.43	0	552676	0	23740260352	23106445312	634.5	34	8
2852.44	0	552676	0	23741923328	23107891200	639.9	34	8
2853.44	0	552676	0	23743320064	23109316608	637.8	34	8
2854.45	0	552676	0	23744577536	23110651904	613.8	34	8
2855.45	0	552676	0	23746129920	23112126464	631.8	34	8
2856.45	0	552676	0	23746977792	23113728000	584.5	34	8
2857.46	0	552676	0	23749029888	23115198464	656.9	34	8
2858.46	0	552676	0	23749935104	23116726272	638.5	34	8
2859.47	0	552676	0	23751311360	23118163968	596.9	34	8
2860.47	0	552676	0	23753277440	23119699968	656.6	34	8
2861.47	0	552676	0	23754567680	23121186816	630.0	34	8
2862.48	0	552676	0	23756013568	23122653184	630.3	34	8
2863.48	0	552676	0	23757770752	23124152320	600.5	34	8
2864.49	0	552676	0	23759269888	23125708800	628.6	34	8
2865.49	0	552676	0	23761285120	23127359488	671.6	34	8
2866.49	0	552676	0	23763472384	23129042944	658.9	34	8
2867.50	0	552676	0	23765323776	23130456064	612.0	34	8
2868.50	0	552676	0	23765921792	23132090368	638.3	34	8
2869.51	0	552676	0	23767457792	23133712384	652.6	34	8
2870.51	0	552676	0	23769088000	23135244288	653.5	34	8
2871.51	0	552676	0	23770710016	23136784384	619.2	34	8
2872.52	0	552676	0	23772041216	23138267136	594.6	34	8
2873.52	0	552676	0	23773773824	23139840000	635.3	34	8
2874.53	0	552676	0	23775346688	23141408768	609.9	34	8
2875.53	0	552676	0	23776645120	23142895616	639.5	34	8
2876.54	0	552676	0	23778189312	23144538112	685.3	34	8
2877.54	0	552676	0	23780036608	23145906176	620.0	34	8
2878.54	0	552676	0	23781527552	23147585536	646.0	34	8
2879.55	0	552676	0	23782641664	23149002752	630.6	34	8
2880.55	0	552676	0	23784828928	23150649344	619.5	34	8
2881.56	0	552676	0	23786938368	23152443392	676.0	34	8
2882.56	0	552676	0	23788453888	23153963008	616.1	34	8
2883.56	0	552676	0	23789596672	23155441664	605.2	34	8
2884.57	0	552676	0	23790821376	23157145600	645.1	34	8
2885.57	0	552676	0	23792111616	23158648832	643.0	34	8
2886.58	0	552676	0	23794171904	23160340480	625.8	34	8
2887.58	0	552676	0	23795965952	23161999360	601.2	34	8
2888.58	0	552676	0	23797473280	23163719680	687.3	34	8
2889.59	0	552676	0	23798632448	23165382656	676.4	34	8
2890.59	0	552676	0	23800295424	23166939136	608.3	34	8
2891.60	0	552676	0	23801978880	23168372736	634.4	34	8
2892.60	0	552676	0	23803957248	23170011136	610.6	34	8
2893.60	0	552676	0	23805591552	23171788800	681.4	34	8
2894.61	0	552676	0	23807463424	23173554176	646.4	34	8
2895.61	0	552676	0	23809105920	23175110656	673.1	34	8
2896.62	0	552676	0	23810318336	23176704000	622.7	34	8
2897.62	0	552676	0	23811543040	23178182656	610.5	34	8
2898.62	0	552676	0	23813496832	23179669504	592.7	34	8
2899.63	0	552676	0	23815139328	23181430784	658.9	34	8
2900.63	0	552676	0	23816245248	23183122432	621.5	34	8
2901.64	0	552676	0	23818489856	23184748544	614.9	34	8
2902.64	0	552676	0	23820230656	23186632704	683.7	34	8
2903.64	0	552676	0	23821905920	23188209664	663.4	34	8
2904.65	0	552676	0	23823441920	23189880832	627.9	34	8
2905.65	0	552676	0	23826067456	23191617536	649.3	34	8
2906.66	0	552676	0	23827279872	23193247744	703.4	34	8
2907.66	0	552676	0	23829254144	23194877952	661.8	34	8
2908.66	0	552676	0	23830310912	23196426240	665.3	34	8
2909.67	0	552676	0	23831519232	23197892608	638.8	34	8
2910.67	0	552676	0	23832399872	23199485952	664.2	34	8
2911.68	0	552676	0	23834062848	23201206272	650.7	34	8
2912.68	0	552676	0	23835828224	23202713600	637.9	34	8
2913.69	0	552676	0	23837544448	23204233216	644.0	34	8
2914.69	0	552676	0	23838691328	23205740544	618.8	34	8
2915.69	0	552676	0	23840608256	23207337984	671.7	34	8
2916.70	0	552676	0	23842746368	23208759296	656.0	34	8
2917.70	0	552676	0	23843667968	23210184704	633.6	34	8
2918.71	0	552676	0	23844892672	23211782144	638.6	34	8
2919.71	0	552676	0	23846658048	23213080576	612.1	34	8
2920.71	0	552676	0	23848243200	23214542848	620.3	34	8
2921.72	0	552676	0	23850020864	23216074752	657.6	34	8
2922.72	0	552676	0	23850803200	23217577984	645.0	34	8
2923.73	0	552676	0	23852449792	23219138560	655.3	34	8
2924.73	0	552676	0	23853842432	23220658176	635.0	34	8
2925.73	0	552676	0	23855837184	23222276096	640.0	34	8
2926.74	0	552676	0	23857504256	23223853056	688.2	34	8
2927.74	0	552676	0	23859085312	23225466880	655.8	34	8
2928.75	0	552676	0	23860404224	23226916864	651.6	34	8
2929.75	0	552676	0	23861575680	23228588032	638.9	34	8
2930.75	0	552676	0	23863435264	23230160896	612.4	34	8
2931.76	0	552676	0	23865729024	23231733760	647.5	34	8
2932.76	0	552676	0	23867338752	23233384448	662.5	34	8
2933.77	0	552676	0	23868846080	23235125248	640.1	34	8
2934.77	0	552676	0	23870582784	23236775936	661.6	34	8
2935.78	0	552676	0	23872159744	23238254592	622.4	34	8
2936.78	0	552676	0	23873646592	23239880704	629.9	34	8
2937.78	0	552676	0	23875665920	23241760768	679.3	34	8
2938.79	0	552676	0	23877746688	23243423744	689.8	34	8
2939.79	0	552676	0	23878533120	23244963840	634.4	34	8
2940.80	0	552676	0	23879974912	23246462976	612.1	34	8
2941.80	0	552676	0	23882219520	23248084992	670.1	34	8
2942.80	0	552676	0	23883051008	23249604608	640.1	34	8
2943.81	0	552676	0	23884472320	23251189760	634.9	34	8
2944.81	0	552676	0	23886733312	23252889600	652.3	34	8
2945.82	0	552676	0	23888031744	23254343680	645.8	34	8
2946.82	0	552676	0	23890149376	23255932928	650.5	34	8
2947.82	0	552676	0	23891128320	23257395200	683.7	34	8
2948.83	0	552676	0	23892623360	23259004928	646.5	34	8
2949.83	0	552676	0	23893983232	23260573696	585.4	34	8
2950.84	0	552676	0	23896375296	23262416896	719.9	34	8
2951.84	0	552676	0	23898411008	23264227328	678.0	34	8
2952.84	0	552676	0	23900176384	23265832960	684.5	34	8
2953.85	0	552676	0	23900782592	23267209216	644.9	34	8
2954.85	0	552676	0	23902892032	23269040128	636.2	34	8
2955.86	0	552676	0	23904284672	23270592512	639.5	34	8
2956.86	0	552676	0	23906615296	23272255488	643.8	34	8
2957.87	0	552676	0	23907905536	23273779200	663.8	34	8
2958.87	0	552676	0	23909978112	23275261952	608.9	34	8
2959.87	0	552676	0	23911141376	23276908544	610.2	34	8
2960.88	0	552676	0	23912603648	23278440448	668.9	34	8
2961.88	0	552676	0	23913906176	23279788032	604.3	34	8
2962.89	0	552676	0	23915335680	23281434624	694.5	34	8
2963.89	0	552676	0	23916556288	23282909184	607.4	34	8
2964.89	0	552676	0	23918518272	23284584448	613.4	34	8
2965.90	0	552676	0	23920242688	23286226944	645.8	34	8
2966.90	0	552676	0	23922130944	23287795712	682.2	34	8
2967.91	0	552676	0	23923290112	23289270272	639.5	34	8
2968.91	0	552676	0	23924768768	23290933248	560.0	34	8
2969.91	0	552676	0	23926337536	23292391424	584.4	34	8
2970.92	0	552676	0	23928217600	23294210048	649.3	34	8
2971.92	0	552676	0	23929950208	23295737856	615.9	34	8
2972.93	0	552676	0	23932149760	23297515520	604.8	34	8
2973.93	0	552676	0	23933186048	23299108864	626.9	34	8
2974.93	0	552676	0	23934418944	23300657152	645.3	34	8
2975.94	0	552676	0	23936172032	23302365184	607.7	34	8
2976.94	0	552676	0	23938453504	23304196096	648.3	34	8
2977.95	0	552676	0	23939907584	23305920512	634.8	34	8
2978.95	0	552676	0	23942156288	23307608064	617.7	34	8
2979.95	0	552676	0	23943536640	23309135872	637.6	34	8
2980.96	0	552676	0	23944978432	23310708736	614.0	34	8
2981.96	0	552676	0	23947071488	23312371712	610.8	34	8
2982.97	0	552676	0	23948869632	23314075648	628.0	34	8
2983.97	0	552676	0	23950237696	23315697664	666.5	34	8
2984.98	0	552676	0	23951970304	23317385216	588.3	34	8
2985.98	0	553795	0	23954886656	23318708224	736.3	34	8
2986.98	0	558912	0	23960088576	23318708224	775.0	34	8
2987.99	0	564045	0	23965974528	23318708224	715.0	34	8
2988.99	0	569195	0	23970729984	23318646784	781.2	34	8
2990.00	0	574315	0	20957741056	20296585216	750.5	25	8
2991.00	0	579499	0	20782669824	20123578368	506.1	25	8
2992.00	0	584683	0	20787556352	20123578368	505.6	23	8
2993.01	0	589820	0	17584926720	16919842816	221.7	18	8
2994.01	0	595005	0	17590587392	16919842816	106.1	18	8
2995.02	0	600202	0	17595777024	16919842816	107.4	18	8
2996.02	0	605415	0	17601064960	16919842816	106.4	18	8
2997.02	0	610633	0	17606619136	16919842816	106.6	18	8
2998.03	0	615817	0	17611595776	16919842816	107.5	18	8
2999.03	0	620999	0	17617383424	16919842816	106.5	18	8
3000.04	0	626180	0	17622298624	16919842816	107.6	18	8
3001.04	0	631395	0	17627340800	16919842816	106.2	18	8
3002.04	0	636626	0	17632620544	16919842816	106.2	18	8
3003.05	0	641827	0	17638723584	16919842816	107.2	18	8
3004.05	0	647040	0	17643909120	16919842816	106.2	18	8
3005.05	0	652290	0	17648943104	16919842816	106.2	18	8
3006.06	0	657536	0	17654353920	16919842816	106.9	18	8
3007.06	0	662787	0	17660002304	16919842816	106.3	18	8
3008.07	0	668019	0	17665060864	16919842816	107.5	18	8
3009.07	0	673233	0	17670512640	16919842816	106.4	18	8
3010.07	0	678463	0	17675595776	16919842816	106.0	18	8
3011.08	0	683679	0	17680658432	16919842816	106.9	18	8
3012.08	0	688914	0	17686401024	16919842816	106.0	18	8
3013.08	0	694161	0	17692008448	16919842816	106.1	18	8
3014.09	0	699427	0	17697144832	16919842816	107.1	18	8
3015.09	0	704655	0	17701761024	16919175168	106.1	18	8
3016.10	0	709876	0	17707651072	16919175168	107.3	18	8
3017.10	0	715106	0	17712480256	16919175168	106.2	18	8
3018.10	0	720334	0	17718018048	16919175168	106.4	18	8
3019.11	0	725562	0	17722302464	16919175168	106.9	18	8
3020.11	0	730627	0	17727197184	16919175168	106.3	18	8
3021.12	0	735656	0	17732665344	16919175168	108.3	18	8
3022.12	0	740691	0	17738022912	16919175168	107.1	18	8
3023.12	0	745824	0	17743286272	16919175168	106.9	18	8
3024.13	0	751058	0	17749024768	16919175168	107.4	18	8
3025.13	0	756293	0	17754390528	16919175168	106.2	18	8
3026.13	0	761478	0	17759899648	16919175168	106.2	18	8
3027.14	0	766674	0	17765236736	16919175168	108.0	18	8
3028.14	0	771907	0	17770655744	16919175168	106.9	18	8
3029.15	0	777170	0	17776050176	16919175168	107.6	18	8
3030.15	0	782434	0	17781448704	16919175168	106.3	18	8
3031.15	0	787698	0	17786855424	16919175168	106.6	18	8
3032.16	0	792975	0	17792192512	16919175168	107.6	18	8
3033.16	0	798262	0	17797574656	16919175168	106.3	18	8
3034.17	0	803539	0	17802780672	16919175168	107.0	18	8
3035.17	0	808822	0	17807994880	16919175168	105.9	18	8
3036.17	0	814102	0	17813696512	16919175168	105.9	18	8
3037.18	0	819362	0	17819222016	16919175168	107.0	18	8
3038.18	0	824658	0	17824223232	16918507520	105.9	18	8
3039.18	0	829947	0	17829646336	16918507520	106.1	18	8
3040.19	0	835191	0	17834360832	16918507520	107.1	18	8
3041.19	0	840443	0	17840238592	16918507520	106.4	18	8
3042.20	0	845706	0	17845768192	16918507520	107.4	18	8
3043.20	0	850966	0	17851088896	16918507520	106.3	18	8
3044.20	0	855945	0	14804688896	13818470400	120.1	14	8
