t_s	temp_kb	out_kb	converted_kb	mem_bytes	anon_bytes	cpu_pct	pids	fifos
0.00	0	0	0	6348800	307200	34.4	2	0
1.00	0	0	0	378478592	356102144	98.7	2	0
2.01	0	0	0	899031040	874917888	100.0	2	0
3.01	0	0	0	1333252096	1301946368	101.0	2	0
4.01	0	1	0	1779810304	1732014080	100.0	2	0
5.02	0	1	0	2218217472	2171322368	101.0	2	0
6.02	0	1	0	2554408960	2508898304	100.0	2	0
7.03	0	1	0	2804785152	2758488064	100.0	2	0
8.03	92620	2	92620	2930741248	2786086912	101.0	2	0
9.03	363317	2	363317	3209105408	2783432704	100.0	2	0
10.04	635723	2	635723	3488481280	2783432704	101.0	2	0
11.04	907218	2	907218	3766857728	2783432704	100.0	2	0
12.05	1179912	2	1179912	4046684160	2783432704	100.0	2	0
13.05	1453147	2	1453147	4327022592	2783432704	101.0	2	0
14.05	1725692	2	1725692	4606832640	2783432704	100.0	2	0
15.06	1999027	2	1999027	4888150016	2783432704	101.0	2	0
16.06	2272548	2	2272548	5168607232	2783432704	100.0	2	0
17.07	2547124	2	2547124	5449908224	2783432704	100.0	2	0
18.07	2821420	2	2821420	5733646336	2786332672	100.9	2	0
19.07	3094974	2	3094974	6014627840	2786332672	100.0	2	0
20.08	3369627	2	3369627	6296367104	2786332672	101.0	2	0
21.08	3643430	2	3643430	6577807360	2786332672	100.0	2	0
22.08	3918030	2	3918030	6858567680	2786332672	100.0	2	0
23.09	4193582	2	4193582	7141904384	2786332672	101.0	2	0
24.09	4468271	2	4468271	7423311872	2786332672	100.0	2	0
25.10	4743197	2	4743197	7706169344	2786332672	100.0	2	0
26.10	5018312	2	5018312	7988465664	2786332672	101.0	2	0
27.10	5291979	2	5291979	8268943360	2786332672	100.0	2	0
28.11	5566175	2	5566175	8552439808	2790715392	101.0	2	0
29.11	5840465	2	5840465	8834097152	2790715392	100.0	2	0
30.12	6114601	2	6114601	9115394048	2790715392	100.0	2	0
31.12	6388734	2	6388734	9396936704	2790715392	101.0	2	0
32.12	6661779	2	6661779	9677000704	2790715392	100.0	2	0
33.13	6693466	3	6693466	11282989056	4359245824	100.8	6	0
34.13	6693466	3	6693466	13079580672	6150336512	147.8	15	0
35.14	6693466	3	6693466	14924353536	7991627776	499.3	15	0
36.14	6693466	3	6693466	16787648512	9850159104	644.0	24	0
37.15	6693466	3	6693466	18622349312	11681423360	902.2	24	0
38.15	6693466	3	6693466	20489052160	13543198720	1151.7	33	0
39.15	6693466	3	6693466	22324170752	15377149952	1304.5	33	0
40.16	6693466	3	6693466	22718046208	15769444352	1576.0	38	0
41.16	6693466	3	6693466	22750896128	15802064896	1608.2	38	0
42.17	6693466	3	6693466	22775996416	15828299776	1623.3	38	0
43.18	6693466	20	6693466	22807384064	15858823168	1609.1	38	0
44.18	6693466	20	6693466	22825848832	15876710400	1623.4	38	0
45.19	6693466	2323	6693466	22847737856	15895834624	1700.0	38	0
46.19	6693466	2323	6693466	22860566528	15908966400	1608.9	38	0
47.20	6693466	2621	6693466	22873903104	15922135040	1633.6	38	0
48.20	6693466	2621	6693466	22884810752	15933792256	1608.6	38	0
49.21	6693466	2621	6693466	22895890432	15944790016	1622.4	38	0
50.22	6693466	2770	6693466	22908624896	15956422656	1613.6	38	0
51.22	6693466	2770	6693466	22925021184	15973478400	1623.6	38	0
52.23	6693466	2770	6693466	22938746880	15987314688	1611.4	38	0
53.23	6693466	2770	6693466	22959239168	16007331840	1620.4	38	0
54.24	6693466	2770	6693466	22973480960	16021438464	1623.7	38	0
55.24	6693466	2770	6693466	22988877824	16036253696	1608.2	38	0
56.25	6693466	2770	6693466	23003013120	16051429376	1623.0	38	0
57.25	6693466	2770	6693466	23018217472	16066965504	1608.5	38	0
58.26	6693466	2770	6693466	23033847808	16081494016	1622.9	38	0
59.27	6693466	3465	6693466	23044161536	16091750400	1631.2	38	0
60.27	6693466	3465	6693466	23054323712	16101744640	1623.4	38	0
61.28	6693466	3465	6693466	23067914240	16115273728	1623.6	38	0
62.28	6693466	3465	6693466	23083438080	16130891776	1608.2	38	0
63.29	6693466	4906	6693466	23125524480	16170741760	1671.4	38	0
64.29	6693466	4923	6693466	23138873344	16184623104	1608.8	38	0
65.30	6693466	4923	6693466	23153008640	16199376896	1623.4	38	0
66.31	6693466	4923	6693466	23166726144	16213159936	1608.0	38	0
67.31	6693466	4923	6693466	23184125952	16230273024	1623.7	38	0
68.32	6693466	4923	6693466	23199711232	16245383168	1623.7	38	0
69.32	6693466	4923	6693466	23214727168	16260796416	1608.3	38	0
70.33	6693466	5552	6693466	23232049152	16277016576	1644.3	38	0
71.33	6693466	5552	6693466	23257350144	16302538752	1608.6	38	0
72.34	6693466	5552	6693466	23270203392	16315494400	1623.7	38	0
73.34	6693466	5552	6693466	23283064832	16328187904	1609.5	38	0
74.35	6693466	5552	6693466	23295045632	16341135360	1622.9	38	0
75.36	6693466	5552	6693466	23316250624	16361971712	1608.3	38	0
76.36	6693466	7492	6693466	23330795520	16373579776	1687.7	38	0
77.37	6693466	8104	6693466	23339732992	16382717952	1644.0	38	0
78.37	6693466	8104	6693466	23349710848	16392142848	1608.3	38	0
79.38	6693466	8137	6693466	23361409024	16403996672	1624.2	38	0
80.38	6693466	11322	6693466	23399088128	16437157888	1713.5	38	0
81.39	6693466	12726	6693466	23414476800	16450572288	1670.6	38	0
82.40	6693466	12726	6693466	23427039232	16463986688	1608.7	38	0
83.40	6693466	12726	6693466	23439716352	16477528064	1623.1	38	0
84.41	6693466	12726	6693466	23453868032	16491081728	1623.6	38	0
85.41	6693466	12726	6693466	23467593728	16504688640	1609.2	38	0
86.42	6693466	12726	6693466	23480926208	16518115328	1622.5	38	0
87.42	6693466	12726	6693466	23493652480	16531427328	1608.4	38	0
88.43	6693466	12726	6693466	23508156416	16545148928	1623.6	38	0
89.44	6693466	12726	6693466	23522021376	16558960640	1609.0	38	0
90.44	6693466	12726	6693466	23535923200	16572198912	1622.3	38	0
91.45	6693466	12726	6693466	23547891712	16585269248	1609.1	38	0
92.45	6693466	12726	6693466	23561596928	16599089152	1622.1	38	0
93.46	6693466	12726	6693466	23575404544	16612876288	1623.5	38	0
94.46	6693466	12726	6693466	23588581376	16626237440	1607.8	38	0
95.47	6693466	12726	6693466	23601958912	16639348736	1623.1	38	0
96.47	6693466	14177	6693466	23617511424	16652611584	1656.2	38	0
97.48	6693466	14177	6693466	23631577088	16666484736	1623.5	38	0
98.49	6693466	14177	6693466	23644991488	16680103936	1609.5	38	0
99.49	6693466	14177	6693466	23657869312	16693534720	1622.5	38	0
100.50	6693466	14177	6693466	23671484416	16707268608	1623.8	38	0
101.50	6693466	14177	6693466	23685484544	16720760832	1609.3	38	0
102.51	6693466	14177	6693466	23701962752	16737521664	1621.9	38	0
103.51	6693466	14177	6693466	23715606528	16750526464	1609.1	38	0
104.52	6693466	14177	6693466	23728193536	16764256256	1622.2	38	0
105.53	6693466	14177	6693466	23742013440	16777523200	1607.9	38	0
106.53	6693466	14177	6693466	23755333632	16791068672	1622.8	38	0
107.54	6693466	14177	6693466	23769767936	16804986880	1622.9	38	0
108.54	6693466	14177	6693466	23783403520	16818257920	1609.0	38	0
109.55	6693466	15068	6693466	23797235712	16831078400	1651.4	38	0
110.55	6693466	17333	6693466	23810875392	16841748480	1684.5	38	0
111.56	6693466	17333	6693466	23820873728	16852340736	1622.3	38	0
112.57	6693466	17746	6693466	23831003136	16862498816	1621.7	38	0
113.57	6693466	20899	6693466	23846105088	16873361408	1728.4	38	0
114.58	6693466	21838	6693466	23857975296	16884449280	1655.3	38	0
115.58	6693466	21838	6693466	23868723200	16895320064	1608.1	38	0
116.59	6693466	21838	6693466	23882006528	16908517376	1622.3	38	0
117.59	6693466	21838	6693466	23892602880	16919699456	1608.5	38	0
118.60	6693466	21838	6693466	23903891456	16930783232	1623.5	38	0
119.61	6693466	21838	6693466	23915278336	16941752320	1607.9	38	0
120.61	6693466	21838	6693466	23925915648	16952549376	1623.8	38	0
121.62	6693466	21838	6693466	23936819200	16963121152	1624.0	38	0
122.62	6693466	21838	6693466	23947223040	16974077952	1608.4	38	0
123.63	6693466	21838	6693466	23958011904	16985034752	1622.6	38	0
124.63	6693466	21838	6693466	23969886208	16996134912	1609.7	38	0
125.64	6693466	21838	6693466	23980429312	17007153152	1622.6	38	0
126.64	6693466	21838	6693466	23990640640	17017798656	1608.3	38	0
127.65	6693466	21838	6693466	24001024000	17028554752	1623.2	38	0
128.66	6693466	21838	6693466	24012374016	17039323136	1608.7	38	0
129.66	6693466	24823	6693466	24028196864	17051750400	1722.0	38	0
130.67	6693466	24840	6693466	24042762240	17065897984	1625.9	38	0
131.67	6693466	24840	6693466	24055205888	17079578624	1608.0	38	0
132.68	6693466	24840	6693466	24069472256	17093369856	1623.4	38	0
133.68	6693466	24840	6693466	24082550784	17107054592	1609.0	38	0
134.69	6693466	26474	6693466	24094523392	17116200960	1675.9	38	0
135.70	6693466	26474	6693466	24102219776	17124122624	1609.0	38	0
136.70	6693466	26474	6693466	24110735360	17132261376	1621.8	38	0
137.71	6693466	26474	6693466	24118165504	17140015104	1623.5	38	0
138.71	6693466	26474	6693466	24125743104	17148284928	1608.1	38	0
139.72	6693466	26474	6693466	24133570560	17156317184	1623.4	38	0
140.73	6693466	26474	6693466	24142348288	17164165120	1608.1	38	0
141.73	6693466	26474	6693466	24150052864	17171730432	1623.2	38	0
142.74	6693466	26474	6693466	24157339648	17179873280	1622.9	38	0
143.74	6693466	26474	6693466	24166174720	17187864576	1607.2	38	0
144.75	6693466	26474	6693466	24173711360	17195839488	1623.5	38	0
145.75	6693466	27614	6693466	24183844864	17203908608	1646.0	38	0
146.76	6693466	30799	6693466	24195010560	17212026880	1730.0	38	0
147.76	6693466	31064	6693466	24202911744	17220337664	1618.1	38	0
148.77	6693466	31064	6693466	24390103040	17407324160	1623.2	38	0
149.78	6693466	31064	6693466	24305881088	17323536384	1620.2	38	0
150.78	6693466	31064	6693466	24225144832	17242722304	1608.0	38	0
151.79	6693466	31064	6693466	24233734144	17250619392	1622.3	38	0
152.79	6693466	31064	6693466	24242266112	17259819008	1607.8	38	0
153.80	6693466	31064	6693466	24255705088	17272983552	1623.4	38	0
154.81	6693466	31064	6693466	24269824000	17286819840	1608.2	38	0
155.81	6693466	31064	6693466	24283758592	17300152320	1623.7	38	0
156.82	6693466	31064	6693466	24296914944	17313599488	1623.4	38	0
157.82	6693466	31064	6693466	24310636544	17327308800	1608.2	38	0
158.83	6693466	31064	6693466	24324169728	17340682240	1623.1	38	0
159.83	6693466	31064	6693466	24337276928	17353744384	1608.1	38	0
160.84	6693466	31064	6693466	24350425088	17366921216	1622.7	38	0
161.85	6693466	31064	6693466	24363876352	17382301696	1609.5	38	0
162.85	6693466	31723	6693466	24377888768	17395453952	1642.6	38	0
163.86	6693466	32501	6693466	24391831552	17408884736	1634.5	38	0
164.86	6693466	32501	6693466	24404959232	17421996032	1623.2	38	0
165.87	6693466	32501	6693466	24418496512	17435099136	1623.1	38	0
166.87	6693466	32501	6693466	24432988160	17448988672	1608.1	38	0
167.88	6693466	32501	6693466	24444325888	17462071296	1622.9	38	0
168.88	6693466	32501	6693466	24457670656	17475039232	1608.5	38	0
169.89	6693466	32501	6693466	24471392256	17488760832	1623.1	38	0
170.90	6693466	32501	6693466	24485142528	17502220288	1609.1	38	0
171.90	6693466	32501	6693466	24498397184	17514692608	1621.2	38	0
172.91	6693466	32501	6693466	24510717952	17528143872	1623.8	38	0
173.91	6693466	32501	6693466	24524111872	17541353472	1607.5	38	0
174.92	6693466	32501	6693466	24538071040	17554747392	1623.7	38	0
175.92	6693466	32501	6693466	24551297024	17567834112	1608.5	38	0
176.93	6693466	32501	6693466	24564686848	17581678592	1622.9	38	0
177.94	6693466	32501	6693466	24578457600	17595015168	1608.6	38	0
178.94	6693466	32501	6693466	24592457728	17608568832	1623.8	38	0
179.95	6693466	32501	6693466	24606343168	17623031808	1607.4	38	0
180.95	6693466	32501	6693466	24622276608	17638436864	1625.0	38	0
181.96	6693466	32501	6693466	24636559360	17653600256	1622.8	38	0
182.96	6693466	32501	6693466	24651845632	17668333568	1608.1	38	0
183.97	6693466	32501	6693466	24666820608	17683476480	1623.2	38	0
184.97	6693466	32501	6693466	24682016768	17698193408	1607.5	38	0
185.98	6693466	32501	6693466	24696655872	17713008640	1623.8	38	0
186.99	6693466	32501	6693466	24711143424	17727987712	1608.1	38	0
187.99	6693466	32501	6693466	24726532096	17743196160	1624.2	38	0
189.00	6693466	32501	6693466	24741113856	17758171136	1623.4	38	0
190.00	6693466	32501	6693466	24758820864	17774759936	1608.2	38	0
191.01	6693466	34929	6693466	24776036352	17788006400	1703.9	38	0
192.01	6693466	35655	6693466	24787574784	17800642560	1632.9	38	0
193.02	6693466	35655	6693466	24800702464	17813053440	1623.2	38	0
194.03	6693466	35655	6693466	24812818432	17825468416	1608.7	38	0
195.03	6693466	35655	6693466	24825749504	17838231552	1624.6	38	0
196.04	6693466	35787	6693466	24838520832	17850318848	1626.1	38	0
197.04	6693466	38978	6693466	24852168704	17861296128	1713.5	38	0
198.05	6693466	42194	6693466	24866664448	17872281600	1730.2	38	0
199.05	6693466	45035	6693466	24880508928	17883545600	1703.8	38	0
200.06	6693466	45035	6693466	24891326464	17894379520	1623.0	38	0
201.07	6693466	45035	6693466	24901640192	17905319936	1608.4	38	0
202.07	6693466	45035	6693466	24913174528	17916596224	1623.8	38	0
203.08	6693466	45035	6693466	24924495872	17927626752	1623.7	38	0
204.08	6693466	45035	6693466	24935321600	17938751488	1608.3	38	0
205.09	6693466	45035	6693466	24946368512	17949757440	1623.2	38	0
206.09	6693466	45035	6693466	24957386752	17960828928	1609.3	38	0
207.10	6693466	45035	6693466	24968081408	17971937280	1623.2	38	0
208.10	6693466	45035	6693466	24979558400	17982984192	1607.7	38	0
209.11	6693466	45035	6693466	24991072256	17994158080	1623.6	38	0
210.12	6693466	45035	6693466	24999948288	18003410944	1608.5	38	0
211.12	6693466	45035	6693466	25011466240	18014584832	1621.7	38	0
212.13	6693466	45035	6693466	25022394368	18025857024	1624.1	38	0
213.13	6693466	45546	6693466	25034665984	18036973568	1624.5	38	0
214.14	6693466	48779	6693466	25049210880	18048012288	1730.6	38	0
215.14	6693466	49690	6693466	25061171200	18059141120	1638.7	38	0
216.15	6693466	49690	6693466	25072193536	18069790720	1623.7	38	0
217.16	6693466	49690	6693466	25082535936	18080849920	1607.3	38	0
218.16	6693466	49690	6693466	25093947392	18091900928	1623.5	38	0
219.17	6693466	49690	6693466	25104572416	18103275520	1623.2	38	0
220.17	6693466	49690	6693466	25116381184	18114347008	1607.6	38	0
221.18	6693466	49690	6693466	25127456768	18125508608	1623.3	38	0
222.18	6693466	49690	6693466	25742569472	18739224576	1608.6	38	0
223.19	6693466	49690	6693466	25147252736	18144714752	1620.8	38	0
224.20	6693466	49690	6693466	25157509120	18155560960	1609.4	38	0
225.20	6693466	49690	6693466	25169133568	18166804480	1622.2	38	0
226.21	6693466	49690	6693466	25180127232	18178097152	1624.1	38	0
227.21	6693466	49690	6693466	25191309312	18189475840	1608.7	38	0
228.22	6693466	49690	6693466	25202982912	18200621056	1623.3	38	0
229.22	6693466	49690	6693466	25214607360	18211676160	1608.2	38	0
230.23	6693466	49690	6693466	25225433088	18222866432	1624.4	38	0
231.24	6693466	49690	6693466	25236656128	18234900480	1608.8	38	0
232.24	6693466	49690	6693466	25250095104	18248220672	1623.1	38	0
233.25	6693466	49690	6693466	25263796224	18261569536	1623.4	38	0
234.25	6693466	49690	6693466	25277612032	18275409920	1608.4	38	0
235.26	6693466	49690	6693466	25291653120	18288988160	1623.5	38	0
236.26	6693466	49690	6693466	25305587712	18302562304	1608.2	38	0
237.27	6693466	49690	6693466	25318748160	18316226560	1623.5	38	0
238.28	6693466	49690	6693466	25332531200	18329944064	1608.5	38	0
239.28	6693466	49690	6693466	25346551808	18343600128	1624.0	38	0
240.29	6693466	49690	6693466	25359732736	18357403648	1623.8	38	0
241.29	6693466	49690	6693466	25373028352	18370998272	1608.2	38	0
242.30	6693466	49690	6693466	25387536384	18385203200	1624.2	38	0
243.30	6693466	49690	6693466	25400389632	18400460800	1608.5	38	0
244.31	6693466	49690	6693466	25414721536	18414104576	1623.3	38	0
245.31	6693466	49690	6693466	25427988480	18427539456	1608.1	38	0
246.32	6693466	49690	6693466	25441181696	18440417280	1622.9	38	0
247.33	6693466	49987	6693466	25454436352	18453925888	1619.3	38	0
248.33	6693466	49987	6693466	25468354560	18467799040	1622.0	38	0
249.34	6693466	49987	6693466	25482563584	18481643520	1623.7	38	0
250.34	6693466	49987	6693466	25497239552	18495672320	1607.9	38	0
251.35	6693466	49987	6693466	25510096896	18509484032	1624.0	38	0
252.36	6693466	49987	6693466	25522966528	18522886144	1607.5	38	0
253.36	6693466	49987	6693466	25536921600	18536210432	1623.9	38	0
254.37	6693466	49987	6693466	25549209600	18549198848	1607.4	38	0
255.37	6693466	49987	6693466	25562660864	18562236416	1623.5	38	0
256.38	6693466	49987	6693466	25573347328	18573230080	1619.2	38	0
257.38	6693466	49987	6693466	25584246784	18584047616	1602.9	38	0
258.39	6693466	49987	6693466	25594724352	18594353152	1619.8	38	0
259.39	6693466	49987	6693466	25606737920	18606637056	1605.4	38	0
260.40	6693466	49987	6693466	25620652032	18619867136	1623.0	38	0
261.41	6693466	49987	6693466	25634000896	18633170944	1607.7	38	0
262.41	6693466	49987	6693466	25646710784	18646171648	1622.6	38	0
263.42	6693466	49987	6693466	25659777024	18659135488	1607.9	38	0
264.42	6693466	49987	6693466	25673404416	18672545792	1621.9	38	0
265.43	6693466	49987	6693466	25688322048	18687070208	1622.8	38	0
266.43	6693466	49987	6693466	25702637568	18702151680	1608.8	38	0
267.44	6693466	49987	6693466	25718988800	18717601792	1622.9	38	0
268.45	6693466	49987	6693466	25733783552	18732560384	1610.0	38	0
269.45	6693466	49987	6693466	25749303296	18747748352	1621.8	38	0
270.46	6693466	49987	6693466	25764085760	18762854400	1623.9	38	0
271.46	6693466	49987	6693466	25779437568	18777890816	1608.0	38	0
272.47	6693466	49987	6693466	25793257472	18792472576	1623.3	38	0
273.47	6693466	49987	6693466	25808949248	18807459840	1608.4	38	0
274.48	6693466	49987	6693466	25823817728	18822189056	1622.7	38	0
275.49	6693466	49987	6693466	25838370816	18836819968	1608.7	38	0
276.49	6693466	49987	6693466	25853681664	18852241408	1623.0	38	0
277.50	6693466	49987	6693466	25868791808	18866929664	1623.6	38	0
278.50	6693466	49987	6693466	25883848704	18881904640	1608.6	38	0
279.51	6693466	49987	6693466	25898795008	18897104896	1623.5	38	0
280.51	6693466	49987	6693466	25913692160	18912317440	1608.9	38	0
281.52	6693466	49987	6693466	25929043968	18927341568	1624.1	38	0
282.53	6693466	49987	6693466	25943719936	18942255104	1607.6	38	0
283.53	6693466	49987	6693466	25959653376	18957578240	1623.9	38	0
284.54	6693466	49987	6693466	25973231616	18972098560	1623.0	38	0
285.54	6693466	49987	6693466	25985826816	18983874560	1604.8	38	0
286.55	6693466	49987	6693466	26001719296	18999156736	1624.0	38	0
287.55	6693466	49987	6693466	26015363072	19013672960	1607.8	38	0
288.56	6693466	49987	6693466	26030415872	19028692992	1624.1	38	0
289.57	6693466	49987	6693466	26046054400	19044057088	1609.1	38	0
290.57	6693466	49987	6693466	26060922880	19058929664	1622.9	38	0
291.58	6693466	49987	6693466	26075783168	19074076672	1624.2	38	0
292.58	6693466	49987	6693466	26089369600	19087712256	1606.8	38	0
293.59	6693466	49987	6693466	26104868864	19102773248	1623.8	38	0
294.59	6693466	49987	6693466	26119229440	19117719552	1608.4	38	0
295.60	6693466	49987	6693466	26135306240	19132452864	1623.3	38	0
296.61	6693466	49987	6693466	26149986304	19147104256	1607.9	38	0
297.61	6693466	49987	6693466	26164359168	19161739264	1622.9	38	0
298.62	6693466	49987	6693466	26178895872	19176751104	1623.9	38	0
299.62	6693466	49987	6693466	26194186240	19191717888	1607.7	38	0
300.63	6693466	49987	6693466	26208489472	19206643712	1624.1	38	0
301.63	6693466	49987	6693466	26224680960	19222118400	1608.0	38	0
302.64	6693466	49987	6693466	26239225856	19236679680	1623.5	38	0
303.65	6693466	49987	6693466	26255036416	19251666944	1608.1	38	0
304.65	6693466	49987	6693466	26268835840	19267153920	1624.2	38	0
305.66	6693466	49987	6693466	26284134400	19282206720	1623.2	38	0
306.66	6693466	49987	6693466	26299494400	19297116160	1608.6	38	0
307.67	6693466	49987	6693466	26314756096	19311935488	1622.8	38	0
308.68	6693466	49987	6693466	26328854528	19326726144	1608.3	38	0
309.68	6693466	49987	6693466	26343718912	19341471744	1623.1	38	0
310.69	6693466	49987	6693466	26359185408	19356958720	1624.4	38	0
311.69	6693466	49987	6693466	26374782976	19371683840	1607.3	38	0
312.70	6693466	49987	6693466	26389024768	19386306560	1623.6	38	0
313.70	6693466	49987	6693466	26403966976	19400990720	1608.5	38	0
314.71	6693466	49987	6693466	26417979392	19415859200	1623.5	38	0
315.72	6693466	49987	6693466	26433069056	19430268928	1609.1	38	0
316.72	6693466	49987	6693466	26448228352	19444809728	1622.6	38	0
317.73	6693466	49987	6693466	26461892608	19459727360	1623.7	38	0
318.73	6693466	49987	6693466	26477371392	19474350080	1608.2	38	0
319.74	6693466	49987	6693466	26491822080	19489120256	1623.5	38	0
320.74	6693466	49987	6693466	26506059776	19503849472	1609.5	38	0
321.75	6693466	49987	6693466	26521509888	19519197184	1622.4	38	0
322.76	6693466	49987	6693466	26536271872	19534114816	1608.9	38	0
323.76	6693466	49987	6693466	26551431168	19548442624	1622.7	38	0
324.77	6693466	49987	6693466	26566717440	19563114496	1623.4	38	0
325.77	6693466	49987	6693466	26581094400	19578118144	1608.0	38	0
326.78	6693466	49987	6693466	26596515840	19592769536	1623.9	38	0
327.79	6693466	49987	6693466	26610331648	19607818240	1608.3	38	0
328.79	6693466	49987	6693466	26625810432	19623002112	1623.5	38	0
329.80	6693466	49987	6693466	26640674816	19638099968	1623.7	38	0
330.80	6693466	49987	6693466	26655842304	19653242880	1608.4	38	0
331.81	6693466	49987	6693466	26672091136	19668267008	1623.3	38	0
332.81	6693466	49987	6693466	26686111744	19683266560	1608.4	38	0
333.82	6693466	49987	6693466	26701139968	19698139136	1624.0	38	0
334.83	6693466	49987	6693466	26715942912	19712950272	1607.6	38	0
335.83	6693466	49987	6693466	26731106304	19727982592	1623.2	38	0
336.84	6693466	49987	6693466	26745880576	19742724096	1623.7	38	0
337.84	6693466	49987	6693466	26760491008	19757187072	1608.2	38	0
338.85	6693466	49987	6693466	26774974464	19772170240	1623.1	38	0
339.85	6693466	49987	6693466	26790727680	19787210752	1609.0	38	0
340.86	6693466	49987	6693466	26806280192	19802492928	1623.2	38	0
341.87	6693466	49987	6693466	26821386240	19817365504	1607.8	38	0
342.87	6693466	49987	6693466	26835410944	19832164352	1623.4	38	0
343.88	6693466	49987	6693466	26850013184	19846881280	1623.8	38	0
344.88	6693466	49987	6693466	26864996352	19861446656	1607.6	38	0
345.89	6693466	49987	6693466	26879942656	19878264832	1623.4	38	0
346.89	6693466	49987	6693466	26895114240	19892801536	1607.6	38	0
347.90	6693466	49987	6693466	26907492352	19906527232	1614.3	38	0
348.91	6693466	49987	6693466	26922491904	19921022976	1608.7	38	0
349.91	6693466	49987	6693466	26937434112	19935584256	1622.6	38	0
350.92	6693466	49987	6693466	26951299072	19949981696	1623.2	38	0
351.92	6693466	49987	6693466	26966441984	19965218816	1608.8	38	0
352.93	6693466	49987	6693466	26980929536	19979051008	1621.7	38	0
353.93	6693466	49987	6693466	26995896320	19994185728	1608.4	38	0
354.94	6693466	49987	6693466	27009904640	20008808448	1623.4	38	0
355.95	6693466	49987	6693466	27024510976	20023480320	1607.9	38	0
356.95	6693466	49987	6693466	27039444992	20037894144	1623.4	38	0
357.96	6693466	49987	6693466	27054538752	20052758528	1623.1	38	0
358.96	6693466	49987	6693466	27068874752	20067307520	1607.8	38	0
359.97	6693466	49987	6693466	27084996608	20082421760	1624.2	38	0
360.97	6693466	49987	6693466	27097325568	20095954944	1599.3	38	0
361.98	6693466	49987	6693466	27112292352	20110594048	1622.1	38	0
362.99	6693466	49987	6693466	27127185408	20125208576	1623.7	38	0
363.99	6693466	49987	6693466	27141660672	20139786240	1608.0	38	0
365.00	6693466	49987	6693466	27156647936	20155076608	1623.6	38	0
366.00	6693466	49987	6693466	27172225024	20170203136	1609.0	38	0
367.01	6693466	49987	6693466	27186143232	20184940544	1623.4	38	0
368.02	6693466	49987	6693466	27202174976	20199936000	1609.9	38	0
369.02	6693466	49987	6693466	27216687104	20214939648	1622.1	38	0
370.03	6693466	51916	6693466	27230646272	20226109440	1690.7	38	0
371.03	6693466	55022	6693466	27243245568	20235640832	1715.0	38	0
372.04	6693466	58157	6693466	27256098816	20244799488	1730.8	38	0
373.04	6693466	58949	6693466	27266269184	20254081024	1635.7	38	0
374.05	6693466	58949	6693466	27274956800	20263178240	1623.7	38	0
375.06	6693466	58949	6693466	27283894272	20272537600	1609.2	38	0
376.06	6693466	58949	6693466	27294011392	20282281984	1624.2	38	0
377.07	6693466	58949	6693466	27303149568	20291723264	1623.6	38	0
378.07	6693466	58949	6693466	27313020928	20301107200	1609.6	38	0
379.08	6693466	58949	6693466	27322175488	20310360064	1622.0	38	0
380.08	6693466	58949	6693466	27331330048	20320272384	1608.4	38	0
381.09	6693466	58949	6693466	27341078528	20329799680	1624.4	38	0
382.10	6693466	58949	6693466	27351310336	20339470336	1607.9	38	0
383.10	6693466	58949	6693466	27360292864	20349304832	1624.7	38	0
384.11	6693466	58949	6693466	27369385984	20358500352	1623.3	38	0
385.11	6693466	58949	6693466	27379798016	20367884288	1607.9	38	0
386.12	6693466	61742	6693466	27390738432	20375568384	1717.3	38	0
387.13	6693466	64845	6693466	27401064448	20383113216	1713.3	38	0
388.13	6693466	68000	6693466	27412189184	20390764544	1729.7	38	0
389.14	6693466	69665	6693466	27422248960	20399452160	1681.8	38	0
390.14	6693466	69665	6693466	27429703680	20407697408	1608.4	38	0
391.15	6693466	69665	6693466	27437547520	20415315968	1623.0	38	0
392.15	6693466	69665	6693466	27445682176	20423110656	1607.3	38	0
393.16	6693466	69665	6693466	27453501440	20431286272	1624.1	38	0
394.17	6693466	69665	6693466	27462217728	20439183360	1608.6	38	0
395.17	6693466	69665	6693466	27470561280	20447367168	1623.6	38	0
396.18	6693466	69665	6693466	27478491136	20455448576	1608.1	38	0
397.18	6693466	69665	6693466	27486633984	20463714304	1624.2	38	0
398.19	6693466	69665	6693466	27494703104	20471619584	1624.1	38	0
399.19	6693466	69665	6693466	27501600768	20479344640	1609.3	38	0
400.20	6693466	69665	6693466	27509932032	20487155712	1622.5	38	0
401.20	6693466	69665	6693466	27518136320	20495228928	1608.2	38	0
402.21	6693466	69665	6693466	27525304320	20503019520	1623.4	38	0
403.22	6693466	69665	6693466	27533721600	20511121408	1608.2	38	0
404.22	6693466	69665	6693466	27541938176	20518838272	1623.7	38	0
405.23	6693466	69665	6693466	27549388800	20526669824	1623.4	38	0
406.23	6693466	69665	6693466	27559686144	20536545280	1607.8	38	0
407.24	6693466	69665	6693466	27571949568	20549365760	1622.3	38	0
408.24	6693466	69665	6693466	27586109440	20563169280	1608.3	38	0
409.25	6693466	69665	6693466	27599577088	20576567296	1623.3	38	0
410.26	6693466	69665	6693466	27612766208	20590276608	1608.9	38	0
411.26	6693466	69665	6693466	27627401216	20603604992	1622.9	38	0
412.27	6693466	69665	6693466	27639951360	20617265152	1623.1	38	0
413.27	6693466	69665	6693466	27654066176	20631183360	1608.4	38	0
414.28	6693466	69665	6693466	27668389888	20645101568	1623.8	38	0
415.28	6693466	69665	6693466	27682115584	20658745344	1609.8	38	0
416.29	6693466	69665	6693466	27695456256	20672012288	1622.0	38	0
417.30	6693466	69665	6693466	27709222912	20687917056	1610.0	38	0
418.30	6693466	69665	6693466	27723558912	20701646848	1622.9	38	0
419.31	6693466	69665	6693466	27737165824	20715020288	1623.0	38	0
420.31	6693466	69665	6693466	27751084032	20729356288	1610.0	38	0
421.32	6693466	69665	6693466	27765944320	20744462336	1622.2	38	0
422.32	6693466	69665	6693466	27780665344	20759031808	1608.0	38	0
423.33	6693466	69665	6693466	27795709952	20774514688	1624.1	38	0
424.34	6693466	69665	6693466	27811164160	20789907456	1608.5	38	0
425.34	6693466	69665	6693466	27826307072	20805132288	1623.8	38	0
426.35	6693466	69665	6693466	27841306624	20819705856	1623.6	38	0
427.35	6693466	69665	6693466	27857027072	20835352576	1608.6	38	0
428.36	6693466	69665	6693466	27872776192	20850884608	1624.0	38	0
429.36	6693466	69665	6693466	27887382528	20865855488	1609.5	38	0
430.37	6693466	69665	6693466	27901042688	20879011840	1621.0	38	0
431.38	6693466	69665	6693466	27912884224	20891295744	1605.3	38	0
432.38	6693466	69665	6693466	27924656128	20903174144	1620.3	38	0
433.39	6693466	69665	6693466	27938586624	20916555776	1621.5	38	0
434.39	6693466	69665	6693466	27950923776	20929187840	1605.1	38	0
435.40	6693466	69665	6693466	27965313024	20944027648	1623.2	38	0
436.40	6693466	69665	6693466	27980750848	20958842880	1607.3	38	0
437.41	6693466	69665	6693466	29266276352	22241214464	1619.3	38	0
438.42	6693466	69665	6693466	28004413440	20982190080	1605.7	38	0
439.42	6693466	69665	6693466	28020211712	20997533696	1624.0	38	0
440.43	6693466	69665	6693466	28035244032	21012320256	1623.1	38	0
441.43	6693466	69665	6693466	28049911808	21027414016	1608.1	38	0
442.44	6693466	69665	6693466	28063895552	21041500160	1622.8	38	0
443.44	6693466	69665	6693466	28078751744	21056344064	1608.4	38	0
444.45	6693466	69665	6693466	28333490176	21311143936	1622.8	38	0
445.46	6693466	69665	6693466	28107177984	21084512256	1606.6	38	0
446.46	6693466	69665	6693466	28121210880	21098549248	1622.0	38	0
447.47	6693466	69665	6693466	28133830656	21111427072	1621.6	38	0
448.47	6693466	69665	6693466	28145610752	21123452928	1605.2	38	0
449.48	6693466	69665	6693466	28158304256	21136371712	1621.5	38	0
450.48	6693466	69665	6693466	28172251136	21150171136	1606.7	38	0
451.49	6693466	69665	6693466	28186689536	21164445696	1623.2	38	0
452.50	6693466	69665	6693466	28201222144	21179379712	1609.3	38	0
453.50	6693466	69665	6693466	28216320000	21194178560	1621.7	38	0
454.51	6693466	69665	6693466	28232568832	21209763840	1623.6	38	0
455.51	6693466	69665	6693466	28247101440	21224644608	1607.8	38	0
456.52	6693466	69665	6693466	28261707776	21239328768	1622.8	38	0
457.52	6693466	69665	6693466	28275171328	21253513216	1608.9	38	0
458.53	6693466	69665	6693466	28291141632	21268185088	1621.5	38	0
459.54	6693466	69665	6693466	28306161664	21282910208	1607.8	38	0
460.54	6693466	69665	6693466	28320514048	21297917952	1623.2	38	0
461.55	6693466	69665	6693466	28335337472	21312569344	1623.4	38	0
462.55	6693466	69665	6693466	28350316544	21327618048	1607.9	38	0
463.56	6693466	69665	6693466	28365799424	21343223808	1624.2	38	0
464.56	6693466	69665	6693466	28381278208	21358804992	1608.1	38	0
465.57	6693466	69665	6693466	28396240896	21374418944	1623.4	38	0
466.58	6693466	69665	6693466	28411953152	21390049280	1608.7	38	0
467.58	6693466	69665	6693466	28428550144	21405904896	1625.3	38	0
468.59	6693466	69665	6693466	28444770304	21421416448	1623.3	38	0
469.59	6693466	69665	6693466	28460212224	21437296640	1608.6	38	0
470.60	6693466	69665	6693466	28476919808	21453000704	1624.7	38	0
471.60	6693466	69665	6693466	28491067392	21467934720	1608.6	38	0
472.61	6693466	69665	6693466	28505436160	21482491904	1622.6	38	0
473.62	6693466	69665	6693466	28520587264	21497176064	1607.9	38	0
474.62	6693466	69665	6693466	28534964224	21511991296	1623.3	38	0
475.63	6693466	69665	6693466	28549955584	21526654976	1623.6	38	0
476.63	6693466	69665	6693466	28564013056	21542522880	1609.0	38	0
477.64	6693466	69665	6693466	28580691968	21557817344	1624.0	38	0
478.64	6693466	69665	6693466	28596293632	21573476352	1609.3	38	0
479.65	6693466	69665	6693466	28611543040	21588811776	1623.4	38	0
480.66	6693466	69665	6693466	28628754432	21605212160	1610.1	38	0
481.66	6693466	69665	6693466	28642832384	21619974144	1623.4	38	0
482.67	6693466	69665	6693466	28658192384	21635153920	1624.1	38	0
483.67	6693466	69665	6693466	28673212416	21650292736	1608.4	38	0
484.68	6693466	69665	6693466	28689158144	21665869824	1624.3	38	0
485.68	6693466	69665	6693466	28704239616	21681557504	1610.8	38	0
486.69	6693466	69665	6693466	28719153152	21696614400	1622.3	38	0
487.70	6693466	69665	6693466	28735582208	21712314368	1609.9	38	0
488.70	6693466	69665	6693466	28750311424	21727121408	1622.4	38	0
489.71	6693466	69665	6693466	28764819456	21741260800	1607.8	38	0
490.71	6693466	69665	6693466	28779388928	21755940864	1623.9	38	0
491.72	6693466	69665	6693466	28794372096	21771075584	1623.3	38	0
492.72	6693466	69665	6693466	28809052160	21786009600	1608.4	38	0
493.73	6693466	69665	6693466	28824776704	21801185280	1624.2	38	0
494.74	6693466	69665	6693466	28839874560	21816881152	1609.2	38	0
495.74	6693466	69665	6693466	28855701504	21831639040	1623.7	38	0
496.75	6693466	69665	6693466	28870406144	21847007232	1623.6	38	0
497.75	6693466	69665	6693466	28884799488	21862432768	1608.4	38	0
498.76	6693466	69665	6693466	28900188160	21877276672	1623.7	38	0
499.76	6693466	69665	6693466	28916350976	21893857280	1607.6	38	0
500.77	6693466	69665	6693466	28931575808	21909110784	1624.4	38	0
501.78	6693466	69665	6693466	28946006016	21924216832	1607.6	38	0
502.78	6693466	69665	6693466	28961456128	21939560448	1624.2	38	0
503.79	6693466	69665	6693466	28976230400	21954998272	1624.3	38	0
504.79	6693466	69665	6693466	28991762432	21970407424	1608.2	38	0
505.80	6693466	69665	6693466	29007724544	21985845248	1624.2	38	0
506.80	6693466	69665	6693466	29022007296	22000582656	1608.1	38	0
507.81	6693466	69665	6693466	29036990464	22014996480	1623.4	38	0
508.82	6693466	69665	6693466	29052293120	22030270464	1609.2	38	0
509.82	6693466	69665	6693466	29067468800	22045552640	1624.1	38	0
510.83	6693466	69665	6693466	29082796032	22060998656	1624.5	38	0
511.83	6693466	72705	6693466	29098283008	22073413632	1710.2	38	0
512.84	6693466	75841	6693466	29113683968	22085644288	1730.3	38	0
513.84	6693466	78931	6693466	29129560064	22097678336	1714.2	38	0
514.85	6693466	82051	6693466	29144444928	22109986816	1730.5	38	0
515.86	6693466	85153	6693466	29160726528	22122704896	1714.4	38	0
516.86	6693466	88296	6693466	29173436416	22131847168	1726.7	38	0
517.87	6693466	91422	6693466	29189099520	22144192512	1729.7	38	0
518.87	6693466	94567	6693466	29204496384	22156865536	1713.4	38	0
519.88	6693466	96212	6693466	29219520512	22169489408	1681.2	38	0
520.88	6693466	96212	6693466	29231214592	22182051840	1609.8	38	0
521.89	6693466	96212	6693466	29244010496	22194638848	1622.1	38	0
522.90	6693466	96212	6693466	29256499200	22207332352	1609.5	38	0
523.90	6693466	96772	6693466	29270499328	22219689984	1641.6	38	0
524.91	6693466	99916	6693466	29284536320	22230818816	1730.5	38	0
525.91	6693466	103039	6693466	29299204096	22241976320	1714.1	38	0
526.92	6693466	106150	6693466	29312835584	22252544000	1730.5	38	0
527.92	6693466	109224	6693466	29326802944	22263496704	1714.8	38	0
528.93	6693466	112294	6693466	29341298688	22274482176	1729.5	38	0
529.94	6693466	113934	6693466	29352894464	22285385728	1666.7	38	0
530.94	6693466	113934	6693466	29364355072	22296297472	1622.7	38	0
531.95	6693466	113934	6693466	29374685184	22307172352	1622.5	38	0
532.95	6693466	113934	6693466	29385449472	22317625344	1608.1	38	0
533.96	6693466	113934	6693466	29396209664	22328614912	1622.9	38	0
534.96	6693466	113934	6693466	29407744000	22339866624	1608.7	38	0
535.97	6693466	113934	6693466	29418536960	22351044608	1623.6	38	0
536.98	6693466	113934	6693466	29429907456	22362255360	1608.0	38	0
537.98	6693466	113934	6693466	29440847872	22373253120	1624.6	38	0
538.99	6693466	113934	6693466	29452840960	22384783360	1623.4	38	0
539.99	6693466	113934	6693466	29463162880	22396088320	1608.3	38	0
541.00	6693466	113934	6693466	29475065856	22407340032	1623.6	38	0
542.00	6693466	113934	6693466	29485834240	22418403328	1608.4	38	0
543.01	6693466	113934	6693466	29497446400	22429528064	1623.8	38	0
544.02	6693466	113934	6693466	29508263936	22440837120	1608.5	38	0
545.02	6693466	113934	6693466	29519912960	22451859456	1624.1	38	0
546.03	6693466	113934	6693466	29531058176	22462926848	1624.1	38	0
547.03	6693466	113934	6693466	29542141952	22473977856	1608.5	38	0
548.04	6693466	113934	6693466	29553164288	22485004288	1623.2	38	0
549.04	6693466	113934	6693466	29563682816	22495817728	1608.5	38	0
550.05	6693466	113934	6693466	29574447104	22506790912	1623.1	38	0
551.06	6693466	113934	6693466	29584072704	22517911552	1608.4	38	0
552.06	6693466	113934	6693466	29593702400	22528401408	1624.0	38	0
553.07	6693466	113934	6693466	29605236736	22539366400	1623.6	38	0
554.07	6693466	113934	6693466	29615874048	22550290432	1607.9	38	0
555.08	6693466	113934	6693466	29626851328	22561505280	1623.1	38	0
556.08	6693466	113934	6693466	29636546560	22571261952	1607.1	38	0
557.09	6693466	113934	6693466	29645422592	22579978240	1611.8	38	0
558.10	6693466	113934	6693466	29654253568	22589157376	1621.2	38	0
559.10	6693466	113934	6693466	29664538624	22599172096	1604.4	38	0
560.11	6693466	113934	6693466	29674930176	22609567744	1623.2	38	0
561.12	6693466	113934	6693466	29686329344	22620327936	1610.5	38	0
562.12	6693466	113934	6693466	29696688128	22630989824	1620.4	38	0
563.13	6693466	113934	6693466	29706985472	22641254400	1623.1	38	0
564.13	6693466	113934	6693466	29717725184	22651908096	1607.3	38	0
565.14	6693466	113934	6693466	29728940032	22662414336	1622.9	38	0
566.14	6693466	113934	6693466	29739757568	22673108992	1607.7	38	0
567.15	6693466	113934	6693466	29749751808	22683742208	1623.5	38	0
568.16	6693466	113934	6693466	29760512000	22694531072	1609.9	38	0
569.16	6693466	113934	6693466	29770989568	22705094656	1621.6	38	0
570.17	6693466	113934	6693466	29781999616	22716198912	1624.2	38	0
571.17	6693466	113934	6693466	29793128448	22727016448	1608.7	38	0
572.18	6693466	113934	6693466	29804142592	22737854464	1623.5	38	0
573.18	6693466	113934	6693466	29814767616	22748606464	1608.7	38	0
574.19	6693466	113934	6693466	29825802240	22759682048	1623.8	38	0
575.20	6693466	113934	6693466	29837619200	22770900992	1608.2	38	0
576.20	6693466	113934	6693466	29849755648	22782193664	1623.9	38	0
577.21	6693466	113934	6693466	29859966976	22793261056	1623.6	38	0
578.21	6693466	113934	6693466	29870235648	22804271104	1608.0	38	0
579.22	6693466	113934	6693466	29880893440	22815076352	1623.3	38	0
580.22	6693466	113934	6693466	29892034560	22825955328	1608.0	38	0
581.23	6693466	113934	6693466	29903462400	22836830208	1623.6	38	0
582.24	6693466	113934	6693466	29914791936	22847963136	1609.4	38	0
583.24	6693466	113934	6693466	29925326848	22858579968	1622.0	38	0
584.25	6693466	113934	6693466	29936005120	22869528576	1623.8	38	0
585.25	6693466	113934	6693466	29947416576	22880944128	1608.3	38	0
586.26	6693466	113934	6693466	29958328320	22891941888	1623.9	38	0
587.26	6693466	113934	6693466	29969334272	22902931456	1608.2	38	0
588.27	6693466	113934	6693466	29980164096	22913900544	1624.2	38	0
589.28	6693466	113934	6693466	29991464960	22925062144	1608.9	38	0
590.28	6693466	113934	6693466	30002806784	22936354816	1623.3	38	0
591.29	6693466	113934	6693466	30014025728	22949564416	1623.9	38	0
592.29	6693466	113934	6693466	30026113024	22962167808	1607.5	38	0
593.30	6693466	113934	6693466	30040244224	22975348736	1623.3	38	0
594.30	6693466	113934	6693466	30053408768	22988824576	1609.8	38	0
595.31	6693466	113934	6693466	30067240960	23002513408	1622.3	38	0
596.32	6693466	113934	6693466	30081421312	23016083456	1608.0	38	0
597.32	6693466	113934	6693466	30094704640	23029411840	1624.0	38	0
598.33	6693466	113934	6693466	30108426240	23042740224	1623.4	38	0
599.33	6693466	113934	6693466	30121537536	23056113664	1608.8	38	0
600.34	6693466	113934	6693466	30134751232	23069515776	1623.3	38	0
601.34	6693466	113934	6693466	30148608000	23083171840	1607.9	38	0
602.35	6693466	113934	6693466	30161473536	23096193024	1623.4	38	0
603.36	6693466	113934	6693466	30175375360	23110262784	1608.5	38	0
604.36	6693466	113934	6693466	30188892160	23123857408	1624.1	38	0
605.37	6693466	113934	6693466	30203179008	23137853440	1623.9	38	0
606.37	6693466	113934	6693466	30217043968	23152046080	1608.4	38	0
607.38	6693466	113934	6693466	30230671360	23166095360	1624.5	38	0
608.38	6693466	113934	6693466	30246297600	23180345344	1609.3	38	0
609.39	6693466	113934	6693466	30259777536	23194324992	1624.5	38	0
610.40	6693466	113934	6693466	30274531328	23208239104	1609.3	38	0
611.40	6693466	113934	6693466	30288760832	23222333440	1623.7	38	0
612.41	6693466	113934	6693466	30301364224	23236349952	1608.5	38	0
613.41	6693466	113934	6693466	30315638784	23249915904	1624.6	38	0
614.42	6693466	113934	6693466	30328258560	23263346688	1623.6	38	0
615.42	6693466	113934	6693466	30342934528	23277125632	1608.6	38	0
616.43	6693466	113934	6693466	30355431424	23290458112	1623.1	38	0
617.44	6693466	113934	6693466	30368980992	23303614464	1608.2	38	0
618.44	6693466	113934	6693466	30382882816	23317065728	1623.7	38	0
619.45	6693466	113934	6693466	30396674048	23330553856	1623.4	38	0
620.45	6693466	113934	6693466	30409957376	23344250880	1608.4	38	0
621.46	6693466	113934	6693466	30424096768	23357890560	1624.0	38	0
622.46	6693466	113934	6693466	30437527552	23371522048	1608.5	38	0
623.47	6693466	113934	6693466	30450618368	23384862720	1623.4	38	0
624.48	6693466	113934	6693466	30464040960	23398821888	1608.4	38	0
625.48	6693466	113934	6693466	30478893056	23412170752	1624.0	38	0
626.49	6693466	113934	6693466	30492446720	23426195456	1624.1	38	0
627.49	6693466	113934	6693466	30505930752	23440224256	1608.5	38	0
628.50	6693466	113934	6693466	30520553472	23454003200	1624.4	38	0
629.50	6693466	113934	6693466	30533398528	23467532288	1609.3	38	0
630.51	6693466	113934	6693466	30548074496	23481556992	1623.4	38	0
631.52	6693466	113934	6693466	30561013760	23495143424	1608.8	38	0
632.52	6693466	113934	6693466	30574100480	23508500480	1623.8	38	0
633.53	6693466	113934	6693466	30587944960	23522304000	1609.6	38	0
634.53	6693466	113934	6693466	30601760768	23535751168	1622.3	38	0
635.54	6693466	113934	6693466	30615080960	23549788160	1624.5	38	0
636.54	6693466	113934	6693466	30628974592	23563362304	1607.8	38	0
637.55	6693466	113934	6693466	30642651136	23577157632	1624.0	38	0
638.55	6693466	113934	6693466	30656942080	23590367232	1607.9	38	0
639.56	6693466	113934	6693466	30669418496	23603585024	1624.2	38	0
640.57	6693466	113934	6693466	30684205056	23617486848	1609.8	38	0
641.57	6693466	113934	6693466	30697545728	23630712832	1621.3	38	0
642.58	6693466	113934	6693466	30710198272	23644282880	1623.9	38	0
643.58	6693466	113934	6693466	30724128768	23658008576	1608.3	38	0
644.59	6693466	113934	6693466	30737928192	23671599104	1624.1	38	0
645.59	6693466	113934	6693466	30751809536	23685386240	1608.5	38	0
646.60	6693466	113934	6693466	30765305856	23698939904	1623.2	38	0
647.61	6693466	113934	6693466	30779166720	23712940032	1609.3	38	0
648.61	6693466	113934	6693466	30793449472	23726817280	1623.9	38	0
649.62	6693466	113934	6693466	30807572480	23740424192	1623.4	38	0
650.62	6693466	113934	6693466	30820950016	23753691136	1608.5	38	0
651.63	6693466	113934	6693466	30833565696	23767330816	1623.6	38	0
652.63	6693466	113934	6693466	30847193088	23783047168	1608.4	38	0
653.64	6693466	113934	6693466	30861365248	23796293632	1623.2	38	0
654.65	6693466	113934	6693466	30874341376	23809548288	1608.7	38	0
655.65	6693466	113934	6693466	30909984768	23844753408	1624.7	38	0
656.66	6693466	113934	6693466	30902775808	23837978624	1621.6	38	0
657.66	6693466	113934	6693466	30918348800	23853125632	1608.1	38	0
658.67	6693466	113934	6693466	30933401600	23868428288	1623.6	38	0
659.68	6693466	113934	6693466	30947889152	23883538432	1608.3	38	0
660.68	6693466	113934	6693466	30963556352	23898955776	1624.2	38	0
661.69	6693466	113934	6693466	30978985984	23913881600	1608.3	38	0
662.69	6693466	113934	6693466	31494074368	24428187648	1623.4	38	0
663.70	6693466	113934	6693466	31002349568	23937851392	1616.4	38	0
664.70	6693466	113934	6693466	31017582592	23953252352	1608.7	38	0
665.71	6693466	113934	6693466	31032844288	23968657408	1624.6	38	0
666.72	6693466	113934	6693466	31048122368	23984197632	1608.2	38	0
667.72	6693466	113934	6693466	31064662016	23999709184	1624.3	38	0
668.73	6693466	113934	6693466	31080325120	24015192064	1624.2	38	0
669.73	6693466	113934	6693466	31095246848	24030584832	1608.5	38	0
670.74	6693466	113934	6693466	31110373376	24045211648	1624.1	38	0
671.74	6693466	113934	6693466	31125561344	24060436480	1609.5	38	0
672.75	6693466	113934	6693466	31140843520	24076066816	1623.6	38	0
673.76	6693466	113934	6693466	31154622464	24091004928	1608.2	38	0
674.76	6693466	113934	6693466	31170084864	24106618880	1623.6	38	0
675.77	6693466	113934	6693466	31185891328	24122241024	1624.2	38	0
676.77	6693466	113934	6693466	31201648640	24138244096	1608.9	38	0
677.78	6693466	113934	6693466	31217917952	24153681920	1624.0	38	0
678.78	6693466	113934	6693466	31232544768	24169095168	1609.5	38	0
679.79	6693466	113934	6693466	31247605760	24184676352	1623.4	38	0
680.80	6693466	113934	6693466	31263322112	24200380416	1610.3	38	0
681.80	6693466	113934	6693466	31278661632	24216068096	1622.8	38	0
682.81	6693466	113934	6693466	31294615552	24231522304	1623.6	38	0
683.81	6693466	113934	6693466	31310049280	24250269696	1608.7	38	0
684.82	6693466	113934	6693466	31325483008	24265568256	1624.3	38	0
685.82	6693466	113934	6693466	31341240320	24280645632	1607.8	38	0
686.83	6693466	113934	6693466	31355580416	24296030208	1623.9	38	0
687.84	6693466	113934	6693466	31372025856	24311570432	1608.6	38	0
688.84	6693466	113934	6693466	31387283456	24326811648	1623.7	38	0
689.85	6693466	113934	6693466	31403003904	24342474752	1624.3	38	0
690.85	6693466	113934	6693466	31417233408	24357281792	1609.4	38	0
691.86	6693466	113934	6693466	31433551872	24372432896	1623.3	38	0
692.86	6693466	113934	6693466	31448539136	24387637248	1609.2	38	0
693.87	6693466	113934	6693466	31463329792	24402325504	1622.2	38	0
694.88	6693466	113934	6693466	31478370304	24417767424	1608.4	38	0
695.88	6693466	113934	6693466	31493275648	24432885760	1623.9	38	0
696.89	6693466	113934	6693466	31508189184	24447537152	1622.5	38	0
697.89	6693466	113934	6693466	31523622912	24462778368	1608.8	38	0
698.90	6693466	113934	6693466	31538536448	24477609984	1622.7	38	0
699.90	6693466	113934	6693466	31552806912	24492752896	1608.6	38	0
700.91	6693466	113934	6693466	31568650240	24508059648	1623.7	38	0
701.92	6693466	113934	6693466	31583940608	24523329536	1608.8	38	0
702.92	6693466	113934	6693466	31599886336	24538656768	1623.1	38	0
703.93	6693466	113934	6693466	31615102976	24554143744	1623.9	38	0
704.93	6693466	113934	6693466	31631093760	24569475072	1609.9	38	0
705.94	6693466	113934	6693466	31645872128	24584552448	1622.5	38	0
706.94	6693466	113934	6693466	31661920256	24600199168	1609.4	38	0
707.95	6693466	113934	6693466	31676522496	24616030208	1624.5	38	0
708.96	6693466	113934	6693466	31691710464	24631234560	1609.5	38	0
709.96	6693466	113934	6693466	31706927104	24646418432	1621.3	38	0
710.97	6693466	113934	6693466	31722717184	24661303296	1623.3	38	0
711.97	6693466	113934	6693466	31737016320	24676757504	1608.2	38	0
712.98	6693466	113934	6693466	31753392128	24692310016	1624.1	38	0
713.98	6693466	113934	6693466	31768113152	24707330048	1608.1	38	0
714.99	6693466	113934	6693466	31783116800	24722448384	1623.8	38	0
716.00	6693466	113934	6693466	31798759424	24737800192	1609.2	38	0
717.00	6693466	113934	6693466	31814356992	24752582656	1622.6	38	0
718.01	6693466	113934	6693466	31828328448	24767533056	1623.6	38	0
719.01	6693466	113934	6693466	31843397632	24782213120	1608.8	38	0
720.02	6693466	113934	6693466	31858884608	24797331456	1622.8	38	0
721.02	6693466	113934	6693466	31874203648	24812187648	1608.8	38	0
722.03	6693466	113934	6693466	31888998400	24827461632	1623.1	38	0
723.04	6693466	113934	6693466	31904124928	24842932224	1609.0	38	0
724.04	6693466	113934	6693466	31920885760	24858509312	1624.2	38	0
725.05	6693466	113934	6693466	31935057920	24873619456	1623.4	38	0
726.05	6693466	113934	6693466	31951458304	24889171968	1609.8	38	0
727.06	6693466	113934	6693466	31966142464	24904290304	1622.4	38	0
728.06	6693466	113934	6693466	31981600768	24919400448	1607.5	38	0
729.07	6693466	113934	6693466	31996420096	24934621184	1623.9	38	0
730.08	6693466	113934	6693466	32012161024	24949927936	1608.9	38	0
731.08	6693466	113934	6693466	32027598848	24965476352	1624.4	38	0
732.09	6693466	113934	6693466	32042737664	24980545536	1623.2	38	0
733.09	6693466	113934	6693466	32057176064	24995012608	1607.6	38	0
734.10	6693466	113934	6693466	28870238208	21814947840	1303.6	33	0
735.10	6693466	113934	6693466	28880175104	21824737280	1204.2	33	0
736.11	6693466	113934	6693466	28889739264	21834334208	1215.9	33	0
737.11	6693466	113934	6693466	28899192832	21843918848	1204.8	33	0
738.12	6693466	113934	6693466	28909191168	21853741056	1215.5	33	0
739.12	6693466	114213	6693466	28918874112	21862629376	1208.5	33	0
740.13	6693466	119299	6693466	28928196608	21866348544	1323.6	33	0
741.13	6693466	124355	6693466	28937207808	21870809088	1311.1	33	0
742.14	6693466	129424	6693466	28946616320	21875052544	1311.7	33	0
743.14	6693466	133079	6693466	28954312704	21879119872	1294.9	33	0
744.15	6693466	133079	6693466	28957667328	21882843136	1203.8	33	0
745.15	6693466	133079	6693466	28962246656	21886857216	1215.7	33	0
746.15	6693466	133079	6693466	28966555648	21891219456	1204.3	33	0
747.16	6693466	133079	6693466	28970000384	21895544832	1216.3	33	0
748.16	6693466	133079	6693466	28974653440	21899878400	1204.1	33	0
749.17	6693466	133079	6693466	28979142656	21903896576	1216.1	33	0
750.17	6693466	133079	6693466	28982472704	21908082688	1204.4	33	0
751.18	6693466	133079	6693466	28987465728	21912125440	1215.8	33	0
752.18	6693466	133079	6693466	28990885888	21916119040	1203.4	33	0
753.19	6693466	133079	6693466	28995670016	21920444416	1215.5	33	0
754.19	6693466	133079	6693466	28999831552	21924536320	1203.3	33	0
755.20	6693466	133079	6693466	29004206080	21930541056	1204.5	33	0
756.20	6693466	133079	6693466	29008068608	21934653440	1214.8	33	0
757.21	6693466	133079	6693466	28925689856	21853237248	1204.1	29	0
758.21	6693466	133079	6693466	25818660864	18751741952	824.4	28	0
759.21	6693466	133079	6693466	25822924800	18756206592	799.7	28	0
760.22	6693466	133079	6693466	25828229120	18761007104	807.9	28	0
761.22	6693466	133079	6693466	25832624128	18765713408	799.9	28	0
762.23	6693466	133079	6693466	25837318144	18770321408	799.9	28	0
763.23	6693466	133079	6693466	25842257920	18775142400	807.9	28	0
764.23	6693466	133079	6693466	25847226368	18779688960	799.8	28	0
765.24	6693466	133079	6693466	25851973632	18784432128	807.8	28	0
766.24	6693466	133079	6693466	25856172032	18788757504	799.7	28	0
767.25	6693466	133079	6693466	25861173248	18793701376	808.0	28	0
768.25	6693466	133079	6693466	25864630272	18798448640	799.9	28	0
769.26	6693466	133079	6693466	25868963840	18802720768	799.6	28	0
770.26	6693466	133079	6693466	25873788928	18807619584	807.7	28	0
771.26	6693466	133079	6693466	25877708800	18811875328	799.7	28	0
772.27	6693466	133079	6693466	25882316800	18816180224	807.5	28	0
773.27	6693466	133079	6693466	25887358976	18820964352	799.6	28	0
774.28	6693466	133079	6693466	25891966976	18825404416	799.5	28	0
775.28	6693466	133079	6693466	25895911424	18829795328	807.5	28	0
776.29	6693466	133079	6693466	25900986368	18834194432	799.4	28	0
777.29	6693466	133079	6693466	25905319936	18838667264	807.6	28	0
778.29	6693466	133079	6693466	25909850112	18843193344	799.7	28	0
779.30	6693466	133079	6693466	25915043840	18847698944	807.6	28	0
780.30	6693466	133079	6693466	25919758336	18852368384	799.7	28	0
781.31	6693466	133079	6693466	25924100096	18856931328	799.8	28	0
782.31	6693466	133079	6693466	25927974912	18861150208	807.6	28	0
783.31	6693466	133079	6693466	25932582912	18865381376	800.3	28	0
784.32	6693466	133079	6693466	25936408576	18869665792	806.8	28	0
785.32	6693466	134280	6693466	25941766144	18873593856	824.8	28	0
786.33	6693466	139299	6693466	25949790208	18876293120	906.7	28	0
787.33	6693466	144352	6693466	25957064704	18878885888	914.9	28	0
788.33	6693466	149439	6693466	25964961792	18881470464	906.1	28	0
789.34	6693466	154590	6693466	25973116928	18884112384	915.0	28	0
790.34	6693466	159753	6693466	25980973056	18886832128	906.2	28	0
791.35	6693466	164902	6693466	25989570560	18889465856	915.4	28	0
792.35	6693466	170038	6693466	25997283328	18892484608	905.7	28	0
793.36	6693466	175172	6693466	26005868544	18895495168	906.1	28	0
794.36	6693466	180324	6693466	26014195712	18898206720	914.7	28	0
795.36	6693466	185542	6693466	26021408768	18900869120	905.1	28	0
796.37	6693466	190710	6693466	26030039040	18903912448	914.5	28	0
797.37	6693466	195864	6693466	26037850112	18906656768	905.8	28	0
798.38	6693466	201045	6693466	26045640704	18909327360	906.3	28	0
799.38	6693466	206212	6693466	26053881856	18912108544	913.8	28	0
800.38	6693466	207625	6693466	26058014720	18914873344	828.8	28	0
801.39	6693466	207625	6693466	26060836864	18917568512	807.4	28	0
802.39	6693466	207625	6693466	26062757888	18920275968	799.6	28	0
803.40	6693466	207625	6693466	26065641472	18923085824	807.5	28	0
804.40	6693466	207625	6693466	26068504576	18925850624	799.5	28	0
805.41	6693466	207625	6693466	26071502848	18928660480	800.5	28	0
806.41	6693466	207625	6693466	26074120192	18931482624	807.0	28	0
807.41	6693466	207625	6693466	26076553216	18934026240	800.3	28	0
808.42	6693466	207625	6693466	26079367168	18936725504	808.5	28	0
809.42	6693466	207625	6693466	26082099200	18939174912	800.4	28	0
810.43	6693466	207625	6693466	26084646912	18941829120	800.4	28	0
811.43	6693466	207625	6693466	26087542784	18944188416	807.4	28	0
812.43	6693466	207625	6693466	26090041344	18946887680	799.7	28	0
813.44	6693466	207625	6693466	26092470272	18949582848	807.6	28	0
814.44	6693466	207625	6693466	26094510080	18952069120	799.6	28	0
815.45	6693466	207625	6693466	26098192384	18954760192	807.5	28	0
816.45	6693466	207625	6693466	26100572160	18959699968	799.7	28	0
817.46	6693466	207625	6693466	26103037952	18962350080	800.6	28	0
818.46	6693466	207625	6693466	26106204160	18965250048	806.7	28	0
819.46	6693466	207625	6693466	26107015168	18966478848	798.9	28	0
820.47	6693466	207625	6693466	26110660608	18969456640	807.8	28	0
821.47	6693466	207625	6693466	26113552384	18972499968	799.7	28	0
822.48	6693466	207625	6693466	26115358720	18974978048	799.6	28	0
823.48	6693466	207625	6693466	26118107136	18977722368	807.6	28	0
824.48	6693466	207625	6693466	26121519104	18980433920	799.7	28	0
825.49	6693466	207625	6693466	26124431360	18983370752	807.6	28	0
826.49	6693466	207625	6693466	26126589952	18986266624	799.7	28	0
827.50	6693466	207625	6693466	26129788928	18989006848	807.5	28	0
828.50	6693466	207625	6693466	26132918272	18992185344	799.7	28	0
829.51	6693466	207625	6693466	26135412736	18994970624	799.9	28	0
830.51	6693466	207625	6693466	26138497024	18997772288	807.7	28	0
831.51	6693466	207625	6693466	26141151232	19000528896	799.6	28	0
832.52	6693466	207625	6693466	26143051776	19003219968	807.6	28	0
833.52	6693466	207625	6693466	26145624064	19005841408	799.5	28	0
834.53	6693466	207625	6693466	26149163008	19008544768	807.6	28	0
835.53	6693466	207625	6693466	26151837696	19011059712	799.3	28	0
836.54	6693466	207625	6693466	26154577920	19013844992	799.8	28	0
837.54	6693466	207625	6693466	26157096960	19016466432	807.5	28	0
838.54	6693466	207625	6693466	26159849472	19018985472	799.5	28	0
839.55	6693466	207625	6693466	26162405376	19021602816	807.6	28	0
840.55	6693466	207625	6693466	26165284864	19024195584	799.7	28	0
841.56	6693466	207625	6693466	26168188928	19026628608	799.6	28	0
842.56	6693466	207625	6693466	26170167296	19029413888	807.7	28	0
843.56	6693466	207625	6693466	26173157376	19032342528	799.9	28	0
844.57	6693466	207625	6693466	26176135168	19035410432	807.7	28	0
845.57	6693466	207625	6693466	26179301376	19038425088	799.9	28	0
846.58	6693466	207625	6693466	26182021120	19041341440	807.7	28	0
847.58	6693466	207625	6693466	26184822784	19044487168	799.8	28	0
848.59	6693466	207625	6693466	26188611584	19047694336	799.8	28	0
849.59	6693466	207625	6693466	26191687680	19050557440	807.4	28	0
850.59	6693466	207625	6693466	26194186240	19053101056	799.4	28	0
851.60	6693466	207625	6693466	26197123072	19056238592	807.6	28	0
852.60	6693466	207625	6693466	26199887872	19059249152	799.5	28	0
853.61	6693466	207625	6693466	26203312128	19062001664	807.4	28	0
854.61	6693466	207625	6693466	26205347840	19064664064	799.5	28	0
855.62	6693466	207625	6693466	26207502336	19067191296	800.7	28	0
856.62	6693466	207625	6693466	26209640448	19069845504	807.7	28	0
857.62	6693466	207625	6693466	26212216832	19072409600	800.1	28	0
858.63	6693466	207625	6693466	26214907904	19075104768	808.1	28	0
859.63	6693466	207625	6693466	26217361408	19077234688	800.1	28	0
860.64	6693466	207625	6693466	26219479040	19079729152	808.0	28	0
861.64	6693466	207625	6693466	26222616576	19082362880	800.3	28	0
862.65	6693466	207625	6693466	26226106368	19085389824	808.4	28	0
863.65	6693466	207625	6693466	26229264384	19087978496	800.4	28	0
864.66	6693466	207625	6693466	26230894592	19090477056	800.9	28	0
865.66	6693466	207625	6693466	26233581568	19092918272	807.7	28	0
866.66	6693466	207625	6693466	26235740160	19095556096	800.3	28	0
867.67	6693466	207625	6693466	26238984192	19098238976	807.8	28	0
868.67	6693466	207625	6693466	26242281472	19101110272	800.4	28	0
869.68	6693466	207625	6693466	26245701632	19103932416	808.8	28	0
870.68	6693466	207625	6693466	26247950336	19106643968	800.8	28	0
871.69	6693466	207625	6693466	26250747904	19109351424	800.7	28	0
872.69	6693466	207625	6693466	26253168640	19112292352	809.0	28	0
873.69	6693466	207625	6693466	26256691200	19115200512	800.9	28	0
874.70	6693466	207625	6693466	26259709952	19118206976	808.2	28	0
875.70	6693466	207625	6693466	26262626304	19120738304	799.7	28	0
876.71	6693466	207625	6693466	26265358336	19123552256	799.8	28	0
877.71	6693466	207625	6693466	26268180480	19126370304	807.8	28	0
878.71	6693466	207625	6693466	26270498816	19129044992	800.1	28	0
879.72	6693466	207625	6693466	26273226752	19131670528	807.2	28	0
880.72	6693466	207625	6693466	26275938304	19134275584	799.7	28	0
881.73	6693466	207625	6693466	26278875136	19137003520	807.8	28	0
882.73	6693466	207625	6693466	26281066496	19139629056	799.8	28	0
883.74	6693466	207625	6693466	26284138496	19142455296	799.8	28	0
884.74	6693466	207625	6693466	26285838336	19144761344	807.5	28	0
885.74	6693466	207625	6693466	26289356800	19147628544	799.9	28	0
886.75	6693466	207625	6693466	26291507200	19150262272	807.7	28	0
887.75	6693466	207625	6693466	26295078912	19152859136	799.7	28	0
888.76	6693466	207625	6693466	26297790464	19155714048	799.9	28	0
889.76	6693466	207625	6693466	26299961344	19158466560	807.9	28	0
890.76	6693466	207625	6693466	26302476288	19160891392	799.7	28	0
891.77	6693466	207625	6693466	26305036288	19163729920	807.5	28	0
892.77	6693466	207625	6693466	26307952640	19166515200	799.8	28	0
893.78	6693466	207625	6693466	26310438912	19169157120	807.9	28	0
894.78	6693466	207625	6693466	26312945664	19171872768	799.7	28	0
895.79	6693466	207625	6693466	26316353536	19174645760	800.0	28	0
896.79	6693466	207625	6693466	26318860288	19177504768	807.8	28	0
897.79	6693466	207625	6693466	26321604608	19180617728	800.0	28	0
898.80	6693466	207625	6693466	26325417984	19183628288	807.8	28	0
899.80	6693466	207625	6693466	26328268800	19186671616	799.9	28	0
900.81	6693466	207625	6693466	26331226112	19189661696	799.8	28	0
901.81	6693466	207625	6693466	26333949952	19192741888	807.8	28	0
902.81	6693466	207625	6693466	26336788480	19195179008	799.6	28	0
903.82	6693466	207625	6693466	26338562048	19197517824	807.5	28	0
904.82	6693466	207625	6693466	26341335040	19199836160	799.5	28	0
905.83	6693466	207625	6693466	26343968768	19202088960	807.6	28	0
906.83	6693466	207625	6693466	26345836544	19204730880	800.0	28	0
907.84	6693466	207625	6693466	26348183552	19206864896	799.4	28	0
908.84	6693466	207625	6693466	26350526464	19209248768	807.4	28	0
909.84	6693466	207625	6693466	26352898048	19211632640	799.5	28	0
910.85	6693466	207625	6693466	26355089408	19214106624	807.7	28	0
911.85	6693466	210161	6693466	26361262080	19216740352	855.2	28	0
912.86	6693466	215278	6693466	26369368064	19219193856	907.1	28	0
913.86	6693466	218522	6693466	26375127040	19221319680	877.5	28	0
914.86	6693466	218522	6693466	26378137600	19224309760	800.0	28	0
915.87	6693466	218522	6693466	26380521472	19226820608	807.5	28	0
916.87	6693466	218522	6693466	26382913536	19229483008	799.7	28	0
917.88	6693466	218522	6693466	26385526784	19231961088	807.7	28	0
918.88	6693466	218522	6693466	26387349504	19234009088	799.5	28	0
919.89	6693466	218522	6693466	26389823488	19236593664	799.6	28	0
920.89	6693466	218522	6693466	26392932352	19239362560	807.9	28	0
921.90	6693466	218522	6693466	26394468352	19242029056	804.3	28	0
922.90	6693466	218522	6693466	26397487104	19244572672	800.0	28	0
923.91	6693466	218522	6693466	26400628736	19247140864	807.7	28	0
924.91	6693466	218522	6693466	26402897920	19249926144	799.8	28	0
925.92	6693466	218522	6693466	26406592512	19252965376	799.7	28	0
926.92	6693466	218522	6693466	26407882752	19255578624	807.6	28	0
927.92	6693466	218522	6693466	26411565056	19258535936	799.8	28	0
928.93	6693466	218522	6693466	26414555136	19261444096	807.6	28	0
929.93	6693466	218522	6693466	26416918528	19264380928	799.8	28	0
930.94	6693466	218522	6693466	26420658176	19267616768	807.9	28	0
931.94	6693466	218522	6693466	26422910976	19270483968	799.9	28	0
932.95	6693466	218522	6693466	26425884672	19273359360	799.9	28	0
933.95	6693466	218522	6693466	26428870656	19276206080	807.7	28	0
934.95	6693466	218522	6693466	26432307200	19279212544	799.9	28	0
935.96	6693466	218522	6693466	26434842624	19281883136	807.6	28	0
936.96	6693466	218522	6693466	26437500928	19284570112	799.6	28	0
937.97	6693466	218522	6693466	26440245248	19287638016	800.3	28	0
938.97	6693466	218522	6693466	26443124736	19290476544	807.0	28	0
939.97	6693466	218522	6693466	26446520320	19293585408	800.2	28	0
940.98	6693466	218522	6693466	26449448960	19296301056	807.2	28	0
941.98	6693466	218522	6693466	26452738048	19299106816	799.6	28	0
942.99	6693466	218522	6693466	26454368256	19302133760	800.5	28	0
943.99	6693466	218522	6693466	26458009600	19304853504	806.8	28	0
944.99	6693466	218522	6693466	26461589504	19308109824	800.0	28	0
946.00	6693466	218522	6693466	26464456704	19311235072	807.8	28	0
947.00	6693466	218522	6693466	26466738176	19314302976	799.8	28	0
948.01	6693466	218522	6693466	26470440960	19317178368	807.7	28	0
949.01	6693466	218522	6693466	26473205760	19320233984	799.8	28	0
950.02	6693466	218522	6693466	26476068864	19323047936	799.8	28	0
951.02	6693466	218522	6693466	26478538752	19325972480	807.7	28	0
952.02	6693466	218522	6693466	26482212864	19329175552	799.8	28	0
953.03	6693466	218522	6693466	26485121024	19331944448	807.7	28	0
954.03	6693466	218522	6693466	26487484416	19334807552	800.2	28	0
955.04	6693466	218522	6693466	26490888192	19337351168	799.1	28	0
956.04	6693466	218522	6693466	26493272064	19340025856	807.5	28	0
957.04	6693466	218522	6693466	26495922176	19342958592	800.5	28	0
958.05	6693466	218522	6693466	26498899968	19345678336	807.0	28	0
959.05	6693466	218522	6693466	26501529600	19348373504	799.7	28	0
960.06	6693466	218522	6693466	26504454144	19350913024	807.5	28	0
961.06	6693466	218522	6693466	26507431936	19353657344	799.6	28	0
962.07	6693466	218522	6693466	26509942784	19356471296	799.7	28	0
963.07	6693466	218522	6693466	26513203200	19359367168	807.9	28	0
964.07	6693466	218522	6693466	26515582976	19362099200	799.8	28	0
965.08	6693466	218522	6693466	26518556672	19364921344	807.7	28	0
966.08	6693466	218522	6693466	26521595904	19368243200	800.0	28	0
967.09	6693466	218522	6693466	26523885568	19371057152	799.9	28	0
968.09	6693466	218522	6693466	26526900224	19373887488	807.6	28	0
969.09	6693466	218522	6693466	26530185216	19376844800	800.4	28	0
970.10	6693466	218522	6693466	26532700160	19379847168	807.2	28	0
971.10	6693466	218522	6693466	26535550976	19382452224	799.6	28	0
972.11	6693466	218522	6693466	26538250240	19385241600	799.5	28	0
973.11	6693466	218522	6693466	26541056000	19388272640	807.7	28	0
974.12	6693466	218522	6693466	26544304128	19391221760	799.9	28	0
975.12	6693466	218522	6693466	26547204096	19393822720	807.3	28	0
976.12	6693466	218522	6693466	26550005760	19396763648	800.6	28	0
977.13	6693466	218522	6693466	26552745984	19399626752	807.0	28	0
978.13	6693466	218522	6693466	26555801600	19402326016	799.6	28	0
979.14	6693466	218522	6693466	26558181376	19404935168	799.7	28	0
980.14	6693466	218522	6693466	26560475136	19407474688	807.5	28	0
981.14	6693466	218522	6693466	26562834432	19410206720	799.6	28	0
982.15	6693466	218522	6693466	26565308416	19412520960	807.4	28	0
983.15	6693466	218522	6693466	26568499200	19415252992	799.6	28	0
984.16	6693466	218522	6693466	26570948608	19418066944	799.7	28	0
985.16	6693466	218522	6693466	26574094336	19420803072	807.6	28	0
986.16	6693466	218522	6693466	26577211392	19423584256	799.6	28	0
987.17	6693466	218522	6693466	26579812352	19426328576	807.5	28	0
988.17	6693466	218522	6693466	26582183936	19429371904	799.7	28	0
989.18	6693466	218522	6693466	26585038848	19431809024	807.5	28	0
990.18	6693466	218522	6693466	26588082176	19434655744	799.7	28	0
991.19	6693466	218522	6693466	26591047680	19437621248	799.8	28	0
992.19	6693466	218522	6693466	26593525760	19440250880	807.9	28	0
993.19	6693466	218522	6693466	26596265984	19442941952	799.4	28	0
994.20	6693466	218522	6693466	26598625280	19445305344	807.4	28	0
995.20	6693466	218522	6693466	26601840640	19448340480	799.7	28	0
996.21	6693466	218522	6693466	26604748800	19451166720	799.7	28	0
997.21	6693466	218522	6693466	26607374336	19454025728	807.6	28	0
998.21	6693466	218522	6693466	26610167808	19456978944	800.5	28	0
999.22	6693466	218522	6693466	26612731904	19459903488	806.9	28	0
1000.22	6693466	218522	6693466	26615230464	19462352896	799.4	28	0
1001.23	6693466	218522	6693466	26618626048	19465367552	807.7	28	0
1002.23	6693466	218522	6693466	26621034496	19468025856	799.8	28	0
1003.24	6693466	218522	6693466	26624196608	19470725120	800.1	28	0
1004.24	6693466	218522	6693466	26627280896	19473563648	806.9	28	0
1005.24	6693466	218522	6693466	26630045696	19476574208	799.6	28	0
1006.25	6693466	218522	6693466	26633089024	19479220224	807.6	28	0
1007.25	6693466	218522	6693466	26635702272	19482144768	799.5	28	0
1008.26	6693466	218522	6693466	26638643200	19484807168	799.6	28	0
1009.26	6693466	218522	6693466	26641215488	19487662080	807.5	28	0
1010.26	6693466	218522	6693466	26644176896	19490385920	799.5	28	0
1011.27	6693466	218522	6693466	26646888448	19493199872	807.5	28	0
1012.27	6693466	218522	6693466	26649006080	19495735296	799.4	28	0
1013.28	6693466	218522	6693466	26651844608	19498217472	807.3	28	0
1014.28	6693466	218522	6693466	26654384128	19500679168	799.3	28	0
1015.29	6693466	218522	6693466	26656837632	19503296512	799.5	28	0
1016.29	6693466	218522	6693466	26659573760	19505987584	807.3	28	0
1017.29	6693466	218522	6693466	26661707776	19508576256	799.5	28	0
1018.30	6693466	218522	6693466	26664845312	19511455744	807.6	28	0
1019.30	6693466	218522	6693466	26666909696	19513962496	799.5	28	0
1020.31	6693466	218522	6693466	26670006272	19516833792	807.5	28	0
1021.31	6693466	218522	6693466	26673188864	19519672320	799.8	28	0
1022.32	6693466	218522	6693466	26675355648	19522301952	799.5	28	0
1023.32	6693466	218522	6693466	26678378496	19525099520	807.6	28	0
1024.32	6693466	218522	6693466	26681024512	19527716864	799.4	28	0
1025.33	6693466	218522	6693466	26684149760	19530645504	807.6	28	0
1026.33	6693466	218522	6693466	26686779392	19533537280	799.8	28	0
1027.34	6693466	218522	6693466	26688999424	19536015360	799.9	28	0
1028.34	6693466	218522	6693466	26691768320	19538677760	807.1	28	0
1029.34	6693466	218522	6693466	26694209536	19541463040	799.7	28	0
1030.35	6693466	218522	6693466	26697854976	19544424448	807.7	28	0
1031.35	6693466	218522	6693466	26700787712	19547291648	799.6	28	0
1032.36	6693466	218522	6693466	26703286272	19550138368	807.7	28	0
1033.36	6693466	218522	6693466	26706280448	19553116160	799.8	28	0
1034.37	6693466	218522	6693466	26709688320	19556339712	799.8	28	0
1035.37	6693466	218522	6693466	26712494080	19559313408	807.8	28	0
1036.37	6693466	218522	6693466	26714947584	19561824256	799.5	28	0
1037.38	6693466	218522	6693466	26717605888	19564916736	807.7	28	0
1038.38	6693466	218522	6693466	26721042432	19567898624	799.7	28	0
1039.39	6693466	218522	6693466	26723778560	19570745344	799.8	28	0
1040.39	6693466	218522	6693466	26726825984	19573698560	807.8	28	0
1041.39	6693466	218522	6693466	26729279488	19576164352	799.7	28	0
1042.40	6693466	218522	6693466	26732154880	19578970112	807.2	28	0
1043.40	6693466	218522	6693466	26734956544	19581530112	799.6	28	0
1044.41	6693466	218522	6693466	26738241536	19584458752	807.7	28	0
1045.41	6693466	218522	6693466	26741407744	19587416064	799.8	28	0
1046.42	6693466	218522	6693466	26743443456	19589791744	799.6	28	0
1047.42	6693466	218522	6693466	26745688064	19591819264	807.3	28	0
1048.42	6693466	218522	6693466	26747846656	19593830400	799.2	28	0
1049.43	6693466	218522	6693466	26749607936	19595694080	807.1	28	0
1050.43	6693466	218522	6693466	26750558208	19596890112	799.4	28	0
1051.44	6693466	218522	6693466	26751651840	19598110720	798.4	28	0
1052.44	6693466	218522	6693466	26753499136	19599740928	807.1	28	0
1053.44	6693466	218522	6693466	26755026944	19601403904	799.1	28	0
1054.45	6693466	218522	6693466	26756685824	19603193856	807.1	28	0
1055.45	6693466	218522	6693466	26759016448	19605630976	799.4	28	0
1056.46	6693466	218522	6693466	26760617984	19607318528	807.2	28	0
1057.46	6693466	218522	6693466	26762010624	19609141248	799.0	28	0
1058.47	6693466	218522	6693466	26765045760	19611611136	799.7	28	0
1059.47	6693466	218522	6693466	26767011840	19614076928	807.4	28	0
1060.47	6693466	218522	6693466	26769727488	19616309248	799.4	28	0
1061.48	6693466	218522	6693466	26772406272	19619180544	807.7	28	0
1062.48	6693466	218522	6693466	26774724608	19621830656	799.6	28	0
1063.49	6693466	218522	6693466	26777485312	19624083456	799.5	28	0
1064.49	6693466	218522	6693466	26780364800	19626971136	807.7	28	0
1065.49	6693466	218522	6693466	26783363072	19629764608	799.7	28	0
1066.50	6693466	218522	6693466	26785992704	19632521216	807.6	28	0
1067.50	6693466	218522	6693466	26788225024	19635126272	799.6	28	0
1068.51	6693466	218522	6693466	26791182336	19637878784	799.6	28	0
1069.51	6693466	218522	6693466	26793316352	19640365056	807.5	28	0
1070.51	6693466	218522	6693466	26796306432	19643199488	799.6	28	0
1071.52	6693466	218522	6693466	26798268416	19645571072	807.3	28	0
1072.52	6693466	218522	6693466	26802163712	19648606208	799.7	28	0
1073.53	6693466	218522	6693466	26804269056	19651379200	807.6	28	0
1074.53	6693466	218522	6693466	26808078336	19654242304	799.9	28	0
1075.54	6693466	218522	6693466	26810609664	19657216000	799.6	28	0
1076.54	6693466	218522	6693466	26813788160	19660300288	807.7	28	0
1077.54	6693466	218522	6693466	26815586304	19662733312	799.6	28	0
1078.55	6693466	218522	6693466	26819256320	19665891328	807.8	28	0
1079.55	6693466	218522	6693466	26822160384	19668795392	799.9	28	0
1080.56	6693466	218522	6693466	26824740864	19671851008	800.0	28	0
1081.56	6693466	218522	6693466	26827636736	19674865664	807.6	28	0
1082.56	6693466	218522	6693466	26831065088	19677814784	799.8	28	0
1083.57	6693466	218522	6693466	26833436672	19680026624	807.4	28	0
1084.57	6693466	218522	6693466	26835701760	19682000896	799.4	28	0
1085.58	6693466	218522	6693466	26838360064	19684376576	807.6	28	0
1086.58	6693466	218522	6693466	26840649728	19686985728	799.6	28	0
1087.59	6693466	218522	6693466	26843541504	19689684992	799.8	28	0
1088.59	6693466	218522	6693466	26845220864	19691982848	807.4	28	0
1089.59	6693466	218522	6693466	26848641024	19694989312	799.7	28	0
1090.60	6693466	218522	6693466	26851508224	19697901568	807.7	28	0
1091.60	6693466	218522	6693466	26853928960	19700637696	800.2	28	0
1092.61	6693466	218522	6693466	26855964672	19702923264	799.0	28	0
1093.61	6693466	218522	6693466	26859008000	19705671680	807.7	28	0
1094.61	6693466	218522	6693466	26861760512	19708243968	800.1	28	0
1095.62	6693466	218522	6693466	26864910336	19710951424	807.3	28	0
1096.62	6693466	218522	6693466	26867216384	19713568768	799.7	28	0
1097.63	6693466	218522	6693466	26869231616	19715940352	807.7	28	0
1098.63	6693466	218522	6693466	26872655872	19718905856	799.8	28	0
1099.64	6693466	218522	6693466	26874961920	19721433088	799.7	28	0
1100.64	6693466	218522	6693466	26877894656	19724226560	807.7	28	0
1101.64	6693466	218522	6693466	26880229376	19726991360	799.9	28	0
1102.65	6693466	218522	6693466	26883428352	19730092032	807.6	28	0
1103.65	6693466	218522	6693466	26886582272	19733118976	799.7	28	0
1104.66	6693466	218522	6693466	26888830976	19735244800	799.5	28	0
1105.66	6693466	218522	6693466	26891210752	19737440256	807.4	28	0
1106.66	6693466	218522	6693466	26893701120	19740274688	799.9	28	0
1107.67	6693466	218522	6693466	26896506880	19743363072	807.7	28	0
1108.67	6693466	218522	6693466	26899681280	19746344960	799.8	28	0
1109.68	6693466	218522	6693466	26902253568	19749388288	807.7	28	0
1110.68	6693466	218522	6693466	26905313280	19751931904	799.6	28	0
1111.69	6693466	218522	6693466	26907058176	19754299392	799.6	28	0
1112.69	6693466	218522	6693466	26910470144	19756900352	807.5	28	0
1113.69	6693466	218522	6693466	26912813056	19759308800	799.6	28	0
1114.70	6693466	218522	6693466	26915381248	19761963008	807.4	28	0
1115.70	6693466	218522	6693466	26917523456	19764355072	799.6	28	0
1116.71	6693466	218522	6693466	26919833600	19766673408	799.5	28	0
1117.71	6693466	218522	6693466	26922213376	19768999936	807.3	28	0
1118.71	6693466	218522	6693466	26924838912	19771588608	799.6	28	0
1119.72	6693466	222754	6693466	26930122752	19772080128	900.3	28	0
1120.72	6693466	227824	6693466	26935369728	19772080128	905.4	28	0
1121.73	6693466	232844	6693466	26940350464	19772080128	914.2	28	0
1122.73	6693466	237900	6693466	26945585152	19772080128	905.3	28	0
1123.74	6693466	242987	6693466	26951725056	19772080128	905.0	28	0
1124.74	6693466	244900	6693466	26952679424	19772080128	848.9	28	0
1125.74	6693466	244900	6693466	26952695808	19772080128	799.7	28	0
1126.75	6693466	244900	6693466	26952826880	19772080128	807.6	28	0
1127.75	6693466	244900	6693466	26952556544	19772080128	799.2	28	0
1128.76	6693466	244900	6693466	26953277440	19772080128	799.5	28	0
1129.76	6693466	244900	6693466	26952712192	19772080128	807.3	28	0
1130.76	6693466	244900	6693466	26952978432	19772080128	799.7	28	0
1131.77	6693466	244900	6693466	26952458240	19772080128	807.3	28	0
1132.77	6693466	244900	6693466	26952687616	19772080128	799.5	28	0
1133.78	6693466	244900	6693466	26952695808	19772080128	799.6	28	0
1134.78	6693466	244900	6693466	26952540160	19772080128	807.6	28	0
1135.78	6693466	244900	6693466	26952290304	19772080128	799.8	28	0
1136.79	6693466	244900	6693466	26952458240	19772080128	807.4	28	0
1137.79	6693466	244900	6693466	26952114176	19772080128	799.6	28	0
1138.80	6693466	244900	6693466	26952355840	19772080128	807.5	28	0
1139.80	6693466	244900	6693466	26952306688	19772080128	799.5	28	0
1140.81	6693466	244900	6693466	26952118272	19772080128	799.6	28	0
1141.81	6693466	244900	6693466	26951995392	19772080128	807.6	28	0
1142.81	6693466	244900	6693466	26952237056	19772080128	799.7	28	0
1143.82	6693466	244900	6693466	26952245248	19772080128	807.5	28	0
1144.82	6693466	244900	6693466	26952364032	19772080128	799.7	28	0
1145.83	6693466	244900	6693466	26951745536	19772080128	799.8	28	0
1146.83	6693466	244900	6693466	26951761920	19772080128	807.5	28	0
1147.83	6693466	244900	6693466	26951958528	19772080128	800.0	28	0
1148.84	6693466	244900	6693466	26952077312	19772080128	807.8	28	0
1149.84	6693466	244900	6693466	26951991296	19772080128	799.6	28	0
1150.85	6693466	244900	6693466	26952536064	19772080128	799.7	28	0
1151.85	6693466	244900	6693466	26952810496	19772080128	807.5	28	0
1152.85	6693466	244900	6693466	26952212480	19772080128	799.7	28	0
1153.86	6693466	244900	6693466	26952089600	19772080128	807.5	28	0
1154.86	6693466	244900	6693466	26951741440	19772080128	800.0	28	0
1155.87	6693466	244900	6693466	26951323648	19772080128	807.8	28	0
1156.87	6693466	244900	6693466	26951327744	19772080128	800.0	28	0
1157.88	6693466	244900	6693466	26951319552	19772080128	808.1	28	0
1158.88	6693466	244900	6693466	26950991872	19772084224	799.8	28	0
1159.89	6693466	244900	6693466	26951229440	19772084224	799.6	28	0
1160.89	6693466	244965	6693466	26952142848	19772084224	808.6	28	0
1161.89	6693466	249967	6693466	26957176832	19772084224	905.6	28	0
1162.90	6693466	254956	6693466	26962604032	19772084224	914.8	28	0
1163.90	6693466	259977	6693466	26967339008	19772084224	906.2	28	0
1164.91	6693466	265045	6693466	26973036544	19772084224	914.4	28	0
1165.91	6693466	270098	6693466	26977746944	19772084224	905.2	28	0
1166.92	6693466	275151	6693466	26982912000	19772084224	905.4	28	0
1167.92	6693466	280207	6693466	26988544000	19772088320	914.4	28	0
1168.92	6693466	285262	6693466	26993774592	19772088320	905.4	28	0
1169.93	6693466	290298	6693466	26998956032	19772088320	914.1	28	0
1170.93	6693466	295378	6693466	27004203008	19772088320	905.5	28	0
1171.94	6693466	300472	6693466	27009269760	19772088320	913.9	28	0
1172.94	6693466	305575	6693466	27014209536	19772088320	905.8	28	0
1173.95	6693466	310645	6693466	27019862016	19772088320	905.6	28	0
1174.95	6693466	315715	6693466	27024850944	19772088320	914.2	28	0
1175.95	6693466	320322	6693466	27029819392	19772092416	896.3	28	0
1176.96	6693466	320322	6693466	27029819392	19772092416	807.9	28	0
1177.96	6693466	320322	6693466	27030122496	19772092416	799.8	28	0
1178.97	6693466	320322	6693466	27029504000	19772092416	807.4	28	0
1179.97	6693466	320322	6693466	27029315584	19772092416	800.3	28	0
1180.98	6693466	320322	6693466	27029041152	19772092416	800.1	28	0
1181.98	6693466	320322	6693466	27029106688	19772092416	807.0	28	0
1182.99	6693466	320322	6693466	27028848640	19772092416	799.7	28	0
1183.99	6693466	320322	6693466	27028893696	19772092416	807.4	28	0
1184.99	6693466	320322	6693466	27029516288	19772092416	799.5	28	0
1186.00	6693466	320322	6693466	27029565440	19772092416	807.7	28	0
1187.00	6693466	320322	6693466	27028971520	19772092416	799.6	28	0
1188.01	6693466	320322	6693466	27028914176	19772092416	799.8	28	0
1189.01	6693466	320322	6693466	27029229568	19772092416	807.2	28	0
1190.01	6693466	320322	6693466	27029274624	19772092416	799.6	28	0
1191.02	6693466	320322	6693466	27029114880	19772092416	807.7	28	0
1192.02	6693466	320322	6693466	27028914176	19772092416	799.6	28	0
1193.03	6693466	320322	6693466	27029549056	19772092416	807.6	28	0
1194.03	6693466	320322	6693466	27029176320	19772092416	799.5	28	0
1195.04	6693466	320322	6693466	27029434368	19772092416	800.1	28	0
1196.04	6693466	320322	6693466	27029422080	19772092416	806.9	28	0
1197.04	6693466	320322	6693466	27029012480	19772092416	799.7	28	0
1198.05	6693466	320322	6693466	27028852736	19772100608	807.5	28	0
1199.05	6693466	320322	6693466	27028725760	19772104704	799.9	28	0
1200.06	6693466	320322	6693466	27029135360	19772108800	799.7	28	0
1201.06	6693466	320322	6693466	27029204992	19772108800	807.4	28	0
1202.06	6693466	320322	6693466	27029299200	19772112896	799.6	28	0
1203.07	6693466	320322	6693466	27029340160	19772112896	807.6	28	0
1204.07	6693466	320322	6693466	27029090304	19772112896	799.8	28	0
1205.08	6693466	320322	6693466	27028955136	19772112896	807.4	28	0
1206.08	6693466	320322	6693466	27028860928	19772112896	799.8	28	0
1207.09	6693466	320322	6693466	27028934656	19772112896	799.7	28	0
1208.09	6693466	320322	6693466	27028647936	19772112896	807.5	28	0
1209.09	6693466	320322	6693466	27029045248	19772112896	799.7	28	0
1210.10	6693466	320322	6693466	27028971520	19772112896	807.8	28	0
1211.10	6693466	320322	6693466	27028897792	19772112896	799.7	28	0
1212.11	6693466	320322	6693466	27029069824	19772112896	799.7	28	0
1213.11	6693466	320322	6693466	27028799488	19772112896	807.5	28	0
1214.11	6693466	320322	6693466	27029340160	19772112896	799.5	28	0
1215.12	6693466	320322	6693466	27029356544	19772112896	807.6	28	0
1216.12	6693466	320322	6693466	27029245952	19772112896	799.7	28	0
1217.13	6693466	320322	6693466	27029458944	19772112896	799.5	28	0
1218.13	6693466	320322	6693466	27029471232	19772112896	807.6	28	0
1219.13	6693466	320322	6693466	27029450752	19772121088	799.6	28	0
1220.14	6693466	320322	6693466	27029327872	19772121088	807.4	28	0
1221.14	6693466	320322	6693466	27029094400	19772121088	799.5	28	0
1222.15	6693466	320322	6693466	27029286912	19772121088	807.7	28	0
1223.15	6693466	320322	6693466	27029278720	19772121088	799.5	28	0
1224.16	6693466	320322	6693466	27029540864	19772125184	799.7	28	0
1225.16	6693466	320322	6693466	27029692416	19772125184	807.6	28	0
1226.16	6693466	320322	6693466	27029839872	19774160896	799.9	28	0
1227.17	6693466	320322	6693466	27029688320	19774160896	807.4	28	0
1228.17	6693466	320322	6693466	27029770240	19774160896	799.5	28	0
1229.18	6693466	320322	6693466	27029688320	19774160896	799.6	28	0
1230.18	6693466	320322	6693466	27029663744	19774160896	807.6	28	0
1231.18	6693466	320322	6693466	27029561344	19774160896	799.5	28	0
1232.19	6693466	320322	6693466	27029614592	19774160896	807.5	28	0
1233.19	6693466	320322	6693466	27029196800	19774160896	799.9	28	0
1234.20	6693466	320322	6693466	27028795392	19774185472	807.5	28	0
1235.20	6693466	320322	6693466	27029393408	19774185472	799.9	28	0
1236.21	6693466	320322	6693466	27029475328	19774185472	799.3	28	0
1237.21	6693466	320322	6693466	27028992000	19774185472	807.4	28	0
1238.21	6693466	320322	6693466	27029278720	19774185472	799.7	28	0
1239.22	6693466	320322	6693466	27029209088	19774185472	807.6	28	0
1240.22	6693466	320322	6693466	27029295104	19774185472	799.6	28	0
1241.23	6693466	320322	6693466	27029708800	19774185472	799.6	28	0
1242.23	6693466	320322	6693466	27029303296	19774185472	807.4	28	0
1243.23	6693466	320322	6693466	27028922368	19774185472	799.8	28	0
1244.24	6693466	320322	6693466	27028877312	19774185472	807.6	28	0
1245.24	6693466	320322	6693466	27029221376	19774185472	799.6	28	0
1246.25	6693466	320322	6693466	27029561344	19774185472	807.6	28	0
1247.25	6693466	320322	6693466	27029270528	19774185472	799.7	28	0
1248.26	6693466	320322	6693466	27029340160	19774185472	799.8	28	0
1249.26	6693466	320322	6693466	27029385216	19774185472	807.6	28	0
1250.26	6693466	320322	6693466	27029598208	19774185472	799.6	28	0
1251.27	6693466	320322	6693466	27029204992	19774185472	807.6	28	0
1252.27	6693466	320322	6693466	27029192704	19774185472	799.6	28	0
1253.28	6693466	320322	6693466	27028987904	19774185472	799.5	28	0
1254.28	6693466	320322	6693466	27028922368	19774189568	807.5	28	0
1255.28	6693466	320322	6693466	27029295104	19774189568	799.5	28	0
1256.29	6693466	320322	6693466	27029241856	19774193664	807.6	28	0
1257.29	6693466	320322	6693466	27029086208	19774193664	799.2	28	0
1258.30	6693466	320322	6693466	27029086208	19774193664	807.5	28	0
1259.30	6693466	320322	6693466	27029131264	19774193664	799.7	28	0
1260.31	6693466	320322	6693466	27028914176	19774193664	800.1	28	0
1261.31	6693466	320322	6693466	27028758528	19774193664	807.1	28	0
1262.31	6693466	320322	6693466	27028680704	19774193664	799.6	28	0
1263.32	6693466	320322	6693466	27028803584	19774193664	807.4	28	0
1264.32	6693466	320322	6693466	27028893696	19774193664	799.5	28	0
1265.33	6693466	320322	6693466	27029045248	19774193664	799.6	28	0
1266.33	6693466	320322	6693466	27028856832	19774193664	807.4	28	0
1267.33	6693466	320322	6693466	27028926464	19774193664	799.6	28	0
1268.34	6693466	320322	6693466	27028697088	19774193664	807.5	28	0
1269.34	6693466	320322	6693466	27028795392	19774193664	799.5	28	0
1270.35	6693466	320322	6693466	27029348352	19774193664	799.7	28	0
1271.35	6693466	320322	6693466	27028656128	19774193664	807.7	28	0
1272.35	6693466	320322	6693466	27028717568	19774193664	799.7	28	0
1273.36	6693466	320322	6693466	27029094400	19774193664	807.9	28	0
1274.36	6693466	320322	6693466	27028746240	19774193664	799.4	28	0
1275.37	6693466	320322	6693466	27029237760	19774193664	807.6	28	0
1276.37	6693466	320322	6693466	27028992000	19774205952	799.7	28	0
1277.38	6693466	320322	6693466	27028918272	19774205952	799.8	28	0
1278.38	6693466	320322	6693466	27028815872	19774205952	807.7	28	0
1279.38	6693466	320322	6693466	27028971520	19774205952	800.4	28	0
1280.39	6693466	320322	6693466	27028819968	19774205952	806.9	28	0
1281.39	6693466	320322	6693466	27028402176	19774205952	799.7	28	0
1282.40	6693466	320322	6693466	27028725760	19774205952	799.5	28	0
1283.40	6693466	320322	6693466	27029000192	19774205952	807.6	28	0
1284.41	6693466	320322	6693466	27028881408	19774205952	799.7	28	0
1285.41	6693466	320322	6693466	27029024768	19774205952	807.6	28	0
1286.41	6693466	324881	6693466	27034320896	19774205952	894.2	28	0
1287.42	6693466	329969	6693466	27040161792	19774210048	914.3	28	0
1288.42	6693466	335106	6693466	27044741120	19774210048	905.5	28	0
1289.43	6693466	340239	6693466	27050037248	19774210048	905.6	28	0
1290.43	6693466	345367	6693466	27055181824	19774210048	914.6	28	0
1291.43	6693466	350516	6693466	27060166656	19774210048	905.2	28	0
1292.44	6693466	355651	6693466	27065815040	19774210048	914.8	28	0
1293.44	6693466	358552	6693466	27068911616	19774210048	860.2	28	0
1294.45	6693466	358552	6693466	27068538880	19774210048	807.6	28	0
1295.45	6693466	358552	6693466	27068612608	19774210048	799.6	28	0
1296.46	6693466	358552	6693466	27068276736	19774210048	799.7	28	0
1297.46	6693466	358552	6693466	27068411904	19774210048	807.6	28	0
1298.46	6693466	358552	6693466	27068706816	19774214144	799.8	28	0
1299.47	6693466	358552	6693466	27068149760	19774214144	807.7	28	0
1300.47	6693466	358552	6693466	27068321792	19774214144	799.7	28	0
1301.48	6693466	358552	6693466	27068588032	19774214144	800.0	28	0
1302.48	6693466	358552	6693466	27068473344	19774218240	807.7	28	0
1303.48	6693466	358552	6693466	27068755968	19774218240	799.4	28	0
1304.49	6693466	358552	6693466	27068653568	19774238720	807.5	28	0
1305.49	6693466	358552	6693466	27068940288	19774238720	799.5	28	0
1306.50	6693466	358552	6693466	27069370368	19774238720	807.6	28	0
1307.50	6693466	358552	6693466	27069190144	19774238720	799.7	28	0
1308.51	6693466	358552	6693466	27069161472	19774242816	800.1	28	0
1309.51	6693466	358552	6693466	27068817408	19774246912	807.0	28	0
1310.51	6693466	358552	6693466	27068813312	19774259200	799.6	28	0
1311.52	6693466	358552	6693466	27068395520	19774259200	807.5	28	0
1312.52	6693466	358552	6693466	27068059648	19774259200	799.8	28	0
1313.53	6693466	358552	6693466	27068723200	19774259200	799.6	28	0
1314.53	6693466	358552	6693466	27068375040	19774259200	807.4	28	0
1315.53	6693466	358552	6693466	27068719104	19774259200	799.6	28	0
1316.54	6693466	358552	6693466	27068407808	19774283776	807.6	28	0
1317.54	6693466	358552	6693466	27068600320	19774283776	799.5	28	0
1318.55	6693466	358552	6693466	27068993536	19774283776	807.6	28	0
1319.55	6693466	358552	6693466	27068628992	19774283776	799.7	28	0
1320.56	6693466	358552	6693466	27068641280	19774283776	799.9	28	0
1321.56	6693466	358552	6693466	27068649472	19774283776	807.2	28	0
1322.56	6693466	358552	6693466	27068489728	19774283776	799.9	28	0
1323.57	6693466	358552	6693466	27068764160	19774283776	807.5	28	0
1324.57	6693466	358552	6693466	27068706816	19774283776	799.6	28	0
1325.58	6693466	358552	6693466	27068985344	19774283776	807.5	28	0
1326.58	6693466	358552	6693466	27068829696	19774283776	799.6	28	0
1327.59	6693466	358552	6693466	27068735488	19774283776	800.5	28	0
1328.59	6693466	358552	6693466	27068735488	19774283776	807.0	28	0
1329.59	6693466	358552	6693466	27068624896	19774283776	799.6	28	0
1330.60	6693466	358552	6693466	27068502016	19774283776	807.4	28	0
1331.60	6693466	358552	6693466	27068928000	19774287872	799.8	28	0
1332.61	6693466	358552	6693466	27068760064	19774300160	807.8	28	0
1333.61	6693466	358552	6693466	27068960768	19774300160	799.4	28	0
1334.62	6693466	358552	6693466	27068866560	19774304256	799.7	28	0
1335.62	6693466	358552	6693466	27068858368	19774304256	807.6	28	0
1336.62	6693466	358552	6693466	27068788736	19774304256	799.5	28	0
1337.63	6693466	358552	6693466	27068715008	19774304256	807.7	28	0
1338.63	6693466	358552	6693466	27068891136	19774304256	799.9	28	0
1339.64	6693466	358552	6693466	27068936192	19774304256	799.6	28	0
1340.64	6693466	358552	6693466	27068993536	19774304256	807.3	28	0
1341.64	6693466	358552	6693466	27068686336	19774304256	799.6	28	0
1342.65	6693466	358552	6693466	27068948480	19774304256	807.5	28	0
1343.65	6693466	358552	6693466	27069001728	19774304256	799.6	28	0
1344.66	6693466	358552	6693466	27068710912	19774304256	807.6	28	0
1345.66	6693466	358552	6693466	27068874752	19774304256	799.7	28	0
1346.67	6693466	358552	6693466	27068940288	19774304256	799.6	28	0
1347.67	6693466	358552	6693466	27068715008	19774304256	807.5	28	0
1348.67	6693466	358552	6693466	27068960768	19774394368	799.6	28	0
1349.68	6693466	358552	6693466	27069251584	19774394368	807.7	28	0
1350.68	6693466	358552	6693466	27069054976	19774394368	799.6	28	0
1351.69	6693466	358552	6693466	27068719104	19774394368	807.6	28	0
1352.69	6693466	358552	6693466	27069177856	19774394368	799.6	28	0
1353.70	6693466	358552	6693466	27068977152	19774414848	799.6	28	0
1354.70	6693466	358552	6693466	27068702720	19774427136	807.3	28	0
1355.70	6693466	358552	6693466	27068923904	19774427136	799.9	28	0
1356.71	6693466	358552	6693466	27069296640	19774439424	807.6	28	0
1357.71	6693466	358552	6693466	27069566976	19774439424	799.6	28	0
1358.72	6693466	358552	6693466	27068907520	19774439424	799.7	28	0
1359.72	6693466	358552	6693466	27069427712	19774439424	808.0	28	0
1360.72	6693466	358552	6693466	27069476864	19774439424	799.4	28	0
1361.73	6693466	358552	6693466	27069517824	19774439424	807.7	28	0
1362.73	6693466	358552	6693466	27069153280	19774455808	799.7	28	0
1363.74	6693466	358552	6693466	27069075456	19774455808	807.5	28	0
1364.74	6693466	358552	6693466	27069136896	19774455808	799.7	28	0
1365.75	6693466	358552	6693466	27068841984	19774455808	799.5	28	0
1366.75	6693466	358552	6693466	27069014016	19774468096	807.5	28	0
1367.75	6693466	358552	6693466	27069304832	19774468096	799.6	28	0
1368.76	6693466	358552	6693466	27069329408	19774468096	807.5	28	0
1369.76	6693466	358552	6693466	27069235200	19774468096	799.8	28	0
1370.77	6693466	358552	6693466	27068977152	19774468096	799.7	28	0
1371.77	6693466	358552	6693466	27068579840	19774472192	807.7	28	0
1372.77	6693466	358552	6693466	27069321216	19774472192	799.6	28	0
1373.78	6693466	358552	6693466	27069292544	19774472192	807.6	28	0
1374.78	6693466	358552	6693466	27069419520	19774472192	799.4	28	0
1375.79	6693466	358552	6693466	27069456384	19774472192	807.9	28	0
1376.79	6693466	358552	6693466	27069325312	19774476288	799.5	28	0
1377.80	6693466	358552	6693466	27069218816	19774476288	799.8	28	0
1378.80	6693466	358552	6693466	27069284352	19774476288	807.4	28	0
1379.80	6693466	358552	6693466	27069304832	19774476288	799.8	28	0
1380.81	6693466	358552	6693466	27069153280	19774496768	807.7	28	0
1381.81	6693466	358552	6693466	27069157376	19774509056	799.6	28	0
1382.82	6693466	358552	6693466	27069403136	19774509056	799.7	28	0
1383.82	6693466	358552	6693466	27069665280	19774509056	807.5	28	0
1384.82	6693466	358552	6693466	27069140992	19774509056	799.7	28	0
1385.83	6693466	358552	6693466	27069014016	19774509056	807.6	28	0
1386.83	6693466	358552	6693466	27069022208	19774509056	799.5	28	0
1387.84	6693466	358552	6693466	27069554688	19774509056	807.4	28	0
1388.84	6693466	358552	6693466	27069583360	19774509056	799.6	28	0
1389.85	6693466	358552	6693466	27069788160	19774509056	799.7	28	0
1390.85	6693466	358552	6693466	27069419520	19774509056	807.7	28	0
1391.85	6693466	358552	6693466	27069386752	19774509056	799.7	28	0
1392.86	6693466	358552	6693466	27069415424	19774509056	807.8	28	0
1393.86	6693466	358552	6693466	27069440000	19774509056	799.8	28	0
1394.87	6693466	358552	6693466	27069464576	19774509056	799.7	28	0
1395.87	6693466	358552	6693466	27069857792	19774509056	807.6	28	0
1396.88	6693466	358552	6693466	27069235200	19774509056	799.7	28	0
1397.88	6693466	358552	6693466	27069759488	19774509056	807.5	28	0
1398.88	6693466	358552	6693466	27069722624	19774513152	799.5	28	0
1399.89	6693466	358552	6693466	27068956672	19774513152	807.5	28	0
1400.89	6693466	358552	6693466	27069149184	19774513152	799.6	28	0
1401.90	6693466	358552	6693466	27069284352	19774513152	799.6	28	0
1402.90	6693466	358552	6693466	27069165568	19774513152	807.6	28	0
1403.90	6693466	358552	6693466	27069554688	19774513152	799.7	28	0
1404.91	6693466	358552	6693466	27069562880	19774586880	807.4	28	0
1405.91	6693466	358552	6693466	27069726720	19774586880	799.5	28	0
1406.92	6693466	358552	6693466	27069263872	19774586880	807.7	28	0
1407.92	6693466	358552	6693466	27069534208	19774586880	799.8	28	0
1408.93	6693466	358552	6693466	27069603840	19774586880	799.6	28	0
1409.93	6693466	358552	6693466	27069591552	19774586880	807.6	28	0
1410.93	6693466	358552	6693466	27069419520	19774586880	799.8	28	0
1411.94	6693466	358552	6693466	27069923328	19774586880	807.4	28	0
1412.94	6693466	358552	6693466	27069644800	19774586880	799.7	28	0
1413.95	6693466	358552	6693466	27069628416	19774586880	807.7	28	0
1414.95	6693466	358552	6693466	27069120512	19774586880	799.7	28	0
1415.96	6693466	358552	6693466	27069304832	19774586880	799.6	28	0
1416.96	6693466	358552	6693466	27068833792	19774586880	807.5	28	0
1417.96	6693466	358552	6693466	27069116416	19774586880	800.1	28	0
1418.97	6693466	358552	6693466	27069390848	19774586880	807.2	28	0
1419.97	6693466	358552	6693466	27069464576	19774586880	799.7	28	0
1420.98	6693466	358552	6693466	27070017536	19774590976	799.7	28	0
1421.98	6693466	358552	6693466	27068997632	19774590976	807.6	28	0
1422.98	6693466	358552	6693466	27069054976	19774590976	799.8	28	0
1423.99	6693466	358552	6693466	27069018112	19774590976	807.6	28	0
1424.99	6693466	358552	6693466	27070328832	19775262720	798.9	28	0
1426.00	6693466	358552	6693466	27073204224	19777806336	807.6	28	0
1427.00	6693466	358552	6693466	27075842048	19780325376	799.6	28	0
1428.01	6693466	358552	6693466	27078115328	19782897664	799.6	28	0
1429.01	6693466	358552	6693466	27080536064	19785535488	807.6	28	0
1430.01	6693466	358552	6693466	27083472896	19788275712	799.5	28	0
1431.02	6693466	358552	6693466	27086364672	19791097856	807.6	28	0
1432.02	6693466	358552	6693466	27089145856	19793903616	799.8	28	0
1433.03	6693466	358552	6693466	27092451328	19796566016	799.6	28	0
1434.03	6693466	358552	6693466	27095044096	19799117824	807.4	28	0
1435.03	6693466	358552	6693466	27097419776	19801337856	799.5	28	0
1436.04	6693466	358552	6693466	27099844608	19803648000	807.4	28	0
1437.04	6693466	358552	6693466	27102261248	19806326784	799.6	28	0
1438.05	6693466	358552	6693466	27104825344	19808870400	807.6	28	0
1439.05	6693466	358552	6693466	27107577856	19811459072	799.5	28	0
1440.06	6693466	358552	6693466	27110285312	19814187008	799.7	28	0
1441.06	6693466	358552	6693466	27113172992	19816865792	807.5	28	0
1442.06	6693466	358552	6693466	27115544576	19819417600	799.7	28	0
1443.07	6693466	358552	6693466	27118002176	19821912064	807.5	28	0
1444.07	6693466	358552	6693466	27119923200	19824345088	799.5	28	0
1445.08	6693466	358552	6693466	27123245056	19827048448	799.7	28	0
1446.08	6693466	358552	6693466	27125235712	19829616640	807.5	28	0
1447.08	6693466	358552	6693466	27127320576	19832147968	799.5	28	0
1448.09	6693466	358552	6693466	27129798656	19834667008	807.5	28	0
1449.09	6693466	358552	6693466	27132264448	19837071360	799.4	28	0
1450.10	6693466	358552	6693466	27135012864	19839578112	807.6	28	0
1451.10	6693466	358552	6693466	27137892352	19842035712	799.4	28	0
1452.11	6693466	358552	6693466	27140411392	19844481024	799.5	28	0
1453.11	6693466	358552	6693466	27143065600	19847024640	807.5	28	0
1454.11	6693466	358552	6693466	27145625600	19849588736	799.6	28	0
1455.12	6693466	358552	6693466	27147554816	19852091392	807.8	28	0
1456.12	6693466	358552	6693466	27149103104	19854286848	799.9	28	0
1457.13	6693466	358552	6693466	27151241216	19856723968	800.1	28	0
1458.13	6693466	358552	6693466	27153453056	19859259392	808.4	28	0
1459.14	6693466	358552	6693466	27156746240	19862003712	800.2	28	0
1460.14	6693466	358552	6693466	27159097344	19864465408	808.4	28	0
1461.14	6693466	358552	6693466	27161931776	19867242496	800.7	28	0
1462.15	6693466	358552	6693466	27165061120	19870154752	808.6	28	0
1463.15	6693466	358552	6693466	27168169984	19872661504	800.4	28	0
1464.16	6693466	358552	6693466	27170213888	19875086336	808.3	28	0
1465.16	6693466	358552	6693466	27173187584	19877801984	800.4	28	0
1466.17	6693466	358552	6693466	27176181760	19880914944	801.9	28	0
1467.17	6693466	358552	6693466	27179008000	19883831296	807.7	28	0
1468.18	6693466	358552	6693466	27181903872	19886346240	800.4	28	0
1469.18	6693466	358552	6693466	27184508928	19888967680	808.2	28	0
1470.18	6693466	358552	6693466	27187150848	19891789824	800.7	28	0
1471.19	6693466	358552	6693466	27189870592	19894583296	808.7	28	0
1472.19	6693466	358552	6693466	27191996416	19897331712	800.7	28	0
1473.20	6693466	358552	6693466	27195351040	19900370944	800.9	28	0
1474.20	6693466	358552	6693466	27198763008	19903303680	808.8	28	0
1475.20	6693466	358552	6693466	27202572288	19906523136	800.9	28	0
1476.21	6693466	358552	6693466	27204796416	19908812800	808.3	28	0
1477.21	6693466	358552	6693466	27206881280	19911421952	800.4	28	0
1478.22	6693466	358552	6693466	27209850880	19914498048	800.9	28	0
1479.22	6693466	358552	6693466	27213021184	19917406208	809.1	28	0
1480.23	6693466	358552	6693466	27215675392	19920089088	800.1	28	0
1481.23	6693466	358552	6693466	27218804736	19922968576	808.8	28	0
1482.23	6693466	358552	6693466	27220729856	19925872640	801.0	28	0
1483.24	6693466	358552	6693466	27223896064	19928645632	808.8	28	0
1484.24	6693466	358552	6693466	27227226112	19931561984	801.0	28	0
1485.25	6693466	358552	6693466	27229687808	19934187520	800.6	28	0
1486.25	6693466	358552	6693466	27232677888	19936768000	808.6	28	0
1487.25	6693466	358552	6693466	27234713600	19939307520	801.2	28	0
1488.26	6693466	358552	6693466	27237748736	19942125568	807.7	28	0
1489.26	6693466	358552	6693466	27240103936	19944677376	800.5	28	0
1490.27	6693466	358552	6693466	27242160128	19947102208	800.5	28	0
1491.27	6693466	358552	6693466	27244351488	19949711360	808.4	28	0
1492.27	6693466	358552	6693466	27247235072	19952336896	801.3	28	0
1493.28	6693466	358552	6693466	27249815552	19954688000	807.7	28	0
1494.28	6693466	358552	6693466	27253006336	19957444608	800.6	28	0
1495.29	6693466	358552	6693466	27255943168	19960508416	808.9	28	0
1496.29	6693466	358552	6693466	27259265024	19963383808	800.8	28	0
1497.30	6693466	358552	6693466	27261390848	19965923328	800.7	28	0
1498.30	6693466	358552	6693466	27264204800	19968729088	808.7	28	0
1499.30	6693466	358552	6693466	27266408448	19971485696	800.7	28	0
1500.31	6693466	358552	6693466	27269029888	19973726208	808.3	28	0
1501.31	6693466	358552	6693466	27272187904	19976146944	800.9	28	0
1502.32	6693466	358552	6693466	27274305536	19978432512	800.1	28	0
1503.32	6693466	358552	6693466	27276943360	19981070336	808.6	28	0
1504.32	6693466	358552	6693466	27279593472	19983659008	800.8	28	0
1505.33	6693466	358552	6693466	27281403904	19986059264	808.6	28	0
1506.33	6693466	358552	6693466	27284041728	19988799488	800.7	28	0
1507.34	6693466	358552	6693466	27286888448	19991486464	801.6	28	0
1508.34	6693466	358552	6693466	27290189824	19994095616	807.9	28	0
1509.34	6693466	358552	6693466	27292839936	19996909568	800.7	28	0
1510.35	6693466	358552	6693466	27295993856	19999457280	808.5	28	0
1511.35	6693466	358552	6693466	27297734656	20001873920	800.5	28	0
1512.36	6693466	358552	6693466	27299753984	20004204544	808.3	28	0
1513.36	6693466	358552	6693466	27302543360	20006838272	800.6	28	0
1514.37	6693466	358552	6693466	27305672704	20009377792	800.7	28	0
1515.37	6693466	358552	6693466	27307573248	20011642880	808.1	28	0
1516.37	6693466	358552	6693466	27310104576	20014325760	800.8	28	0
1517.38	6693466	358552	6693466	27313291264	20016951296	808.5	28	0
1518.38	6693466	358552	6693466	27315232768	20019363840	800.4	28	0
1519.39	6693466	358552	6693466	27317784576	20022095872	800.7	28	0
1520.39	6693466	358552	6693466	27320188928	20024262656	808.3	28	0
1521.39	6693466	358552	6693466	27322724352	20026945536	800.7	28	0
1522.40	6693466	358552	6693466	27324833792	20029353984	808.1	28	0
1523.40	6693466	358552	6693466	27327463424	20031946752	800.5	28	0
1524.41	6693466	358552	6693466	27329380352	20034445312	808.6	28	0
1525.41	6693466	358552	6693466	27332743168	20037021696	800.6	28	0
1526.42	6693466	358552	6693466	27334950912	20039983104	801.7	28	0
1527.42	6693466	358552	6693466	27338354688	20042498048	807.6	28	0
1528.42	6693466	358552	6693466	27340562432	20044955648	801.0	28	0
1529.43	6693466	358552	6693466	27343572992	20047794176	807.1	28	0
1530.43	6693466	358552	6693466	27346694144	20050305024	799.5	28	0
1531.44	6693466	358552	6693466	27348447232	20052828160	800.6	28	0
1532.44	6693466	358552	6693466	27350667264	20055175168	808.4	28	0
1533.44	6693466	358552	6693466	27353477120	20057874432	800.6	28	0
1534.45	6693466	358552	6693466	27356139520	20060270592	808.2	28	0
1535.45	6693466	362186	6693466	27362369536	20062887936	875.8	28	0
1536.46	6693466	367337	6693466	27370369024	20065640448	916.1	28	0
1537.46	6693466	372483	6693466	27378630656	20068040704	907.4	28	0
1538.47	6693466	377645	6693466	27386839040	20070944768	907.4	28	0
1539.47	6693466	382778	6693466	27395334144	20073943040	916.7	28	0
1540.47	6693466	387936	6693466	27402985472	20076646400	908.1	28	0
1541.48	6693466	393086	6693466	27411288064	20079132672	916.5	28	0
1542.48	6693466	398221	6693466	27419164672	20081717248	907.3	28	0
1543.49	6693466	403372	6693466	27426476032	20084236288	906.4	28	0
1544.49	6693466	408503	6693466	27435032576	20086726656	915.7	28	0
1545.49	6693466	413645	6693466	27442929664	20089540608	907.3	28	0
1546.50	6693466	418582	6693466	27450089472	20091875328	916.2	28	0
1547.50	6693466	423472	6693466	27458035712	20094754816	907.7	28	0
1548.51	6693466	428593	6693466	27465838592	20097478656	915.4	28	0
1549.51	6693466	433724	6693466	27473887232	20100067328	906.3	28	0
1550.52	6693466	434330	6693466	27476578304	20102836224	813.7	28	0
1551.52	6693466	434330	6693466	27479027712	20105527296	808.6	28	0
1552.52	6693466	434330	6693466	27481907200	20108275712	800.5	28	0
1553.53	6693466	434330	6693466	27485118464	20111093760	808.7	28	0
1554.53	6693466	434330	6693466	27487563776	20113903616	800.7	28	0
1555.54	6693466	434330	6693466	27491057664	20116824064	808.8	28	0
1556.54	6693466	434330	6693466	27493224448	20119425024	800.6	28	0
1557.55	6693466	434330	6693466	27496214528	20122243072	799.9	28	0
1558.55	6693466	434330	6693466	27498582016	20124893184	807.7	28	0
1559.55	6693466	434330	6693466	27501240320	20127686656	800.7	28	0
1560.56	6693466	434330	6693466	27504148480	20130320384	808.5	28	0
1561.56	6693466	434330	6693466	27506528256	20133007360	800.8	28	0
1562.57	6693466	434330	6693466	27509362688	20135813120	800.9	28	0
1563.57	6693466	434330	6693466	27512066048	20138438656	808.5	28	0
1564.57	6693466	434330	6693466	27514261504	20140802048	800.4	28	0
1565.58	6693466	434330	6693466	27517448192	20143415296	808.6	28	0
1566.58	6693466	434330	6693466	27519635456	20146163712	800.7	28	0
1567.59	6693466	434330	6693466	27523059712	20148875264	808.8	28	0
1568.59	6693466	434330	6693466	27524661248	20151328768	800.4	28	0
1569.60	6693466	434330	6693466	27527143424	20153692160	800.6	28	0
1570.60	6693466	434330	6693466	27529732096	20156403712	808.6	28	0
1571.60	6693466	434330	6693466	27532345344	20158824448	800.6	28	0
1572.61	6693466	434330	6693466	27534036992	20160950272	808.2	28	0
1573.61	6693466	434330	6693466	27537453056	20163670016	800.7	28	0
1574.62	6693466	434330	6693466	27540176896	20166524928	801.0	28	0
1575.62	6693466	434330	6693466	27542806528	20169244672	808.6	28	0
1576.62	6693466	434330	6693466	27545960448	20171935744	800.6	28	0
1577.63	6693466	434330	6693466	27548102656	20174385152	808.6	28	0
1578.63	6693466	434330	6693466	27550777344	20177149952	800.8	28	0
1579.64	6693466	434330	6693466	27553660928	20179914752	808.7	28	0
1580.64	6693466	434330	6693466	27556626432	20182794240	801.0	28	0
1581.65	6693466	434330	6693466	27559960576	20185759744	801.0	28	0
1582.65	6693466	434330	6693466	27561959424	20188667904	809.0	28	0
1583.65	6693466	434330	6693466	27564957696	20191457280	801.0	28	0
1584.66	6693466	434330	6693466	27567611904	20194164736	808.8	28	0
1585.66	6693466	434330	6693466	27570528256	20196601856	800.7	28	0
1586.67	6693466	434330	6693466	27572551680	20199481344	801.1	28	0
1587.67	6693466	434330	6693466	27575156736	20202127360	808.7	28	0
1588.68	6693466	434330	6693466	27578118144	20204552192	800.5	28	0
1589.68	6693466	434330	6693466	27580952576	20207329280	808.7	28	0
1590.68	6693466	434330	6693466	27584000000	20209881088	800.5	28	0
1591.69	6693466	434330	6693466	27585572864	20212543488	808.6	28	0
1592.69	6693466	434330	6693466	27588546560	20215226368	800.6	28	0
1593.70	6693466	434330	6693466	27591462912	20217810944	800.6	28	0
1594.70	6693466	434330	6693466	27593736192	20220088320	808.1	28	0
1595.70	6693466	434330	6693466	27596337152	20222623744	800.5	28	0
1596.71	6693466	434330	6693466	27598557184	20225212416	808.3	28	0
1597.71	6693466	434330	6693466	27601469440	20227887104	799.7	28	0
1598.72	6693466	434330	6693466	27603922944	20230635520	807.8	28	0
1599.72	6693466	434330	6693466	27607162880	20233302016	799.6	28	0
1600.73	6693466	434330	6693466	27609624576	20235870208	799.6	28	0
1601.73	6693466	434330	6693466	27612303360	20238573568	807.9	28	0
1602.73	6693466	434330	6693466	27614928896	20241338368	800.1	28	0
1603.74	6693466	434330	6693466	27618357248	20244144128	807.7	28	0
1604.74	6693466	434330	6693466	27620175872	20246818816	801.0	28	0
1605.75	6693466	434330	6693466	27623444480	20249513984	800.7	28	0
1606.75	6693466	434330	6693466	27626098688	20252450816	808.8	28	0
1607.75	6693466	434330	6693466	27628961792	20254965760	800.6	28	0
1608.76	6693466	434330	6693466	27631984640	20257595392	808.7	28	0
1609.76	6693466	434330	6693466	27633885184	20260196352	800.4	28	0
1610.77	6693466	434330	6693466	27636269056	20262592512	808.4	28	0
1611.77	6693466	434330	6693466	27638677504	20265041920	800.6	28	0
1612.78	6693466	434330	6693466	27641516032	20267716608	801.2	28	0
1613.78	6693466	434330	6693466	27644432384	20270374912	807.9	28	0
1614.78	6693466	434330	6693466	27646660608	20272758784	800.6	28	0
1615.79	6693466	434330	6693466	27649540096	20275236864	808.4	28	0
1616.79	6693466	434330	6693466	27651985408	20277985280	800.4	28	0
1617.80	6693466	434330	6693466	27654049792	20280614912	799.6	28	0
1618.80	6693466	434330	6693466	27657228288	20283187200	807.4	28	0
1619.80	6693466	434330	6693466	27659595776	20285710336	799.6	28	0
1620.81	6693466	434330	6693466	27662086144	20287991808	807.4	28	0
1621.81	6693466	434330	6693466	27665092608	20290785280	799.6	28	0
1622.82	6693466	434330	6693466	27667230720	20293210112	807.4	28	0
1623.82	6693466	434330	6693466	27670151168	20295999488	800.6	28	0
1624.83	6693466	434330	6693466	27672440832	20298465280	800.7	28	0
1625.83	6693466	434330	6693466	27675041792	20301225984	808.6	28	0
1626.83	6693466	434330	6693466	27676844032	20303572992	800.2	28	0
1627.84	6693466	434330	6693466	27679260672	20305956864	808.4	28	0
1628.84	6693466	434330	6693466	27682131968	20308664320	800.7	28	0
1629.85	6693466	434330	6693466	27684548608	20311089152	808.3	28	0
1630.85	6693466	434330	6693466	27687260160	20313284608	800.2	28	0
1631.86	6693466	434330	6693466	27689385984	20315549696	800.4	28	0
1632.86	6693466	434330	6693466	27691847680	20318031872	808.4	28	0
1633.86	6693466	434330	6693466	27695058944	20320886784	800.8	28	0
1634.87	6693466	434330	6693466	27697770496	20323663872	808.7	28	0
1635.87	6693466	434330	6693466	27700834304	20326359040	800.9	28	0
1636.88	6693466	434330	6693466	27703357440	20329033728	800.7	28	0
1637.88	6693466	434330	6693466	27705339904	20331544576	808.6	28	0
1638.88	6693466	434330	6693466	27708252160	20334469120	800.9	28	0
1639.89	6693466	434330	6693466	27711025152	20337094656	808.5	28	0
1640.89	6693466	434330	6693466	27713703936	20339810304	800.6	28	0
1641.90	6693466	434330	6693466	27715461120	20342292480	808.1	28	0
1642.90	6693466	434330	6693466	27718447104	20344725504	800.5	28	0
1643.91	6693466	434330	6693466	27722104832	20347609088	800.7	28	0
1644.91	6693466	434330	6693466	27724128256	20350111744	808.3	28	0
1645.91	6693466	434330	6693466	27726999552	20352958464	800.6	28	0
1646.92	6693466	434330	6693466	27729301504	20355903488	808.8	28	0
1647.92	6693466	434330	6693466	27732455424	20358860800	800.8	28	0
1648.93	6693466	434330	6693466	27735707648	20361736192	808.8	28	0
1649.93	6693466	434330	6693466	27738656768	20364570624	800.7	28	0
1650.94	6693466	434330	6693466	27741077504	20367765504	801.0	28	0
1651.94	6693466	434330	6693466	27744108544	20370325504	808.4	28	0
1652.94	6693466	434330	6693466	27747123200	20373078016	801.0	28	0
1653.95	6693466	434330	6693466	27750264832	20376285184	808.6	28	0
1654.95	6693466	434330	6693466	27753144320	20379308032	800.9	28	0
1655.96	6693466	434330	6693466	27755655168	20382027776	800.7	28	0
1656.96	6693466	434330	6693466	27758784512	20384980992	808.7	28	0
1657.97	6693466	434330	6693466	27761946624	20387737600	800.8	28	0
1658.97	6693466	434330	6693466	27764674560	20390305792	808.5	28	0
1659.97	6693466	434330	6693466	27767066624	20393111552	800.8	28	0
1660.98	6693466	435381	6693466	27771256832	20395761664	830.1	28	0
1661.98	6693466	440478	6693466	27778400256	20398186496	906.0	28	0
1662.99	6693466	445615	6693466	27786379264	20400975872	906.0	28	0
1663.99	6693466	450741	6693466	27794784256	20403462144	914.8	28	0
1664.99	6693466	455860	6693466	27802624000	20406108160	906.2	28	0
1666.00	6693466	460982	6693466	27811196928	20408877056	915.4	28	0
1667.00	6693466	466102	6693466	27818672128	20411465728	906.2	28	0
1668.01	6693466	471187	6693466	27826524160	20414377984	915.1	28	0
1669.01	6693466	472404	6693466	27831390208	20417191936	826.2	28	0
1670.02	6693466	472404	6693466	27832872960	20419510272	800.4	28	0
1671.02	6693466	472404	6693466	27835699200	20421996544	808.6	28	0
1672.02	6693466	472404	6693466	27838099456	20424880128	800.7	28	0
1673.03	6693466	472404	6693466	27841249280	20427546624	808.7	28	0
1674.03	6693466	472404	6693466	27843194880	20429873152	800.5	28	0
1675.04	6693466	472404	6693466	27845898240	20432318464	800.6	28	0
1676.04	6693466	472404	6693466	27848544256	20434894848	808.2	28	0
1677.05	6693466	472404	6693466	27851108352	20437524480	800.7	28	0
1678.05	6693466	472404	6693466	27853737984	20440199168	808.6	28	0
1679.05	6693466	472404	6693466	27855708160	20442832896	800.6	28	0
1680.06	6693466	472404	6693466	27858833408	20445560832	808.8	28	0
1681.06	6693466	472404	6693466	27861671936	20448387072	799.9	28	0
1682.07	6693466	472404	6693466	27863617536	20451053568	799.7	28	0
1683.07	6693466	472404	6693466	27866292224	20453658624	807.5	28	0
1684.07	6693466	472404	6693466	27869429760	20456181760	799.4	28	0
1685.08	6693466	472404	6693466	27871870976	20458754048	807.4	28	0
1686.08	6693466	472404	6693466	27874635776	20461690880	799.9	28	0
1687.09	6693466	472404	6693466	27877703680	20464615424	807.8	28	0
1688.09	6693466	472404	6693466	27880402944	20467523584	799.7	28	0
1689.10	6693466	472404	6693466	27883712512	20470489088	799.7	28	0
1690.10	6693466	472404	6693466	27886084096	20472807424	807.4	28	0
1691.10	6693466	472404	6693466	27889090560	20475408384	799.6	28	0
1692.11	6693466	472404	6693466	27891339264	20478169088	807.6	28	0
1693.11	6693466	472404	6693466	27894992896	20481024000	800.1	28	0
1694.12	6693466	472404	6693466	27896795136	20483526656	799.3	28	0
1695.12	6693466	472404	6693466	27899670528	20486213632	807.4	28	0
1696.13	6693466	472404	6693466	27902070784	20488646656	799.6	28	0
1697.13	6693466	472404	6693466	27904413696	20491259904	807.6	28	0
1698.13	6693466	472404	6693466	27907571712	20493934592	799.5	28	0
1699.14	6693466	472404	6693466	27910115328	20496560128	807.6	28	0
1700.14	6693466	472404	6693466	27912241152	20498706432	799.5	28	0
1701.15	6693466	472404	6693466	27914412032	20501102592	799.5	28	0
1702.15	6693466	472404	6693466	27916623872	20503773184	807.6	28	0
1703.15	6693466	472404	6693466	27919499264	20506140672	799.5	28	0
1704.16	6693466	472404	6693466	27922120704	20508790784	807.6	28	0
1705.16	6693466	472404	6693466	27924783104	20511510528	799.5	28	0
1706.17	6693466	472404	6693466	27928317952	20514217984	807.6	28	0
1707.17	6693466	472404	6693466	27930644480	20517056512	799.8	28	0
1708.18	6693466	472404	6693466	27933638656	20519710720	799.6	28	0
1709.18	6693466	472404	6693466	27936169984	20522344448	807.4	28	0
1710.18	6693466	472404	6693466	27938156544	20524797952	799.4	28	0
1711.19	6693466	472404	6693466	27941113856	20527779840	807.4	28	0
1712.19	6693466	472404	6693466	27943620608	20530323456	799.5	28	0
1713.20	6693466	472404	6693466	27946434560	20532838400	807.2	28	0
1714.20	6693466	472404	6693466	27948793856	20535185408	799.1	28	0
1715.21	6693466	472404	6693466	27951435776	20537790464	799.5	28	0
1716.21	6693466	472404	6693466	27953803264	20540592128	807.1	28	0
1717.21	6693466	472404	6693466	27955994624	20543074304	799.4	28	0
1718.22	6693466	472404	6693466	27958910976	20545433600	807.2	28	0
1719.22	6693466	472404	6693466	27961118720	20547973120	799.5	28	0
1720.23	6693466	472404	6693466	27964170240	20550696960	799.5	28	0
1721.23	6693466	472404	6693466	27966513152	20553416704	807.7	28	0
1722.23	6693466	472404	6693466	27968978944	20555800576	799.6	28	0
1723.24	6693466	472404	6693466	27971235840	20558352384	807.4	28	0
1724.24	6693466	472404	6693466	27973718016	20560982016	799.4	28	0
1725.25	6693466	472404	6693466	27976880128	20563693568	807.5	28	0
1726.25	6693466	472404	6693466	27979370496	20566507520	799.8	28	0
1727.26	6693466	472404	6693466	27982872576	20569030656	799.6	28	0
1728.26	6693466	472404	6693466	27985141760	20571357184	807.3	28	0
1729.26	6693466	472404	6693466	27987116032	20573925376	799.5	28	0
1730.27	6693466	472404	6693466	27989741568	20576501760	807.5	28	0
1731.27	6693466	472404	6693466	27992248320	20579241984	799.6	28	0
1732.28	6693466	472404	6693466	28932513792	21517557760	801.5	28	0
1733.28	6693466	472404	6693466	27994595328	20581609472	803.9	28	0
1734.28	6693466	472404	6693466	27997605888	20584378368	799.5	28	0
1735.29	6693466	472404	6693466	28001316864	20587032576	807.5	28	0
1736.29	6693466	472404	6693466	28003102720	20589752320	799.7	28	0
1737.30	6693466	472404	6693466	28006293504	20592324608	807.5	28	0
1738.30	6693466	472404	6693466	28008456192	20595150848	799.7	28	0
1739.31	6693466	472404	6693466	28010815488	20597620736	799.6	28	0
1740.31	6693466	472404	6693466	28014063616	20600311808	807.6	28	0
1741.31	6693466	472404	6693466	28016791552	20603252736	799.8	28	0
1742.32	6693466	472404	6693466	28019019776	20605911040	807.5	28	0
1743.32	6693466	472404	6693466	28022333440	20608593920	799.5	28	0
1744.33	6693466	472404	6693466	28024987648	20611194880	807.6	28	0
1745.33	6693466	472404	6693466	28028051456	20613820416	799.4	28	0
1746.34	6693466	472404	6693466	28030312448	20616454144	799.7	28	0
1747.34	6693466	472404	6693466	28032839680	20619415552	807.8	28	0
1748.34	6693466	472404	6693466	28035747840	20622102528	799.5	28	0
1749.35	6693466	472404	6693466	28038086656	20625006592	807.7	28	0
1750.35	6693466	472404	6693466	28041674752	20627832832	799.7	28	0
1751.36	6693466	472404	6693466	28043829248	20630396928	799.6	28	0
1752.36	6693466	472404	6693466	28046241792	20632985600	807.4	28	0
1753.36	6693466	472404	6693466	28048896000	20635832320	799.7	28	0
1754.37	6693466	472404	6693466	28051681280	20638433280	807.6	28	0
1755.37	6693466	472404	6693466	28054851584	20641406976	799.8	28	0
1756.38	6693466	472404	6693466	28056371200	20643885056	808.0	28	0
1757.38	6693466	472404	6693466	28059082752	20646477824	801.4	28	0
1758.39	6693466	472404	6693466	28061634560	20649312256	807.0	28	0
1759.39	6693466	472404	6693466	28064559104	20651950080	799.9	28	0
1760.40	6693466	472404	6693466	28067962880	20654739456	807.3	28	0
1761.40	6693466	472404	6693466	28071006208	20657221632	799.4	28	0
1762.41	6693466	472404	6693466	28072919040	20659671040	799.4	28	0
1763.41	6693466	472404	6693466	28075683840	20662149120	807.5	28	0
1764.41	6693466	472404	6693466	28078342144	20664725504	799.5	28	0
1765.42	6693466	472404	6693466	28080459776	20667293696	807.6	28	0
1766.42	6693466	472404	6693466	28083384320	20669960192	799.7	28	0
1767.43	6693466	472404	6693466	28085829632	20672548864	807.5	28	0
1768.43	6693466	472404	6693466	28088213504	20674740224	799.4	28	0
1769.44	6693466	472404	6693466	28090580992	20677423104	799.6	28	0
1770.44	6693466	472404	6693466	28093562880	20680073216	807.6	28	0
1771.44	6693466	472404	6693466	28095746048	20682797056	799.4	28	0
1772.45	6693466	472404	6693466	28098265088	20685307904	807.5	28	0
1773.45	6693466	472404	6693466	28101042176	20687687680	799.5	28	0
1774.46	6693466	472404	6693466	28102901760	20689989632	807.4	28	0
1775.46	6693466	472404	6693466	28106039296	20692664320	799.5	28	0
1776.47	6693466	472404	6693466	28108423168	20695314432	799.6	28	0
1777.47	6693466	472404	6693466	28111065088	20698034176	807.6	28	0
1778.47	6693466	472404	6693466	28113883136	20700573696	799.7	28	0
1779.48	6693466	472404	6693466	28117159936	20703428608	807.6	28	0
1780.48	6693466	472404	6693466	28119711744	20706009088	799.6	28	0
1781.49	6693466	472404	6693466	28122611712	20708503552	807.5	28	0
1782.49	6693466	472404	6693466	28124803072	20711219200	799.5	28	0
1783.50	6693466	472404	6693466	28127707136	20713852928	799.7	28	0
1784.50	6693466	472404	6693466	28130050048	20716527616	807.5	28	0
1785.50	6693466	472404	6693466	28132589568	20718964736	799.6	28	0
1786.51	6693466	472404	6693466	28135075840	20721307648	807.3	28	0
1787.51	6693466	472404	6693466	28137431040	20723953664	799.8	28	0
1788.52	6693466	472404	6693466	28140142592	20726665216	799.7	28	0
1789.52	6693466	472404	6693466	28142313472	20729180160	807.8	28	0
1790.52	6693466	472404	6693466	28144848896	20731580416	799.1	28	0
1791.53	6693466	472404	6693466	28147642368	20734443520	807.7	28	0
1792.53	6693466	472404	6693466	28150169600	20737073152	799.5	28	0
1793.54	6693466	472404	6693466	28153483264	20739780608	807.9	28	0
1794.54	6693466	472404	6693466	28155990016	20742459392	799.7	28	0
1795.55	6693466	472404	6693466	28158238720	20744896512	799.6	28	0
1796.55	6693466	472404	6693466	28161880064	20747689984	807.6	28	0
1797.55	6693466	472404	6693466	28163973120	20750401536	799.7	28	0
1798.56	6693466	472404	6693466	28166610944	20753043456	807.5	28	0
1799.56	6693466	472404	6693466	28169658368	20755910656	799.8	28	0
1800.57	6693466	472404	6693466	28173008896	20759175168	800.2	28	0
1801.57	6693466	472404	6693466	28176187392	20762157056	807.4	28	0
1802.57	6693466	472404	6693466	28178993152	20764979200	799.8	28	0
1803.58	6693466	472404	6693466	28182421504	20768055296	807.7	28	0
1804.58	6693466	472404	6693466	28185178112	20770967552	799.6	28	0
1805.59	6693466	472404	6693466	28187807744	20774010880	807.8	28	0
1806.59	6693466	472404	6693466	28190363648	20776890368	799.6	28	0
1807.60	6693466	472404	6693466	28193628160	20779810816	800.2	28	0
1808.60	6693466	472404	6693466	28196483072	20782657536	807.3	28	0
1809.60	6693466	472404	6693466	28198555648	20785037312	799.6	28	0
1810.61	6693466	472404	6693466	28202237952	20788195328	807.8	28	0
1811.61	6693466	472404	6693466	27635044352	20185858048	778.2	23	0
1812.62	6693466	472404	6693466	25003765760	17596792832	410.0	23	0
1813.62	6693466	472404	6693466	25004285952	17596792832	403.8	23	0
1814.62	6693466	472404	6693466	25003900928	17596792832	399.8	23	0
1815.63	6693466	472404	6693466	25004023808	17596792832	403.7	23	0
1816.63	6693466	472404	6693466	25003671552	17596792832	399.7	23	0
1817.64	6693466	472404	6693466	25004212224	17596792832	403.7	23	0
1818.64	6693466	472404	6693466	25004224512	17596792832	399.9	23	0
1819.65	6693466	472404	6693466	25004310528	17596792832	399.9	23	0
1820.65	6693466	472404	6693466	25004085248	17596792832	403.8	23	0
1821.65	6693466	472404	6693466	25003859968	17596792832	399.7	23	0
1822.66	6693466	472404	6693466	25003933696	17596792832	403.7	23	0
1823.66	6693466	472404	6693466	25004191744	17596792832	399.8	23	0
1824.67	6693466	472404	6693466	25004072960	17596792832	399.7	23	0
1825.67	6693466	472404	6693466	25004306432	17596792832	403.7	23	0
1826.67	6693466	472404	6693466	25003958272	17596792832	399.7	23	0
1827.68	6693466	472404	6693466	25003913216	17596792832	403.8	23	0
1828.68	6693466	472404	6693466	25004130304	17596792832	399.7	23	0
1829.69	6693466	472404	6693466	25004163072	17596792832	399.7	23	0
1830.69	6693466	472404	6693466	25003839488	17596792832	403.8	23	0
1831.69	6693466	472404	6693466	25003782144	17596792832	399.7	23	0
1832.70	6693466	472404	6693466	25003876352	17596792832	403.8	23	0
1833.70	6693466	472404	6693466	25004142592	17596792832	399.7	23	0
1834.71	6693466	472404	6693466	25003876352	17596792832	399.8	23	0
1835.71	6693466	472404	6693466	25003917312	17596792832	403.8	23	0
1836.71	6693466	472404	6693466	25003843584	17596792832	399.6	23	0
1837.72	6693466	472404	6693466	25004081152	17596792832	403.7	23	0
1838.72	6693466	472404	6693466	25004265472	17596792832	399.7	23	0
1839.73	6693466	472404	6693466	25004285952	17596792832	399.9	23	0
1840.73	6693466	472404	6693466	25004322816	17596792832	403.7	23	0
1841.73	6693466	472404	6693466	25003618304	17596792832	399.7	23	0
1842.74	6693466	472404	6693466	25003474944	17596792832	403.6	23	0
1843.74	6693466	472404	6693466	25004011520	17596792832	399.8	23	0
1844.75	6693466	472404	6693466	25004027904	17596792832	399.7	23	0
1845.75	6693466	472404	6693466	25004306432	17596792832	403.8	23	0
1846.75	6693466	472404	6693466	25004052480	17596792832	399.7	23	0
1847.76	6693466	472404	6693466	25004396544	17596792832	403.7	23	0
1848.76	6693466	472404	6693466	25004486656	17596792832	399.6	23	0
1849.77	6693466	472404	6693466	25004244992	17596792832	403.8	23	0
1850.77	6693466	472404	6693466	25003872256	17596792832	399.7	23	0
1851.78	6693466	472404	6693466	25004007424	17596792832	399.8	23	0
1852.78	6693466	472404	6693466	25004052480	17596792832	403.7	23	0
1853.78	6693466	472404	6693466	25003810816	17596792832	399.8	23	0
1854.79	6693466	472404	6693466	25003933696	17596792832	403.7	23	0
1855.79	6693466	472404	6693466	25004552192	17596792832	399.7	23	0
1856.80	6693466	472404	6693466	25004285952	17596792832	399.8	23	0
1857.80	6693466	472404	6693466	25004019712	17596792832	403.8	23	0
1858.80	6693466	472404	6693466	25004048384	17596792832	399.7	23	0
1859.81	6693466	472404	6693466	25003634688	17596792832	403.7	23	0
1860.81	6693466	472404	6693466	25003888640	17596792832	399.7	23	0
1861.82	6693466	472404	6693466	25004101632	17596796928	399.9	23	0
1862.82	6693466	472404	6693466	25003380736	17596796928	403.8	23	0
1863.82	6693466	472404	6693466	25003495424	17596796928	399.8	23	0
1864.83	6693466	472404	6693466	25003319296	17596805120	403.8	23	0
1865.83	6693466	472404	6693466	25003147264	17596805120	399.8	23	0
1866.84	6693466	472404	6693466	25003704320	17596805120	399.8	23	0
1867.84	6693466	472404	6693466	25003675648	17596805120	403.7	23	0
1868.84	6693466	472404	6693466	25003229184	17596805120	399.7	23	0
1869.85	6693466	472404	6693466	25003433984	17596805120	403.7	23	0
1870.85	6693466	472404	6693466	25003372544	17596805120	399.7	23	0
1871.86	6693466	472404	6693466	25003524096	17596805120	399.7	23	0
1872.86	6693466	472404	6693466	25003593728	17596805120	403.8	23	0
1873.86	6693466	472404	6693466	25003659264	17596805120	399.9	23	0
1874.87	6693466	472404	6693466	25004331008	17596813312	403.8	23	0
1875.87	6693466	472404	6693466	25004019712	17596813312	399.7	23	0
1876.88	6693466	472404	6693466	25003556864	17596813312	403.7	23	0
1877.88	6693466	472404	6693466	25003790336	17596813312	399.7	23	0
1878.88	6693466	472404	6693466	25003773952	17596813312	399.7	23	0
1879.89	6693466	472404	6693466	25003909120	17596813312	403.7	23	0
1880.89	6693466	472404	6693466	25004523520	17596813312	399.7	23	0
1881.90	6693466	472404	6693466	25003532288	17596817408	403.7	23	0
1882.90	6693466	472404	6693466	25003552768	17596817408	399.8	23	0
1883.91	6693466	472404	6693466	25004081152	17596817408	399.7	23	0
1884.91	6693466	472404	6693466	25004285952	17596821504	403.8	23	0
1885.91	6693466	472404	6693466	25004605440	17596821504	399.8	23	0
1886.92	6693466	472404	6693466	25004425216	17596821504	403.8	23	0
1887.92	6693466	472404	6693466	25004388352	17596821504	399.8	23	0
1888.93	6693466	472404	6693466	25004593152	17596821504	399.8	23	0
1889.93	6693466	472404	6693466	25004257280	17596821504	403.7	23	0
1890.93	6693466	472404	6693466	25004265472	17596821504	399.8	23	0
1891.94	6693466	472404	6693466	25003831296	17596821504	403.8	23	0
1892.94	6693466	472404	6693466	25004126208	17596821504	399.8	23	0
1893.95	6693466	472404	6693466	25003819008	17596821504	403.9	23	0
1894.95	6693466	472404	6693466	25003872256	17596821504	399.8	23	0
1895.95	6693466	472404	6693466	25003859968	17596821504	400.4	23	0
1896.96	6693466	472404	6693466	25003708416	17596821504	403.3	23	0
1897.96	6693466	472404	6693466	25003700224	17596821504	399.7	23	0
1898.97	6693466	472404	6693466	25003991040	17596821504	403.8	23	0
1899.97	6693466	472404	6693466	25003790336	17596821504	399.9	23	0
1900.98	6693466	472404	6693466	25004126208	17596821504	399.8	23	0
1901.98	6693466	472404	6693466	25003950080	17596821504	403.7	23	0
1902.98	6693466	472404	6693466	25004015616	17596821504	399.8	23	0
1903.99	6693466	472404	6693466	25004273664	17596821504	403.8	23	0
1904.99	6693466	472404	6693466	25003773952	17596821504	399.7	23	0
1906.00	6693466	472404	6693466	25004302336	17596821504	399.8	23	0
1907.00	6693466	472404	6693466	25003356160	17596821504	403.6	23	0
1908.00	6693466	472404	6693466	25003892736	17596821504	399.7	23	0
1909.01	6693466	472404	6693466	25003638784	17596821504	403.8	23	0
1910.01	6693466	472404	6693466	25003204608	17596821504	399.7	23	0
1911.02	6693466	472404	6693466	25003753472	17596821504	399.7	23	0
1912.02	6693466	472404	6693466	25003188224	17596821504	403.8	23	0
1913.02	6693466	472404	6693466	25003417600	17596821504	399.8	23	0
1914.03	6693466	472404	6693466	25003855872	17596821504	403.7	23	0
1915.03	6693466	472404	6693466	25003913216	17596821504	399.8	23	0
1916.04	6693466	472404	6693466	25004175360	17596821504	399.8	23	0
1917.04	6693466	472404	6693466	25004126208	17596821504	403.8	23	0
1918.04	6693466	472404	6693466	25004183552	17596821504	400.0	23	0
1919.05	6693466	476521	6693466	25008762880	17596821504	489.1	23	0
1920.05	6693466	481623	6693466	25013682176	17596821504	504.9	23	0
1921.06	6693466	486722	6693466	25018863616	17596821504	505.3	23	0
1922.06	6693466	491585	6693466	25024114688	17596821504	510.7	23	0
1923.06	6693466	496683	6693466	25028726784	17596821504	505.4	23	0
1924.07	6693466	501776	6693466	25034272768	17596821504	510.3	23	0
1925.07	6693466	506568	6693466	25039450112	17596821504	506.5	23	0
1926.08	6693466	511364	6693466	25044463616	17596821504	506.2	23	0
1927.08	6693466	516205	6693466	25049481216	17596821504	510.7	23	0
1928.08	6693466	521162	6693466	25054547968	17596821504	505.6	23	0
1929.09	6693466	526069	6693466	25059319808	17596821504	510.5	23	0
1930.09	6693466	531039	6693466	25064820736	17596821504	505.1	23	0
1931.10	6693466	536073	6693466	25070800896	17596821504	510.0	23	0
1932.10	6693466	540949	6693466	25074814976	17596821504	505.4	23	0
1933.11	6693466	542860	6693466	25076211712	17596821504	443.3	23	0
1934.11	6693466	542860	6693466	25076400128	17596821504	403.6	23	0
1935.11	6693466	542860	6693466	25076547584	17596821504	399.6	23	0
1936.12	6693466	542860	6693466	25076793344	17596821504	403.7	23	0
1937.12	6693466	542860	6693466	25076912128	17596821504	399.8	23	0
1938.13	6693466	542860	6693466	25076920320	17596821504	399.7	23	0
1939.13	6693466	542860	6693466	25076899840	17596821504	403.7	23	0
1940.13	6693466	542860	6693466	25076989952	17596821504	399.7	23	0
1941.14	6693466	542860	6693466	25076555776	17596821504	403.7	23	0
1942.14	6693466	542860	6693466	25076334592	17596821504	399.8	23	0
1943.15	6693466	542860	6693466	25076535296	17596821504	399.8	23	0
1944.15	6693466	542860	6693466	25076252672	17596821504	403.7	23	0
1945.15	6693466	542860	6693466	25076342784	17596821504	399.7	23	0
1946.16	6693466	542860	6693466	25076252672	17596821504	403.7	23	0
1947.16	6693466	542860	6693466	25075818496	17596821504	400.1	23	0
1948.17	6693466	542860	6693466	25076203520	17596821504	399.3	23	0
1949.17	6693466	542860	6693466	25075961856	17596821504	403.6	23	0
1950.17	6693466	542860	6693466	25076215808	17596821504	399.7	23	0
1951.18	6693466	542860	6693466	25076224000	17596821504	403.7	23	0
1952.18	6693466	542860	6693466	25075912704	17596821504	399.7	23	0
1953.19	6693466	542860	6693466	25075789824	17596821504	399.7	23	0
1954.19	6693466	542860	6693466	25075716096	17596821504	403.7	23	0
1955.19	6693466	542860	6693466	25076043776	17596821504	399.6	23	0
1956.20	6693466	542860	6693466	25076002816	17596821504	403.7	23	0
1957.20	6693466	542860	6693466	25075679232	17596821504	399.7	23	0
1958.21	6693466	542860	6693466	25075937280	17596821504	403.9	23	0
1959.21	6693466	542860	6693466	25075765248	17596821504	399.8	23	0
1960.22	6693466	542860	6693466	25076084736	17596821504	399.8	23	0
1961.22	6693466	542860	6693466	25075572736	17596821504	403.7	23	0
1962.22	6693466	542860	6693466	25075675136	17596821504	399.8	23	0
1963.23	6693466	542860	6693466	25075617792	17596821504	403.8	23	0
1964.23	6693466	542860	6693466	25076101120	17596821504	399.7	23	0
1965.24	6693466	542860	6693466	25076092928	17596821504	399.8	23	0
1966.24	6693466	542860	6693466	25076592640	17596821504	403.8	23	0
1967.24	6693466	542860	6693466	25076645888	17596821504	399.8	23	0
1968.25	6693466	542860	6693466	25075511296	17596821504	403.8	23	0
1969.25	6693466	542860	6693466	25075425280	17596821504	399.6	23	0
1970.26	6693466	542860	6693466	25075699712	17596821504	399.7	23	0
1971.26	6693466	542860	6693466	25076125696	17596821504	403.7	23	0
1972.26	6693466	542860	6693466	25075859456	17596821504	399.6	23	0
1973.27	6693466	542860	6693466	25075888128	17596821504	403.7	23	0
1974.27	6693466	542860	6693466	25076006912	17596821504	399.8	23	0
1975.28	6693466	542860	6693466	25076051968	17596821504	403.7	23	0
1976.28	6693466	542860	6693466	25076060160	17596821504	399.8	23	0
1977.29	6693466	542860	6693466	25075597312	17596821504	399.7	23	0
1978.29	6693466	542860	6693466	25075974144	17596829696	403.8	23	0
1979.29	6693466	542860	6693466	25076264960	17596829696	399.7	23	0
1980.30	6693466	542860	6693466	25076002816	17596829696	403.8	23	0
1981.30	6693466	542860	6693466	25076555776	17596829696	399.8	23	0
1982.31	6693466	542860	6693466	25075990528	17596829696	399.8	23	0
1983.31	6693466	542860	6693466	25076383744	17596829696	403.8	23	0
1984.31	6693466	542860	6693466	25076404224	17596829696	399.7	23	0
1985.32	6693466	542860	6693466	25076166656	17596829696	403.7	23	0
1986.32	6693466	542860	6693466	25076453376	17596829696	399.8	23	0
1987.33	6693466	542860	6693466	25075871744	17596829696	399.9	23	0
1988.33	6693466	542860	6693466	25076445184	17596829696	403.8	23	0
1989.33	6693466	542860	6693466	25076084736	17596829696	399.7	23	0
1990.34	6693466	542860	6693466	25076359168	17596829696	403.8	23	0
1991.34	6693466	542860	6693466	25076613120	17596829696	399.7	23	0
1992.35	6693466	542860	6693466	25076277248	17596829696	399.8	23	0
1993.35	6693466	542860	6693466	25076318208	17596829696	403.7	23	0
1994.35	6693466	542860	6693466	25076793344	17596829696	399.7	23	0
1995.36	6693466	542860	6693466	25076842496	17596829696	403.8	23	0
1996.36	6693466	542860	6693466	25076416512	17596829696	399.8	23	0
1997.37	6693466	542860	6693466	25076293632	17596829696	399.8	23	0
1998.37	6693466	542860	6693466	25075920896	17596829696	403.8	23	0
1999.37	6693466	542860	6693466	25076232192	17596829696	399.8	23	0
2000.38	6693466	542860	6693466	25076064256	17596829696	403.7	23	0
2001.38	6693466	542860	6693466	25076097024	17596833792	399.8	23	0
2002.39	6693466	542860	6693466	25076105216	17596833792	399.8	23	0
2003.39	6693466	542860	6693466	25075757056	17596833792	403.6	23	0
2004.39	6693466	542860	6693466	25075916800	17596833792	399.7	23	0
2005.40	6693466	542860	6693466	25076154368	17596833792	403.7	23	0
2006.40	6693466	542860	6693466	25076199424	17596833792	399.7	23	0
2007.41	6693466	542860	6693466	25075892224	17596833792	399.8	23	0
2008.41	6693466	542860	6693466	25076183040	17596833792	403.7	23	0
2009.41	6693466	542860	6693466	25076469760	17596833792	399.7	23	0
2010.42	6693466	542860	6693466	25076027392	17596833792	403.7	23	0
2011.42	6693466	542860	6693466	25075933184	17596833792	399.7	23	0
2012.43	6693466	542860	6693466	25076076544	17596833792	399.7	23	0
2013.43	6693466	542860	6693466	25076330496	17596837888	403.7	23	0
2014.43	6693466	542860	6693466	25075949568	17596837888	399.7	23	0
2015.44	6693466	542860	6693466	25076219904	17596837888	403.7	23	0
2016.44	6693466	542860	6693466	25075634176	17596837888	399.7	23	0
2017.45	6693466	542860	6693466	25075798016	17596837888	403.7	23	0
2018.45	6693466	542860	6693466	25076273152	17596837888	399.8	23	0
2019.46	6693466	542860	6693466	25076047872	17596837888	399.5	23	0
2020.46	6693466	542860	6693466	25076318208	17596837888	403.8	23	0
2021.46	6693466	542860	6693466	25076056064	17596837888	399.7	23	0
2022.47	6693466	542860	6693466	25076375552	17596837888	403.7	23	0
2023.47	6693466	542860	6693466	25076252672	17596837888	399.7	23	0
2024.48	6693466	542860	6693466	25076334592	17596837888	399.7	23	0
2025.48	6693466	542860	6693466	25076211712	17596837888	403.6	23	0
2026.48	6693466	542860	6693466	25076670464	17596837888	399.8	23	0
2027.49	6693466	542860	6693466	25076486144	17596837888	403.7	23	0
2028.49	6693466	542860	6693466	25076617216	17596837888	399.8	23	0
2029.50	6693466	542860	6693466	25076457472	17596837888	403.6	23	0
2030.50	6693466	542860	6693466	25075421184	17596837888	399.7	23	0
2031.51	6693466	542860	6693466	25075609600	17596837888	399.8	23	0
2032.51	6693466	542860	6693466	25075658752	17596837888	403.7	23	0
2033.51	6693466	542860	6693466	25076056064	17596846080	399.8	23	0
2034.52	6693466	542860	6693466	25076043776	17596846080	403.6	23	0
2035.52	6693466	542860	6693466	25076015104	17596846080	399.8	23	0
2036.53	6693466	542860	6693466	25076408320	17596846080	399.7	23	0
2037.53	6693466	542860	6693466	25076375552	17596846080	403.8	23	0
2038.53	6693466	542860	6693466	25076461568	17596846080	399.8	23	0
2039.54	6693466	542860	6693466	25076764672	17596846080	403.6	23	0
2040.54	6693466	542860	6693466	25076871168	17596850176	399.8	23	0
2041.55	6693466	542860	6693466	25077018624	17596850176	399.8	23	0
2042.55	6693466	542860	6693466	25076211712	17596850176	403.7	23	0
2043.55	6693466	542860	6693466	25076764672	17596850176	399.7	23	0
2044.56	6693466	542860	6693466	25076383744	17596850176	403.7	23	0
2045.56	6693466	542860	6693466	25076699136	17596850176	399.7	23	0
2046.57	6693466	542860	6693466	25076891648	17596854272	399.6	23	0
2047.57	6693466	542860	6693466	25076527104	17596854272	403.7	23	0
2048.57	6693466	546649	6693466	25080905728	17596858368	481.3	23	0
2049.58	6693466	551622	6693466	25086603264	17596858368	511.2	23	0
2050.58	6693466	556560	6693466	25091710976	17596858368	505.9	23	0
2051.59	6693466	561579	6693466	25096761344	17596858368	510.6	23	0
2052.59	6693466	566580	6693466	25101541376	17596858368	505.3	23	0
2053.60	6693466	571599	6693466	25106595840	17596858368	505.0	23	0
2054.60	6693466	576652	6693466	25111973888	17596858368	509.9	23	0
2055.60	6693466	578824	6693466	25113251840	17596858368	445.3	23	0
2056.61	6693466	578824	6693466	25112600576	17596858368	403.4	23	0
2057.61	6693466	578824	6693466	25112592384	17596858368	399.9	23	0
2058.62	6693466	578824	6693466	25112473600	17596858368	403.5	23	0
2059.62	6693466	578824	6693466	25112662016	17596858368	399.7	23	0
2060.63	6693466	578824	6693466	25112748032	17596858368	399.7	23	0
2061.63	6693466	578824	6693466	25112571904	17596858368	403.6	23	0
2062.63	6693466	578824	6693466	25112698880	17596858368	399.6	23	0
2063.64	6693466	578824	6693466	25112555520	17596858368	403.5	23	0
2064.64	6693466	578824	6693466	25112870912	17596858368	399.7	23	0
2065.65	6693466	578824	6693466	25112731648	17596858368	403.6	23	0
2066.65	6693466	578824	6693466	25112944640	17596858368	399.7	23	0
2067.66	6693466	578824	6693466	25112670208	17596858368	399.9	23	0
2068.66	6693466	578824	6693466	25113214976	17596858368	403.8	23	0
2069.66	6693466	578824	6693466	25112678400	17596858368	399.8	23	0
2070.67	6693466	578824	6693466	25112846336	17596858368	403.7	23	0
2071.67	6693466	578824	6693466	25112268800	17596858368	399.7	23	0
2072.68	6693466	578824	6693466	25112543232	17596858368	399.8	23	0
2073.68	6693466	578824	6693466	25113092096	17596858368	403.7	23	0
2074.68	6693466	578824	6693466	25112645632	17596858368	399.7	23	0
2075.69	6693466	578824	6693466	25112559616	17596858368	403.7	23	0
2076.69	6693466	578824	6693466	25113145344	17596858368	399.7	23	0
2077.70	6693466	578824	6693466	25113239552	17596858368	399.8	23	0
2078.70	6693466	578824	6693466	25113174016	17596858368	403.7	23	0
2079.70	6693466	578824	6693466	25112801280	17596858368	399.8	23	0
2080.71	6693466	578824	6693466	25113092096	17596858368	403.8	23	0
2081.71	6693466	578824	6693466	25112477696	17596858368	399.7	23	0
2082.72	6693466	578824	6693466	25113276416	17596866560	399.8	23	0
2083.72	6693466	578824	6693466	25113546752	17596866560	403.7	23	0
2084.72	6693466	578824	6693466	25113391104	17596866560	399.7	23	0
2085.73	6693466	578824	6693466	25113972736	17596874752	403.8	23	0
2086.73	6693466	578824	6693466	25113726976	17596874752	399.7	23	0
2087.74	6693466	578824	6693466	25113739264	17596874752	399.7	23	0
2088.74	6693466	578824	6693466	25113972736	17596874752	403.7	23	0
2089.74	6693466	578824	6693466	25114173440	17596874752	399.7	23	0
2090.75	6693466	578824	6693466	25113677824	17596874752	403.7	23	0
2091.75	6693466	578824	6693466	25113440256	17596874752	399.7	23	0
2092.76	6693466	578824	6693466	25113128960	17596874752	399.7	23	0
2093.76	6693466	578824	6693466	25113485312	17596874752	403.6	23	0
2094.76	6693466	578824	6693466	25113411584	17596874752	399.7	23	0
2095.77	6693466	578824	6693466	25113444352	17596874752	403.6	23	0
2096.77	6693466	578824	6693466	25113292800	17596874752	399.7	23	0
2097.78	6693466	578824	6693466	25112907776	17596878848	399.7	23	0
2098.78	6693466	578824	6693466	25113690112	17596878848	403.6	23	0
2099.78	6693466	578824	6693466	25112977408	17596878848	399.8	23	0
2100.79	6693466	578824	6693466	25113640960	17596878848	403.7	23	0
2101.79	6693466	578824	6693466	25113083904	17596878848	399.7	23	0
2102.80	6693466	578824	6693466	25113096192	17596878848	399.7	23	0
2103.80	6693466	578824	6693466	25113403392	17596878848	403.7	23	0
2104.80	6693466	578824	6693466	25113346048	17596878848	399.7	23	0
2105.81	6693466	578824	6693466	25113067520	17596878848	403.6	23	0
2106.81	6693466	578824	6693466	25112977408	17596878848	399.6	23	0
2107.82	6693466	578824	6693466	25113239552	17596878848	399.7	23	0
2108.82	6693466	578824	6693466	25113288704	17596878848	403.6	23	0
2109.82	6693466	578824	6693466	25113178112	17596878848	399.7	23	0
2110.83	6693466	578824	6693466	25113174016	17596878848	403.7	23	0
2111.83	6693466	578824	6693466	25112924160	17596878848	399.7	23	0
2112.84	6693466	578824	6693466	25112961024	17596878848	399.8	23	0
2113.84	6693466	578824	6693466	25113239552	17596878848	403.7	23	0
2114.84	6693466	578824	6693466	25112756224	17596878848	399.8	23	0
2115.85	6693466	578824	6693466	25112911872	17596878848	403.7	23	0
2116.85	6693466	578824	6693466	25112895488	17596878848	399.6	23	0
2117.86	6693466	578824	6693466	25113513984	17596878848	399.9	23	0
2118.86	6693466	578824	6693466	25113509888	17596878848	403.7	23	0
2119.86	6693466	578824	6693466	25113063424	17596878848	399.7	23	0
2120.87	6693466	578824	6693466	25112805376	17596878848	403.7	23	0
2121.87	6693466	578824	6693466	25112686592	17596878848	399.8	23	0
2122.88	6693466	578824	6693466	25113038848	17596878848	399.8	23	0
2123.88	6693466	578824	6693466	25113325568	17596878848	403.7	23	0
2124.88	6693466	578824	6693466	25113157632	17596878848	399.8	23	0
2125.89	6693466	578824	6693466	25113235456	17596878848	403.7	23	0
2126.89	6693466	578824	6693466	25113280512	17596878848	399.6	23	0
2127.90	6693466	578824	6693466	25113178112	17596878848	399.7	23	0
2128.90	6693466	578824	6693466	25113952256	17596878848	403.6	23	0
2129.90	6693466	578824	6693466	25113436160	17596878848	399.8	23	0
2130.91	6693466	578824	6693466	25113518080	17596878848	403.8	23	0
2131.91	6693466	578824	6693466	25113292800	17596878848	399.7	23	0
2132.92	6693466	578824	6693466	25113108480	17596878848	400.5	23	0
2133.92	6693466	578824	6693466	25113374720	17596878848	403.0	23	0
2134.92	6693466	578824	6693466	25113178112	17596878848	399.7	23	0
2135.93	6693466	578824	6693466	25112784896	17596878848	403.6	23	0
2136.93	6693466	578824	6693466	25112707072	17596878848	399.8	23	0
2137.94	6693466	578824	6693466	25113214976	17596878848	403.7	23	0
2138.94	6693466	578824	6693466	25113837568	17596878848	399.6	23	0
2139.94	6693466	578824	6693466	25113280512	17596878848	399.8	23	0
2140.95	6693466	578824	6693466	25113579520	17596878848	403.6	23	0
2141.95	6693466	578824	6693466	25113366528	17596878848	399.7	23	0
2142.96	6693466	578824	6693466	25113346048	17596878848	403.7	23	0
2143.96	6693466	578824	6693466	25113513984	17596878848	399.7	23	0
2144.97	6693466	578824	6693466	25113141248	17596878848	399.7	23	0
2145.97	6693466	578824	6693466	25113169920	17596878848	403.8	23	0
2146.97	6693466	578824	6693466	25113198592	17596878848	399.7	23	0
2147.98	6693466	578824	6693466	25113214976	17596878848	403.8	23	0
2148.98	6693466	578824	6693466	25113329664	17596878848	399.6	23	0
2149.99	6693466	578824	6693466	25113481216	17596878848	399.6	23	0
2150.99	6693466	578824	6693466	25113493504	17596878848	403.6	23	0
2151.99	6693466	578824	6693466	25113300992	17596878848	399.8	23	0
2153.00	6693466	578824	6693466	25113030656	17596878848	403.7	23	0
2154.00	6693466	578824	6693466	25112875008	17596878848	399.6	23	0
2155.01	6693466	578824	6693466	25113149440	17596878848	399.7	23	0
2156.01	6693466	578824	6693466	25113100288	17596878848	403.6	23	0
2157.01	6693466	578824	6693466	25113321472	17596878848	399.7	23	0
2158.02	6693466	578824	6693466	25113575424	17596878848	403.7	23	0
2159.02	6693466	578824	6693466	25113321472	17596878848	399.8	23	0
2160.03	6693466	578824	6693466	25112858624	17596878848	403.8	23	0
2161.03	6693466	578824	6693466	25113288704	17596878848	399.6	23	0
2162.04	6693466	578824	6693466	25113108480	17596878848	399.7	23	0
2163.04	6693466	578824	6693466	25112743936	17596878848	403.6	23	0
2164.04	6693466	578824	6693466	25112924160	17596878848	399.7	23	0
2165.05	6693466	578824	6693466	25113108480	17596878848	403.6	23	0
2166.05	6693466	578824	6693466	25112829952	17596878848	399.7	23	0
2167.06	6693466	578824	6693466	25112817664	17596878848	399.7	23	0
2168.06	6693466	578824	6693466	25113075712	17596878848	403.7	23	0
2169.06	6693466	578824	6693466	25112862720	17596878848	399.7	23	0
2170.07	6693466	578824	6693466	25113120768	17596878848	403.7	23	0
2171.07	6693466	578824	6693466	25113137152	17596878848	399.6	23	0
2172.08	6693466	578824	6693466	25113042944	17596878848	399.7	23	0
2173.08	6693466	578824	6693466	25113538560	17596878848	404.1	23	0
2174.08	6693466	578824	6693466	25113423872	17596878848	399.3	23	0
2175.09	6693466	578824	6693466	25114124288	17596878848	403.7	23	0
2176.09	6693466	578824	6693466	25114079232	17596878848	399.8	23	0
2177.10	6693466	578824	6693466	25113972736	17596878848	403.5	23	0
2178.10	6693466	578824	6693466	25114095616	17596878848	399.7	23	0
2179.11	6693466	578824	6693466	25113812992	17596878848	399.7	23	0
2180.11	6693466	578824	6693466	25114243072	17596878848	403.7	23	0
2181.11	6693466	578824	6693466	25113341952	17596878848	399.6	23	0
2182.12	6693466	578824	6693466	25113468928	17596878848	403.6	23	0
2183.12	6693466	578824	6693466	25113837568	17596878848	399.7	23	0
2184.13	6693466	578824	6693466	25113563136	17596878848	399.6	23	0
2185.13	6693466	578824	6693466	25113513984	17596878848	403.6	23	0
2186.13	6693466	578824	6693466	25113743360	17596878848	399.7	23	0
2187.14	6693466	578824	6693466	25113235456	17596878848	403.7	23	0
2188.14	6693466	578824	6693466	25113260032	17596878848	399.8	23	0
2189.15	6693466	578824	6693466	25113370624	17596878848	399.8	23	0
2190.15	6693466	578824	6693466	25113640960	17596878848	403.7	23	0
2191.15	6693466	578824	6693466	25112989696	17596878848	400.5	23	0
2192.16	6693466	578824	6693466	25112948736	17596878848	402.9	23	0
2193.16	6693466	578824	6693466	25113378816	17596878848	399.8	23	0
2194.17	6693466	578824	6693466	25113698304	17596878848	399.8	23	0
2195.17	6693466	578824	6693466	25113722880	17596878848	403.7	23	0
2196.17	6693466	578824	6693466	25113493504	17596878848	399.7	23	0
2197.18	6693466	578824	6693466	25113128960	17596878848	403.8	23	0
2198.18	6693466	578824	6693466	25113145344	17596878848	399.7	23	0
2199.19	6693466	578824	6693466	25112711168	17596878848	399.8	23	0
2200.19	6693466	578824	6693466	25113006080	17596878848	403.9	23	0
2201.19	6693466	578824	6693466	25113264128	17596878848	399.7	23	0
2202.20	6693466	578824	6693466	25113448448	17596878848	403.7	23	0
2203.20	6693466	578824	6693466	25113190400	17596878848	399.6	23	0
2204.21	6693466	578824	6693466	25113071616	17596878848	399.6	23	0
2205.21	6693466	578824	6693466	25113354240	17596878848	403.7	23	0
2206.21	6693466	578824	6693466	25113018368	17596878848	399.7	23	0
2207.22	6693466	578824	6693466	25112899584	17596878848	403.7	23	0
2208.22	6693466	578824	6693466	25113341952	17596878848	399.7	23	0
2209.23	6693466	578824	6693466	25112829952	17596878848	399.7	23	0
2210.23	6693466	578824	6693466	25112760320	17596878848	403.7	23	0
2211.23	6693466	578824	6693466	25112834048	17596878848	399.7	23	0
2212.24	6693466	578824	6693466	25112727552	17596878848	403.6	23	0
2213.24	6693466	578824	6693466	25112551424	17596878848	399.8	23	0
2214.25	6693466	578824	6693466	25112383488	17596878848	403.7	23	0
2215.25	6693466	578824	6693466	25112395776	17596878848	399.7	23	0
2216.26	6693466	578824	6693466	25112563712	17596878848	399.8	23	0
2217.26	6693466	578824	6693466	25112645632	17596878848	403.7	23	0
2218.26	6693466	578824	6693466	25112637440	17596878848	399.7	23	0
2219.27	6693466	578824	6693466	25112506368	17596878848	403.8	23	0
2220.27	6693466	578824	6693466	25112649728	17596878848	399.7	23	0
2221.28	6693466	578824	6693466	25112956928	17596878848	399.7	23	0
2222.28	6693466	578824	6693466	25112686592	17596878848	403.8	23	0
2223.28	6693466	578824	6693466	25112891392	17596878848	399.6	23	0
2224.29	6693466	578824	6693466	25112768512	17596878848	403.7	23	0
2225.29	6693466	578824	6693466	25113133056	17596878848	399.7	23	0
2226.30	6693466	578824	6693466	25113550848	17596878848	399.7	23	0
2227.30	6693466	578824	6693466	25113112576	17596878848	403.6	23	0
2228.30	6693466	578824	6693466	25113595904	17596878848	399.8	23	0
2229.31	6693466	578824	6693466	25113022464	17596878848	403.8	23	0
2230.31	6693466	578824	6693466	25113223168	17596878848	399.8	23	0
2231.32	6693466	578824	6693466	25112977408	17596878848	399.8	23	0
2232.32	6693466	578824	6693466	25112711168	17596878848	403.8	23	0
2233.32	6693466	578824	6693466	25113051136	17596878848	399.7	23	0
2234.33	6693466	578824	6693466	25113231360	17596882944	403.8	23	0
2235.33	6693466	578824	6693466	25113473024	17596882944	399.7	23	0
2236.34	6693466	578824	6693466	25113755648	17596882944	399.8	23	0
2237.34	6693466	578824	6693466	25113645056	17596882944	403.7	23	0
2238.34	6693466	578824	6693466	25113759744	17596882944	399.7	23	0
2239.35	6693466	578824	6693466	25113616384	17596882944	403.8	23	0
2240.35	6693466	578824	6693466	25113190400	17596882944	400.1	23	0
2241.36	6693466	578824	6693466	25113235456	17596882944	399.3	23	0
2242.36	6693466	578824	6693466	25112973312	17596882944	403.7	23	0
2243.36	6693466	578824	6693466	25112825856	17596882944	399.7	23	0
2244.37	6693466	578824	6693466	25112961024	17596882944	403.7	23	0
2245.37	6693466	578824	6693466	25113223168	17596882944	399.9	23	0
2246.38	6693466	578824	6693466	25113223168	17596882944	403.7	23	0
2247.38	6693466	578824	6693466	25113198592	17596882944	399.7	23	0
2248.39	6693466	578824	6693466	25112940544	17596882944	399.7	23	0
2249.39	6693466	578824	6693466	25112838144	17596882944	403.7	23	0
2250.39	6693466	578824	6693466	25112891392	17596882944	399.7	23	0
2251.40	6693466	578824	6693466	25112625152	17596882944	403.7	23	0
2252.40	6693466	578824	6693466	25112592384	17596882944	399.7	23	0
2253.41	6693466	578824	6693466	25113137152	17596882944	399.7	23	0
2254.41	6693466	578824	6693466	25112690688	17596882944	403.8	23	0
2255.41	6693466	578824	6693466	25112903680	17596882944	399.7	23	0
2256.42	6693466	578824	6693466	25112825856	17596882944	403.7	23	0
2257.42	6693466	578824	6693466	25112645632	17596882944	399.7	23	0
2258.43	6693466	578824	6693466	25112735744	17596882944	399.7	23	0
2259.43	6693466	578824	6693466	25112297472	17596882944	403.7	23	0
2260.43	6693466	578824	6693466	25112567808	17596882944	399.7	23	0
2261.44	6693466	578824	6693466	25112563712	17596882944	403.8	23	0
2262.44	6693466	578824	6693466	25112649728	17596882944	399.7	23	0
2263.45	6693466	578824	6693466	25112756224	17596882944	399.6	23	0
2264.45	6693466	578824	6693466	25112678400	17596882944	403.8	23	0
2265.45	6693466	578824	6693466	25113047040	17596882944	399.8	23	0
2266.46	6693466	578824	6693466	25113092096	17596882944	403.8	23	0
2267.46	6693466	578824	6693466	25113071616	17596882944	399.8	23	0
2268.47	6693466	578824	6693466	25112961024	17596882944	399.7	23	0
2269.47	6693466	578824	6693466	25112743936	17596882944	403.7	23	0
2270.47	6693466	578824	6693466	25112322048	17596882944	399.7	23	0
2271.48	6693466	578824	6693466	25112584192	17596882944	403.7	23	0
2272.48	6693466	578824	6693466	25112637440	17596882944	399.7	23	0
2273.49	6693466	578824	6693466	25112645632	17596882944	399.9	23	0
2274.49	6693466	578824	6693466	25112629248	17596882944	403.7	23	0
2275.49	6693466	578824	6693466	25113149440	17596882944	399.8	23	0
2276.50	6693466	578824	6693466	25113120768	17596882944	403.7	23	0
2277.50	6693466	578824	6693466	25112506368	17596882944	399.7	23	0
2278.51	6693466	578824	6693466	25112535040	17596882944	399.8	23	0
2279.51	6693466	578824	6693466	25112854528	17596882944	403.7	23	0
2280.51	6693466	578824	6693466	25112813568	17596882944	399.8	23	0
2281.52	6693466	578824	6693466	25113354240	17596882944	403.6	23	0
2282.52	6693466	578824	6693466	25113047040	17596882944	399.6	23	0
2283.53	6693466	578824	6693466	25113100288	17596882944	403.7	23	0
2284.53	6693466	578824	6693466	25112899584	17596882944	399.7	23	0
2285.53	6693466	578824	6693466	25113030656	17596882944	399.7	23	0
2286.54	6693466	578824	6693466	25112961024	17596882944	403.5	23	0
2287.54	6693466	578824	6693466	25113088000	17596882944	399.6	23	0
2288.55	6693466	578824	6693466	25113321472	17596882944	403.8	23	0
2289.55	6693466	578824	6693466	25112621056	17596882944	399.7	23	0
2290.56	6693466	578824	6693466	25113165824	17596882944	399.7	23	0
2291.56	6693466	578824	6693466	25113276416	17596882944	403.6	23	0
2292.56	6693466	578824	6693466	25113145344	17596882944	399.6	23	0
2293.57	6693466	578824	6693466	25113161728	17596882944	403.7	23	0
2294.57	6693466	578824	6693466	25113018368	17596882944	399.8	23	0
2295.58	6693466	578824	6693466	25112977408	17596882944	399.8	23	0
2296.58	6693466	578824	6693466	25112535040	17596882944	403.6	23	0
2297.58	6693466	578824	6693466	25113047040	17596882944	399.7	23	0
2298.59	6693466	578824	6693466	25113300992	17596882944	403.8	23	0
2299.59	6693466	578824	6693466	25112915968	17596882944	399.7	23	0
2300.60	6693466	578824	6693466	25113038848	17596882944	399.8	23	0
2301.60	6693466	578824	6693466	25112883200	17596882944	403.7	23	0
2302.60	6693466	578824	6693466	25112461312	17596882944	399.7	23	0
2303.61	6693466	578824	6693466	25112985600	17596882944	403.7	23	0
2304.61	6693466	578824	6693466	25112662016	17596882944	399.7	23	0
2305.62	6693466	578824	6693466	25112465408	17596882944	399.8	23	0
2306.62	6693466	578824	6693466	25112494080	17596882944	403.7	23	0
2307.62	6693466	578824	6693466	25112625152	17596882944	399.8	23	0
2308.63	6693466	578824	6693466	25112883200	17596882944	403.7	23	0
2309.63	6693466	578824	6693466	25112944640	17596882944	399.7	23	0
2310.64	6693466	578824	6693466	25112879104	17596882944	399.7	23	0
2311.64	6693466	582145	6693466	25116827648	17596882944	472.2	23	0
2312.64	6693466	587215	6693466	25121759232	17596882944	505.1	23	0
2313.65	6693466	592253	6693466	25126555648	17596882944	510.1	23	0
2314.65	6693466	597337	6693466	25132539904	17596882944	505.2	23	0
2315.66	6693466	602438	6693466	25138417664	17596882944	505.4	23	0
2316.66	6693466	607540	6693466	25143386112	17596882944	510.2	23	0
2317.66	6693466	612624	6693466	25148469248	17596882944	505.3	23	0
2318.67	6693466	617693	6693466	25153675264	17596882944	510.2	23	0
2319.67	6693466	622756	6693466	25158340608	17596882944	505.2	23	0
2320.68	6693466	627838	6693466	25164132352	17596882944	510.0	23	0
2321.68	6693466	632956	6693466	25169346560	17596882944	505.3	23	0
2322.69	6693466	638056	6693466	25173790720	17596882944	505.8	23	0
2323.69	6693466	643143	6693466	25179643904	17596882944	510.7	23	0
2324.69	6693466	648243	6693466	25184555008	17596887040	505.6	23	0
2325.70	6693466	653344	6693466	25190383616	17596887040	510.1	23	0
2326.70	6693466	653344	6693466	25189879808	17596887040	399.7	23	0
2327.71	6693466	653344	6693466	25190449152	17596891136	399.7	23	0
2328.71	6693466	653344	6693466	25190682624	17596891136	403.7	23	0
2329.71	6693466	653344	6693466	25190273024	17596895232	399.7	23	0
2330.72	6693466	653344	6693466	25189752832	17596895232	403.7	23	0
2331.72	6693466	653344	6693466	25188810752	17596895232	399.6	23	0
2332.73	6693466	653344	6693466	25188798464	17596895232	399.8	23	0
2333.73	6693466	653344	6693466	25189285888	17596895232	403.7	23	0
2334.73	6693466	653344	6693466	25188732928	17596895232	399.8	23	0
2335.74	6693466	653344	6693466	25189019648	17596895232	403.7	23	0
2336.74	6693466	653344	6693466	25189113856	17596895232	399.6	23	0
2337.75	6693466	653344	6693466	25188827136	17596895232	400.2	23	0
2338.75	6693466	653344	6693466	25189187584	17596895232	403.2	23	0
2339.75	6693466	653344	6693466	25189093376	17596895232	399.8	23	0
2340.76	6693466	653344	6693466	25189150720	17596895232	403.7	23	0
2341.76	6693466	653344	6693466	25189257216	17596895232	399.7	23	0
2342.77	6693466	653344	6693466	25189388288	17596895232	399.8	23	0
2343.77	6693466	653344	6693466	25189117952	17596895232	403.6	23	0
2344.77	6693466	653344	6693466	25189265408	17596895232	399.8	23	0
2345.78	6693466	653344	6693466	25189343232	17596895232	403.7	23	0
2346.78	6693466	653344	6693466	25189236736	17596899328	399.7	23	0
2347.79	6693466	653344	6693466	25189339136	17596899328	399.7	23	0
2348.79	6693466	653344	6693466	25189474304	17596899328	403.7	23	0
2349.79	6693466	653344	6693466	25189367808	17596899328	399.7	23	0
2350.80	6693466	653344	6693466	25189990400	17596899328	403.8	23	0
2351.80	6693466	653344	6693466	25189695488	17596899328	399.7	23	0
2352.81	6693466	653344	6693466	25189642240	17596899328	399.7	23	0
2353.81	6693466	653344	6693466	25189986304	17596899328	403.6	23	0
2354.81	6693466	653344	6693466	25189421056	17596899328	399.8	23	0
2355.82	6693466	653344	6693466	25188732928	17596899328	403.6	23	0
2356.82	6693466	653344	6693466	25188884480	17596899328	399.8	23	0
2357.83	6693466	653344	6693466	25189007360	17596899328	403.8	23	0
2358.83	6693466	653344	6693466	25189126144	17596899328	399.9	23	0
2359.84	6693466	653344	6693466	25188986880	17596899328	404.0	23	0
2360.84	6693466	653344	6693466	25188986880	17596899328	399.8	23	0
2361.85	6693466	653344	6693466	25189277696	17596899328	400.2	23	0
2362.85	6693466	653344	6693466	25188835328	17596899328	404.3	23	0
2363.85	6693466	653344	6693466	25189117952	17596899328	399.6	23	0
2364.86	6693466	653344	6693466	25188925440	17596899328	403.6	23	0
2365.86	6693466	653344	6693466	25189474304	17596899328	399.7	23	0
2366.87	6693466	653344	6693466	25189138432	17596899328	399.6	23	0
2367.87	6693466	653344	6693466	25189203968	17596899328	403.6	23	0
2368.87	6693466	653344	6693466	25189490688	17596899328	399.8	23	0
2369.88	6693466	653344	6693466	25189298176	17596899328	403.7	23	0
2370.88	6693466	653344	6693466	25189163008	17596899328	399.7	23	0
2371.89	6693466	653344	6693466	25189027840	17596899328	403.7	23	0
2372.89	6693466	653344	6693466	25189572608	17596899328	399.7	23	0
2373.90	6693466	653344	6693466	25189654528	17596899328	399.8	23	0
2374.90	6693466	653344	6693466	25189519360	17596899328	403.7	23	0
2375.90	6693466	653344	6693466	25189285888	17596899328	399.7	23	0
2376.91	6693466	653344	6693466	25189543936	17596903424	403.7	23	0
2377.91	6693466	653344	6693466	25189744640	17596903424	399.7	23	0
2378.92	6693466	653344	6693466	25189806080	17596903424	399.7	23	0
2379.92	6693466	653344	6693466	25189531648	17596903424	403.6	23	0
2380.92	6693466	653344	6693466	25189298176	17596903424	399.7	23	0
2381.93	6693466	653344	6693466	25189474304	17596903424	403.7	23	0
2382.93	6693466	653344	6693466	25189675008	17596903424	399.6	23	0
2383.94	6693466	653344	6693466	25190219776	17596903424	399.6	23	0
2384.94	6693466	653344	6693466	25190064128	17596907520	403.7	23	0
2385.94	6693466	653344	6693466	25189789696	17596907520	399.7	23	0
2386.95	6693466	653344	6693466	25190109184	17596907520	403.7	23	0
2387.95	6693466	653344	6693466	25190006784	17596907520	399.6	23	0
2388.96	6693466	653344	6693466	25190428672	17596907520	399.7	23	0
2389.96	6693466	653344	6693466	25190002688	17596907520	403.8	23	0
2390.96	6693466	653344	6693466	25189920768	17596907520	399.7	23	0
2391.97	6693466	653344	6693466	25190043648	17596907520	403.6	23	0
2392.97	6693466	653344	6693466	25190006784	17596907520	399.7	23	0
2393.98	6693466	653344	6693466	25190150144	17596907520	399.8	23	0
2394.98	6693466	653344	6693466	25190174720	17596907520	403.7	23	0
2395.98	6693466	653344	6693466	25190449152	17596907520	399.7	23	0
2396.99	6693466	653344	6693466	25190293504	17596907520	403.7	23	0
2397.99	6693466	653344	6693466	25189642240	17596907520	399.6	23	0
2399.00	6693466	653344	6693466	25189707776	17596907520	403.7	23	0
2400.00	6693466	653344	6693466	25189847040	17596907520	399.6	23	0
2401.01	6693466	653344	6693466	25190043648	17596907520	399.7	23	0
2402.01	6693466	653344	6693466	25189945344	17596907520	403.7	23	0
2403.01	6693466	653344	6693466	25190256640	17596907520	399.7	23	0
2404.02	6693466	653344	6693466	25190100992	17596907520	403.7	23	0
2405.02	6693466	653344	6693466	25189240832	17596907520	399.7	23	0
2406.03	6693466	653344	6693466	25189253120	17596907520	399.6	23	0
2407.03	6693466	653344	6693466	25189273600	17596907520	403.6	23	0
2408.03	6693466	653344	6693466	25189470208	17596907520	399.8	23	0
2409.04	6693466	653344	6693466	25189588992	17596907520	403.7	23	0
2410.04	6693466	653344	6693466	25189609472	17596907520	399.7	23	0
2411.05	6693466	653344	6693466	25189621760	17596907520	399.7	23	0
2412.05	6693466	653344	6693466	25189302272	17596907520	403.7	23	0
2413.05	6693466	653344	6693466	25189539840	17596907520	399.7	23	0
2414.06	6693466	653344	6693466	25189646336	17596907520	403.7	23	0
2415.06	6693466	653344	6693466	25189785600	17596907520	399.7	23	0
2416.07	6693466	653344	6693466	25189949440	17596907520	399.9	23	0
2417.07	6693466	653344	6693466	25189699584	17596907520	403.7	23	0
2418.07	6693466	653344	6693466	25189974016	17596911616	399.8	23	0
2419.08	6693466	653344	6693466	25189838848	17596911616	403.6	23	0
2420.08	6693466	653344	6693466	25190019072	17596911616	399.7	23	0
2421.09	6693466	653344	6693466	25190182912	17596911616	403.8	23	0
2422.09	6693466	653344	6693466	25190211584	17596911616	399.7	23	0
2423.10	6693466	653344	6693466	25190301696	17596911616	399.8	23	0
2424.10	6693466	653344	6693466	25190178816	17596911616	403.7	23	0
2425.10	6693466	653344	6693466	25190182912	17596911616	399.7	23	0
2426.11	6693466	653344	6693466	25190625280	17596911616	403.8	23	0
2427.11	6693466	653344	6693466	25189699584	17596911616	399.7	23	0
2428.12	6693466	653344	6693466	25189879808	17596911616	399.8	23	0
2429.12	6693466	653344	6693466	25189752832	17596911616	403.7	23	0
2430.12	6693466	653344	6693466	25189605376	17596911616	399.7	23	0
2431.13	6693466	653344	6693466	25189855232	17596911616	403.7	23	0
2432.13	6693466	653344	6693466	25189380096	17596911616	399.8	23	0
2433.14	6693466	653344	6693466	25189728256	17596911616	399.8	23	0
2434.14	6693466	653344	6693466	25189904384	17596911616	403.7	23	0
2435.14	6693466	653344	6693466	25190187008	17596911616	399.9	23	0
2436.15	6693466	653344	6693466	25190060032	17596911616	403.7	23	0
2437.15	6693466	653344	6693466	25189851136	17596911616	399.8	23	0
2438.16	6693466	653344	6693466	25190092800	17596911616	399.7	23	0
2439.16	6693466	653344	6693466	25190326272	17596911616	403.8	23	0
2440.16	6693466	654891	6693466	25191780352	17596911616	431.0	23	0
2441.17	6693466	660023	6693466	25197588480	17596911616	510.3	23	0
2442.17	6693466	665139	6693466	25202683904	17596911616	505.5	23	0
2443.18	6693466	670253	6693466	25208123392	17596911616	505.6	23	0
2444.18	6693466	675351	6693466	25213100032	17596911616	510.2	23	0
2445.18	6693466	680450	6693466	25218580480	17596911616	505.7	23	0
2446.19	6693466	685555	6693466	25223729152	17596911616	511.1	23	0
2447.19	6693466	690692	6693466	25228472320	17596911616	506.3	23	0
2448.20	6693466	691004	6693466	25228636160	17596911616	406.9	23	0
2449.20	6693466	691004	6693466	25228849152	17596911616	403.6	23	0
2450.20	6693466	691004	6693466	25228980224	17596911616	399.7	23	0
2451.21	6693466	691004	6693466	25228386304	17596911616	403.7	23	0
2452.21	6693466	691004	6693466	25228124160	17596911616	399.7	23	0
2453.22	6693466	691004	6693466	25227948032	17596911616	403.7	23	0
2454.22	6693466	691004	6693466	25228075008	17596911616	399.6	23	0
2455.23	6693466	691004	6693466	25228353536	17596911616	399.7	23	0
2456.23	6693466	691004	6693466	25228390400	17596911616	403.6	23	0
2457.23	6693466	691004	6693466	25228001280	17596911616	399.7	23	0
2458.24	6693466	691004	6693466	25228128256	17596911616	403.7	23	0
2459.24	6693466	691004	6693466	25228578816	17596911616	399.6	23	0
2460.25	6693466	691004	6693466	25228865536	17596911616	399.6	23	0
2461.25	6693466	691004	6693466	25228533760	17596911616	403.6	23	0
2462.25	6693466	691004	6693466	25228288000	17596911616	399.7	23	0
2463.26	6693466	691004	6693466	25228644352	17596911616	403.7	23	0
2464.26	6693466	691004	6693466	25228484608	17596911616	399.8	23	0
2465.27	6693466	691004	6693466	25228677120	17596911616	399.8	23	0
2466.27	6693466	691004	6693466	25228537856	17596919808	403.6	23	0
2467.27	6693466	691004	6693466	25227956224	17596919808	399.8	23	0
2468.28	6693466	691004	6693466	25228070912	17596919808	403.6	23	0
2469.28	6693466	691004	6693466	25227866112	17596919808	399.7	23	0
2470.29	6693466	691004	6693466	25228406784	17596919808	399.7	23	0
2471.29	6693466	691004	6693466	25228070912	17596919808	403.6	23	0
2472.29	6693466	691004	6693466	25228349440	17596919808	399.7	23	0
2473.30	6693466	691004	6693466	25228140544	17596919808	403.8	23	0
2474.30	6693466	691004	6693466	25228324864	17596919808	399.7	23	0
2475.31	6693466	691004	6693466	25228496896	17596919808	403.7	23	0
2476.31	6693466	691004	6693466	25228144640	17596919808	399.5	23	0
2477.32	6693466	691004	6693466	25228185600	17596919808	399.7	23	0
2478.32	6693466	691004	6693466	25228627968	17596919808	403.6	23	0
2479.32	6693466	691004	6693466	25228038144	17596919808	399.6	23	0
2480.33	6693466	691004	6693466	25228087296	17596919808	403.7	23	0
2481.33	6693466	691004	6693466	25228234752	17596919808	399.6	23	0
2482.34	6693466	691004	6693466	25228288000	17596919808	399.7	23	0
2483.34	6693466	691004	6693466	25228058624	17596919808	403.7	23	0
2484.34	6693466	691004	6693466	25227804672	17596919808	399.6	23	0
2485.35	6693466	691004	6693466	25228075008	17596919808	403.7	23	0
2486.35	6693466	691004	6693466	25227755520	17596919808	399.7	23	0
2487.36	6693466	691004	6693466	25227849728	17596919808	399.7	23	0
2488.36	6693466	691004	6693466	25228218368	17596919808	403.6	23	0
2489.36	6693466	691004	6693466	25228201984	17596919808	399.7	23	0
2490.37	6693466	691004	6693466	25228492800	17596919808	403.7	23	0
2491.37	6693466	691004	6693466	25228181504	17596919808	399.7	23	0
2492.38	6693466	691004	6693466	25227902976	17596919808	403.6	23	0
2493.38	6693466	691004	6693466	25227706368	17596919808	399.7	23	0
2494.39	6693466	691004	6693466	25228115968	17596919808	399.7	23	0
2495.39	6693466	691004	6693466	25228664832	17596919808	403.6	23	0
2496.39	6693466	691004	6693466	25228611584	17596919808	399.6	23	0
2497.40	6693466	691004	6693466	25228193792	17596919808	403.6	23	0
2498.40	6693466	691004	6693466	25228447744	17596919808	399.7	23	0
2499.41	6693466	691004	6693466	25228021760	17596919808	399.8	23	0
2500.41	6693466	691004	6693466	25228259328	17596919808	403.7	23	0
2501.41	6693466	691004	6693466	25228566528	17596919808	399.7	23	0
2502.42	6693466	691004	6693466	25228181504	17596919808	403.6	23	0
2503.42	6693466	691004	6693466	25228537856	17596919808	399.8	23	0
2504.43	6693466	691004	6693466	25228476416	17596919808	399.6	23	0
2505.43	6693466	691004	6693466	25229004800	17596923904	403.6	23	0
2506.43	6693466	691004	6693466	25228681216	17596923904	399.8	23	0
2507.44	6693466	691004	6693466	25228193792	17596928000	403.7	23	0
2508.44	6693466	691004	6693466	25228378112	17596928000	399.7	23	0
2509.45	6693466	691004	6693466	25227886592	17596928000	399.7	23	0
2510.45	6693466	691004	6693466	25228312576	17596928000	403.7	23	0
2511.45	6693466	691004	6693466	25228406784	17596928000	399.7	23	0
2512.46	6693466	691004	6693466	25227681792	17596928000	403.7	23	0
2513.46	6693466	691004	6693466	25227657216	17596928000	399.7	23	0
2514.47	6693466	691004	6693466	25227886592	17596928000	399.8	23	0
2515.47	6693466	691004	6693466	25227935744	17596928000	403.7	23	0
2516.47	6693466	691004	6693466	25228222464	17596928000	399.8	23	0
2517.48	6693466	691004	6693466	25227853824	17596928000	403.7	23	0
2518.48	6693466	691004	6693466	25228124160	17596928000	399.8	23	0
2519.49	6693466	691004	6693466	25228070912	17596928000	399.7	23	0
2520.49	6693466	691004	6693466	25228447744	17596928000	403.7	23	0
2521.49	6693466	691004	6693466	25228161024	17596928000	399.6	23	0
2522.50	6693466	691004	6693466	25227915264	17596928000	403.7	23	0
2523.50	6693466	691004	6693466	25228042240	17596928000	399.8	23	0
2524.51	6693466	691004	6693466	25228095488	17596928000	399.7	23	0
2525.51	6693466	691004	6693466	25228513280	17596928000	403.7	23	0
2526.51	6693466	691004	6693466	25228148736	17596928000	399.8	23	0
2527.52	6693466	691004	6693466	25228136448	17596928000	403.7	23	0
2528.52	6693466	691004	6693466	25227943936	17596928000	399.6	23	0
2529.53	6693466	691004	6693466	25228201984	17596928000	399.7	23	0
2530.53	6693466	691004	6693466	25227554816	17596928000	403.7	23	0
2531.53	6693466	691004	6693466	25227771904	17596928000	399.5	23	0
2532.54	6693466	691004	6693466	25227735040	17596928000	403.8	23	0
2533.54	6693466	691004	6693466	25228238848	17596928000	399.7	23	0
2534.55	6693466	691004	6693466	25227780096	17596928000	403.6	23	0
2535.55	6693466	691004	6693466	25227862016	17596928000	399.7	23	0
2536.56	6693466	691004	6693466	25228230656	17596928000	399.7	23	0
2537.56	6693466	691004	6693466	25228115968	17596928000	403.7	23	0
2538.56	6693466	691004	6693466	25228279808	17596928000	399.8	23	0
2539.57	6693466	691004	6693466	25228500992	17596928000	403.7	23	0
2540.57	6693466	691004	6693466	25228242944	17596928000	399.7	23	0
2541.58	6693466	691004	6693466	25228361728	17596928000	399.8	23	0
2542.58	6693466	691004	6693466	25228591104	17596928000	403.6	23	0
2543.58	6693466	691004	6693466	25228750848	17596928000	399.7	23	0
2544.59	6693466	691004	6693466	25228730368	17596928000	403.6	23	0
2545.59	6693466	691004	6693466	25228996608	17596928000	399.8	23	0
2546.60	6693466	691004	6693466	25228754944	17596928000	399.8	23	0
2547.60	6693466	691004	6693466	25229000704	17596928000	403.6	23	0
2548.60	6693466	691004	6693466	25229209600	17596928000	399.7	23	0
2549.61	6693466	691004	6693466	25228492800	17596928000	403.7	23	0
2550.61	6693466	691004	6693466	25228374016	17596928000	399.7	23	0
2551.62	6693466	691004	6693466	25228435456	17596928000	399.7	23	0
2552.62	6693466	691004	6693466	25228369920	17596928000	403.7	23	0
2553.62	6693466	691004	6693466	25228423168	17596928000	399.7	23	0
2554.63	6693466	691004	6693466	25228500992	17596928000	403.7	23	0
2555.63	6693466	691004	6693466	25228431360	17596928000	399.7	23	0
2556.64	6693466	691004	6693466	25228185600	17596928000	399.6	23	0
2557.64	6693466	691004	6693466	25228427264	17596928000	403.6	23	0
2558.64	6693466	691004	6693466	25228791808	17596928000	399.8	23	0
2559.65	6693466	691004	6693466	25229291520	17596928000	403.7	23	0
2560.65	6693466	691004	6693466	25229615104	17596928000	399.7	23	0
2561.66	6693466	691004	6693466	25228963840	17596928000	403.7	23	0
2562.66	6693466	691004	6693466	25228288000	17596928000	399.7	23	0
2563.67	6693466	691004	6693466	25228550144	17596928000	399.7	23	0
2564.67	6693466	691004	6693466	25228718080	17596928000	403.7	23	0
2565.67	6693466	691004	6693466	25229246464	17596928000	399.7	23	0
2566.68	6693466	691004	6693466	25228935168	17596928000	403.7	23	0
2567.68	6693466	691004	6693466	25228902400	17596928000	399.7	23	0
2568.69	6693466	691004	6693466	25229246464	17596928000	399.7	23	0
2569.69	6693466	691004	6693466	25228795904	17596928000	403.7	23	0
2570.69	6693466	691004	6693466	25228394496	17596928000	399.7	23	0
2571.70	6693466	691004	6693466	25227862016	17596928000	403.7	23	0
2572.70	6693466	691004	6693466	25228328960	17596928000	399.9	23	0
2573.71	6693466	691004	6693466	25228410880	17596936192	400.4	23	0
2574.71	6693466	691004	6693466	25228230656	17596936192	403.0	23	0
2575.71	6693466	691004	6693466	25228759040	17596936192	399.6	23	0
2576.72	6693466	691004	6693466	25228554240	17596936192	403.7	23	0
2577.72	6693466	691004	6693466	25228148736	17596936192	399.7	23	0
2578.73	6693466	691004	6693466	25228390400	17596936192	399.8	23	0
2579.73	6693466	691004	6693466	25228120064	17596936192	403.7	23	0
2580.73	6693466	691004	6693466	25228308480	17596936192	399.7	23	0
2581.74	6693466	691004	6693466	25228091392	17596936192	403.7	23	0
2582.74	6693466	691004	6693466	25227886592	17596936192	399.7	23	0
2583.75	6693466	691004	6693466	25228001280	17596936192	399.7	23	0
2584.75	6693466	691004	6693466	25227993088	17596936192	403.7	23	0
2585.75	6693466	691004	6693466	25228210176	17596936192	399.7	23	0
2586.76	6693466	691004	6693466	25227763712	17596936192	403.9	23	0
2587.76	6693466	691004	6693466	25227845632	17596936192	399.8	23	0
2588.77	6693466	691004	6693466	25228378112	17596936192	399.7	23	0
2589.77	6693466	691004	6693466	25228394496	17596936192	403.7	23	0
2590.77	6693466	691004	6693466	25228668928	17596936192	399.6	23	0
2591.78	6693466	691004	6693466	25228247040	17596936192	403.8	23	0
2592.78	6693466	691004	6693466	25228394496	17596936192	399.7	23	0
2593.79	6693466	691004	6693466	25227792384	17596936192	399.7	23	0
2594.79	6693466	691004	6693466	25228169216	17596936192	403.6	23	0
2595.79	6693466	691004	6693466	25228181504	17596936192	399.7	23	0
2596.80	6693466	691004	6693466	25228345344	17596936192	403.7	23	0
2597.80	6693466	691004	6693466	25228378112	17596936192	399.8	23	0
2598.81	6693466	691004	6693466	25228558336	17596936192	399.9	23	0
2599.81	6693466	691004	6693466	25228345344	17596936192	403.8	23	0
2600.81	6693466	691004	6693466	25227849728	17596936192	399.7	23	0
2601.82	6693466	691004	6693466	25228038144	17596936192	403.7	23	0
2602.82	6693466	691004	6693466	25227878400	17596936192	399.8	23	0
2603.83	6693466	691004	6693466	25228431360	17596936192	399.7	23	0
2604.83	6693466	691004	6693466	25228361728	17596936192	403.8	23	0
2605.83	6693466	691004	6693466	25228697600	17596936192	399.8	23	0
2606.84	6693466	691004	6693466	25228038144	17596936192	403.9	23	0
2607.84	6693466	691004	6693466	25228075008	17596936192	399.8	23	0
2608.85	6693466	691004	6693466	25228206080	17596936192	400.3	23	0
2609.85	6693466	691004	6693466	25228263424	17596936192	403.2	23	0
2610.85	6693466	691004	6693466	25228537856	17596936192	399.8	23	0
2611.86	6693466	691004	6693466	25227689984	17596936192	403.8	23	0
2612.86	6693466	691004	6693466	25227833344	17596936192	399.8	23	0
2613.87	6693466	691004	6693466	25228075008	17596936192	399.8	23	0
2614.87	6693466	691004	6693466	25228021760	17596936192	403.8	23	0
2615.87	6693466	691004	6693466	25228414976	17596936192	399.7	23	0
2616.88	6693466	691004	6693466	25228247040	17596936192	403.7	23	0
2617.88	6693466	691004	6693466	25228013568	17596936192	399.7	23	0
2618.89	6693466	691004	6693466	25228099584	17596936192	399.9	23	0
2619.89	6693466	691004	6693466	25228115968	17596936192	403.7	23	0
2620.89	6693466	691004	6693466	25228546048	17596936192	399.7	23	0
2621.90	6693466	691004	6693466	25228320768	17596936192	403.6	23	0
2622.90	6693466	691004	6693466	25227972608	17596940288	399.7	23	0
2623.91	6693466	691004	6693466	25228263424	17596940288	399.8	23	0
2624.91	6693466	691004	6693466	25228529664	17596940288	403.7	23	0
2625.91	6693466	691004	6693466	25228218368	17596940288	399.8	23	0
2626.92	6693466	691004	6693466	25228382208	17596940288	403.8	23	0
2627.92	6693466	691004	6693466	25228169216	17596940288	399.7	23	0
2628.93	6693466	691004	6693466	25228021760	17596940288	399.7	23	0
2629.93	6693466	691004	6693466	25227964416	17596940288	403.6	23	0
2630.93	6693466	691004	6693466	25228197888	17596940288	399.7	23	0
2631.94	6693466	691004	6693466	25228075008	17596940288	403.7	23	0
2632.94	6693466	691004	6693466	25228050432	17596940288	399.6	23	0
2633.95	6693466	691004	6693466	25228218368	17596940288	399.8	23	0
2634.95	6693466	691004	6693466	25228165120	17596940288	403.6	23	0
2635.95	6693466	691004	6693466	25228152832	17596940288	399.7	23	0
2636.96	6693466	691004	6693466	25228328960	17596940288	403.7	23	0
2637.96	6693466	691004	6693466	25228308480	17596940288	399.7	23	0
2638.97	6693466	691004	6693466	25228320768	17596940288	399.8	23	0
2639.97	6693466	691004	6693466	25227816960	17596940288	403.7	23	0
2640.97	6693466	691004	6693466	25228029952	17596940288	399.7	23	0
2641.98	6693466	691004	6693466	25227882496	17596940288	403.7	23	0
2642.98	6693466	691004	6693466	25228267520	17596940288	399.8	23	0
2643.99	6693466	691004	6693466	25228271616	17596940288	399.8	23	0
2644.99	6693466	691004	6693466	25228402688	17596940288	403.7	23	0
2645.99	6693466	691004	6693466	25228566528	17596940288	399.8	23	0
2647.00	6693466	691004	6693466	25227894784	17596940288	403.7	23	0
2648.00	6693466	691004	6693466	25227841536	17596940288	399.8	23	0
2649.01	6693466	691004	6693466	25227988992	17596940288	399.8	23	0
2650.01	6693466	691004	6693466	25228251136	17596940288	403.7	23	0
2651.01	6693466	691004	6693466	25228525568	17596940288	399.8	23	0
2652.02	6693466	691004	6693466	25228120064	17596940288	403.8	23	0
2653.02	6693466	691004	6693466	25227776000	17596940288	399.8	23	0
2654.03	6693466	691004	6693466	25228103680	17596940288	399.9	23	0
2655.03	6693466	691004	6693466	25227702272	17596940288	403.6	23	0
2656.03	6693466	691004	6693466	25227563008	17596940288	399.8	23	0
2657.04	6693466	691004	6693466	25227554816	17596940288	403.9	23	0
2658.04	6693466	691004	6693466	25227563008	17596940288	399.6	23	0
2659.05	6693466	691004	6693466	25227681792	17596940288	403.7	23	0
2660.05	6693466	691004	6693466	25227673600	17597124608	399.7	23	0
2661.06	6693466	691004	6693466	25227665408	17597124608	399.7	23	0
2662.06	6693466	691004	6693466	25227804672	17597124608	403.7	23	0
2663.06	6693466	691004	6693466	25228009472	17597124608	399.7	23	0
2664.07	6693466	691004	6693466	25228161024	17597124608	403.7	23	0
2665.07	6693466	691004	6693466	25228263424	17597124608	399.8	23	0
2666.08	6693466	691004	6693466	25228128256	17597124608	399.8	23	0
2667.08	6693466	691004	6693466	25227403264	17597124608	403.8	23	0
2668.08	6693466	691004	6693466	25228201984	17597128704	399.8	23	0
2669.09	6693466	691004	6693466	25228599296	17597128704	403.9	23	0
2670.09	6693466	691004	6693466	25228431360	17597128704	399.7	23	0
2671.10	6693466	691004	6693466	25228689408	17597128704	399.8	23	0
2672.10	6693466	691004	6693466	25227829248	17597128704	403.6	23	0
2673.10	6693466	691004	6693466	25228054528	17597128704	399.8	23	0
2674.11	6693466	691004	6693466	25228304384	17597128704	403.8	23	0
2675.11	6693466	691004	6693466	25228304384	17597128704	399.8	23	0
2676.12	6693466	691004	6693466	25228648448	17597128704	399.8	23	0
2677.12	6693466	691004	6693466	25228603392	17597128704	403.7	23	0
2678.12	6693466	691004	6693466	25228697600	17597128704	399.8	23	0
2679.13	6693466	691004	6693466	25228656640	17597128704	403.7	23	0
2680.13	6693466	691004	6693466	25228300288	17597128704	399.7	23	0
2681.14	6693466	691004	6693466	25228947456	17597128704	399.8	23	0
2682.14	6693466	691004	6693466	25228214272	17597128704	403.8	23	0
2683.14	6693466	691004	6693466	25228107776	17597128704	399.7	23	0
2684.15	6693466	691004	6693466	25228292096	17597128704	403.7	23	0
2685.15	6693466	691004	6693466	25228349440	17597128704	399.7	23	0
2686.16	6693466	691004	6693466	25228787712	17597128704	399.7	23	0
2687.16	6693466	691004	6693466	25228480512	17597128704	403.7	23	0
2688.16	6693466	691004	6693466	25228607488	17597128704	399.7	23	0
2689.17	6693466	691004	6693466	25228029952	17597128704	403.7	23	0
2690.17	6693466	691004	6693466	25228296192	17597128704	399.9	23	0
2691.18	6693466	691004	6693466	25228234752	17597128704	399.4	23	0
2692.18	6693466	691004	6693466	25227767808	17597128704	403.7	23	0
2693.18	6693466	691004	6693466	25228013568	17597128704	399.7	23	0
2694.19	6693466	691004	6693466	25227792384	17597128704	403.7	23	0
2695.19	6693466	693469	6693466	25231310848	17597128704	449.6	23	0
2696.20	6693466	698685	6693466	25236258816	17597128704	505.5	23	0
2697.20	6693466	703885	6693466	25241767936	17597128704	510.4	23	0
2698.20	6693466	709101	6693466	25247449088	17597128704	505.9	23	0
2699.21	6693466	714299	6693466	25252560896	17597128704	510.8	23	0
2700.21	6693466	719493	6693466	25257549824	17597128704	505.4	23	0
2701.22	6693466	724721	6693466	25263710208	17597128704	505.7	23	0
2702.22	6693466	729982	6693466	25268158464	17597128704	510.5	23	0
2703.22	6693466	735178	6693466	25274191872	17597128704	505.6	23	0
2704.23	6693466	740377	6693466	25279377408	17597128704	510.5	23	0
2705.23	6693466	745609	6693466	25284800512	17597128704	505.8	23	0
2706.24	6693466	750827	6693466	25290276864	17597128704	506.4	23	0
2707.24	6693466	756028	6693466	25295024128	17597128704	509.6	23	0
2708.24	6693466	761196	6693466	25301245952	17597128704	505.5	23	0
2709.25	6693466	766344	6693466	25306468352	17597128704	510.3	23	0
2710.25	6693466	766575	6693466	25306673152	17597128704	404.7	23	0
2711.26	6693466	766575	6693466	25306755072	17597128704	399.7	23	0
2712.26	6693466	766575	6693466	25305825280	17597128704	403.8	23	0
2713.26	6693466	766575	6693466	25306214400	17597128704	399.7	23	0
2714.27	6693466	766575	6693466	25306120192	17597128704	403.6	23	0
2715.27	6693466	766575	6693466	25306144768	17597128704	399.7	23	0
2716.28	6693466	766575	6693466	25306349568	17597128704	399.9	23	0
2717.28	6693466	766575	6693466	25305882624	17597128704	403.7	23	0
2718.28	6693466	766575	6693466	25305640960	17597128704	399.9	23	0
2719.29	6693466	766575	6693466	25305886720	17597128704	403.8	23	0
2720.29	6693466	766575	6693466	25306124288	17597128704	399.8	23	0
2721.30	6693466	766575	6693466	25305952256	17597128704	399.8	23	0
2722.30	6693466	766575	6693466	25305288704	17597128704	403.8	23	0
2723.30	6693466	766575	6693466	25305165824	17597128704	399.8	23	0
2724.31	6693466	766575	6693466	25305489408	17597128704	403.8	23	0
2725.31	6693466	766575	6693466	25305341952	17597128704	399.8	23	0
2726.32	6693466	766575	6693466	25305477120	17597128704	399.7	23	0
2727.32	6693466	766575	6693466	25305755648	17597128704	403.7	23	0
2728.32	6693466	766575	6693466	25305690112	17597128704	399.8	23	0
2729.33	6693466	766575	6693466	25305862144	17597128704	403.7	23	0
2730.33	6693466	766575	6693466	25305591808	17597128704	399.8	23	0
2731.34	6693466	766575	6693466	25305927680	17597128704	403.9	23	0
2732.34	6693466	766575	6693466	25305329664	17597128704	399.9	23	0
2733.34	6693466	766575	6693466	25305362432	17597128704	399.8	23	0
2734.35	6693466	766575	6693466	25305321472	17597128704	403.7	23	0
2735.35	6693466	766575	6693466	25305780224	17597128704	399.7	23	0
2736.36	6693466	766575	6693466	25306333184	17597132800	403.9	23	0
2737.36	6693466	766575	6693466	25305944064	17597132800	399.7	23	0
2738.36	6693466	766575	6693466	25306062848	17597132800	399.8	23	0
2739.37	6693466	766575	6693466	25306193920	17597132800	403.8	23	0
2740.37	6693466	766575	6693466	25306095616	17597132800	399.7	23	0
2741.38	6693466	766575	6693466	25306365952	17597132800	403.7	23	0
2742.38	6693466	766575	6693466	25305636864	17597132800	399.7	23	0
2743.38	6693466	766575	6693466	25306001408	17597132800	399.8	23	0
2744.39	6693466	766575	6693466	25305657344	17597132800	403.7	23	0
2745.39	6693466	766575	6693466	25305788416	17597132800	399.7	23	0
2746.40	6693466	766575	6693466	25306103808	17597132800	403.6	23	0
2747.40	6693466	766575	6693466	25305866240	17597132800	399.7	23	0
2748.40	6693466	766575	6693466	25306316800	17597132800	399.7	23	0
2749.41	6693466	766575	6693466	25306324992	17597132800	403.7	23	0
2750.41	6693466	766575	6693466	25305878528	17597132800	399.8	23	0
2751.42	6693466	766575	6693466	25305890816	17597132800	403.8	23	0
2752.42	6693466	766575	6693466	25305772032	17597132800	399.6	23	0
2753.43	6693466	766575	6693466	25306095616	17597132800	399.7	23	0
2754.43	6693466	766575	6693466	25305849856	17597132800	403.7	23	0
2755.43	6693466	766575	6693466	25306271744	17597132800	399.8	23	0
2756.44	6693466	766575	6693466	25306472448	17597132800	403.6	23	0
2757.44	6693466	766575	6693466	25306079232	17597132800	399.7	23	0
2758.45	6693466	766575	6693466	25305808896	17597132800	399.7	23	0
2759.45	6693466	766575	6693466	25305808896	17597132800	403.7	23	0
2760.45	6693466	766575	6693466	25306099712	17597132800	399.7	23	0
2761.46	6693466	766575	6693466	25305907200	17597132800	403.8	23	0
2762.46	6693466	766575	6693466	25305587712	17597132800	399.8	23	0
2763.47	6693466	766575	6693466	25305874432	17597132800	399.8	23	0
2764.47	6693466	766575	6693466	25306107904	17597132800	403.8	23	0
2765.47	6693466	766575	6693466	25306243072	17597132800	399.8	23	0
2766.48	6693466	766575	6693466	25306177536	17597132800	403.7	23	0
2767.48	6693466	766575	6693466	25305878528	17597132800	399.6	23	0
2768.49	6693466	766575	6693466	25305800704	17597132800	399.8	23	0
2769.49	6693466	766575	6693466	25305554944	17597132800	403.6	23	0
2770.49	6693466	766575	6693466	25305997312	17597132800	399.7	23	0
2771.50	6693466	766575	6693466	25305669632	17597132800	403.7	23	0
2772.50	6693466	766575	6693466	25306030080	17597132800	399.8	23	0
2773.51	6693466	766575	6693466	25305616384	17597132800	399.7	23	0
2774.51	6693466	766575	6693466	25305817088	17597132800	403.8	23	0
2775.51	6693466	766575	6693466	25305919488	17597132800	399.8	23	0
2776.52	6693466	766575	6693466	25306222592	17597132800	403.8	23	0
2777.52	6693466	766575	6693466	25305698304	17597132800	399.8	23	0
2778.53	6693466	766575	6693466	25306214400	17597145088	399.7	23	0
2779.53	6693466	766575	6693466	25306415104	17597145088	403.6	23	0
2780.53	6693466	766575	6693466	25305874432	17597145088	399.7	23	0
2781.54	6693466	766575	6693466	25305817088	17597145088	403.7	23	0
2782.54	6693466	766575	6693466	25305780224	17597145088	399.8	23	0
2783.55	6693466	766575	6693466	25305784320	17597145088	399.7	23	0
2784.55	6693466	766575	6693466	25306050560	17597145088	403.7	23	0
2785.56	6693466	766575	6693466	25306320896	17597145088	399.7	23	0
2786.56	6693466	766575	6693466	25305419776	17597145088	403.6	23	0
2787.56	6693466	766575	6693466	25305481216	17597145088	399.8	23	0
2788.57	6693466	766575	6693466	25305714688	17597145088	403.7	23	0
2789.57	6693466	766575	6693466	25305690112	17597145088	399.8	23	0
2790.58	6693466	766575	6693466	25305686016	17597145088	399.8	23	0
2791.58	6693466	766575	6693466	25305788416	17597149184	403.7	23	0
2792.58	6693466	766575	6693466	25305939968	17597149184	399.7	23	0
2793.59	6693466	766575	6693466	25305972736	17597149184	403.6	23	0
2794.59	6693466	766575	6693466	25305546752	17597149184	399.7	23	0
2795.60	6693466	766575	6693466	25306079232	17597149184	399.6	23	0
2796.60	6693466	766575	6693466	25305849856	17597149184	403.7	23	0
2797.61	6693466	766575	6693466	25306394624	17597149184	399.8	23	0
2798.61	6693466	766575	6693466	25306701824	17597149184	403.6	23	0
2799.61	6693466	766575	6693466	25306157056	17597149184	399.7	23	0
2800.62	6693466	766575	6693466	25305927680	17597149184	403.7	23	0
2801.62	6693466	766575	6693466	25306238976	17597149184	399.7	23	0
2802.63	6693466	766575	6693466	25306238976	17597149184	399.8	23	0
2803.63	6693466	766575	6693466	25306120192	17597149184	403.7	23	0
2804.63	6693466	766575	6693466	25306079232	17597149184	399.8	23	0
2805.64	6693466	766575	6693466	25306488832	17597149184	403.7	23	0
2806.64	6693466	766575	6693466	25306300416	17597149184	399.8	23	0
2807.65	6693466	766575	6693466	25305800704	17597149184	399.7	23	0
2808.65	6693466	766575	6693466	25305812992	17597149184	403.7	23	0
2809.65	6693466	766575	6693466	25305862144	17597149184	399.7	23	0
2810.66	6693466	766575	6693466	25306148864	17597149184	403.7	23	0
2811.66	6693466	766575	6693466	25305518080	17597149184	399.9	23	0
2812.67	6693466	766575	6693466	25305796608	17597149184	399.9	23	0
2813.67	6693466	766575	6693466	25306042368	17597149184	403.7	23	0
2814.67	6693466	766575	6693466	25305894912	17597157376	399.7	23	0
2815.68	6693466	766575	6693466	25306087424	17597157376	403.7	23	0
2816.68	6693466	766575	6693466	25306460160	17597157376	399.8	23	0
2817.69	6693466	766575	6693466	25306652672	17597157376	403.7	23	0
2818.69	6693466	766575	6693466	25306804224	17597157376	399.8	23	0
2819.70	6693466	766575	6693466	25306480640	17597157376	399.8	23	0
2820.70	6693466	766575	6693466	25306632192	17597157376	403.7	23	0
2821.70	6693466	766575	6693466	25305907200	17597157376	399.7	23	0
2822.71	6693466	771660	6693466	25311584256	17597157376	508.8	23	0
2823.71	6693466	776807	6693466	25317359616	17597157376	505.1	23	0
2824.72	6693466	781940	6693466	25322573824	17597157376	505.7	23	0
2825.72	6693466	787073	6693466	25327685632	17597157376	511.0	23	0
2826.72	6693466	792256	6693466	25332899840	17597157376	505.6	23	0
2827.73	6693466	797437	6693466	25338662912	17597157376	510.7	23	0
2828.73	6693466	802602	6693466	25343651840	17597157376	505.9	23	0
2829.74	6693466	804873	6693466	25345576960	17597157376	447.2	23	0
2830.74	6693466	804873	6693466	25345716224	17597157376	403.6	23	0
2831.74	6693466	804873	6693466	25345597440	17597157376	399.8	23	0
2832.75	6693466	804873	6693466	25345581056	17597157376	403.7	23	0
2833.75	6693466	804873	6693466	25345826816	17597157376	399.7	23	0
2834.76	6693466	804873	6693466	25345867776	17597157376	399.8	23	0
2835.76	6693466	804873	6693466	25345552384	17597157376	403.8	23	0
2836.76	6693466	804873	6693466	25345400832	17597157376	399.7	23	0
2837.77	6693466	804873	6693466	25345925120	17597157376	403.8	23	0
2838.77	6693466	804873	6693466	25346146304	17597157376	399.7	23	0
2839.78	6693466	804873	6693466	25346035712	17597157376	399.7	23	0
2840.78	6693466	804873	6693466	25345839104	17597157376	403.8	23	0
2841.78	6693466	804873	6693466	25345347584	17597157376	399.7	23	0
2842.79	6693466	804873	6693466	25345126400	17597157376	403.7	23	0
2843.79	6693466	804873	6693466	25345531904	17597157376	399.7	23	0
2844.80	6693466	804873	6693466	25345835008	17597157376	403.8	23	0
2845.80	6693466	804873	6693466	25345753088	17597157376	399.6	23	0
2846.81	6693466	804873	6693466	25345052672	17597157376	399.7	23	0
2847.81	6693466	804873	6693466	25345536000	17597157376	403.7	23	0
2848.81	6693466	804873	6693466	25345396736	17597157376	399.8	23	0
2849.82	6693466	804873	6693466	25344696320	17597157376	403.7	23	0
2850.82	6693466	804873	6693466	25344974848	17597157376	399.7	23	0
2851.83	6693466	804873	6693466	25345249280	17597157376	399.6	23	0
2852.83	6693466	804873	6693466	25345118208	17597157376	403.6	23	0
2853.83	6693466	804873	6693466	25345392640	17597157376	399.6	23	0
2854.84	6693466	804873	6693466	25345622016	17597161472	403.7	23	0
2855.84	6693466	804873	6693466	25345425408	17597161472	399.6	23	0
2856.85	6693466	804873	6693466	25345392640	17597161472	399.7	23	0
2857.85	6693466	804873	6693466	25345695744	17597161472	403.7	23	0
2858.85	6693466	804873	6693466	25345662976	17597161472	399.6	23	0
2859.86	6693466	804873	6693466	25345630208	17597161472	403.7	23	0
2860.86	6693466	804873	6693466	25345667072	17597161472	399.6	23	0
2861.87	6693466	804873	6693466	25345253376	17597161472	399.7	23	0
2862.87	6693466	804873	6693466	25344921600	17597161472	403.7	23	0
2863.87	6693466	804873	6693466	25345421312	17597161472	399.7	23	0
2864.88	6693466	804873	6693466	25345433600	17597161472	403.7	23	0
2865.88	6693466	804873	6693466	25345650688	17597161472	399.7	23	0
2866.89	6693466	804873	6693466	25345425408	17597161472	403.7	23	0
2867.89	6693466	804873	6693466	25346068480	17597161472	399.8	23	0
2868.90	6693466	804873	6693466	25346080768	17597161472	399.8	23	0
2869.90	6693466	804873	6693466	25345814528	17597161472	403.7	23	0
2870.90	6693466	804873	6693466	25345568768	17597161472	399.7	23	0
2871.91	6693466	804873	6693466	25345617920	17597161472	403.8	23	0
2872.91	6693466	804873	6693466	25345880064	17597161472	399.7	23	0
2873.92	6693466	804873	6693466	25345855488	17597161472	399.7	23	0
2874.92	6693466	804873	6693466	25345949696	17597161472	403.7	23	0
2875.92	6693466	804873	6693466	25345847296	17597161472	399.7	23	0
2876.93	6693466	804873	6693466	25345863680	17597161472	403.7	23	0
2877.93	6693466	804873	6693466	25345757184	17597161472	399.8	23	0
2878.94	6693466	804873	6693466	25345757184	17597161472	399.7	23	0
2879.94	6693466	804873	6693466	25345466368	17597161472	403.8	23	0
2880.94	6693466	804873	6693466	25345675264	17597161472	399.8	23	0
2881.95	6693466	804873	6693466	25345847296	17597161472	403.6	23	0
2882.95	6693466	804873	6693466	25346129920	17597161472	399.7	23	0
2883.96	6693466	804873	6693466	25346072576	17597161472	399.8	23	0
2884.96	6693466	804873	6693466	25345482752	17597161472	403.7	23	0
2885.96	6693466	804873	6693466	25345601536	17597161472	399.7	23	0
2886.97	6693466	804873	6693466	25345654784	17597161472	403.8	23	0
2887.97	6693466	804873	6693466	25345679360	17597161472	399.8	23	0
2888.98	6693466	804873	6693466	25345404928	17597161472	399.7	23	0
2889.98	6693466	804873	6693466	25345597440	17597161472	403.6	23	0
2890.98	6693466	804873	6693466	25345720320	17597161472	399.8	23	0
2891.99	6693466	804873	6693466	25345277952	17597161472	403.8	23	0
2892.99	6693466	804873	6693466	25345679360	17597161472	399.9	23	0
2894.00	6693466	804873	6693466	25345667072	17597161472	399.8	23	0
2895.00	6693466	804873	6693466	25345597440	17597161472	403.7	23	0
2896.00	6693466	804873	6693466	25345986560	17597161472	399.7	23	0
2897.01	6693466	804873	6693466	25345769472	17597161472	403.7	23	0
2898.01	6693466	804873	6693466	25345933312	17597161472	399.7	23	0
2899.02	6693466	804873	6693466	25345974272	17597161472	403.9	23	0
2900.02	6693466	804873	6693466	25345757184	17597161472	399.8	23	0
2901.02	6693466	804873	6693466	25345425408	17597161472	399.9	23	0
2902.03	6693466	804873	6693466	25345384448	17597161472	403.8	23	0
2903.03	6693466	804873	6693466	25345769472	17597161472	399.8	23	0
2904.04	6693466	804873	6693466	25345789952	17597161472	403.8	23	0
2905.04	6693466	804873	6693466	25345982464	17597161472	399.8	23	0
2906.04	6693466	804873	6693466	25345736704	17597161472	399.8	23	0
2907.05	6693466	804873	6693466	25345736704	17597161472	403.6	23	0
2908.05	6693466	804873	6693466	25345335296	17597161472	399.8	23	0
2909.06	6693466	804873	6693466	25345609728	17597161472	403.7	23	0
2910.06	6693466	804873	6693466	25345236992	17597161472	399.7	23	0
2911.06	6693466	804873	6693466	25345212416	17597161472	399.7	23	0
2912.07	6693466	804873	6693466	25344712704	17597161472	403.7	23	0
2913.07	6693466	804873	6693466	25344925696	17597161472	399.7	23	0
2914.08	6693466	804873	6693466	25344925696	17597161472	403.7	23	0
2915.08	6693466	804873	6693466	25345134592	17597161472	399.8	23	0
2916.09	6693466	804873	6693466	25345155072	17597161472	399.7	23	0
2917.09	6693466	804873	6693466	25345191936	17597161472	403.7	23	0
2918.09	6693466	804873	6693466	25345531904	17597169664	399.7	23	0
2919.10	6693466	804873	6693466	25345814528	17597169664	403.8	23	0
2920.10	6693466	804873	6693466	25345495040	17597169664	399.7	23	0
2921.11	6693466	804873	6693466	25345675264	17597169664	399.7	23	0
2922.11	6693466	804873	6693466	25345519616	17597169664	403.6	23	0
2923.11	6693466	804873	6693466	25345925120	17597169664	399.7	23	0
2924.12	6693466	804873	6693466	25345712128	17597169664	403.7	23	0
2925.12	6693466	804873	6693466	25345744896	17597169664	399.8	23	0
2926.13	6693466	804873	6693466	25345716224	17597169664	399.7	23	0
2927.13	6693466	804873	6693466	25345564672	17597169664	403.7	23	0
2928.13	6693466	804873	6693466	25345839104	17597169664	399.8	23	0
2929.14	6693466	804873	6693466	25345826816	17597169664	403.8	23	0
2930.14	6693466	804873	6693466	25345572864	17597169664	399.8	23	0
2931.15	6693466	804873	6693466	25345863680	17597169664	399.8	23	0
2932.15	6693466	804873	6693466	25345781760	17597169664	403.7	23	0
2933.15	6693466	804873	6693466	25345486848	17597169664	399.7	23	0
2934.16	6693466	804873	6693466	25345318912	17597169664	403.8	23	0
2935.16	6693466	804873	6693466	25345720320	17597169664	400.0	23	0
2936.17	6693466	804873	6693466	25345605632	17597169664	399.8	23	0
2937.17	6693466	804873	6693466	25345286144	17597169664	403.7	23	0
2938.17	6693466	804873	6693466	25344999424	17597169664	399.7	23	0
2939.18	6693466	804873	6693466	25345388544	17597169664	403.8	23	0
2940.18	6693466	804873	6693466	25345396736	17597169664	399.7	23	0
2941.19	6693466	804873	6693466	25344823296	17597169664	399.8	23	0
2942.19	6693466	804873	6693466	25344618496	17597169664	403.8	23	0
2943.19	6693466	804873	6693466	25345273856	17597169664	399.6	23	0
2944.20	6693466	804873	6693466	25344974848	17597169664	403.7	23	0
2945.20	6693466	804873	6693466	25345134592	17597169664	399.8	23	0
2946.21	6693466	804873	6693466	25345060864	17597169664	399.7	23	0
2947.21	6693466	804873	6693466	25345040384	17597169664	403.7	23	0
2948.21	6693466	804873	6693466	25345200128	17597169664	399.8	23	0
2949.22	6693466	804873	6693466	25345060864	17597169664	403.8	23	0
2950.22	6693466	804873	6693466	25345073152	17597169664	399.7	23	0
2951.23	6693466	804873	6693466	25345003520	17597169664	399.7	23	0
2952.23	6693466	804873	6693466	25344925696	17597169664	403.8	23	0
2953.23	6693466	804873	6693466	25345384448	17597169664	399.7	23	0
2954.24	6693466	804873	6693466	25345568768	17597169664	403.8	23	0
2955.24	6693466	804873	6693466	25345040384	17597169664	399.7	23	0
2956.25	6693466	804873	6693466	25344507904	17597169664	399.9	23	0
2957.25	6693466	804873	6693466	25344253952	17597169664	403.7	23	0
2958.26	6693466	804873	6693466	25344253952	17597169664	399.8	23	0
2959.26	6693466	804873	6693466	25344434176	17597169664	403.5	23	0
2960.26	6693466	804873	6693466	25344880640	17597169664	399.7	23	0
2961.27	6693466	804873	6693466	25344581632	17597173760	403.6	23	0
2962.27	6693466	804873	6693466	25344307200	17597173760	399.7	23	0
2963.28	6693466	804873	6693466	25344679936	17597173760	399.7	23	0
2964.28	6693466	804873	6693466	25344671744	17597173760	403.7	23	0
2965.28	6693466	804873	6693466	25344806912	17597173760	399.7	23	0
2966.29	6693466	804873	6693466	25344774144	17597173760	403.7	23	0
2967.29	6693466	804873	6693466	25345159168	17597173760	399.6	23	0
2968.30	6693466	804873	6693466	25345572864	17597173760	403.8	23	0
2969.30	6693466	804873	6693466	25345216512	17597177856	399.7	23	0
2970.31	6693466	804873	6693466	25345282048	17597177856	399.8	23	0
2971.31	6693466	804873	6693466	25345458176	17597177856	403.7	23	0
2972.31	6693466	804873	6693466	25344778240	17597177856	399.8	23	0
2973.32	6693466	804873	6693466	25344839680	17597177856	403.8	23	0
2974.32	6693466	804873	6693466	25344995328	17597177856	399.9	23	0
2975.33	6693466	804873	6693466	25344692224	17597177856	399.8	23	0
2976.33	6693466	804873	6693466	25344843776	17597177856	403.7	23	0
2977.33	6693466	804873	6693466	25345028096	17597177856	399.7	23	0
2978.34	6693466	804873	6693466	25344675840	17597177856	403.7	23	0
2979.34	6693466	804873	6693466	25344532480	17597177856	399.8	23	0
2980.35	6693466	804873	6693466	25344532480	17597177856	399.8	23	0
2981.35	6693466	804873	6693466	25344835584	17597177856	403.8	23	0
2982.35	6693466	804873	6693466	25345282048	17597177856	399.8	23	0
2983.36	6693466	804873	6693466	25344950272	17597177856	403.8	23	0
2984.36	6693466	804873	6693466	25344884736	17597177856	400.2	23	0
2985.37	6693466	804873	6693466	25345265664	17597177856	399.4	23	0
2986.37	6693466	804873	6693466	25345515520	17597177856	403.8	23	0
2987.37	6693466	804873	6693466	25345507328	17597177856	399.8	23	0
2988.38	6693466	804873	6693466	25345048576	17597177856	403.7	23	0
2989.38	6693466	804919	6693466	22147502080	14404870144	348.2	18	0
2990.39	6693466	810169	6693466	22152642560	14404870144	106.6	18	0
2991.39	6693466	815432	6693466	22158209024	14404870144	107.0	18	0
2992.39	6693466	820694	6693466	22163480576	14404870144	106.5	18	0
2993.40	6693466	825972	6693466	22169100288	14404870144	106.4	18	0
2994.40	6693466	831232	6693466	22174584832	14404870144	107.3	18	0
2995.40	6693466	836474	6693466	22180052992	14404870144	106.0	18	0
2996.41	6693466	841709	6693466	22185992192	14404870144	106.7	18	0
2997.41	6693466	846954	6693466	22190145536	14404870144	106.2	18	0
2998.42	6693466	852215	6693466	22195843072	14404870144	106.6	18	0
2999.42	5020099	855960	5020099	9224908800	2817331200	145.4	2	0
