t_s	temp_kb	out_kb	converted_kb	mem_bytes	anon_bytes	cpu_pct	pids	fifos
0.00	0	0	0	6205440	303104	59.6	2	0
1.00	0	0	0	647548928	631939072	98.4	2	0
2.01	0	0	0	898977792	872701952	101.0	2	0
3.01	0	1	0	1334206464	1301278720	100.0	2	0
4.01	0	1	0	1831493632	1784512512	100.0	2	0
5.02	0	1	0	2205409280	2157023232	101.0	2	0
6.02	0	1	0	2366902272	2321436672	100.0	2	0
7.03	0	1	0	2785091584	2738540544	101.0	2	0
8.03	0	2	0	5544247296	5487190016	207.1	30	8
9.03	0	2	0	12894781440	12824588288	398.8	30	8
10.04	0	135	0	15824826368	15737634816	1146.4	50	8
11.04	0	401	0	15845416960	15757275136	1623.6	50	8
12.05	0	418	0	15862353920	15774539776	1633.0	50	8
13.05	0	584	0	15888793600	15800430592	1592.0	50	8
14.06	0	750	0	15915266048	15827062784	1408.4	50	8
15.07	0	1330	0	15928913920	15839875072	1494.9	50	8
16.07	0	1629	0	15947370496	15859548160	1440.8	50	8
17.08	0	1629	0	15959482368	15872589824	1476.9	50	8
18.08	0	2191	0	15974297600	15885492224	1429.5	50	8
19.09	0	2489	0	15985717248	15897862144	1492.4	50	8
20.09	0	2489	0	15998517248	15909621760	1441.2	50	8
21.10	0	2869	0	16010633216	15920898048	1441.8	50	8
22.10	0	3051	0	16023183360	15933837312	1505.7	50	8
23.11	0	3167	0	16035921920	15946825728	1477.6	50	8
24.11	0	3167	0	16046776320	15958663168	1459.5	50	8
25.12	0	3167	0	16059916288	15970951168	1454.9	50	8
26.12	0	3167	0	16073273344	15984099328	1443.9	50	8
27.13	0	3167	0	16087875584	15998623744	1452.7	50	8
28.13	0	3167	0	16102678528	16012996608	1480.9	50	8
29.14	0	3167	0	16116043776	16027303936	1477.8	50	8
30.15	0	3167	0	16129200128	16040624128	1476.8	50	8
31.15	0	4027	0	16135360512	16045260800	1465.3	50	8
32.16	0	4027	0	16136974336	16046952448	1441.1	50	8
33.16	0	4027	0	16145846272	16055533568	1425.7	50	8
34.17	0	4027	0	16159854592	16069332992	1479.0	50	8
35.17	0	4027	0	16231055360	16140165120	1473.3	50	8
36.18	0	4027	0	16244170752	16154120192	1480.1	50	8
37.18	0	4027	0	16258506752	16168169472	1438.9	50	8
38.19	0	4027	0	16273485824	16183177216	1490.0	50	8
39.19	0	5950	0	16288964608	16195825664	1504.6	50	8
40.20	0	5950	0	16300171264	16207888384	1443.0	50	8
41.20	0	5950	0	16312897536	16219860992	1408.8	50	8
42.21	0	5950	0	16328486912	16235704320	1511.6	50	8
43.21	0	5950	0	16341319680	16249274368	1436.0	50	8
44.22	0	5950	0	16355766272	16263512064	1458.6	50	8
45.22	0	5950	0	16370151424	16277442560	1415.2	50	8
46.23	0	5950	0	16383975424	16291467264	1448.6	50	8
47.23	0	6166	0	16410849280	16318545920	1449.3	50	8
48.24	0	8650	0	16427147264	16331104256	1525.6	50	8
49.24	0	8650	0	16438009856	16342675456	1398.6	50	8
50.25	0	8650	0	16452370432	16356614144	1482.5	50	8
51.25	0	8650	0	16466079744	16370098176	1454.6	50	8
52.26	0	8650	0	16477908992	16382574592	1422.0	50	8
53.27	0	8650	0	16491196416	16394739712	1443.9	50	8
54.27	0	8650	0	16502145024	16406208512	1450.4	50	8
55.27	0	9985	0	16514875392	16417943552	1483.9	50	8
56.28	0	12891	0	16528871424	16428298240	1572.5	50	8
57.29	0	12891	0	16539000832	16439234560	1519.6	50	8
58.29	0	12891	0	16549978112	16450093056	1448.6	50	8
59.30	0	12891	0	16560660480	16460886016	1469.7	50	8
60.30	0	12891	0	16572960768	16473497600	1418.9	50	8
61.30	0	12891	0	16583852032	16484134912	1412.8	50	8
62.31	0	12891	0	16595271680	16495243264	1464.5	50	8
63.32	0	12891	0	16605151232	16505810944	1472.5	50	8
64.32	0	12891	0	16616079360	16516235264	1497.7	50	8
65.33	0	12891	0	16626311168	16526884864	1456.6	50	8
66.33	0	12891	0	16637059072	16537460736	1451.1	50	8
67.34	0	12891	0	16647696384	16547880960	1459.5	50	8
68.34	0	12891	0	16670339072	16570564608	1419.4	50	8
69.35	0	12891	0	16666976256	16567693312	1401.0	50	8
70.35	0	12891	0	16677773312	16578437120	1436.6	50	8
71.36	0	12891	0	16688181248	16588849152	1526.1	50	8
72.36	0	12891	0	16700096512	16599846912	1475.6	50	8
73.37	0	13270	0	16712839168	16611880960	1470.2	50	8
74.37	0	13270	0	16724058112	16623603712	1395.8	50	8
75.38	0	13270	0	16738873344	16638754816	1467.5	50	8
76.38	0	13270	0	16751013888	16651091968	1439.4	50	8
77.39	0	13270	0	16763404288	16662663168	1451.3	50	8
78.39	0	13270	0	16775090176	16674811904	1457.9	50	8
79.40	0	13270	0	16790446080	16690212864	1446.5	50	8
80.40	0	13270	0	16802603008	16701759488	1437.6	50	8
81.41	0	13270	0	16815013888	16714256384	1468.3	50	8
82.42	0	13270	0	16828452864	16727523328	1433.4	50	8
83.42	0	13270	0	16841564160	16740761600	1421.2	50	8
84.43	0	13270	0	16855298048	16754003968	1434.5	50	8
85.43	0	13270	0	16868241408	16767365120	1418.1	50	8
86.44	0	13270	0	16883224576	16781467648	1470.7	50	8
87.44	0	13270	0	16896372736	16795361280	1501.5	50	8
88.45	0	13270	0	16910114816	16808636416	1453.4	50	8
89.45	0	15926	0	16924954624	16821092352	1512.3	50	8
90.46	0	17498	0	16938340352	16832942080	1480.8	50	8
91.46	0	17498	0	16950403072	16844931072	1437.3	50	8
92.47	0	17498	0	16963325952	16857305088	1486.9	50	8
93.47	0	17498	0	16977010688	16870592512	1434.9	50	8
94.48	0	17498	0	16991592448	16885837824	1485.4	50	8
95.48	0	17498	0	17003896832	16898023424	1405.4	50	8
96.49	0	17498	0	17015529472	16910512128	1435.3	50	8
97.49	0	17498	0	17027289088	16922443776	1523.1	50	8
98.50	0	17498	0	17040191488	16934371328	1436.6	50	8
99.50	0	17498	0	17051189248	16946024448	1413.4	50	8
100.51	0	17498	0	17063149568	16957984768	1457.5	50	8
101.52	0	17498	0	17075691520	16969826304	1484.1	50	8
102.52	0	17498	0	17088552960	16981893120	1372.8	50	8
103.52	0	17498	0	17100627968	16994627584	1457.9	50	8
104.53	0	17498	0	17111408640	17006780416	1482.2	50	8
105.53	0	17498	0	17125826560	17019588608	1535.0	50	8
106.54	0	20928	0	17141227520	17031823360	1525.2	50	8
107.54	0	22400	0	17151840256	17040756736	1446.1	50	8
108.55	0	22400	0	17164894208	17053184000	1451.5	50	8
109.55	0	22400	0	17177104384	17065627648	1436.7	50	8
110.56	0	22400	0	17189552128	17078317056	1424.2	50	8
111.56	0	22400	0	17202364416	17090961408	1459.0	50	8
112.57	0	22400	0	17214967808	17103380480	1464.0	50	8
113.58	0	22400	0	17227501568	17115922432	1460.9	50	8
114.58	0	22400	0	17238749184	17128349696	1454.3	50	8
115.59	0	22400	0	17252171776	17140617216	1418.2	50	8
116.59	0	22400	0	17263898624	17152806912	1432.6	50	8
117.60	0	22400	0	17276645376	17165443072	1469.0	50	8
118.60	0	22400	0	17288671232	17177706496	1464.1	50	8
119.61	0	22400	0	17301274624	17189806080	1481.6	50	8
120.61	0	22400	0	17314103296	17202405376	1468.6	50	8
121.62	0	22400	0	17326137344	17214377984	1473.2	50	8
122.62	0	24905	0	17339990016	17225920512	1568.4	50	8
123.63	0	25252	0	17351421952	17237913600	1469.0	50	8
124.63	0	25252	0	17363992576	17250320384	1454.6	50	8
125.64	0	25252	0	17377120256	17262739456	1447.7	50	8
126.64	0	25252	0	17389182976	17275244544	1436.5	50	8
127.65	0	25252	0	17401245696	17287946240	1468.0	50	8
128.65	0	25252	0	17414184960	17300422656	1527.1	50	8
129.66	0	25252	0	17426030592	17312649216	1486.5	50	8
130.66	0	25252	0	17439408128	17324421120	1433.1	50	8
131.67	0	25252	0	17450274816	17336446976	1462.5	50	8
132.67	0	25252	0	17463316480	17348403200	1426.5	50	8
133.68	0	25252	0	17474375680	17360343040	1467.0	50	8
134.68	0	25252	0	17486864384	17372270592	1441.2	50	8
135.69	0	25252	0	17499381760	17384284160	1445.8	50	8
136.69	0	25252	0	17510662144	17396502528	1438.7	50	8
137.69	0	25252	0	17523978240	17409130496	1437.6	50	8
138.70	0	25252	0	17535049728	17422905344	1482.2	50	8
139.70	0	25252	0	17546797056	17434775552	1447.9	50	8
140.71	0	25252	0	17559814144	17446547456	1432.3	50	8
141.71	0	25252	0	17570230272	17458360320	1414.5	50	8
142.72	0	25252	0	17582759936	17470263296	1437.7	50	8
143.72	0	25252	0	17595346944	17482366976	1480.2	50	8
144.73	0	25252	0	17606725632	17493991424	1430.7	50	8
145.73	0	25252	0	17619324928	17506344960	1426.7	50	8
146.74	0	25252	0	17631830016	17518977024	1469.3	50	8
147.74	0	25252	0	17644126208	17531084800	1427.9	50	8
148.75	0	25252	0	17656246272	17543651328	1451.6	50	8
149.75	0	25252	0	17668882432	17556152320	1455.3	50	8
150.76	0	25252	0	17680896000	17568563200	1456.5	50	8
151.77	0	25252	0	17693683712	17580965888	1433.5	50	8
152.77	0	25252	0	17706135552	17593192448	1418.7	50	8
153.78	0	25252	0	17718620160	17605296128	1405.5	50	8
154.78	0	25252	0	17730437120	17617674240	1421.5	50	8
155.79	0	25252	0	17743097856	17629929472	1459.3	50	8
156.79	0	25252	0	17757372416	17643859968	1466.8	50	8
157.80	0	25252	0	17770356736	17657098240	1488.7	50	8
158.80	0	25252	0	17784352768	17670676480	1433.0	50	8
159.81	0	25252	0	17796816896	17684635648	1458.9	50	8
160.81	0	25252	0	17811865600	17698353152	1429.6	50	8
161.82	0	25252	0	17824505856	17711718400	1387.3	50	8
162.82	0	25252	0	17838190592	17725423616	1394.9	50	8
163.83	0	25252	0	17853218816	17739423744	1465.8	50	8
164.83	0	25252	0	17866788864	17753554944	1462.9	50	8
165.84	0	25252	0	17881088000	17767395328	1445.5	50	8
166.84	0	25252	0	17894440960	17781219328	1484.2	50	8
167.85	0	25252	0	17909145600	17795153920	1483.2	50	8
168.85	0	25252	0	17921888256	17808855040	1437.1	50	8
169.86	0	25252	0	17935745024	17822797824	1450.8	50	8
170.86	0	25252	0	17950433280	17836707840	1501.4	50	8
171.87	0	25252	0	17965268992	17851117568	1488.5	50	8
172.88	0	25252	0	17979957248	17865785344	1433.4	50	8
173.88	0	25252	0	17992597504	17879060480	1490.6	50	8
174.89	0	25252	0	18006634496	17893351424	1515.9	50	8
175.89	0	25252	0	18020638720	17906749440	1389.6	50	8
176.90	0	25252	0	18033385472	17920831488	1478.7	50	8
177.90	0	25252	0	18048872448	17934598144	1486.8	50	8
178.91	0	25252	0	18061275136	17948393472	1511.6	50	8
179.91	0	25252	0	18076000256	17962405888	1520.5	50	8
180.92	0	25252	0	18089377792	17976102912	1461.9	50	8
181.92	0	25252	0	18103005184	17989419008	1418.1	50	8
182.93	0	26011	0	18112057344	17997647872	1535.9	50	8
183.93	0	26638	0	18115330048	18000683008	1544.9	50	8
184.94	0	26638	0	18118078464	18003435520	1495.2	50	8
185.94	0	26638	0	18121084928	18006556672	1443.0	50	8
186.95	0	26638	0	18124271616	18009419776	1453.7	50	8
187.95	0	26638	0	18127433728	18012176384	1447.4	50	8
188.96	0	26638	0	18130673664	18015506432	1449.4	50	8
189.96	0	26638	0	18133831680	18018398208	1431.7	50	8
190.97	0	26638	0	18136928256	18021666816	1521.7	50	8
191.97	0	26638	0	18139299840	18024087552	1392.4	50	8
192.98	0	26638	0	18142318592	18027048960	1452.3	50	8
193.99	0	26638	0	18145579008	18030030848	1479.6	50	8
194.99	0	26638	0	18148577280	18033004544	1417.5	50	8
196.00	0	26638	0	18152009728	18036158464	1511.2	50	8
197.00	0	26638	0	18154807296	18039017472	1475.9	50	8
198.01	0	26638	0	18157879296	18041909248	1469.0	50	8
199.01	0	26638	0	18158829568	18044624896	1399.8	50	8
200.02	0	26638	0	18162667520	18047459328	1479.9	50	8
201.02	0	26638	0	18167201792	18052075520	1465.0	50	8
202.03	0	26638	0	18180300800	18064371712	1438.6	50	8
203.03	0	26638	0	18194104320	18078150656	1430.1	50	8
204.04	0	26638	0	18208018432	18092363776	1464.9	50	8
205.04	0	26638	0	18221727744	18106318848	1426.9	50	8
206.05	0	26638	0	18235351040	18120351744	1447.8	50	8
207.05	0	26638	0	18250141696	18134085632	1409.2	50	8
208.06	0	26638	0	18264866816	18148573184	1482.8	50	8
209.06	0	26638	0	18278010880	18162724864	1462.3	50	8
210.07	0	26638	0	18292510720	18176528384	1410.7	50	8
211.07	0	26638	0	18305818624	18190397440	1417.8	50	8
212.08	0	26638	0	18320101376	18204516352	1456.2	50	8
213.08	0	26638	0	18334863360	18218631168	1437.1	50	8
214.09	0	26638	0	18348142592	18232717312	1521.2	50	8
215.09	0	26638	0	18361991168	18246258688	1420.0	50	8
216.10	0	26638	0	18375008256	18259353600	1447.8	50	8
217.10	0	26638	0	18388512768	18272960512	1384.5	50	8
218.11	0	26638	0	18403020800	18286809088	1491.7	50	8
219.12	0	26638	0	18415570944	18300735488	1504.9	50	8
220.12	0	26638	0	18427625472	18312454144	1409.3	50	8
221.13	0	26638	0	18440589312	18326380544	1448.0	50	8
222.13	0	26638	0	18455896064	18340032512	1394.5	50	8
223.14	0	26638	0	18470236160	18354225152	1419.9	50	8
224.14	0	26638	0	18485075968	18368667648	1463.8	50	8
225.15	0	26638	0	18499387392	18382888960	1557.4	50	8
226.15	0	26638	0	18512728064	18396053504	1443.3	50	8
227.16	0	26638	0	18526736384	18409390080	1444.7	50	8
228.16	0	26638	0	18539085824	18422726656	1460.4	50	8
229.17	0	26638	0	18551635968	18436059136	1424.5	50	8
230.17	0	26638	0	18565730304	18449985536	1393.6	50	8
231.18	0	26638	0	18579726336	18465947648	1467.7	50	8
232.18	0	26638	0	18593505280	18480041984	1433.1	50	8
233.19	0	26638	0	18608312320	18494025728	1478.9	50	8
234.19	0	26638	0	18621779968	18507751424	1491.9	50	8
235.20	0	26638	0	18634801152	18521079808	1437.0	50	8
236.20	0	26638	0	18649358336	18535309312	1473.8	50	8
237.21	0	26638	0	18663092224	18549305344	1498.0	50	8
238.21	0	26638	0	18677682176	18563350528	1465.5	50	8
239.22	0	26638	0	18691604480	18577518592	1434.3	50	8
240.22	0	26638	0	18705145856	18591363072	1451.4	50	8
241.23	0	26638	0	18719662080	18605219840	1422.8	50	8
242.23	0	27399	0	18733813760	18618458112	1476.1	50	8
243.24	0	31624	0	18750128128	18630418432	1518.0	50	8
244.24	0	31624	0	18761232384	18642378752	1505.5	50	8
245.25	0	31624	0	18774327296	18654208000	1470.2	50	8
246.25	0	31624	0	18786004992	18666573824	1430.3	50	8
247.26	0	31624	0	18798329856	18678673408	1456.8	50	8
248.26	0	31624	0	18810183680	18690699264	1479.3	50	8
249.27	0	31624	0	18822410240	18703286272	1543.8	50	8
250.27	0	31624	0	18834505728	18715398144	1427.3	50	8
251.28	0	31624	0	18845859840	18727616512	1440.2	50	8
252.28	0	31624	0	18858393600	18740207616	1430.4	50	8
253.29	0	31624	0	18869125120	18751385600	1501.6	50	8
254.29	0	31624	0	18878746624	18761273344	1478.6	50	8
255.30	0	31624	0	18887958528	18770878464	1527.3	50	8
256.30	0	31624	0	18900492288	18782797824	1466.0	50	8
257.31	0	31624	0	18912194560	18794844160	1511.6	50	8
258.31	0	31624	0	19256606720	19138150400	1457.9	50	8
259.32	0	31756	0	18934812672	18816360448	1493.7	50	8
260.32	0	35572	0	18950156288	18827104256	1585.2	50	8
261.33	0	40066	0	18966290432	18837950464	1590.9	50	8
262.33	0	45150	0	18981392384	18848509952	1572.3	50	8
263.34	0	50217	0	18996649984	18858909696	1640.5	50	8
264.34	0	55270	0	19012452352	18869592064	1620.4	50	8
265.35	0	60355	0	19027996672	18879901696	1588.1	50	8
266.35	0	63706	0	19043430400	18890936320	1581.6	50	8
267.36	0	63706	0	19053633536	18902032384	1510.3	50	8
268.36	0	63706	0	19064827904	18913042432	1463.4	50	8
269.37	0	63706	0	19076722688	18923970560	1457.5	50	8
270.37	0	63706	0	19086438400	18934915072	1472.4	50	8
271.38	0	63706	0	19097923584	18945708032	1444.1	50	8
272.38	0	63706	0	19109203968	18957058048	1421.2	50	8
273.39	0	63706	0	19120533504	18968350720	1486.5	50	8
274.40	0	63706	0	19131727872	18979409920	1477.5	50	8
275.40	0	63706	0	19142692864	18989948928	1439.4	50	8
276.41	0	63706	0	19153670144	19000524800	1424.4	50	8
277.41	0	65919	0	19166457856	19011375104	1479.8	50	8
278.42	0	68742	0	19179122688	19022090240	1503.7	50	8
279.42	0	68742	0	19189641216	19032829952	1441.9	50	8
280.43	0	68742	0	19201142784	19043041280	1455.6	50	8
281.43	0	68742	0	19211382784	19053760512	1447.3	50	8
282.44	0	68742	0	19221626880	19064475648	1448.7	50	8
283.44	0	68742	0	19233472512	19075448832	1445.7	50	8
284.45	0	68742	0	19243216896	19086094336	1413.9	50	8
285.45	0	68742	0	19254349824	19096539136	1427.5	50	8
286.45	0	68742	0	19264794624	19106783232	1419.1	50	8
287.46	0	68742	0	19275235328	19117584384	1448.9	50	8
288.46	0	68742	0	19285606400	19128262656	1430.7	50	8
289.47	0	68742	0	19295961088	19139178496	1462.6	50	8
290.47	0	68742	0	19307118592	19150102528	1403.5	50	8
291.48	0	68742	0	19317907456	19160596480	1472.6	50	8
292.48	0	68742	0	19328573440	19171590144	1481.8	50	8
293.49	0	69088	0	19340316672	19182792704	1442.7	50	8
294.50	0	72820	0	19355389952	19193917440	1592.3	50	8
295.50	0	73018	0	19365998592	19204718592	1452.1	50	8
296.51	0	73018	0	19377848320	19215855616	1426.5	50	8
297.51	0	73018	0	19388710912	19226963968	1437.7	50	8
298.52	0	73018	0	19399675904	19238080512	1435.5	50	8
299.52	0	73018	0	19409367040	19248717824	1447.0	50	8
300.53	0	73018	0	19420553216	19259121664	1441.9	50	8
301.53	0	73018	0	19431628800	19269734400	1429.9	50	8
302.54	0	73018	0	19442147328	19280941056	1410.2	50	8
303.54	0	73018	0	19454246912	19291992064	1466.0	50	8
304.55	0	73018	0	19464409088	19302711296	1444.2	50	8
305.56	0	73018	0	19475562496	19313995776	1478.4	50	8
306.56	0	73018	0	19486535680	19325206528	1432.8	50	8
307.57	0	73018	0	19496960000	19336040448	1482.4	50	8
308.57	0	73018	0	19508170752	19346898944	1424.3	50	8
309.58	0	73018	0	19519582208	19358339072	1515.3	50	8
310.58	0	73018	0	19530960896	19369525248	1479.0	50	8
311.59	0	73018	0	19543273472	19380826112	1489.0	50	8
312.59	0	73018	0	19554725888	19392126976	1479.8	50	8
313.60	0	73018	0	19564666880	19403182080	1440.3	50	8
314.60	0	73018	0	19575562240	19414159360	1478.5	50	8
315.61	0	73018	0	19587035136	19425198080	1395.5	50	8
316.62	0	73018	0	19597709312	19436216320	1503.1	50	8
317.62	0	73018	0	19608494080	19447021568	1452.5	50	8
318.63	0	73018	0	19619139584	19457601536	1454.6	50	8
319.63	0	73018	0	19631357952	19469197312	1450.4	50	8
320.63	0	73018	0	19641671680	19479777280	1460.3	50	8
321.64	0	73018	0	19652186112	19490283520	1491.8	50	8
322.64	0	73018	0	19664027648	19501277184	1416.5	50	8
323.65	0	73018	0	19674574848	19514118144	1425.9	50	8
324.65	0	73018	0	19685154816	19525312512	1517.5	50	8
325.66	0	73018	0	19696386048	19536310272	1517.9	50	8
326.67	0	73018	0	19707265024	19547131904	1468.8	50	8
327.67	0	73018	0	19719315456	19558428672	1387.9	50	8
328.67	0	73018	0	19729833984	19569483776	1415.8	50	8
329.68	0	73018	0	19740078080	19580493824	1407.6	50	8
330.69	0	73018	0	19751878656	19591409664	1417.3	50	8
331.69	0	73018	0	19761741824	19602321408	1487.4	50	8
332.70	0	73018	0	20277133312	20116598784	1471.6	50	8
333.71	0	73018	0	19778502656	19617546240	1448.3	50	8
334.71	0	73018	0	19788980224	19628658688	1436.0	50	8
335.72	0	73018	0	19800276992	19639959552	1415.3	50	8
336.72	0	73018	0	19812425728	19651473408	1495.8	50	8
337.73	0	73018	0	19823054848	19662209024	1462.1	50	8
338.73	0	73018	0	19834318848	19673174016	1454.0	50	8
339.74	0	73018	0	19844407296	19684012032	1425.4	50	8
340.74	0	73018	0	19856375808	19695079424	1441.3	50	8
341.75	0	73018	0	19867545600	19706155008	1433.7	50	8
342.75	0	73018	0	19878711296	19717328896	1406.6	50	8
343.76	0	73018	0	19889541120	19728138240	1434.1	50	8
344.76	0	73018	0	19898744832	19738906624	1415.5	50	8
345.77	0	73018	0	19910340608	19749371904	1421.7	50	8
346.78	0	73018	0	19921149952	19759964160	1512.9	50	8
347.78	0	73018	0	19932106752	19770650624	1465.2	50	8
348.79	0	73018	0	19942346752	19781234688	1440.8	50	8
349.79	0	73018	0	19952664576	19791618048	1395.9	50	8
350.79	0	73018	0	19963928576	19802255360	1424.4	50	8
351.80	0	73018	0	19974492160	19813277696	1523.8	50	8
352.81	0	73018	0	19985485824	19824246784	1429.2	50	8
353.81	0	73018	0	19996827648	19835252736	1433.6	50	8
354.82	0	73018	0	20006760448	19845988352	1443.8	50	8
355.82	0	73018	0	20017184768	19856695296	1475.2	50	8
356.83	0	73018	0	20028608512	19867373568	1461.8	50	8
357.83	0	73018	0	20039372800	19878219776	1475.0	50	8
358.84	0	73018	0	20049162240	19888906240	1429.8	50	8
359.84	0	73018	0	20062375936	19900346368	1407.8	50	8
360.85	0	73018	0	20073443328	19911917568	1458.8	50	8
361.85	0	73018	0	20084862976	19923230720	1416.7	50	8
362.86	0	73018	0	20096319488	19934064640	1464.1	50	8
363.86	0	73018	0	20106346496	19945111552	1383.6	50	8
364.87	0	73018	0	20117471232	19956178944	1482.5	50	8
365.87	0	73018	0	20127907840	19967074304	1497.4	50	8
366.88	0	73018	0	20139995136	19978235904	1448.4	50	8
367.89	0	73018	0	20151017472	19989389312	1461.3	50	8
368.89	0	73018	0	20162281472	20000522240	1447.8	50	8
369.90	0	73018	0	20171608064	20011163648	1487.1	50	8
370.90	0	73018	0	20183277568	20021682176	1490.3	50	8
371.91	0	73018	0	20194095104	20032086016	1487.2	50	8
372.91	0	73018	0	20203634688	20042432512	1451.1	50	8
373.92	0	73018	0	20214878208	20053020672	1431.6	50	8
374.92	0	73018	0	20224917504	20063399936	1427.1	50	8
375.93	0	73018	0	20235919360	20073816064	1519.6	50	8
376.93	0	73018	0	20246347776	20084498432	1436.4	50	8
377.94	0	73018	0	20257202176	20095283200	1451.0	50	8
378.94	0	73018	0	20267552768	20106006528	1422.1	50	8
379.95	0	73018	0	20278259712	20116799488	1506.8	50	8
380.96	0	73018	0	20289323008	20127686656	1444.6	50	8
381.96	0	73018	0	20300550144	20138508288	1493.2	50	8
382.97	0	73018	0	20310515712	20149522432	1445.9	50	8
383.97	0	73018	0	20322914304	20161040384	1466.4	50	8
384.98	0	73018	0	20333600768	20172140544	1438.0	50	8
385.98	0	73018	0	20344733696	20183334912	1434.1	50	8
386.99	0	73018	0	20355620864	20194197504	1481.0	50	8
388.00	0	73018	0	20366426112	20204634112	1472.9	50	8
389.00	0	73018	0	20377575424	20215496704	1407.3	50	8
390.01	0	73018	0	20386779136	20226097152	1442.7	50	8
391.01	0	73018	0	20397948928	20236582912	1414.7	50	8
392.02	0	73018	0	20408451072	20246937600	1494.1	50	8
393.02	0	73018	0	20418703360	20257435648	1436.2	50	8
394.03	0	73018	0	20428611584	20267888640	1435.4	50	8
395.03	0	73018	0	20439707648	20278882304	1418.9	50	8
396.04	0	73018	0	20451229696	20289683456	1454.6	50	8
397.04	0	73018	0	20461719552	20300353536	1429.0	50	8
398.05	0	73018	0	20472774656	20310720512	1435.5	50	8
399.05	0	73018	0	20482543616	20321173504	1421.1	50	8
400.05	0	73018	0	20493697024	20332154880	1450.0	50	8
401.06	0	73018	0	20504309760	20343099392	1451.0	50	8
402.07	0	73018	0	20515966976	20353634304	1463.1	50	8
403.07	0	73018	0	20526223360	20364320768	1453.3	50	8
404.08	0	73018	0	20536758272	20375281664	1449.6	50	8
405.08	0	73018	0	20547481600	20388155392	1426.0	50	8
406.09	0	73018	0	20558766080	20399448064	1418.2	50	8
407.09	0	73018	0	20570329088	20410527744	1381.5	50	8
408.10	0	73018	0	20579831808	20421230592	1477.2	50	8
409.10	0	73018	0	20592087040	20432408576	1451.5	50	8
410.11	0	73018	0	20603076608	20443369472	1408.2	50	8
411.11	0	73018	0	20614373376	20454477824	1444.9	50	8
412.12	0	73018	0	20625416192	20465217536	1480.4	50	8
413.12	0	73018	0	20635869184	20476153856	1435.4	50	8
414.13	0	73547	0	20648075264	20487360512	1475.3	50	8
415.13	0	78122	0	20663914496	20498321408	1567.2	50	8
416.14	0	78122	0	20672753664	20507279360	1457.3	50	8
417.15	0	78122	0	20680306688	20514861056	1428.5	50	8
418.15	0	78122	0	20685778944	20519645184	1449.6	50	8
419.16	0	78122	0	20692054016	20526141440	1454.0	50	8
420.16	0	78122	0	20699697152	20534018048	1465.5	50	8
421.16	0	78122	0	20707090432	20541517824	1504.5	50	8
422.17	0	78122	0	20717277184	20551753728	1419.3	50	8
423.18	0	78122	0	20727857152	20561723392	1426.4	50	8
424.18	0	78122	0	20737474560	20571770880	1442.9	50	8
425.19	0	78122	0	20748574720	20582846464	1472.5	50	8
426.19	0	78122	0	20758523904	20593152000	1410.3	50	8
427.20	0	78122	0	20769103872	20603920384	1446.6	50	8
428.20	0	78122	0	20779929600	20614930432	1425.1	50	8
429.21	0	78122	0	20790239232	20625039360	1446.1	50	8
430.21	0	78122	0	20801097728	20635140096	1428.5	50	8
431.21	0	79575	0	20813950976	20645371904	1465.6	50	8
432.22	0	84660	0	20827729920	20655235072	1561.6	50	8
433.22	0	89761	0	20843384832	20665835520	1612.2	50	8
434.23	0	94863	0	20860096512	20676784128	1574.6	50	8
435.23	0	99948	0	20875886592	20687900672	1628.3	50	8
436.24	0	104949	0	20892975104	20698923008	1622.5	50	8
437.24	0	109947	0	20909465600	20710625280	1572.7	50	8
438.25	0	110013	0	20920926208	20721897472	1455.1	50	8
439.25	0	110013	0	20932038656	20733517824	1453.3	50	8
440.26	0	110013	0	20944437248	20745285632	1423.4	50	8
441.26	0	110013	0	20955639808	20756828160	1447.0	50	8
442.27	0	110013	0	20966428672	20768239616	1447.0	50	8
443.27	0	110013	0	20977385472	20778823680	1429.4	50	8
444.27	0	110013	0	20987654144	20789055488	1457.2	50	8
445.28	0	110013	0	20997582848	20799234048	1483.0	50	8
446.29	0	110013	0	21008015360	20809949184	1425.2	50	8
447.29	0	110013	0	21019672576	20821082112	1414.4	50	8
448.30	0	110013	0	21030739968	20832333824	1432.2	50	8
449.30	0	110226	0	21042814976	20843683840	1416.9	50	8
450.31	0	114873	0	21059252224	20854865920	1567.1	50	8
451.31	0	115071	0	21070340096	20866408448	1487.1	50	8
452.32	0	115071	0	21081247744	20877799424	1494.0	50	8
453.32	0	115071	0	21093351424	20889165824	1417.3	50	8
454.33	0	115071	0	21103808512	20900470784	1451.4	50	8
455.33	0	115071	0	21116157952	20912082944	1404.5	50	8
456.34	0	115071	0	21127856128	20923453440	1488.7	50	8
457.34	0	115071	0	21139587072	20934598656	1422.4	50	8
458.35	0	115071	0	21150932992	20946006016	1429.9	50	8
459.35	0	115071	0	21160300544	20955975680	1516.9	50	8
460.36	0	115071	0	21171052544	20966203392	1457.1	50	8
461.37	0	115071	0	21182443520	20977266688	1400.2	50	8
462.37	0	115071	0	21192830976	20988264448	1412.9	50	8
463.37	0	115071	0	21203312640	20999217152	1498.0	50	8
464.38	0	115071	0	21215784960	21010735104	1454.1	50	8
465.39	0	117966	0	21230096384	21022130176	1538.3	50	8
466.39	0	119332	0	21242896384	21033725952	1488.8	50	8
467.40	0	119332	0	21254275072	21045366784	1477.9	50	8
468.40	0	119332	0	21265874944	21056692224	1440.9	50	8
469.41	0	119332	0	21275701248	21067538432	1495.8	50	8
470.41	0	119332	0	21287727104	21078974464	1489.0	50	8
471.42	0	119332	0	21299077120	21090353152	1488.5	50	8
472.42	0	119332	0	21310156800	21101760512	1420.2	50	8
473.43	0	119332	0	21321146368	21112918016	1506.8	50	8
474.43	0	119332	0	21332377600	21123977216	1434.8	50	8
475.44	0	119332	0	21344231424	21135196160	1434.7	50	8
476.44	0	119332	0	21355204608	21146255360	1422.0	50	8
477.45	0	119332	0	21366435840	21157351424	1402.5	50	8
478.45	0	119332	0	21377110016	21168603136	1421.7	50	8
479.46	0	119332	0	21387833344	21179985920	1409.6	50	8
480.46	0	119332	0	21399998464	21191098368	1427.1	50	8
481.47	0	119332	0	21411110912	21202284544	1483.8	50	8
482.47	0	119332	0	21423067136	21213384704	1400.9	50	8
483.48	0	119332	0	21516673024	21307035648	1421.4	50	8
484.48	0	119332	0	23766720512	23553142784	1460.4	50	8
485.49	0	119332	0	21443555328	21233811456	1366.7	50	8
486.49	0	119332	0	21454708736	21245087744	1437.8	50	8
487.50	0	119332	0	21465550848	21258051584	1457.7	50	8
488.50	0	119332	0	21476802560	21269229568	1383.0	50	8
489.51	0	119332	0	21487915008	21280837632	1483.9	50	8
490.51	0	119332	0	21499469824	21292048384	1495.1	50	8
491.52	0	119332	0	21509984256	21303193600	1424.2	50	8
492.52	0	119332	0	21521936384	21314805760	1423.6	50	8
493.53	0	119332	0	21533274112	21326159872	1476.1	50	8
494.53	0	119332	0	21544558592	21337186304	1460.2	50	8
495.54	0	119332	0	21556711424	21348499456	1420.8	50	8
496.55	0	119332	0	21567438848	21359464448	1444.6	50	8
497.55	0	119332	0	21578645504	21370601472	1444.0	50	8
498.56	0	119332	0	21589204992	21381730304	1455.5	50	8
499.56	0	119332	0	21599854592	21392838656	1443.8	50	8
500.57	0	119332	0	21610983424	21403951104	1482.5	50	8
501.57	0	119332	0	21622071296	21414789120	1434.0	50	8
502.58	0	119332	0	21632188416	21425082368	1470.6	50	8
503.58	0	119332	0	21643505664	21435863040	1411.4	50	8
504.59	0	119332	0	21654822912	21447249920	1488.1	50	8
505.59	0	119332	0	21666447360	21458956288	1480.5	50	8
506.60	0	119332	0	21677756416	21470109696	1408.1	50	8
507.60	0	119332	0	21689442304	21481177088	1503.8	50	8
508.61	0	119332	0	21699895296	21492563968	1481.8	50	8
509.61	0	119332	0	21710893056	21503877120	1439.6	50	8
510.62	0	119332	0	21722750976	21515173888	1457.3	50	8
511.62	0	119332	0	21733748736	21526634496	1485.3	50	8
512.63	0	119332	0	21745434624	21538058240	1469.9	50	8
513.63	0	119332	0	21757079552	21549027328	1430.3	50	8
514.64	0	119332	0	21767733248	21560197120	1465.0	50	8
515.65	0	119332	0	21778604032	21571153920	1507.9	50	8
516.65	0	119332	0	21789589504	21582098432	1419.2	50	8
517.66	0	119332	0	21801414656	21593436160	1436.7	50	8
518.66	0	119332	0	21812289536	21604515840	1530.2	50	8
519.67	0	119332	0	21823160320	21615980544	1494.4	50	8
520.67	0	119332	0	21834264576	21627052032	1542.3	50	8
521.68	0	119332	0	21845422080	21637537792	1483.1	50	8
522.68	0	119332	0	21856825344	21648551936	1408.9	50	8
523.69	0	119332	0	21868011520	21659512832	1459.7	50	8
524.69	0	119332	0	21878534144	21670408192	1435.2	50	8
525.70	0	119332	0	21888942080	21681250304	1470.3	50	8
526.70	0	119332	0	21899841536	21692448768	1464.5	50	8
527.71	0	119332	0	21909028864	21703651328	1460.5	50	8
528.71	0	119332	0	21920804864	21714939904	1417.6	50	8
529.72	0	119332	0	21931433984	21725999104	1454.1	50	8
530.72	0	119332	0	21942751232	21736734720	1410.1	50	8
531.73	0	119332	0	21953196032	21747544064	1446.4	50	8
532.73	0	119332	0	21965029376	21758726144	1492.2	50	8
533.74	0	119332	0	21976473600	21769834496	1477.8	50	8
534.74	0	119332	0	21986148352	21780799488	1514.3	50	8
535.75	0	119332	0	21997936640	21791911936	1422.0	50	8
536.76	0	119332	0	22008729600	21802782720	1467.6	50	8
537.76	0	119332	0	22019293184	21813260288	1460.1	50	8
538.77	0	119332	0	22030123008	21824069632	1447.0	50	8
539.77	0	119332	0	22041452544	21834997760	1410.5	50	8
540.78	0	119332	0	22052114432	21845786624	1481.8	50	8
541.78	0	119332	0	22062964736	21856567296	1505.8	50	8
542.79	0	119332	0	22074187776	21867499520	1431.3	50	8
543.79	0	119332	0	22085554176	21879058432	1386.5	50	8
544.80	0	119332	0	22096977920	21890576384	1485.2	50	8
545.80	0	119332	0	22108553216	21901795328	1408.8	50	8
546.81	0	119332	0	22119084032	21912498176	1466.5	50	8
547.81	0	119332	0	22130360320	21923336192	1473.9	50	8
548.82	0	119332	0	22140735488	21934247936	1463.5	50	8
549.82	0	119332	0	22151553024	21945208832	1390.4	50	8
550.83	0	119332	0	22162935808	21956390912	1468.4	50	8
551.83	0	119332	0	22173294592	21967196160	1498.3	50	8
552.84	0	119332	0	22182666240	21976965120	1517.7	50	8
553.84	0	119332	0	22190874624	21985497088	1424.9	50	8
554.85	0	119332	0	22199844864	21994573824	1398.6	50	8
555.85	0	119332	0	22209609728	22003519488	1460.8	50	8
556.86	0	119332	0	22219694080	22013796352	1441.8	50	8
557.86	0	119332	0	22230667264	22024327168	1398.0	50	8
558.87	0	119332	0	22241513472	22035210240	1451.8	50	8
559.87	0	119332	0	22251778048	22046040064	1416.5	50	8
560.88	0	119332	0	22263586816	22056824832	1486.6	50	8
561.88	0	119332	0	22273785856	22067408896	1437.1	50	8
562.89	0	119332	0	22285127680	22078205952	1511.5	50	8
563.89	0	119332	0	22295556096	22089285632	1435.4	50	8
564.90	0	119332	0	22306689024	22100213760	1429.4	50	8
565.90	0	119332	0	22317096960	22110924800	1416.0	50	8
566.91	0	119332	0	22328795136	22121967616	1513.0	50	8
567.91	0	119332	0	22338789376	22132527104	1457.7	50	8
568.92	0	119332	0	22349848576	22145466368	1430.5	50	8
569.92	0	119332	0	22360424448	22156115968	1450.1	50	8
570.93	0	119332	0	22371479552	22166630400	1488.7	50	8
571.93	0	119332	0	22382186496	22177509376	1410.2	50	8
572.94	0	119332	0	22393032704	22188195840	1431.1	50	8
573.94	0	119332	0	22403833856	22199443456	1465.8	50	8
574.95	0	119332	0	22415187968	22210539520	1454.4	50	8
575.95	0	119332	0	22425911296	22221869056	1411.2	50	8
576.96	0	119332	0	22437539840	22233182208	1449.6	50	8
577.96	0	119332	0	22449037312	22244646912	1439.0	50	8
578.97	0	119332	0	22459813888	22256160768	1484.9	50	8
579.97	0	119332	0	22471741440	22267371520	1410.5	50	8
580.98	0	119332	0	22483025920	22278533120	1409.5	50	8
581.98	0	122494	0	22497939456	22289735680	1576.6	50	8
582.99	0	124371	0	22510555136	22300577792	1574.2	50	8
583.99	0	124371	0	22521688064	22311829504	1490.7	50	8
585.00	0	124371	0	22532894720	22322765824	1451.6	50	8
586.00	0	124371	0	22544044032	22333464576	1471.4	50	8
587.01	0	124371	0	22554484736	22344531968	1518.7	50	8
588.01	0	124371	0	22565408768	22355361792	1512.5	50	8
589.02	0	124371	0	22576226304	22366580736	1484.8	50	8
590.02	0	124371	0	22586912768	22377553920	1469.6	50	8
591.03	0	124371	0	22598356992	22388617216	1435.5	50	8
592.03	0	124371	0	22608920576	22399139840	1482.1	50	8
593.04	0	124371	0	22621548544	22410088448	1458.4	50	8
594.04	0	124371	0	22631137280	22420856832	1482.0	50	8
595.05	0	124371	0	22642552832	22431977472	1438.9	50	8
596.06	0	124371	0	22652817408	22443491328	1490.3	50	8
597.06	0	127466	0	22668738560	22454665216	1612.1	50	8
598.07	0	131350	0	22683475968	22465957888	1590.6	50	8
599.07	0	135019	0	22699126784	22477250560	1612.5	50	8
600.08	0	139019	0	22713622528	22488334336	1568.6	50	8
601.08	0	142526	0	22728843264	22499319808	1638.6	50	8
602.09	0	146508	0	22743961600	22510276608	1636.9	50	8
603.09	0	151347	0	22759788544	22521331712	1582.6	50	8
604.10	0	156379	0	22775840768	22531989504	1649.2	50	8
605.10	0	156379	0	22786838528	22542581760	1460.6	50	8
606.11	0	156379	0	22796562432	22553395200	1492.5	50	8
607.11	0	156379	0	22807277568	22564081664	1436.7	50	8
608.12	0	156379	0	22818582528	22574718976	1534.3	50	8
609.12	0	156379	0	22829166592	22585417728	1440.7	50	8
610.13	0	156379	0	22838874112	22596038656	1427.7	50	8
611.13	0	156379	0	22850232320	22607093760	1412.2	50	8
612.14	0	156379	0	22861385728	22617944064	1420.5	50	8
613.14	0	158433	0	22874341376	22628937728	1480.5	50	8
614.15	0	161446	0	22888681472	22639669248	1595.4	50	8
615.15	0	161446	0	22900137984	22650839040	1452.2	50	8
616.16	0	161446	0	22911168512	22662107136	1414.5	50	8
617.16	0	161446	0	22922444800	22672879616	1473.4	50	8
618.17	0	161446	0	22932496384	22683963392	1473.2	50	8
619.17	0	161446	0	22944960512	22695321600	1412.8	50	8
620.18	0	161446	0	22955589632	22706733056	1445.8	50	8
621.18	0	161446	0	22966714368	22717550592	1490.7	50	8
622.19	0	161446	0	22977740800	22728372224	1474.0	50	8
623.19	0	161446	0	22988795904	22739308544	1394.7	50	8
624.20	0	161446	0	22999658496	22750756864	1440.0	50	8
625.20	0	161446	0	23010578432	22761824256	1450.0	50	8
626.21	0	161446	0	23022317568	22773276672	1455.1	50	8
627.21	0	161446	0	23033626624	22784212992	1404.9	50	8
628.22	0	161446	0	23044788224	22794924032	1449.1	50	8
629.23	0	165222	0	23059148800	22805782528	1614.2	50	8
630.23	0	165692	0	23070040064	22816739328	1436.3	50	8
631.23	0	165692	0	23080071168	22827520000	1457.7	50	8
632.24	0	165692	0	23091507200	22838124544	1429.4	50	8
633.24	0	165692	0	23101980672	22848831488	1447.1	50	8
634.25	0	165692	0	23113711616	22860111872	1482.0	50	8
635.26	0	165692	0	23124979712	22870892544	1418.4	50	8
636.26	0	165692	0	23136006144	22881746944	1444.8	50	8
637.27	0	165692	0	23146950656	22892527616	1474.1	50	8
638.27	0	165692	0	23158214656	22903771136	1390.4	50	8
639.28	0	165692	0	23168184320	22914523136	1454.9	50	8
640.28	0	165692	0	23179177984	22927519744	1442.4	50	8
641.29	0	165692	0	23189528576	22938136576	1481.6	50	8
642.29	0	165692	0	23200399360	22948741120	1447.5	50	8
643.30	0	165692	0	23211413504	22959562752	1420.5	50	8
644.30	0	165692	0	23222956032	22970494976	1425.6	50	8
645.31	0	165692	0	23233114112	22981357568	1428.5	50	8
646.31	0	165692	0	23243988992	22992072704	1457.8	50	8
647.32	0	165692	0	23256039424	23003049984	1479.5	50	8
648.32	0	165692	0	23266443264	23013969920	1401.7	50	8
649.33	0	165692	0	23276937216	23025074176	1479.0	50	8
650.33	0	165692	0	23287042048	23035854848	1456.3	50	8
651.34	0	165692	0	23299158016	23046549504	1436.8	50	8
652.35	0	165692	0	23308976128	23057219584	1461.0	50	8
653.35	0	165692	0	23319285760	23068016640	1509.0	50	8
654.36	0	165692	0	23331262464	23079051264	1401.7	50	8
655.36	0	165692	0	23342575616	23090257920	1385.6	50	8
656.37	0	165692	0	23354302464	23101378560	1439.7	50	8
657.37	0	165692	0	23365120000	23112220672	1500.6	50	8
658.38	0	165692	0	23375425536	23123181568	1432.0	50	8
659.38	0	165692	0	23386853376	23134224384	1447.4	50	8
660.39	0	165692	0	23397335040	23145148416	1455.8	50	8
661.39	0	165692	0	23406813184	23158116352	1416.5	50	8
662.40	0	165692	0	23418347520	23169519616	1431.4	50	8
663.40	0	165692	0	23429246976	23180513280	1466.0	50	8
664.41	0	165692	0	23439114240	23191203840	1514.4	50	8
665.41	0	165692	0	23450021888	23201660928	1442.5	50	8
666.42	0	165692	0	23460675584	23212142592	1443.8	50	8
667.42	0	165692	0	23471583232	23222607872	1512.0	50	8
668.43	0	165692	0	23482404864	23232823296	1481.7	50	8
669.43	0	165692	0	23491702784	23243345920	1430.4	50	8
670.44	0	165692	0	23502061568	23254020096	1434.3	50	8
671.44	0	165692	0	23513239552	23266054144	1463.4	50	8
672.45	0	165692	0	23523745792	23276855296	1467.4	50	8
673.45	0	165692	0	23533998080	23287775232	1484.3	50	8
674.46	0	165692	0	23545331712	23298662400	1433.3	50	8
675.46	0	165692	0	23556902912	23309561856	1409.7	50	8
676.47	0	165692	0	23568711680	23320342528	1550.6	50	8
677.47	0	165692	0	23578578944	23331012608	1433.5	50	8
678.48	0	165692	0	23589195776	23341486080	1423.0	50	8
679.48	0	165692	0	23598362624	23351762944	1485.9	50	8
680.49	0	165692	0	23609065472	23362596864	1498.8	50	8
681.50	0	165692	0	23620042752	23373414400	1461.3	50	8
682.50	0	165692	0	23631273984	23384018944	1460.3	50	8
683.51	0	165692	0	23642304512	23394578432	1521.4	50	8
684.51	0	165692	0	23652188160	23404986368	1502.7	50	8
685.52	0	165692	0	23662829568	23415566336	1530.2	50	8
686.52	0	165692	0	23673335808	23425708032	1406.2	50	8
687.53	0	165692	0	23683727360	23435927552	1477.4	50	8
688.53	0	165692	0	23693393920	23446130688	1490.5	50	8
689.54	0	165692	0	23704248320	23456624640	1481.6	50	8
690.54	0	165692	0	23715352576	23467204608	1365.5	50	8
691.55	0	165692	0	23725613056	23477641216	1498.0	50	8
692.55	0	165692	0	23735521280	23488618496	1475.8	50	8
693.56	0	165692	0	23746203648	23499137024	1447.3	50	8
694.56	0	165692	0	23756533760	23509708800	1416.9	50	8
695.57	0	165692	0	23767851008	23520112640	1444.9	50	8
696.57	0	165692	0	23778197504	23530602496	1468.5	50	8
697.58	0	165692	0	23789527040	23541850112	1397.4	50	8
698.58	0	165692	0	23801401344	23553073152	1505.5	50	8
699.59	0	165692	0	23810936832	23564206080	1456.5	50	8
700.59	0	165692	0	23822913536	23575277568	1432.1	50	8
701.60	0	165692	0	23834046464	23585959936	1457.7	50	8
702.60	0	165692	0	23845220352	23596630016	1466.0	50	8
703.61	0	165692	0	23856394240	23607480320	1476.9	50	8
704.61	0	165692	0	23866761216	23618539520	1472.2	50	8
705.62	0	165692	0	23877898240	23629205504	1437.6	50	8
706.62	0	165692	0	23888859136	23640125440	1451.2	50	8
707.63	0	165692	0	23898726400	23650598912	1449.7	50	8
708.63	0	165692	0	23910076416	23661400064	1420.3	50	8
709.64	0	165692	0	23920160768	23672279040	1449.7	50	8
710.64	0	165692	0	23931281408	23682904064	1444.2	50	8
711.65	0	165692	0	23941836800	23693881344	1444.8	50	8
712.65	0	165692	0	23952666624	23704748032	1431.0	50	8
713.66	0	165692	0	23964127232	23715438592	1501.7	50	8
714.66	0	165692	0	23974973440	23726215168	1483.5	50	8
715.67	0	165692	0	23985266688	23737438208	1462.6	50	8
716.67	0	165692	0	23997214720	23748673536	1409.7	50	8
717.68	0	165692	0	24007897088	23759405056	1437.9	50	8
718.68	0	165692	0	24017993728	23770271744	1378.0	50	8
719.69	0	165692	0	24029339648	23781302272	1456.3	50	8
720.69	0	165692	0	24039555072	23792095232	1447.4	50	8
721.70	0	165692	0	24050470912	23802822656	1502.2	50	8
722.70	0	165692	0	24061005824	23813636096	1432.2	50	8
723.71	0	165692	0	24072130560	23824445440	1495.5	50	8
724.71	0	165692	0	24082575360	23835160576	1470.7	50	8
725.72	0	165692	0	23985606656	23721115648	1410.7	41	8
726.72	0	165692	0	17701859328	17467674624	932.1	34	8
727.73	0	165692	0	17702068224	17467674624	641.2	34	8
728.73	0	165692	0	17702076416	17467674624	615.5	34	8
729.74	0	165692	0	17701744640	17467674624	666.1	34	8
730.74	0	165692	0	17701928960	17467674624	680.0	34	8
731.75	0	165692	0	17702281216	17467674624	598.6	34	8
732.75	0	165692	0	17701892096	17469706240	607.6	34	8
733.75	0	165692	0	17701908480	17469706240	644.3	34	8
734.76	0	165692	0	17701920768	17469706240	669.6	34	8
735.76	0	165692	0	17702404096	17469706240	656.1	34	8
736.77	0	165692	0	17702060032	17469722624	645.1	34	8
737.77	0	165692	0	17701789696	17469722624	651.8	34	8
738.77	0	165692	0	17701834752	17469722624	595.3	34	8
739.78	0	165692	0	17701519360	17469804544	675.1	34	8
740.78	0	165692	0	17701818368	17469816832	649.1	34	8
741.79	0	165692	0	17702182912	17469816832	641.9	34	8
742.79	0	168177	0	17700904960	17458913280	715.9	34	8
743.80	0	170682	0	17703219200	17458913280	661.0	34	8
744.80	0	170682	0	17702756352	17458913280	630.1	34	8
745.80	0	170682	0	17702658048	17458917376	671.3	34	8
746.81	0	170682	0	17702318080	17458917376	679.1	34	8
747.81	0	170682	0	17702547456	17458917376	659.3	34	8
748.82	0	170682	0	17703448576	17459011584	606.8	34	8
749.82	0	170682	0	17702895616	17459011584	645.7	34	8
750.82	0	170682	0	17703100416	17459011584	635.6	34	8
751.83	0	170682	0	17701949440	17459011584	653.4	34	8
752.83	0	170682	0	17702084608	17459011584	642.6	34	8
753.84	0	170682	0	17702068224	17459011584	624.9	34	8
754.84	0	170682	0	17702400000	17459011584	641.5	34	8
755.85	0	170682	0	17702899712	17459015680	674.5	34	8
756.85	0	170682	0	17702703104	17459015680	630.3	34	8
757.85	0	172360	0	17705086976	17459015680	693.0	34	8
758.86	0	177446	0	17709891584	17459015680	771.6	34	8
759.86	0	182548	0	17715646464	17459015680	780.8	34	8
760.87	0	187635	0	17720074240	17459015680	751.3	34	8
761.87	0	192704	0	17725403136	17459015680	799.0	34	8
762.87	0	197757	0	17731031040	17459015680	768.7	34	8
763.88	0	202835	0	17736142848	17459015680	749.2	34	8
764.88	0	203049	0	17735901184	17459015680	622.8	34	8
765.89	0	203049	0	17735979008	17459015680	663.0	34	8
766.89	0	203049	0	17735639040	17459015680	647.8	34	8
767.90	0	203049	0	17735876608	17459015680	652.5	34	8
768.90	0	203049	0	17735393280	17459015680	618.4	34	8
769.90	0	203049	0	17735540736	17459015680	614.7	34	8
770.91	0	203049	0	17735884800	17459126272	650.3	34	8
771.91	0	203049	0	17735786496	17459126272	673.1	34	8
772.92	0	203049	0	17735888896	17459126272	623.4	34	8
773.92	0	203049	0	17736069120	17459126272	674.9	34	8
774.92	0	206244	0	17738440704	17457795072	668.2	34	8
775.93	0	208152	0	17739968512	17457795072	653.7	34	8
776.93	0	208152	0	17739771904	17457795072	612.4	34	8
777.94	0	208152	0	17740148736	17457795072	618.8	34	8
778.94	0	208152	0	17739644928	17457795072	617.5	34	8
779.95	0	208152	0	17739653120	17457795072	625.7	34	8
780.95	0	208152	0	17739780096	17457795072	664.4	34	8
781.95	0	208152	0	17739350016	17457795072	655.8	34	8
782.96	0	208152	0	17739366400	17457795072	606.9	34	8
783.96	0	208152	0	17739571200	17457795072	679.5	34	8
784.97	0	208152	0	17739235328	17457795072	596.4	34	8
785.97	0	208152	0	17739325440	17457795072	662.2	34	8
786.97	0	208152	0	17738735616	17457795072	747.0	34	8
787.98	0	208152	0	17739132928	17457795072	633.7	34	8
788.98	0	208152	0	17739468800	17457799168	606.0	34	8
789.99	0	210656	0	17742409728	17457799168	697.0	34	8
790.99	0	212515	0	17744211968	17457807360	661.0	34	8
792.00	0	212515	0	17744257024	17457807360	609.9	34	8
793.00	0	212515	0	17744130048	17457807360	629.1	34	8
794.00	0	212515	0	17744642048	17459838976	620.0	34	8
795.01	0	212515	0	17744158720	17459838976	665.0	34	8
796.01	0	212515	0	17744691200	17459838976	659.2	34	8
797.02	0	212515	0	17744515072	17459838976	649.6	34	8
798.02	0	212515	0	17744646144	17459838976	674.0	34	8
799.02	0	212515	0	17743998976	17459838976	615.8	34	8
800.03	0	212515	0	17743962112	17459838976	618.5	34	8
801.03	0	212515	0	17744396288	17459847168	626.9	34	8
802.04	0	212515	0	17744191488	17459847168	712.8	34	8
803.04	0	212515	0	17743998976	17459847168	610.7	34	8
804.05	0	212515	0	17743867904	17460895744	651.0	34	8
805.05	0	212515	0	17744699392	17460895744	651.8	34	8
806.05	0	212515	0	17744744448	17460895744	654.1	34	8
807.06	0	212515	0	17744064512	17460895744	606.5	34	8
808.06	0	212515	0	17744396288	17460895744	645.0	34	8
809.07	0	212515	0	17744322560	17460895744	693.6	34	8
810.07	0	212515	0	17744130048	17460895744	586.3	34	8
811.07	0	212515	0	17744257024	17460895744	669.4	34	8
812.08	0	212515	0	17743958016	17460895744	660.5	34	8
813.08	0	212515	0	17744052224	17460895744	639.1	34	8
814.09	0	212515	0	17743978496	17460903936	636.9	34	8
815.09	0	212515	0	17744105472	17460903936	631.0	34	8
816.10	0	212515	0	17743765504	17460903936	619.1	34	8
817.10	0	212515	0	17744437248	17460908032	679.0	34	8
818.10	0	212515	0	17744302080	17460908032	665.9	34	8
819.11	0	212515	0	17744494592	17460908032	622.3	34	8
820.11	0	212515	0	17744183296	17460908032	703.8	34	8
821.12	0	212515	0	17743847424	17460973568	654.8	34	8
822.12	0	212515	0	17743732736	17460973568	658.3	34	8
823.12	0	212515	0	17744355328	17460973568	702.7	34	8
824.13	0	212515	0	17744576512	17460973568	660.0	34	8
825.13	0	212515	0	17744523264	17460973568	648.8	34	8
826.14	0	212515	0	17744580608	17460973568	631.5	34	8
827.14	0	212515	0	17744666624	17460985856	670.1	34	8
828.15	0	212515	0	17744015360	17460989952	665.5	34	8
829.15	0	212515	0	17744732160	17460989952	634.0	34	8
830.15	0	212515	0	17744125952	17460989952	659.0	34	8
831.16	0	212515	0	17744265216	17460989952	649.5	34	8
832.16	0	212515	0	17744519168	17460989952	660.6	34	8
833.17	0	212515	0	17744941056	17460989952	638.0	34	8
834.17	0	212515	0	17744699392	17460989952	657.0	34	8
835.18	0	212515	0	17744044032	17460994048	689.0	34	8
836.18	0	212515	0	17743769600	17460994048	631.8	34	8
837.18	0	212515	0	17743843328	17460994048	671.4	34	8
838.19	0	212515	0	17743986688	17460994048	648.9	34	8
839.19	0	212515	0	17743765504	17460994048	688.1	34	8
840.20	0	212515	0	17743544320	17460994048	653.0	34	8
841.20	0	212515	0	17743720448	17460994048	632.8	34	8
842.21	0	212515	0	17744044032	17460994048	594.8	34	8
843.21	0	212515	0	17744039936	17460994048	646.1	34	8
844.21	0	212515	0	17743618048	17460994048	649.8	34	8
845.22	0	212515	0	17743761408	17460994048	671.7	34	8
846.22	0	212515	0	17744076800	17461002240	649.1	34	8
847.23	0	212515	0	17744072704	17461002240	677.8	34	8
848.23	0	212515	0	17744158720	17461002240	669.6	34	8
849.24	0	212515	0	17744003072	17461014528	684.3	34	8
850.24	0	212515	0	17744211968	17461014528	616.1	34	8
851.24	0	212515	0	17743732736	17461014528	649.5	34	8
852.25	0	212515	0	17743339520	17461014528	636.7	34	8
853.25	0	212515	0	17743425536	17461014528	629.1	34	8
854.26	0	212515	0	17743237120	17461018624	615.3	34	8
855.26	0	212515	0	17743405056	17461022720	623.7	34	8
856.27	0	212515	0	17743564800	17461022720	635.7	34	8
857.27	0	212515	0	17743446016	17461022720	636.2	34	8
858.27	0	212515	0	17743888384	17461026816	693.6	34	8
859.28	0	212515	0	17744039936	17461026816	660.3	34	8
860.28	0	212515	0	17743896576	17461026816	688.9	34	8
861.29	0	212515	0	17744367616	17461026816	664.2	34	8
862.29	0	212515	0	17744740352	17461030912	678.8	34	8
863.30	0	212515	0	17744752640	17461030912	651.1	34	8
864.30	0	212515	0	17744216064	17461030912	671.3	34	8
865.31	0	212515	0	17744445440	17461030912	691.8	34	8
866.31	0	212515	0	17744412672	17461030912	668.4	34	8
867.31	0	212515	0	17744302080	17461030912	620.9	34	8
868.32	0	212515	0	17744801792	17461035008	677.7	34	8
869.32	0	212515	0	17744564224	17461035008	636.8	34	8
870.33	0	212515	0	17744044032	17461035008	655.8	34	8
871.33	0	212515	0	17744220160	17461035008	643.4	34	8
872.33	0	212515	0	17744420864	17461035008	593.6	34	8
873.34	0	212515	0	17744809984	17461043200	599.8	34	8
874.34	0	212515	0	17744691200	17461043200	691.6	34	8
875.35	0	212515	0	17744625664	17461043200	628.3	34	8
876.35	0	212515	0	17744338944	17461043200	684.2	34	8
877.35	0	212515	0	17744388096	17461047296	713.1	34	8
878.36	0	212515	0	17744404480	17461047296	703.9	34	8
879.36	0	212515	0	17744166912	17461047296	643.0	34	8
880.37	0	212515	0	17744912384	17461059584	627.8	34	8
881.37	0	212515	0	17744580608	17461059584	682.1	34	8
882.38	0	212515	0	17744314368	17461059584	620.2	34	8
883.38	0	212515	0	17744506880	17461059584	652.8	34	8
884.38	0	212515	0	17744449536	17461059584	654.1	34	8
885.39	0	212515	0	17744490496	17461059584	675.4	34	8
886.39	0	212515	0	17744830464	17461059584	666.2	34	8
887.40	0	212515	0	17744252928	17461059584	641.4	34	8
888.40	0	212515	0	17744089088	17461059584	601.6	34	8
889.40	0	212515	0	17743958016	17461059584	672.9	34	8
890.41	0	212515	0	17743990784	17461059584	649.6	34	8
891.41	0	212515	0	17744556032	17461059584	685.9	34	8
892.42	0	212515	0	17744003072	17461059584	730.0	34	8
893.42	0	212515	0	17744887808	17461084160	660.0	34	8
894.43	0	212515	0	17744723968	17461084160	614.8	34	8
895.43	0	212515	0	17744179200	17461084160	620.2	34	8
896.43	0	212515	0	17744695296	17461084160	644.1	34	8
897.44	0	214324	0	17746767872	17461084160	745.7	34	8
898.44	0	217618	0	17750622208	17461084160	706.2	34	8
899.45	0	217618	0	17750151168	17461084160	635.0	34	8
900.45	0	217618	0	17750294528	17461084160	658.6	34	8
901.45	0	217618	0	17750560768	17461084160	684.3	34	8
902.46	0	217618	0	17750368256	17461092352	608.7	34	8
903.46	0	217618	0	17749889024	17461100544	631.9	34	8
904.47	0	217618	0	17749819392	17461112832	645.1	34	8
905.47	0	217618	0	17749901312	17461112832	689.7	34	8
906.48	0	217618	0	17749618688	17463341056	664.8	34	8
907.48	0	217618	0	17750020096	17463341056	644.0	34	8
908.48	0	217618	0	17750294528	17463341056	640.3	34	8
909.49	0	217618	0	17749458944	17463341056	611.2	34	8
910.49	0	217618	0	17749704704	17463341056	603.0	34	8
911.50	0	217618	0	17749778432	17463341056	707.0	34	8
912.50	0	218801	0	17751244800	17463341056	673.2	34	8
913.50	0	223839	0	17756237824	17463345152	723.5	34	8
914.51	0	228811	0	17761632256	17463349248	748.9	34	8
915.51	0	233783	0	17766961152	17463349248	776.4	34	8
916.52	0	238807	0	17771806720	17463349248	722.8	34	8
917.52	0	243862	0	17777405952	17464909824	801.3	34	8
918.53	0	248844	0	17782812672	17464909824	756.7	34	8
919.53	0	249653	0	17782951936	17464909824	666.1	34	8
920.53	0	249653	0	17782505472	17464909824	659.8	34	8
921.54	0	249653	0	17782849536	17464909824	621.4	34	8
922.54	0	249653	0	17782996992	17464909824	648.5	34	8
923.55	0	249653	0	17783263232	17464909824	681.1	34	8
924.55	0	249653	0	17782476800	17464909824	652.0	34	8
925.55	0	249653	0	17782427648	17464909824	672.6	34	8
926.56	0	249653	0	17782661120	17464909824	667.1	34	8
927.56	0	249653	0	17782788096	17464909824	636.2	34	8
928.57	0	249653	0	17782349824	17464909824	625.5	34	8
929.57	0	252370	0	17785614336	17464909824	702.8	34	8
930.58	0	254626	0	17788190720	17464909824	735.2	34	8
931.58	0	254626	0	17788293120	17464909824	592.2	34	8
932.58	0	254626	0	17787584512	17464909824	652.5	34	8
933.59	0	254626	0	17788059648	17464909824	675.8	34	8
934.59	0	254626	0	17787613184	17464909824	592.5	34	8
935.60	0	254626	0	17787842560	17464909824	690.1	34	8
936.60	0	254626	0	17787998208	17464909824	587.5	34	8
937.60	0	254626	0	17787838464	17464909824	668.7	34	8
938.61	0	254626	0	17787850752	17464909824	628.5	34	8
939.61	0	254626	0	17787359232	17464909824	640.6	34	8
940.62	0	254626	0	17787752448	17464909824	650.6	34	8
941.62	0	254626	0	17787961344	17464909824	624.8	34	8
942.63	0	254626	0	17788182528	17464909824	606.5	34	8
943.63	0	255105	0	17789239296	17464909824	656.1	34	8
944.63	0	258907	0	17793228800	17464913920	700.5	34	8
945.64	0	258907	0	17792966656	17464913920	670.2	34	8
946.64	0	258907	0	17792438272	17464913920	672.5	34	8
947.65	0	258907	0	17793130496	17464918016	601.3	34	8
948.65	0	258907	0	17793400832	17464922112	680.8	34	8
949.66	0	258907	0	17792421888	17464922112	640.4	34	8
950.66	0	258907	0	17792712704	17464922112	670.9	34	8
951.66	0	258907	0	17792454656	17464922112	660.1	34	8
952.67	0	258907	0	17792401408	17464922112	640.0	34	8
953.67	0	258907	0	17792471040	17464922112	595.7	34	8
954.68	0	258907	0	17792720896	17464926208	705.6	34	8
955.68	0	258907	0	17792503808	17464926208	655.7	34	8
956.68	0	258907	0	17792086016	17464991744	652.1	34	8
957.69	0	258907	0	17792446464	17464995840	635.2	34	8
958.69	0	258907	0	17792626688	17464995840	652.7	34	8
959.70	0	258907	0	17792626688	17464999936	618.6	34	8
960.70	0	258907	0	17792749568	17465004032	703.4	34	8
961.71	0	258907	0	17792864256	17465004032	610.9	34	8
962.71	0	258907	0	17792966656	17465004032	663.3	34	8
963.71	0	258907	0	17792962560	17465004032	650.9	34	8
964.72	0	258907	0	17792503808	17465004032	628.8	34	8
965.72	0	258907	0	17792856064	17465004032	610.7	34	8
966.73	0	258907	0	17792925696	17465004032	660.9	34	8
967.73	0	258907	0	17793011712	17465004032	673.4	34	8
968.73	0	258907	0	17793028096	17465004032	598.7	34	8
969.74	0	258907	0	17792831488	17465004032	619.5	34	8
970.74	0	258907	0	17793204224	17465004032	644.8	34	8
971.75	0	258907	0	17792782336	17465004032	616.5	34	8
972.75	0	258907	0	17793372160	17465004032	616.3	34	8
973.76	0	258907	0	17793740800	17465004032	656.6	34	8
974.76	0	258907	0	17792761856	17465004032	683.9	34	8
975.76	0	258907	0	17792843776	17465004032	642.6	34	8
976.77	0	258907	0	17792782336	17465004032	663.9	34	8
977.77	0	258907	0	17791901696	17465004032	629.3	34	8
978.78	0	258907	0	17792335872	17465004032	657.5	34	8
979.78	0	258907	0	17792102400	17465004032	581.1	34	8
980.79	0	258907	0	17792331776	17465012224	691.7	34	8
981.79	0	258907	0	17792630784	17465012224	633.0	34	8
982.79	0	258907	0	17792311296	17465012224	631.7	34	8
983.80	0	258907	0	17792614400	17465012224	660.4	34	8
984.80	0	258907	0	17792675840	17465024512	633.2	34	8
985.81	0	258907	0	17792786432	17465024512	659.0	34	8
986.81	0	258907	0	17792598016	17465024512	622.8	34	8
987.81	0	258907	0	17792569344	17465024512	650.1	34	8
988.82	0	258907	0	17793138688	17465028608	636.6	34	8
989.82	0	258907	0	17792827392	17465028608	645.1	34	8
990.83	0	258907	0	17792864256	17465028608	633.7	34	8
991.83	0	258907	0	17792684032	17465028608	669.9	34	8
992.83	0	258907	0	17792966656	17465032704	673.4	34	8
993.84	0	258907	0	17793122304	17465032704	591.9	34	8
994.84	0	258907	0	17792745472	17465032704	639.6	34	8
995.85	0	258907	0	17792598016	17465032704	685.6	34	8
996.85	0	258907	0	17792835584	17465032704	630.0	34	8
997.86	0	258907	0	17792761856	17465032704	676.7	34	8
998.86	0	258907	0	17793130496	17465032704	652.9	34	8
999.86	0	258907	0	17792704512	17465032704	629.4	34	8
1000.87	0	258907	0	17793327104	17465032704	652.8	34	8
1001.87	0	258907	0	17793228800	17465032704	649.4	34	8
1002.88	0	258907	0	17793036288	17465032704	662.3	34	8
1003.88	0	258907	0	17793175552	17465032704	645.1	34	8
1004.88	0	258907	0	17792753664	17465032704	620.8	34	8
1005.89	0	258907	0	17793220608	17465032704	646.5	34	8
1006.89	0	258907	0	17792397312	17465032704	594.3	34	8
1007.90	0	258907	0	17792815104	17465032704	644.6	34	8
1008.90	0	258907	0	17792290816	17465032704	681.1	34	8
1009.91	0	258907	0	17792167936	17465032704	670.6	34	8
1010.91	0	258907	0	17792016384	17465032704	616.4	34	8
1011.91	0	258907	0	17792184320	17465036800	624.6	34	8
1012.92	0	258907	0	17792860160	17465036800	688.5	34	8
1013.92	0	258907	0	17792532480	17465036800	665.6	34	8
1014.93	0	258907	0	17792036864	17465036800	668.6	34	8
1015.93	0	258907	0	17792888832	17465040896	667.9	34	8
1016.93	0	258907	0	17792434176	17465040896	708.7	34	8
1017.94	0	258907	0	17792446464	17465040896	608.6	34	8
1018.94	0	258907	0	17792729088	17465040896	651.2	34	8
1019.95	0	258907	0	17792622592	17465040896	623.9	34	8
1020.95	0	258907	0	17792753664	17465040896	656.5	34	8
1021.96	0	258907	0	17792372736	17465040896	699.6	34	8
1022.96	0	258907	0	17792622592	17465040896	608.8	34	8
1023.96	0	258907	0	17793228800	17465049088	625.9	34	8
1024.97	0	258907	0	17792798720	17465049088	677.2	34	8
1025.97	0	258907	0	17792430080	17465049088	620.0	34	8
1026.98	0	258907	0	17792933888	17465049088	658.9	34	8
1027.98	0	258907	0	17793003520	17465049088	664.8	34	8
1028.98	0	258907	0	17793056768	17465049088	606.1	34	8
1029.99	0	258907	0	17793040384	17465049088	678.2	34	8
1030.99	0	258907	0	17792884736	17465049088	672.1	34	8
1032.00	0	258907	0	17792987136	17465053184	663.7	34	8
1033.00	0	258907	0	17792811008	17465057280	656.8	34	8
1034.01	0	258907	0	17793024000	17465057280	633.0	34	8
1035.01	0	258907	0	17793081344	17465057280	610.7	34	8
1036.01	0	258907	0	17793048576	17465061376	667.7	34	8
1037.02	0	258907	0	17793204224	17465061376	670.0	34	8
1038.02	0	258907	0	17793155072	17465061376	629.8	34	8
1039.03	0	258907	0	17793474560	17465065472	696.9	34	8
1040.03	0	258907	0	17792983040	17465065472	641.3	34	8
1041.04	0	258907	0	17792520192	17465065472	712.5	34	8
1042.04	0	258907	0	17792782336	17465065472	665.8	34	8
1043.04	0	258907	0	17793073152	17465065472	602.4	34	8
1044.05	0	258907	0	17792958464	17465065472	659.2	34	8
1045.05	0	258907	0	17792339968	17465065472	652.2	34	8
1046.06	0	258907	0	17793069056	17465077760	674.3	34	8
1047.06	0	258907	0	17792729088	17465077760	604.0	34	8
1048.06	0	258907	0	17793208320	17465094144	618.3	34	8
1049.07	0	258907	0	17792634880	17465094144	623.6	34	8
1050.07	0	258907	0	17793089536	17465098240	625.5	34	8
1051.08	0	258907	0	17793056768	17465098240	609.8	34	8
1052.08	0	258907	0	17792602112	17465098240	646.2	34	8
1053.09	0	263253	0	17798135808	17465098240	761.1	34	8
1054.09	0	264009	0	17798258688	17465102336	650.5	34	8
1055.09	0	264009	0	17798930432	17465102336	597.4	34	8
1056.10	0	264009	0	17798725632	17465102336	599.2	34	8
1057.10	0	264009	0	17798307840	17465110528	639.3	34	8
1058.11	0	264009	0	17798422528	17465114624	606.7	34	8
1059.11	0	264009	0	17798287360	17465118720	608.4	34	8
1060.11	0	264009	0	17798176768	17465118720	609.9	34	8
1061.12	0	264009	0	17798135808	17465118720	636.7	34	8
1062.12	0	264009	0	17798082560	17465118720	645.4	34	8
1063.13	0	264009	0	17798299648	17465118720	585.0	34	8
1064.13	0	264009	0	17798103040	17465118720	690.8	34	8
1065.14	0	264009	0	17798545408	17465122816	664.9	34	8
1066.14	0	264009	0	17798152192	17465122816	626.1	34	8
1067.14	0	268436	0	17802887168	17465122816	784.5	34	8
1068.15	0	273441	0	17808347136	17465122816	773.6	34	8
1069.15	0	278445	0	17813336064	17465126912	727.8	34	8
1070.16	0	283466	0	17818787840	17465131008	756.4	34	8
1071.16	0	288436	0	17823997952	17465131008	779.7	34	8
1072.16	0	293471	0	17828913152	17465131008	710.3	34	8
1073.17	0	296581	0	17832235008	17465131008	718.7	34	8
1074.17	0	296581	0	17832120320	17465131008	677.8	34	8
1075.18	0	296581	0	17831763968	17465131008	634.7	34	8
1076.18	0	296581	0	17832304640	17465135104	690.2	34	8
1077.19	0	296581	0	17831763968	17465135104	631.4	34	8
1078.19	0	296581	0	17831669760	17465135104	631.9	34	8
1079.19	0	296581	0	17831669760	17465135104	666.5	34	8
1080.20	0	296581	0	17831223296	17465151488	670.0	34	8
1081.20	0	296581	0	17831555072	17465151488	634.4	34	8
1082.21	0	298469	0	17833254912	17465151488	737.3	34	8
1083.21	0	301790	0	17836773376	17465155584	691.3	34	8
1084.22	0	301790	0	17836331008	17465155584	634.2	34	8
1085.22	0	301790	0	17836675072	17465155584	593.6	34	8
1086.22	0	301790	0	17836470272	17465159680	668.0	34	8
1087.23	0	301790	0	17836617728	17465159680	679.9	34	8
1088.23	0	301790	0	17836969984	17465163776	647.0	34	8
1089.24	0	301790	0	17836941312	17465163776	646.7	34	8
1090.24	0	301790	0	17836814336	17465171968	641.3	34	8
1091.25	0	301790	0	17837297664	17465171968	677.9	34	8
1092.25	0	301790	0	17837223936	17465176064	640.1	34	8
1093.25	0	301790	0	17837334528	17465176064	606.0	34	8
1094.26	0	301790	0	17836957696	17465176064	659.3	34	8
1095.26	0	301790	0	17836974080	17465188352	636.9	34	8
1096.27	0	301790	0	17836912640	17465192448	617.3	34	8
1097.27	0	306036	0	17841983488	17465196544	741.8	34	8
1098.28	0	306267	0	17842880512	17465196544	625.8	34	8
1099.28	0	306267	0	17842143232	17465196544	656.9	34	8
1100.28	0	306267	0	17841102848	17465196544	649.5	34	8
1101.29	0	306267	0	17841180672	17465196544	610.6	34	8
1102.29	0	306267	0	17841516544	17465196544	685.1	34	8
1103.30	0	306267	0	17841827840	17465204736	657.9	34	8
1104.30	0	306267	0	17842114560	17465204736	686.7	34	8
1105.30	0	306267	0	17841917952	17465204736	639.7	34	8
1106.31	0	306267	0	17841463296	17465204736	641.9	34	8
1107.31	0	306267	0	17841733632	17465217024	672.1	34	8
1108.32	0	306267	0	17841692672	17465217024	622.1	34	8
1109.32	0	306267	0	17841369088	17465217024	594.3	34	8
1110.33	0	306267	0	17841393664	17465217024	660.9	34	8
1111.33	0	306267	0	17841721344	17465245696	696.2	34	8
1112.33	0	306267	0	17841131520	17465245696	607.3	34	8
1113.34	0	306267	0	17841508352	17465249792	639.2	34	8
1114.34	0	306267	0	17841397760	17465253888	623.6	34	8
1115.35	0	306267	0	17841385472	17465253888	664.3	34	8
1116.35	0	306267	0	17841827840	17465262080	672.0	34	8
1117.35	0	306267	0	17841909760	17465262080	643.3	34	8
1118.36	0	306267	0	17841692672	17465262080	729.7	34	8
1119.36	0	306267	0	17841586176	17465262080	596.1	34	8
1120.37	0	306267	0	17841295360	17465270272	650.6	34	8
1121.37	0	306267	0	17841434624	17465270272	667.7	34	8
1122.38	0	306267	0	17841623040	17465270272	628.7	34	8
1123.38	0	306267	0	17841651712	17465270272	630.7	34	8
1124.38	0	306267	0	17841262592	17465270272	687.4	34	8
1125.39	0	306267	0	17841311744	17465270272	632.6	34	8
1126.39	0	306267	0	17841516544	17465270272	622.9	34	8
1127.40	0	306267	0	17841594368	17465270272	638.3	34	8
1128.40	0	306267	0	17841385472	17465270272	631.5	34	8
1129.40	0	306267	0	17841483776	17465270272	616.0	34	8
1130.41	0	306267	0	17841168384	17465270272	624.0	34	8
1131.41	0	306267	0	17841455104	17465270272	651.9	34	8
1132.42	0	306267	0	17841283072	17465270272	620.8	34	8
1133.42	0	306267	0	17841516544	17465270272	604.0	34	8
1134.42	0	306267	0	17841598464	17465274368	708.9	34	8
1135.43	0	306267	0	17841217536	17465274368	681.9	34	8
1136.43	0	306267	0	17841393664	17465274368	605.2	34	8
1137.44	0	306267	0	17841438720	17465274368	620.5	34	8
1138.44	0	306267	0	17841696768	17465278464	645.5	34	8
1139.45	0	306267	0	17841389568	17465278464	665.7	34	8
1140.45	0	306267	0	17841491968	17465278464	639.7	34	8
1141.45	0	306267	0	17842204672	17465290752	674.8	34	8
1142.46	0	306267	0	17841827840	17465290752	631.2	34	8
1143.46	0	306267	0	17841766400	17465290752	659.9	34	8
1144.47	0	306267	0	17841344512	17465290752	639.3	34	8
1145.47	0	306267	0	17841610752	17465290752	613.4	34	8
1146.47	0	306267	0	17841520640	17465290752	691.8	34	8
1147.48	0	306267	0	17840758784	17465298944	657.5	34	8
1148.48	0	306267	0	17841401856	17465298944	618.5	34	8
1149.49	0	306267	0	17841053696	17465303040	610.5	34	8
1150.49	0	306267	0	17841061888	17465303040	626.2	34	8
1151.50	0	306267	0	17841315840	17465303040	679.8	34	8
1152.50	0	306267	0	17840447488	17465303040	637.5	34	8
1153.50	0	306267	0	17839730688	17465303040	655.8	34	8
1154.51	0	306267	0	17839714304	17465303040	643.0	34	8
1155.51	0	306267	0	17839767552	17465303040	609.9	34	8
1156.52	0	306267	0	17839550464	17465303040	683.2	34	8
1157.52	0	306267	0	17839710208	17465303040	646.8	34	8
1158.53	0	306267	0	17839816704	17465303040	677.1	34	8
1159.53	0	306267	0	17840369664	17465303040	659.7	34	8
1160.54	0	306267	0	17840078848	17465303040	635.6	34	8
1161.54	0	306267	0	17839882240	17465303040	639.8	34	8
1162.54	0	306267	0	17840197632	17465303040	649.2	34	8
1163.55	0	306267	0	17840128000	17465311232	633.8	34	8
1164.55	0	306267	0	17840123904	17465311232	643.9	34	8
1165.56	0	306267	0	17840607232	17465311232	656.7	34	8
1166.56	0	306267	0	17841004544	17465311232	631.8	34	8
1167.57	0	306267	0	17840394240	17465311232	635.8	34	8
1168.57	0	306267	0	17841078272	17465315328	660.4	34	8
1169.58	0	306267	0	17840173056	17465315328	622.0	34	8
1170.58	0	306267	0	17840553984	17465315328	652.7	34	8
1171.58	0	306267	0	17840558080	17465319424	710.6	34	8
1172.59	0	306267	0	17840619520	17465319424	670.9	34	8
1173.59	0	306267	0	17840955392	17465319424	596.3	34	8
1174.60	0	306267	0	17841541120	17465319424	698.1	34	8
1175.60	0	306267	0	17840607232	17465319424	710.6	34	8
1176.61	0	306267	0	17841082368	17465323520	688.7	34	8
1177.61	0	306267	0	17840443392	17465323520	612.4	34	8
1178.62	0	306267	0	17840586752	17465327616	633.7	34	8
1179.62	0	306267	0	17840508928	17465327616	656.6	34	8
1180.62	0	306267	0	17840832512	17465327616	667.8	34	8
1181.63	0	306267	0	17840873472	17465327616	653.7	34	8
1182.63	0	306267	0	17840832512	17465327616	595.1	34	8
1183.64	0	306267	0	17840816128	17465327616	693.8	34	8
1184.64	0	306267	0	17840697344	17465327616	593.8	34	8
1185.65	0	306267	0	17840537600	17465327616	601.3	34	8
1186.65	0	306267	0	17840697344	17465327616	675.2	34	8
1187.66	0	306267	0	17841098752	17465327616	591.1	34	8
1188.66	0	306267	0	17841434624	17465331712	660.7	34	8
1189.66	0	306267	0	17841041408	17465331712	632.8	34	8
1190.67	0	306267	0	17840652288	17465331712	643.9	34	8
1191.67	0	306267	0	17840132096	17465331712	686.8	34	8
1192.68	0	306267	0	17840549888	17465331712	593.8	34	8
1193.68	0	306267	0	17841102848	17465331712	623.5	34	8
1194.69	0	306267	0	17840300032	17465331712	644.8	34	8
1195.69	0	306267	0	17840504832	17465331712	610.2	34	8
1196.69	0	306267	0	17840566272	17465331712	656.8	34	8
1197.70	0	306267	0	17840775168	17465331712	608.7	34	8
1198.70	0	306267	0	17840807936	17465331712	636.4	34	8
1199.71	0	306267	0	17840746496	17465331712	670.9	34	8
1200.71	0	306267	0	17840951296	17465331712	608.1	34	8
1201.72	0	306267	0	17841233920	17465331712	641.4	34	8
1202.72	0	306267	0	17840799744	17465331712	630.3	34	8
1203.73	0	306267	0	17840820224	17467363328	664.7	34	8
1204.73	0	306267	0	17840410624	17467363328	636.7	34	8
1205.74	0	310580	0	17845886976	17467363328	722.4	34	8
1206.74	0	311385	0	17846292480	17467363328	704.0	34	8
1207.74	0	311385	0	17846865920	17467363328	588.7	34	8
1208.75	0	311385	0	17847013376	17467363328	690.8	34	8
1209.75	0	311385	0	17846157312	17467363328	614.7	34	8
1210.76	0	311385	0	17846308864	17467363328	624.3	34	8
1211.76	0	311385	0	17845833728	17467363328	658.8	34	8
1212.77	0	311385	0	17845723136	17467363328	638.2	34	8
1213.77	0	311385	0	17845714944	17467363328	650.7	34	8
1214.77	0	311385	0	17845309440	17467363328	617.7	34	8
1215.78	0	311385	0	17845760000	17467363328	609.0	34	8
1216.78	0	311385	0	17845989376	17467363328	674.3	34	8
1217.79	0	311385	0	17846202368	17467363328	617.3	34	8
1218.79	0	311385	0	17845997568	17467379712	615.4	34	8
1219.79	0	314729	0	17849536512	17467379712	727.5	34	8
1220.80	0	319860	0	17855369216	17467379712	741.9	34	8
1221.80	0	324997	0	17860866048	17467379712	742.7	34	8
1222.81	0	330134	0	17866379264	17467379712	763.3	34	8
1223.81	0	335304	0	17871167488	17467379712	754.6	34	8
1224.82	0	340486	0	17876729856	17467379712	768.1	34	8
1225.82	0	344279	0	17880289280	17467379712	693.0	34	8
1226.82	0	344279	0	17879019520	17467379712	647.4	34	8
1227.83	0	344279	0	17879572480	17467379712	632.7	34	8
1228.83	0	344279	0	17879633920	17467379712	648.7	34	8
1229.84	0	344279	0	17879257088	17467379712	661.6	34	8
1230.84	0	344279	0	17879728128	17467383808	642.3	34	8
1231.85	0	344279	0	17879838720	17467387904	634.9	34	8
1232.85	0	344279	0	17880055808	17467387904	682.6	34	8
1233.85	0	344279	0	17879957504	17467387904	635.9	34	8
1234.86	0	344279	0	17879474176	17467387904	655.3	34	8
1235.86	0	346026	0	17881899008	17467387904	651.5	34	8
1236.87	0	349496	0	17885859840	17467387904	699.9	34	8
1237.87	0	349496	0	17885868032	17467387904	689.3	34	8
1238.88	0	349496	0	17885192192	17467387904	622.8	34	8
1239.88	0	349496	0	17884717056	17467387904	600.4	34	8
1240.88	0	349496	0	17884520448	17467387904	657.0	34	8
1241.89	0	349496	0	17885257728	17467392000	621.4	34	8
1242.89	0	349496	0	17885683712	17467392000	709.5	34	8
1243.90	0	349496	0	17885704192	17467392000	635.2	34	8
1244.90	0	349496	0	17885618176	17467392000	718.5	34	8
1245.90	0	349496	0	17885671424	17467392000	574.1	34	8
1246.91	0	349496	0	17885429760	17467392000	665.7	34	8
1247.91	0	349496	0	17885417472	17467392000	664.6	34	8
1248.92	0	349496	0	17885560832	17467400192	657.4	34	8
1249.92	0	350764	0	17887313920	17467416576	686.3	34	8
1250.93	0	353926	0	17890353152	17467416576	740.1	34	8
1251.93	0	353926	0	17890459648	17467420672	660.3	34	8
1252.93	0	353926	0	17890754560	17467420672	595.0	34	8
1253.94	0	353926	0	17890963456	17467420672	665.6	34	8
1254.94	0	353926	0	17889746944	17467420672	691.2	34	8
1255.95	0	353926	0	17890181120	17467420672	653.8	34	8
1256.95	0	353926	0	17889943552	17467420672	647.7	34	8
1257.95	0	353926	0	17890152448	17467420672	628.3	34	8
1258.96	0	353926	0	17889935360	17467420672	686.7	34	8
1259.96	0	353926	0	17890074624	17467424768	629.5	34	8
1260.97	0	353926	0	17890258944	17467424768	614.2	34	8
1261.97	0	353926	0	17890119680	17467424768	644.8	34	8
1262.98	0	353926	0	17890058240	17467428864	644.2	34	8
1263.98	0	353926	0	17890041856	17467428864	671.1	34	8
1264.98	0	353926	0	17890217984	17467428864	669.2	34	8
1265.99	0	353926	0	17890127872	17467428864	636.5	34	8
1266.99	0	353926	0	17890525184	17467428864	703.8	34	8
1268.00	0	353926	0	17891082240	17467428864	654.7	34	8
1269.00	0	353926	0	17890217984	17467428864	619.1	34	8
1270.01	0	353926	0	17890263040	17467428864	656.1	34	8
1271.01	0	353926	0	17890541568	17467441152	722.3	34	8
1272.01	0	353926	0	17890172928	17467441152	611.0	34	8
1273.02	0	353926	0	17890430976	17467441152	614.8	34	8
1274.02	0	353926	0	17890521088	17467441152	692.1	34	8
1275.03	0	353926	0	17890734080	17467441152	673.1	34	8
1276.03	0	353926	0	17890562048	17467441152	612.0	34	8
1277.03	0	353926	0	17890754560	17467445248	604.8	34	8
1278.04	0	353926	0	17891618816	17467514880	611.1	34	8
1279.04	0	353926	0	17890619392	17467588608	648.5	34	8
1280.05	0	353926	0	17890623488	17467588608	649.7	34	8
1281.05	0	353926	0	17890398208	17467592704	633.5	34	8
1282.06	0	353926	0	17890938880	17467592704	630.4	34	8
1283.06	0	353926	0	17890615296	17467592704	618.9	34	8
1284.06	0	353926	0	17890398208	17467592704	608.3	34	8
1285.07	0	353926	0	17889988608	17467592704	637.2	34	8
1286.07	0	353926	0	17890172928	17467600896	669.4	34	8
1287.08	0	353926	0	17890304000	17467600896	616.8	34	8
1288.08	0	353926	0	17890369536	17467600896	670.2	34	8
1289.09	0	353926	0	17889943552	17467600896	658.3	34	8
1290.09	0	353926	0	17890017280	17467600896	636.1	34	8
1291.09	0	353926	0	17890086912	17467600896	668.0	34	8
1292.10	0	353926	0	17889140736	17467600896	640.0	34	8
1293.10	0	353926	0	17889361920	17467600896	636.3	34	8
1294.11	0	353926	0	17889660928	17467600896	654.0	34	8
1295.11	0	353926	0	17889660928	17467604992	662.7	34	8
1296.11	0	353926	0	17889730560	17467604992	605.1	34	8
1297.12	0	353926	0	17889689600	17467604992	674.4	34	8
1298.12	0	353926	0	17890242560	17467609088	607.3	34	8
1299.13	0	353926	0	17890811904	17467609088	652.9	34	8
1300.13	0	353926	0	17890541568	17467609088	643.9	34	8
1301.14	0	353926	0	17891090432	17467609088	651.5	34	8
1302.14	0	353926	0	17891078144	17467609088	665.3	34	8
1303.14	0	353926	0	17890889728	17467609088	607.4	34	8
1304.15	0	353926	0	17890676736	17467609088	663.3	34	8
1305.15	0	353926	0	17891401728	17467613184	649.0	34	8
1306.16	0	353926	0	17891495936	17467613184	674.4	34	8
1307.16	0	353926	0	17891147776	17467613184	692.6	34	8
1308.16	0	353926	0	17891495936	17467613184	598.6	34	8
1309.17	0	353926	0	17890590720	17467613184	633.5	34	8
1310.17	0	353926	0	17890082816	17467613184	669.5	34	8
1311.18	0	353926	0	17890242560	17467695104	646.3	34	8
1312.18	0	353926	0	17890189312	17467695104	670.7	34	8
1313.18	0	353926	0	17890545664	17467695104	683.5	34	8
1314.19	0	353926	0	17890881536	17467695104	594.7	34	8
1315.19	0	353926	0	17890799616	17467695104	677.6	34	8
1316.20	0	353926	0	17890852864	17471692800	675.7	34	8
1317.20	0	353926	0	17890734080	17471692800	645.3	34	8
1318.21	0	353926	0	17890271232	17471692800	691.9	34	8
1319.21	0	353926	0	17890549760	17471700992	635.9	34	8
1320.21	0	353926	0	17890906112	17471700992	629.5	34	8
1321.22	0	353926	0	17891041280	17471700992	651.3	34	8
1322.22	0	353926	0	17890603008	17471700992	609.3	34	8
1323.23	0	353926	0	17890824192	17471700992	649.0	34	8
1324.23	0	353926	0	17890590720	17471700992	604.2	34	8
1325.24	0	353926	0	17890758656	17471700992	583.4	34	8
1326.24	0	353926	0	17890537472	17471700992	654.2	34	8
1327.24	0	353926	0	17890308096	17471700992	619.8	34	8
1328.25	0	353926	0	17890787328	17471700992	674.5	34	8
1329.25	0	353926	0	17890746368	17471700992	615.4	34	8
1330.26	0	353926	0	17890570240	17471770624	601.8	34	8
1331.26	0	353926	0	17890963456	17471778816	594.2	34	8
1332.26	0	353926	0	17891115008	17471860736	669.4	34	8
1333.27	0	353926	0	17891057664	17471860736	646.7	34	8
1334.27	0	353926	0	17891377152	17471864832	680.4	34	8
1335.28	0	353926	0	17891344384	17471864832	667.5	34	8
1336.28	0	353926	0	17891577856	17471873024	614.7	34	8
1337.29	0	353926	0	17891319808	17471873024	619.3	34	8
1338.29	0	353926	0	17891590144	17471885312	652.2	34	8
1339.29	0	353926	0	17890525184	17471885312	693.1	34	8
1340.30	0	353926	0	17891041280	17471885312	693.0	34	8
1341.30	0	353926	0	17890734080	17471885312	695.6	34	8
1342.31	0	353926	0	17890422784	17471889408	617.6	34	8
1343.31	0	353926	0	17891078144	17471889408	631.3	34	8
1344.32	0	353926	0	17891098624	17471905792	654.7	34	8
1345.32	0	353926	0	17891074048	17471905792	674.5	34	8
1346.32	0	353926	0	17891328000	17471905792	597.3	34	8
1347.33	0	353926	0	17891233792	17471905792	674.0	34	8
1348.33	0	353926	0	17891708928	17471905792	692.4	34	8
1349.34	0	353926	0	17891598336	17471905792	602.5	34	8
1350.34	0	353926	0	17891287040	17471905792	666.6	34	8
1351.34	0	353926	0	17891164160	17471905792	614.8	34	8
1352.35	0	353926	0	17891172352	17471934464	630.5	34	8
1353.35	0	353926	0	17891426304	17471938560	658.9	34	8
1354.36	0	353926	0	17890533376	17471942656	654.8	34	8
1355.36	0	355586	0	17893388288	17471942656	719.3	34	8
1356.37	0	359079	0	17896374272	17471942656	728.7	34	8
1357.37	0	359079	0	17896255488	17471942656	669.1	34	8
1358.37	0	359079	0	17896431616	17471942656	644.7	34	8
1359.38	0	359079	0	17895493632	17471942656	643.4	34	8
1360.38	0	359079	0	17896095744	17471946752	629.7	34	8
1361.39	0	359079	0	17896738816	17471946752	644.2	34	8
1362.39	0	359079	0	17896562688	17471946752	631.0	34	8
1363.39	0	359079	0	17896148992	17471946752	628.0	34	8
1364.40	0	359079	0	17896378368	17471959040	654.8	34	8
1365.40	0	359079	0	17896493056	17471971328	652.6	34	8
1366.41	0	359079	0	17896562688	17471975424	600.8	34	8
1367.41	0	359079	0	17896935424	17471975424	639.8	34	8
1368.42	0	359079	0	17896980480	17471975424	685.7	34	8
1369.42	0	359079	0	17896153088	17471975424	590.8	34	8
1370.42	0	363059	0	17900896256	17471975424	709.4	34	8
1371.43	0	368210	0	17906417664	17471975424	776.2	34	8
1372.43	0	373387	0	17911513088	17471975424	682.4	34	8
1373.44	0	378567	0	17917067264	17471975424	781.2	34	8
1374.44	0	383749	0	17922347008	17471975424	758.0	34	8
1375.44	0	388941	0	17927684096	17471975424	757.1	34	8
1376.45	0	392413	0	17930678272	17471975424	718.7	34	8
1377.45	0	392413	0	17930665984	17471975424	625.7	34	8
1378.46	0	392413	0	17930690560	17471975424	638.9	34	8
1379.46	0	392413	0	17930747904	17471975424	637.4	34	8
1380.47	0	392413	0	17930584064	17471975424	647.8	34	8
1381.47	0	392413	0	17930231808	17471975424	633.6	34	8
1382.47	0	392413	0	17930375168	17471979520	656.3	34	8
1383.48	0	392413	0	17930616832	17471979520	602.1	34	8
1384.48	0	392413	0	17930539008	17471979520	659.0	34	8
1385.49	0	392413	0	17930395648	17471987712	673.0	34	8
1386.49	0	395144	0	17934106624	17471987712	686.5	34	8
1387.49	0	397564	0	17936416768	17471987712	645.9	34	8
1388.50	0	397564	0	17936769024	17471991808	657.0	34	8
1389.50	0	397564	0	17936052224	17471991808	718.7	34	8
1390.51	0	397564	0	17936343040	17471991808	596.0	34	8
1391.51	0	397564	0	17935953920	17471991808	625.6	34	8
1392.52	0	397564	0	17935781888	17471991808	730.4	34	8
1393.52	0	397564	0	17936228352	17471991808	610.7	34	8
1394.52	0	397564	0	17935998976	17471991808	621.3	34	8
1395.53	0	397564	0	17936416768	17471991808	659.3	34	8
1396.53	0	397564	0	17936568320	17471991808	625.8	34	8
1397.54	0	397564	0	17936498688	17471995904	651.2	34	8
1398.54	0	397564	0	17936912384	17471995904	656.8	34	8
1399.55	0	397564	0	17936236544	17472020480	674.7	34	8
1400.55	0	397564	0	17936220160	17472020480	616.7	34	8
1401.55	0	401990	0	17940938752	17472020480	769.6	34	8
1402.56	0	402039	0	17940582400	17472020480	654.0	34	8
1403.56	0	402039	0	17941135360	17472020480	634.6	34	8
1404.57	0	402039	0	17940422656	17472020480	667.4	34	8
1405.57	0	402039	0	17940877312	17472032768	644.7	34	8
1406.57	0	402039	0	17940811776	17472032768	657.0	34	8
1407.58	0	402039	0	17940770816	17472032768	651.9	34	8
1408.58	0	402039	0	17940946944	17472036864	606.6	34	8
1409.59	0	402039	0	17940926464	17472036864	608.5	34	8
1410.59	0	402039	0	17940873216	17472036864	666.2	34	8
1411.60	0	402039	0	17940713472	17472036864	597.9	34	8
1412.60	0	402039	0	17940791296	17472045056	629.6	34	8
1413.60	0	402039	0	17940897792	17472045056	606.0	34	8
1414.61	0	402039	0	17940570112	17472045056	585.6	34	8
1415.61	0	402039	0	17940631552	17472045056	725.3	34	8
1416.62	0	402039	0	17940762624	17472045056	605.9	34	8
1417.62	0	402039	0	17940955136	17472049152	634.4	34	8
1418.62	0	402039	0	17940246528	17472049152	610.8	34	8
1419.63	0	402039	0	17940164608	17472049152	625.5	34	8
1420.63	0	402039	0	17940627456	17472049152	725.7	34	8
1421.64	0	402039	0	17940738048	17472065536	708.3	34	8
1422.64	0	402039	0	17940262912	17472065536	659.9	34	8
1423.64	0	402039	0	17940553728	17472065536	709.7	34	8
1424.65	0	402039	0	17940627456	17472065536	668.9	34	8
1425.65	0	402039	0	17940598784	17472065536	618.9	34	8
1426.66	0	402039	0	17941086208	17472065536	668.1	34	8
1427.66	0	402039	0	17940717568	17472065536	713.2	34	8
1428.67	0	402039	0	17940996096	17472077824	685.7	34	8
1429.67	0	402039	0	17940668416	17472090112	636.2	34	8
1430.67	0	402039	0	17940328448	17472090112	628.1	34	8
1431.68	0	402039	0	17941409792	17472090112	626.0	34	8
1432.68	0	402039	0	17941590016	17472090112	675.1	34	8
1433.69	0	402039	0	17941540864	17472090112	648.7	34	8
1434.69	0	402039	0	17940107264	17472090112	646.3	34	8
1435.70	0	402039	0	17941008384	17472094208	648.8	34	8
1436.70	0	402039	0	17940709376	17472094208	649.6	34	8
1437.70	0	402039	0	17939963904	17472094208	633.4	34	8
1438.71	0	402039	0	17940779008	17472094208	590.9	34	8
1439.71	0	402039	0	17940242432	17472094208	609.5	34	8
1440.72	0	402039	0	17940631552	17472094208	703.5	34	8
1441.72	0	402039	0	17940434944	17472098304	704.9	34	8
1442.72	0	402039	0	17940410368	17472098304	612.2	34	8
1443.73	0	402039	0	17939808256	17472114688	735.0	34	8
1444.73	0	402039	0	17939775488	17472114688	720.9	34	8
1445.74	0	402039	0	17940279296	17472114688	700.5	34	8
1446.74	0	402039	0	17940156416	17472114688	704.7	34	8
1447.74	0	402039	0	17940504576	17472114688	638.7	34	8
1448.75	0	402039	0	17940357120	17472114688	678.6	34	8
1449.75	0	402039	0	17939468288	17472114688	656.0	34	8
1450.76	0	402039	0	17939718144	17472114688	617.3	34	8
1451.76	0	402039	0	17939836928	17472114688	683.7	34	8
1452.77	0	402039	0	17939132416	17472114688	646.5	34	8
1453.77	0	402039	0	17939095552	17472114688	627.3	34	8
1454.78	0	402039	0	17938997248	17472114688	661.3	34	8
1455.78	0	402039	0	17938866176	17472114688	620.2	34	8
1456.78	0	402039	0	17938980864	17472114688	632.5	34	8
1457.79	0	402039	0	17939300352	17472114688	653.0	34	8
1458.79	0	402039	0	17939050496	17472114688	646.1	34	8
1459.80	0	402039	0	17939435520	17472114688	606.4	34	8
1460.80	0	402039	0	17939673088	17472114688	654.8	34	8
1461.81	0	402039	0	17939599360	17472114688	659.8	34	8
1462.81	0	402039	0	17939517440	17472114688	635.1	34	8
1463.82	0	402039	0	17939533824	17472114688	688.1	34	8
1464.82	0	402039	0	17939226624	17472114688	590.3	34	8
1465.82	0	402039	0	17939365888	17472114688	625.4	34	8
1466.83	0	402039	0	17939820544	17472118784	673.8	34	8
1467.83	0	402039	0	17940164608	17472122880	605.5	34	8
1468.84	0	402039	0	17939894272	17472122880	688.7	34	8
1469.84	0	402039	0	17939120128	17472122880	621.2	34	8
1470.85	0	402039	0	17939746816	17472122880	586.0	34	8
1471.85	0	402039	0	17939234816	17472122880	649.5	34	8
1472.85	0	402039	0	17939038208	17472122880	687.9	34	8
1473.86	0	402039	0	17939062784	17472122880	629.9	34	8
1474.86	0	402039	0	17939701760	17472204800	631.0	34	8
1475.87	0	402039	0	17939329024	17472204800	638.7	34	8
1476.87	0	402039	0	17939394560	17472204800	601.4	34	8
1477.87	0	402039	0	17939972096	17472204800	590.9	34	8
1478.88	0	402039	0	17939456000	17472204800	691.8	34	8
1479.88	0	402039	0	17939329024	17472208896	614.9	34	8
1480.89	0	402039	0	17939652608	17472208896	610.5	34	8
1481.89	0	402039	0	17939701760	17472212992	644.8	34	8
1482.90	0	402039	0	17940623360	17472221184	659.8	34	8
1483.90	0	402039	0	17939603456	17472221184	594.0	34	8
1484.90	0	402039	0	17940115456	17472221184	690.8	34	8
1485.91	0	402039	0	17939771392	17472221184	615.9	34	8
1486.91	0	402039	0	17939943424	17472221184	594.9	34	8
1487.92	0	402039	0	17940336640	17472221184	657.6	34	8
1488.92	0	402039	0	17939824640	17472221184	587.3	34	8
1489.92	0	402039	0	17940324352	17472229376	591.4	34	8
1490.93	0	402039	0	17940307968	17472229376	619.2	34	8
1491.93	0	402039	0	17940406272	17472233472	605.3	34	8
1492.94	0	402039	0	17940180992	17472233472	604.2	34	8
1493.94	0	402039	0	17940361216	17472233472	634.5	34	8
1494.95	0	402039	0	17939460096	17472233472	630.1	34	8
1495.95	0	402039	0	17940045824	17472233472	621.7	34	8
1496.95	0	402039	0	17939800064	17472233472	611.8	34	8
1497.96	0	402039	0	17940373504	17472233472	642.8	34	8
1498.96	0	402039	0	17939951616	17472233472	611.9	34	8
1499.97	0	402039	0	17939730432	17472233472	629.4	34	8
1500.97	0	402039	0	17939705856	17472233472	616.7	34	8
1501.97	0	402039	0	17939939328	17472233472	600.2	34	8
1502.98	0	402039	0	17939812352	17472233472	617.5	34	8
1503.98	0	402039	0	17939873792	17472233472	628.2	34	8
1504.99	0	402039	0	17939488768	17472233472	678.9	34	8
1505.99	0	402039	0	17939668992	17472233472	606.0	34	8
1507.00	0	402039	0	17940004864	17472237568	662.6	34	8
1508.00	0	402039	0	17939996672	17472237568	678.7	34	8
1509.00	0	402039	0	17940250624	17472237568	632.9	34	8
1510.01	0	405394	0	17943928832	17472237568	759.5	34	8
1511.01	0	407187	0	17945735168	17472237568	633.4	34	8
1512.02	0	407187	0	17946271744	17472237568	655.8	34	8
1513.02	0	407187	0	17946034176	17472245760	658.9	34	8
1514.02	0	407187	0	17945923584	17472245760	633.5	34	8
1515.03	0	407187	0	17945776128	17472245760	615.8	34	8
1516.03	0	407187	0	17945993216	17472245760	637.8	34	8
1517.04	0	407187	0	17946288128	17472245760	654.1	34	8
1518.04	0	407187	0	17946148864	17472245760	643.6	34	8
1519.05	0	407187	0	17945645056	17472245760	653.9	34	8
1520.05	0	407187	0	17945530368	17472245760	695.7	34	8
1521.05	0	407187	0	17945501696	17472245760	581.3	34	8
1522.06	0	407187	0	17945411584	17472245760	614.7	34	8
1523.06	0	407187	0	17945571328	17472245760	663.9	34	8
1524.07	0	407187	0	17945518080	17472245760	638.5	34	8
1525.07	0	411952	0	17950896128	17472245760	752.7	34	8
1526.07	0	417035	0	17956413440	17472245760	714.4	34	8
1527.08	0	421843	0	17960820736	17472245760	710.1	34	8
1528.08	0	427014	0	17966354432	17472245760	773.3	34	8
1529.09	0	432177	0	17972023296	17472245760	735.8	34	8
1530.09	0	437335	0	17977323520	17472245760	734.8	34	8
1531.10	0	439262	0	17979379712	17472245760	709.9	34	8
1532.10	0	439262	0	17978810368	17472245760	600.8	34	8
1533.10	0	439262	0	17978847232	17472245760	586.1	34	8
1534.11	0	439262	0	17978298368	17472245760	670.2	34	8
1535.11	0	439262	0	17978023936	17472245760	656.2	34	8
1536.12	0	439262	0	17978019840	17472245760	650.0	34	8
1537.12	0	439262	0	17977753600	17472245760	657.0	34	8
1538.12	0	439262	0	17978126336	17472245760	605.8	34	8
1539.13	0	439262	0	17978081280	17472245760	685.5	34	8
1540.13	0	441483	0	17980739584	17472245760	664.1	34	8
1541.14	0	444380	0	17983979520	17472245760	749.6	34	8
1542.14	0	444380	0	17983373312	17472245760	625.2	34	8
1543.15	0	444380	0	17983963136	17472249856	676.2	34	8
1544.15	0	444380	0	17983893504	17472249856	681.3	34	8
1545.15	0	444380	0	17984086016	17472249856	638.6	34	8
1546.16	0	444380	0	17983987712	17472249856	635.6	34	8
1547.16	0	444380	0	17984200704	17472249856	662.8	34	8
1548.17	0	444380	0	17984036864	17472249856	659.4	34	8
1549.17	0	444380	0	17983033344	17472249856	644.2	34	8
1550.17	0	444380	0	17983635456	17472249856	641.2	34	8
1551.18	0	444380	0	17983582208	17472253952	639.7	34	8
1552.18	0	444380	0	17983516672	17472253952	660.4	34	8
1553.19	0	444380	0	17983873024	17472253952	653.8	34	8
1554.19	0	445369	0	17985409024	17472253952	713.3	34	8
1555.20	0	448803	0	17988329472	17472253952	716.1	34	8
1556.20	0	448803	0	17988263936	17472253952	612.3	34	8
1557.20	0	448803	0	17988419584	17472253952	661.6	34	8
1558.21	0	448803	0	17988681728	17472253952	660.4	34	8
1559.21	0	448803	0	17988706304	17472253952	646.8	34	8
1560.22	0	448803	0	17988603904	17472253952	654.3	34	8
1561.22	0	448803	0	17988812800	17472253952	614.7	34	8
1562.22	0	448803	0	17988837376	17472253952	604.5	34	8
1563.23	0	448803	0	17989025792	17472253952	643.4	34	8
1564.23	0	448803	0	17987813376	17472270336	679.0	34	8
1565.24	0	448803	0	17988513792	17472270336	681.4	34	8
1566.24	0	448803	0	17988100096	17472270336	577.4	34	8
1567.25	0	448803	0	17988116480	17472270336	642.9	34	8
1568.25	0	448803	0	17988603904	17472270336	621.9	34	8
1569.25	0	448803	0	17987997696	17472270336	670.7	34	8
1570.26	0	448803	0	17987592192	17472270336	602.7	34	8
1571.26	0	448803	0	17987985408	17472270336	655.7	34	8
1572.27	0	448803	0	17988296704	17472270336	665.5	34	8
1573.27	0	448803	0	17988161536	17472270336	687.9	34	8
1574.27	0	448803	0	17988194304	17472270336	609.8	34	8
1575.28	0	448803	0	17988550656	17472270336	614.0	34	8
1576.28	0	448803	0	17988452352	17472270336	658.9	34	8
1577.29	0	448803	0	17987694592	17472270336	631.4	34	8
1578.29	0	448803	0	17988030464	17472270336	596.4	34	8
1579.30	0	448803	0	17988317184	17472270336	604.0	34	8
1580.30	0	448803	0	17987596288	17472270336	683.5	34	8
1581.30	0	448803	0	17987919872	17472270336	617.8	34	8
1582.31	0	448803	0	17987936256	17472270336	663.4	34	8
1583.31	0	448803	0	17987506176	17472270336	637.5	34	8
1584.32	0	448803	0	17987346432	17472270336	639.7	34	8
1585.32	0	448803	0	17987616768	17472270336	628.1	34	8
1586.32	0	448803	0	17987788800	17472270336	649.6	34	8
1587.33	0	448803	0	17987448832	17472270336	617.9	34	8
1588.33	0	448803	0	17987829760	17472278528	632.5	34	8
1589.34	0	448803	0	17987801088	17472278528	680.4	34	8
1590.34	0	448803	0	17988141056	17472327680	616.9	34	8
1591.35	0	448803	0	17988050944	17472327680	643.0	34	8
1592.35	0	448803	0	17988169728	17472327680	671.3	34	8
1593.35	0	448803	0	17988329472	17472327680	607.0	34	8
1594.36	0	448803	0	17987821568	17472327680	701.3	34	8
1595.36	0	448803	0	17987923968	17472327680	621.8	34	8
1596.37	0	448803	0	17988210688	17472327680	614.9	34	8
1597.37	0	448803	0	17987883008	17472327680	629.3	34	8
1598.37	0	448803	0	17988042752	17472335872	631.9	34	8
1599.38	0	448803	0	17987809280	17472335872	644.4	34	8
1600.38	0	448803	0	17987837952	17472335872	644.0	34	8
1601.39	0	448803	0	17987842048	17472335872	635.2	34	8
1602.39	0	448803	0	17987784704	17472335872	610.3	34	8
1603.40	0	448803	0	17987690496	17472335872	658.6	34	8
1604.40	0	448803	0	17987502080	17472335872	634.7	34	8
1605.40	0	448803	0	17988280320	17472335872	707.0	34	8
1606.41	0	448803	0	17987936256	17472335872	645.2	34	8
1607.41	0	448803	0	17988018176	17472335872	637.9	34	8
1608.42	0	448803	0	17988014080	17472335872	619.3	34	8
1609.42	0	448803	0	17988005888	17472335872	682.9	34	8
1610.42	0	448803	0	17987686400	17472339968	644.5	34	8
1611.43	0	448803	0	17987710976	17472339968	649.6	34	8
1612.43	0	448803	0	17987502080	17472339968	585.5	34	8
1613.44	0	448803	0	17987686400	17472339968	659.8	34	8
1614.44	0	448803	0	17987981312	17472339968	669.8	34	8
1615.45	0	448803	0	17988149248	17472339968	659.1	34	8
1616.45	0	448803	0	17988202496	17472339968	672.2	34	8
1617.45	0	448803	0	17988358144	17472339968	585.2	34	8
1618.46	0	448803	0	17988956160	17472339968	647.7	34	8
1619.46	0	448803	0	17988157440	17472339968	677.1	34	8
1620.47	0	448803	0	17988354048	17472339968	654.3	34	8
1621.47	0	448803	0	17988608000	17472339968	650.6	34	8
1622.47	0	448803	0	17988509696	17472339968	637.9	34	8
1623.48	0	448803	0	17988550656	17472348160	623.2	34	8
1624.48	0	448803	0	17988247552	17472348160	613.7	34	8
1625.49	0	448803	0	17988612096	17472348160	674.5	34	8
1626.49	0	448803	0	17988440064	17472348160	607.6	34	8
1627.50	0	448803	0	17988644864	17472348160	687.7	34	8
1628.50	0	448803	0	17988849664	17472348160	682.0	34	8
1629.50	0	448803	0	17988476928	17472348160	671.9	34	8
1630.51	0	448803	0	17988866048	17472352256	614.6	34	8
1631.51	0	448803	0	17989500928	17472352256	631.8	34	8
1632.52	0	448803	0	17988706304	17472352256	593.2	34	8
1633.52	0	448803	0	17988341760	17472352256	609.1	34	8
1634.53	0	448803	0	17988272128	17472352256	678.1	34	8
1635.53	0	448803	0	17988952064	17472352256	635.4	34	8
1636.53	0	448803	0	17988730880	17472352256	679.6	34	8
1637.54	0	448803	0	17988788224	17472352256	639.5	34	8
1638.54	0	448803	0	17988796416	17472352256	632.9	34	8
1639.55	0	448803	0	17988321280	17472352256	580.2	34	8
1640.55	0	448803	0	17988100096	17472352256	581.1	34	8
1641.56	0	448803	0	17988280320	17472356352	681.5	34	8
1642.56	0	448803	0	17988218880	17472356352	615.0	34	8
1643.56	0	448803	0	17988759552	17472360448	659.4	34	8
1644.57	0	448803	0	17988485120	17472364544	664.7	34	8
1645.57	0	448803	0	17988702208	17472364544	627.2	34	8
1646.58	0	448803	0	17988595712	17472364544	655.5	34	8
1647.58	0	448803	0	17988816896	17472364544	592.0	34	8
1648.59	0	448803	0	17988419584	17472364544	652.2	34	8
1649.59	0	448803	0	17988157440	17472364544	629.7	34	8
1650.59	0	448803	0	17987866624	17472364544	612.0	34	8
1651.60	0	448803	0	17988263936	17472364544	743.7	34	8
1652.60	0	448803	0	17987874816	17472364544	600.1	34	8
1653.61	0	448803	0	17987952640	17472364544	647.8	34	8
1654.61	0	448803	0	17988009984	17472364544	677.5	34	8
1655.62	0	448803	0	17988206592	17472364544	610.4	34	8
1656.62	0	448803	0	17988169728	17472372736	625.6	34	8
1657.62	0	448803	0	17988055040	17472372736	651.3	34	8
1658.63	0	448803	0	17988509696	17472372736	614.8	34	8
1659.63	0	448803	0	17988444160	17472372736	620.7	34	8
1660.64	0	448803	0	17988153344	17472471040	716.4	34	8
1661.64	0	448803	0	17988300800	17472471040	708.3	34	8
1662.65	0	451995	0	17992200192	17472471040	828.8	34	8
1663.65	0	453954	0	17993379840	17472471040	621.7	34	8
1664.66	0	453954	0	17993056256	17472471040	697.6	34	8
1665.66	0	453954	0	17993613312	17472471040	758.3	34	8
1666.66	0	453954	0	17993797632	17472471040	799.4	34	8
1667.67	0	453954	0	17993805824	17472471040	757.8	34	8
1668.67	0	453954	0	17993412608	17472471040	662.9	34	8
1669.68	0	453954	0	17993445376	17472471040	612.0	34	8
1670.68	0	453954	0	17993732096	17472475136	692.6	34	8
1671.68	0	453954	0	17993465856	17472475136	681.0	34	8
1672.69	0	453954	0	17993379840	17472475136	633.2	34	8
1673.69	0	453954	0	17994149888	17472483328	598.7	34	8
1674.70	0	453954	0	17993265152	17472483328	745.5	34	8
1675.70	0	453954	0	17992953856	17472483328	766.4	34	8
1676.71	0	453954	0	17993617408	17472483328	612.7	34	8
1677.71	0	453954	0	17994006528	17472483328	570.9	34	8
1678.71	0	453954	0	17994219520	17472483328	633.9	34	8
1679.72	0	453954	0	17993674752	17472483328	674.4	34	8
1680.72	0	454940	0	17994969088	17472483328	680.1	34	8
1681.73	0	460094	0	18000543744	17472483328	746.8	34	8
1682.73	0	465248	0	18005934080	17472483328	746.6	34	8
1683.74	0	470383	0	18010910720	17472483328	730.4	34	8
1684.74	0	475484	0	18015698944	17472483328	765.8	34	8
1685.75	0	480583	0	18020974592	17472483328	777.4	34	8
1686.75	0	485704	0	18026340352	17472483328	763.4	34	8
1687.75	0	486624	0	18027704320	17472483328	602.7	34	8
1688.76	0	486624	0	18027237376	17472483328	618.3	34	8
1689.76	0	486624	0	18026741760	17472483328	639.9	34	8
1690.77	0	486624	0	18027233280	17472483328	618.3	34	8
1691.77	0	486624	0	18027114496	17472483328	640.5	34	8
1692.78	0	486624	0	18027278336	17472487424	673.7	34	8
1693.78	0	486624	0	18027266048	17472487424	642.5	34	8
1694.78	0	486624	0	18027327488	17472487424	625.4	34	8
1695.79	0	486624	0	18027151360	17472487424	668.2	34	8
1696.79	0	486624	0	18027573248	17472487424	639.7	34	8
1697.80	0	487994	0	18029223936	17472487424	659.4	34	8
1698.80	0	491091	0	18032332800	17472487424	663.0	34	8
1699.81	0	491091	0	18031300608	17472487424	738.0	34	8
1700.81	0	491091	0	18031480832	17472487424	627.6	34	8
1701.81	0	491091	0	18031550464	17472487424	606.5	34	8
1702.82	0	491091	0	18031841280	17472487424	645.3	34	8
1703.82	0	491091	0	18031521792	17472487424	658.0	34	8
1704.83	0	491091	0	18031616000	17472487424	596.0	34	8
1705.83	0	491091	0	18031714304	17472487424	692.1	34	8
1706.84	0	491091	0	18032103424	17472487424	579.3	34	8
1707.84	0	491091	0	18032078848	17472487424	603.7	34	8
1708.84	0	491091	0	18031960064	17472487424	582.2	34	8
1709.85	0	491091	0	18031865856	17472487424	680.1	34	8
1710.85	0	491091	0	18031702016	17472487424	662.5	34	8
1711.86	0	491091	0	18031550464	17472487424	582.9	34	8
1712.86	0	494055	0	18035417088	17472487424	722.9	34	8
1713.87	0	495419	0	18036518912	17472487424	657.9	34	8
1714.87	0	495419	0	18036187136	17472487424	680.3	34	8
1715.87	0	495419	0	18036617216	17472487424	587.9	34	8
1716.88	0	495419	0	18036187136	17472487424	596.8	34	8
1717.88	0	495419	0	18036551680	17472487424	693.2	34	8
1718.89	0	495419	0	18036064256	17472487424	605.2	34	8
1719.89	0	495419	0	18036150272	17472487424	689.0	34	8
1720.90	0	495419	0	18036355072	17472487424	748.6	34	8
1721.90	0	495419	0	18036498432	17472487424	682.6	34	8
1722.90	0	495419	0	18037182464	17472487424	666.4	34	8
1723.91	0	495419	0	18036469760	17472487424	691.1	34	8
1724.91	0	495419	0	18036387840	17472487424	631.1	34	8
1725.92	0	495419	0	18036436992	17472487424	645.9	34	8
1726.92	0	495419	0	18036793344	17472487424	657.2	34	8
1727.93	0	495419	0	18036830208	17472487424	631.0	34	8
1728.93	0	495419	0	18036867072	17472487424	589.3	34	8
1729.93	0	495419	0	18036408320	17472487424	675.1	34	8
1730.94	0	495419	0	18036264960	17472491520	619.4	34	8
1731.94	0	495419	0	18035818496	17472491520	597.2	34	8
1732.95	0	495419	0	18036023296	17472491520	699.6	34	8
1733.95	0	495419	0	18036445184	17472491520	682.9	34	8
1734.96	0	495419	0	18036080640	17472491520	592.6	34	8
1735.96	0	495419	0	18036432896	17472491520	601.5	34	8
1736.97	0	495419	0	18036092928	17472491520	699.7	34	8
1737.97	0	495419	0	18035630080	17472491520	630.8	34	8
1738.97	0	495419	0	18036457472	17472491520	692.6	34	8
1739.98	0	495419	0	18036252672	17472491520	643.7	34	8
1740.98	0	495419	0	18036191232	17472491520	698.1	34	8
1741.99	0	495419	0	18036269056	17472491520	653.9	34	8
1742.99	0	495419	0	18035920896	17472491520	676.1	34	8
1743.99	0	495419	0	18036043776	17472491520	596.2	34	8
1745.00	0	495419	0	18035814400	17472491520	666.5	34	8
1746.00	0	495419	0	18035781632	17472491520	693.4	34	8
1747.01	0	495419	0	18035630080	17472491520	620.8	34	8
1748.01	0	495419	0	18036277248	17472491520	626.9	34	8
1749.02	0	495419	0	18035843072	17472491520	645.6	34	8
1750.02	0	495419	0	18035552256	17472491520	626.8	34	8
1751.02	0	495419	0	18036006912	17472491520	587.1	34	8
1752.03	0	495419	0	18035875840	17472491520	567.8	34	8
1753.03	0	495419	0	18035322880	17472491520	648.6	34	8
1754.04	0	495419	0	18035490816	17472491520	647.9	34	8
1755.04	0	495419	0	18035453952	17472491520	672.9	34	8
1756.05	0	495419	0	18035445760	17472593920	757.0	34	8
1757.05	0	495419	0	18035273728	17472602112	625.4	34	8
1758.06	0	495419	0	18035834880	17472602112	592.0	34	8
1759.06	0	495419	0	18035576832	17472602112	678.0	34	8
1760.06	0	495419	0	18035556352	17472602112	600.0	34	8
1761.07	0	495419	0	18035453952	17472606208	620.9	34	8
1762.07	0	495419	0	18035691520	17472606208	645.9	34	8
1763.08	0	495419	0	18035802112	17472606208	583.6	34	8
1764.08	0	495419	0	18036228096	17472610304	641.0	34	8
1765.09	0	495419	0	18035929088	17472610304	690.9	34	8
1766.09	0	495419	0	18035740672	17472610304	608.0	34	8
1767.10	0	495419	0	18036719616	17472610304	727.9	34	8
1768.10	0	495419	0	18036658176	17472614400	661.1	34	8
1769.10	0	495419	0	18036170752	17472614400	631.8	34	8
1770.11	0	495419	0	18035818496	17472614400	651.3	34	8
1771.11	0	495419	0	18036068352	17472614400	659.1	34	8
1772.12	0	495419	0	18035982336	17472614400	640.6	34	8
1773.12	0	495419	0	18035748864	17472614400	638.3	34	8
1774.12	0	495419	0	18035941376	17472614400	726.5	34	8
1775.13	0	495419	0	18036035584	17472614400	658.8	34	8
1776.13	0	495419	0	18036051968	17472614400	670.4	34	8
1777.14	0	495419	0	18036297728	17472614400	600.3	34	8
1778.14	0	495419	0	18036412416	17472614400	632.9	34	8
1779.15	0	495419	0	18035892224	17472614400	623.3	34	8
1780.15	0	495419	0	18035822592	17472614400	687.8	34	8
1781.15	0	495419	0	18036051968	17472614400	654.5	34	8
1782.16	0	495419	0	18036580352	17472614400	629.6	34	8
1783.16	0	495419	0	18036867072	17472614400	632.6	34	8
1784.17	0	495419	0	18036666368	17472614400	643.7	34	8
1785.17	0	495419	0	18037014528	17472614400	674.9	34	8
1786.18	0	495419	0	18036158464	17472614400	623.2	34	8
1787.18	0	495419	0	18035855360	17472614400	600.8	34	8
1788.19	0	495419	0	18035924992	17472614400	654.6	34	8
1789.19	0	495419	0	18035699712	17472614400	624.1	34	8
1790.19	0	495419	0	18036064256	17472614400	641.8	34	8
1791.20	0	495419	0	18035834880	17472614400	654.6	34	8
1792.20	0	495419	0	18036465664	17472618496	626.5	34	8
1793.21	0	495419	0	18036338688	17472622592	766.9	34	8
1794.21	0	495419	0	18035912704	17472622592	682.6	34	8
1795.22	0	495419	0	18036039680	17472622592	711.4	34	8
1796.22	0	495419	0	18036211712	17472622592	604.6	34	8
1797.23	0	495419	0	18036539392	17472622592	680.4	34	8
1798.23	0	495419	0	18036727808	17472622592	668.5	34	8
1799.24	0	495419	0	18036187136	17472622592	708.2	34	8
1800.24	0	495419	0	18036584448	17472622592	644.0	34	8
1801.24	0	495419	0	18036322304	17472622592	625.1	34	8
1802.25	0	495419	0	18036596736	17472622592	607.7	34	8
1803.25	0	495419	0	18035748864	17472622592	656.1	34	8
1804.26	0	495419	0	18035744768	17472622592	688.1	34	8
1805.26	0	495419	0	18036203520	17472630784	618.0	34	8
1806.27	0	495419	0	18035994624	17472630784	651.6	34	8
1807.27	0	495419	0	18036183040	17472630784	617.5	34	8
1808.27	0	495419	0	18036310016	17472630784	588.1	34	8
1809.28	0	495419	0	18036109312	17472630784	684.8	34	8
1810.28	0	495419	0	18036252672	17472630784	656.4	34	8
1811.29	0	495419	0	18036346880	17472630784	620.5	34	8
1812.29	0	495419	0	18036555776	17472630784	666.1	34	8
1813.30	0	495419	0	18037231616	17472630784	624.9	34	8
1814.30	0	495419	0	18037219328	17472634880	675.4	34	8
1815.30	0	495419	0	18037415936	17472634880	650.9	34	8
1816.31	0	495419	0	18037112832	17472634880	680.8	34	8
1817.31	0	495419	0	18037092352	17472634880	605.1	34	8
1818.32	0	495419	0	18037436416	17472634880	730.5	34	8
1819.32	0	495419	0	18037018624	17472638976	596.5	34	8
1820.33	0	495419	0	18037063680	17472638976	630.8	34	8
1821.33	0	495419	0	18036858880	17472638976	653.3	34	8
1822.33	0	495419	0	18036641792	17472638976	632.6	34	8
1823.34	0	495419	0	18036768768	17472638976	607.2	34	8
1824.34	0	495419	0	18036961280	17472638976	590.6	34	8
1825.35	0	500348	0	18042306560	17472638976	756.1	34	8
1826.35	0	500430	0	18042314752	17472638976	610.8	34	8
1827.36	0	500430	0	18042609664	17472638976	634.6	34	8
1828.36	0	500430	0	18042355712	17472638976	662.2	34	8
1829.36	0	500430	0	18041618432	17472638976	629.2	34	8
1830.37	0	500430	0	18041749504	17472638976	608.4	34	8
1831.37	0	500430	0	18041700352	17472638976	637.9	34	8
1832.38	0	500430	0	18041872384	17472638976	672.5	34	8
1833.38	0	500430	0	18042191872	17472638976	623.3	34	8
1834.38	0	500430	0	18041511936	17472638976	649.5	34	8
1835.39	0	500430	0	18041839616	17472655360	592.3	34	8
1836.39	0	500430	0	18041995264	17472655360	669.0	34	8
1837.40	0	500430	0	18042011648	17472655360	613.5	34	8
1838.40	0	500430	0	18041360384	17472655360	629.6	34	8
1839.41	0	501285	0	18042834944	17472655360	664.7	34	8
1840.41	0	506174	0	18047922176	17472655360	692.8	34	8
1841.41	0	510954	0	18052890624	17472655360	792.8	34	8
1842.42	0	515844	0	18058055680	17472655360	695.7	34	8
1843.42	0	520818	0	18063503360	17472655360	759.1	34	8
1844.43	0	525741	0	18068013056	17472655360	736.3	34	8
1845.43	0	529988	0	18073767936	17472684032	684.0	34	8
1846.43	0	529988	0	18072961024	17472684032	676.0	34	8
1847.44	0	529988	0	18072473600	17472684032	631.8	34	8
1848.44	0	529988	0	18073169920	17472684032	717.5	34	8
1849.45	0	529988	0	18072522752	17472688128	570.1	34	8
1850.45	0	529988	0	18072469504	17472688128	604.5	34	8
1851.46	0	529988	0	18072035328	17472688128	671.6	34	8
1852.46	0	529988	0	18071805952	17472688128	621.9	34	8
1853.46	0	529988	0	18071986176	17472688128	666.9	34	8
1854.47	0	529988	0	18071969792	17472688128	661.9	34	8
1855.47	0	532290	0	18074869760	17472688128	708.8	34	8
1856.48	0	534874	0	18078539776	17472692224	719.6	34	8
1857.48	0	534874	0	18077896704	17472692224	638.2	34	8
1858.49	0	534874	0	18077782016	17472692224	575.6	34	8
1859.49	0	534874	0	18077638656	17472692224	615.3	34	8
1860.49	0	534874	0	18078167040	17472692224	602.1	34	8
1861.50	0	534874	0	18077995008	17472692224	660.0	34	8
1862.50	0	534874	0	18078105600	17472692224	635.9	34	8
1863.51	0	534874	0	18077523968	17472692224	622.8	34	8
1864.51	0	534874	0	18076778496	17472692224	604.9	34	8
1865.51	0	534874	0	18077315072	17472692224	669.0	34	8
1866.52	0	534874	0	18076594176	17472692224	622.6	34	8
1867.52	0	534874	0	18076975104	17472692224	655.5	34	8
1868.53	0	534874	0	18077589504	17472692224	624.9	34	8
1869.53	0	534874	0	18077040640	17472692224	676.7	34	8
1870.53	0	536847	0	18079596544	17472692224	709.9	34	8
1871.54	0	538825	0	18081865728	17472700416	679.0	34	8
1872.54	0	538825	0	18081701888	17472704512	615.5	34	8
1873.55	0	538825	0	18081759232	17472704512	630.6	34	8
1874.55	0	538825	0	18082054144	17472708608	631.0	34	8
1875.56	0	538825	0	18082050048	17472708608	635.7	34	8
1876.56	0	538825	0	18081607680	17472708608	632.8	34	8
1877.56	0	538825	0	18081767424	17472708608	658.8	34	8
1878.57	0	538825	0	18081243136	17472708608	604.3	34	8
1879.57	0	538825	0	18081185792	17472708608	591.1	34	8
1880.58	0	538825	0	18081054720	17472708608	626.7	34	8
1881.58	0	538825	0	18081710080	17472708608	626.8	34	8
1882.59	0	538825	0	18081337344	17472708608	610.8	34	8
1883.59	0	538825	0	18081546240	17472708608	622.5	34	8
1884.59	0	538825	0	18080862208	17472708608	640.7	34	8
1885.60	0	538825	0	18080870400	17472708608	623.1	34	8
1886.60	0	538825	0	18081579008	17472708608	608.4	34	8
1887.61	0	538825	0	18081669120	17472708608	588.2	34	8
1888.61	0	538825	0	18081685504	17472708608	644.4	34	8
1889.61	0	538825	0	18081234944	17472708608	643.6	34	8
1890.62	0	538825	0	18081140736	17472708608	600.1	34	8
1891.62	0	538825	0	18081112064	17472708608	619.6	34	8
1892.63	0	538825	0	18080903168	17472708608	630.3	34	8
1893.63	0	538825	0	18081136640	17472708608	633.1	34	8
1894.64	0	538825	0	18081341440	17472716800	656.6	34	8
1895.64	0	538825	0	18081472512	17472716800	623.8	34	8
1896.64	0	538825	0	18081947648	17472716800	612.9	34	8
1897.65	0	538825	0	18081845248	17472716800	628.2	34	8
1898.65	0	538825	0	18081869824	17472720896	661.3	34	8
1899.66	0	538825	0	18081595392	17472720896	626.7	34	8
1900.66	0	538825	0	18082013184	17472720896	585.4	34	8
1901.66	0	538825	0	18082017280	17472720896	659.7	34	8
1902.67	0	538825	0	18081615872	17472720896	617.1	34	8
1903.67	0	538825	0	18081742848	17472720896	582.8	34	8
1904.68	0	538825	0	18081378304	17472720896	622.9	34	8
1905.68	0	538825	0	18081435648	17472720896	689.2	34	8
1906.69	0	538825	0	18082111488	17472724992	665.5	34	8
1907.69	0	538825	0	18081931264	17472724992	608.5	34	8
1908.69	0	538825	0	18082062336	17472737280	638.1	34	8
1909.70	0	538825	0	18081247232	17472737280	620.2	34	8
1910.70	0	538825	0	18080993280	17472741376	748.1	34	8
1911.71	0	538825	0	18081013760	17472741376	666.8	34	8
1912.71	0	538825	0	18081263616	17472741376	592.1	34	8
1913.71	0	538825	0	18081243136	17472741376	636.8	34	8
1914.72	0	538825	0	18081402880	17472741376	604.4	34	8
1915.72	0	538825	0	18081525760	17472741376	602.9	34	8
1916.73	0	538825	0	18081488896	17472741376	705.3	34	8
1917.73	0	538825	0	18082119680	17472741376	654.7	34	8
1918.74	0	538825	0	18081759232	17472741376	655.6	34	8
1919.74	0	538825	0	18081439744	17472745472	696.8	34	8
1920.74	0	538825	0	18081779712	17472745472	624.0	34	8
1921.75	0	538825	0	18081857536	17472745472	629.9	34	8
1922.75	0	538825	0	18082234368	17472745472	615.2	34	8
1923.76	0	538825	0	18082365440	17472745472	598.6	34	8
1924.76	0	538825	0	18081828864	17472745472	609.1	34	8
1925.77	0	538825	0	18081964032	17472745472	659.5	34	8
1926.77	0	538825	0	18081603584	17472749568	634.2	34	8
1927.77	0	538825	0	18081357824	17472749568	624.8	34	8
1928.78	0	538825	0	18081619968	17472753664	694.4	34	8
1929.78	0	538825	0	18080980992	17472753664	674.5	34	8
1930.79	0	538825	0	18080559104	17472753664	624.4	34	8
1931.79	0	538825	0	18081533952	17472757760	623.3	34	8
1932.79	0	538825	0	18081550336	17472757760	641.5	34	8
1933.80	0	538825	0	18081546240	17472770048	650.5	34	8
1934.80	0	538825	0	18081492992	17472770048	641.5	34	8
1935.81	0	538825	0	18081808384	17472770048	620.9	34	8
1936.81	0	538825	0	18081730560	17472770048	611.5	34	8
1937.82	0	538825	0	18081824768	17472770048	649.2	34	8
1938.82	0	538825	0	18082033664	17472778240	683.0	34	8
1939.82	0	538825	0	18081341440	17472778240	653.7	34	8
1940.83	0	538825	0	18081308672	17472778240	627.2	34	8
1941.83	0	538825	0	18081103872	17472778240	661.8	34	8
1942.84	0	538825	0	18081472512	17472778240	663.9	34	8
1943.84	0	538825	0	18081648640	17472778240	649.9	34	8
1944.85	0	538825	0	18081886208	17472778240	613.6	34	8
1945.85	0	538825	0	18081935360	17472778240	625.6	34	8
1946.85	0	538825	0	18082181120	17472786432	677.9	34	8
1947.86	0	538825	0	18081468416	17472786432	664.2	34	8
1948.86	0	538825	0	18081730560	17472786432	634.7	34	8
1949.87	0	538825	0	18081808384	17472786432	685.6	34	8
1950.87	0	538825	0	18081910784	17472786432	690.3	34	8
1951.87	0	538825	0	18081857536	17472786432	623.6	34	8
1952.88	0	538825	0	18081972224	17472786432	700.5	34	8
1953.88	0	538825	0	18081640448	17472786432	683.6	34	8
1954.89	0	538825	0	18080911360	17472786432	612.2	34	8
1955.89	0	538825	0	18081161216	17472786432	624.9	34	8
1956.90	0	538825	0	18081292288	17472786432	606.0	34	8
1957.90	0	538825	0	18081640448	17472790528	589.0	34	8
1958.90	0	538825	0	18082009088	17472790528	701.1	34	8
1959.91	0	538825	0	18081542144	17472790528	687.2	34	8
1960.91	0	538825	0	18081611776	17472790528	620.9	34	8
1961.92	0	538825	0	18081542144	17472794624	649.3	34	8
1962.92	0	538825	0	18081767424	17472794624	640.1	34	8
1963.92	0	538825	0	18082213888	17472794624	645.2	34	8
1964.93	0	538825	0	18081918976	17472794624	651.5	34	8
1965.93	0	538825	0	18081771520	17472794624	640.6	34	8
1966.94	0	538825	0	18082238464	17472794624	678.4	34	8
1967.94	0	538825	0	18081918976	17472794624	673.7	34	8
1968.95	0	538825	0	18081689600	17472794624	634.8	34	8
1969.95	0	538825	0	18081234944	17472794624	579.1	34	8
1970.95	0	538825	0	18081595392	17472794624	658.1	34	8
1971.96	0	538825	0	18081001472	17472794624	672.2	34	8
1972.96	0	538825	0	18081533952	17472794624	589.0	34	8
1973.97	0	538825	0	18081546240	17472794624	705.7	34	8
1974.97	0	538825	0	18081533952	17472794624	680.4	34	8
1975.97	0	538825	0	18081525760	17472794624	627.5	34	8
1976.98	0	538825	0	18081853440	17472794624	599.0	34	8
1977.98	0	538825	0	18082152448	17472794624	628.1	34	8
1978.99	0	538825	0	18081730560	17472794624	682.0	34	8
1979.99	0	538825	0	18081533952	17472794624	602.9	34	8
1981.00	0	538825	0	18081656832	17472794624	595.7	34	8
1982.00	0	538825	0	18081955840	17472794624	668.7	34	8
1983.00	0	538825	0	18081697792	17472798720	698.9	34	8
1984.01	0	539847	0	18083328000	17472798720	652.4	34	8
1985.01	0	543274	0	18086981632	17472802816	796.2	34	8
1986.02	0	543274	0	18086678528	17472802816	616.5	34	8
1987.02	0	543274	0	18086641664	17472802816	581.4	34	8
1988.03	0	543274	0	18087182336	17472802816	635.6	34	8
1989.03	0	543274	0	18087321600	17472802816	668.9	34	8
1990.03	0	543274	0	18086993920	17472802816	671.4	34	8
1991.04	0	543274	0	18086178816	17472811008	609.9	34	8
1992.04	0	543274	0	18086227968	17472811008	637.1	34	8
1993.05	0	543274	0	18086621184	17472811008	674.6	34	8
1994.05	0	543274	0	18086678528	17472811008	592.1	34	8
1995.05	0	543274	0	18086731776	17472811008	620.6	34	8
1996.06	0	543274	0	18087219200	17472811008	655.2	34	8
1997.06	0	543274	0	18087063552	17472819200	653.9	34	8
1998.07	0	543274	0	18086850560	17472819200	583.1	34	8
1999.07	0	543769	0	18087206912	17472823296	666.2	34	8
2000.08	0	548741	0	18092683264	17472823296	724.7	34	8
2001.08	0	553713	0	18096873472	17472831488	729.6	34	8
2002.08	0	558732	0	18102321152	17472831488	727.5	34	8
2003.09	0	563782	0	18108178432	17472831488	744.6	34	8
2004.09	0	568850	0	18112901120	17472831488	707.3	34	8
2005.10	0	573887	0	18118111232	17472831488	754.1	34	8
2006.10	0	574364	0	18118127616	17472831488	657.9	34	8
2007.11	0	574364	0	18118832128	17472831488	603.1	34	8
2008.11	0	574364	0	18118410240	17472831488	646.4	34	8
2009.11	0	574364	0	18118225920	17472831488	633.5	34	8
2010.12	0	574364	0	18118492160	17472831488	639.0	34	8
2011.12	0	574364	0	18118066176	17472831488	658.9	34	8
2012.13	0	574364	0	18118553600	17472831488	624.9	34	8
2013.13	0	574364	0	18118467584	17472831488	614.5	34	8
2014.13	0	574364	0	18118164480	17472831488	645.4	34	8
2015.14	0	574364	0	18118184960	17472831488	718.4	34	8
2016.14	0	574364	0	18118340608	17472831488	610.1	34	8
2017.15	0	576487	0	18120798208	17472831488	634.9	34	8
2018.15	0	579318	0	18123980800	17472831488	660.1	34	8
2019.16	0	579318	0	18124079104	17472831488	632.3	34	8
2020.16	0	579318	0	18123472896	17472835584	669.9	34	8
2021.16	0	579318	0	18123530240	17472835584	660.2	34	8
2022.17	0	579318	0	18123460608	17472835584	610.7	34	8
2023.17	0	579318	0	18123694080	17472835584	638.2	34	8
2024.18	0	579318	0	18123665408	17472835584	715.6	34	8
2025.18	0	579318	0	18123055104	17472835584	616.9	34	8
2026.19	0	579318	0	18123378688	17472835584	619.6	34	8
2027.19	0	579318	0	18123370496	17472835584	597.9	34	8
2028.19	0	579318	0	18122883072	17472835584	650.8	34	8
2029.20	0	579318	0	18122854400	17472835584	653.3	34	8
2030.20	0	579318	0	18122420224	17472835584	685.3	34	8
2031.21	0	579318	0	18122444800	17472835584	673.0	34	8
2032.21	0	582130	0	18126204928	17472843776	694.7	34	8
2033.22	0	583631	0	18127814656	17472843776	658.8	34	8
2034.22	0	583631	0	18127953920	17472843776	627.3	34	8
2035.23	0	583631	0	18127757312	17472843776	635.2	34	8
2036.23	0	583631	0	18127564800	17472843776	600.7	34	8
2037.23	0	583631	0	18127630336	17472843776	623.0	34	8
2038.24	0	583631	0	18127499264	17472843776	587.4	34	8
2039.24	0	583631	0	18126962688	17472843776	611.5	34	8
2040.25	0	583631	0	18127421440	17472843776	669.6	34	8
2041.25	0	583631	0	18127355904	17472843776	604.8	34	8
2042.25	0	583631	0	18127372288	17472843776	626.7	34	8
2043.26	0	583631	0	18126381056	17472843776	644.8	34	8
2044.26	0	583631	0	18126774272	17472843776	664.0	34	8
2045.27	0	583631	0	18126675968	17472843776	611.9	34	8
2046.27	0	583631	0	18126880768	17472847872	606.0	34	8
2047.28	0	583631	0	18127003648	17472847872	602.6	34	8
2048.28	0	583631	0	18127216640	17472847872	587.3	34	8
2049.29	0	583631	0	18127192064	17472847872	619.7	34	8
2050.29	0	583631	0	18126909440	17472847872	591.3	34	8
2051.29	0	583631	0	18127597568	17472847872	635.7	34	8
2052.30	0	583631	0	18127052800	17472847872	655.6	34	8
2053.30	0	583631	0	18126254080	17472847872	577.4	34	8
2054.31	0	583631	0	18126168064	17472847872	605.1	34	8
2055.31	0	583631	0	18126249984	17472847872	655.6	34	8
2056.32	0	583631	0	18126352384	17472847872	621.1	34	8
2057.32	0	583631	0	18125987840	17472847872	618.3	34	8
2058.32	0	583631	0	18126241792	17472847872	634.7	34	8
2059.33	0	583631	0	18126168064	17472847872	615.6	34	8
2060.33	0	583631	0	18126376960	17472847872	620.7	34	8
2061.34	0	583631	0	18126254080	17472847872	620.7	34	8
2062.34	0	583631	0	18126667776	17472847872	618.6	34	8
2063.35	0	583631	0	18126753792	17472847872	613.7	34	8
2064.35	0	583631	0	18126438400	17472847872	640.9	34	8
2065.35	0	583631	0	18126569472	17472851968	668.8	34	8
2066.36	0	583631	0	18126839808	17472856064	686.7	34	8
2067.36	0	583631	0	18127089664	17472856064	625.6	34	8
2068.37	0	583631	0	18127208448	17472856064	627.9	34	8
2069.37	0	583631	0	18127392768	17472856064	675.7	34	8
2070.37	0	583631	0	18127147008	17472856064	680.5	34	8
2071.38	0	583631	0	18126508032	17472856064	657.5	34	8
2072.38	0	583631	0	18126520320	17472856064	600.7	34	8
2073.39	0	583631	0	18127036416	17472860160	616.4	34	8
2074.39	0	583631	0	18127343616	17472860160	652.2	34	8
2075.40	0	583631	0	18127486976	17472860160	684.3	34	8
2076.40	0	583631	0	18126794752	17472860160	762.3	34	8
2077.40	0	583631	0	18126958592	17472860160	615.3	34	8
2078.41	0	583631	0	18127077376	17472860160	658.7	34	8
2079.41	0	583631	0	18126585856	17472860160	630.3	34	8
2080.42	0	583631	0	18126839808	17472860160	634.3	34	8
2081.42	0	583631	0	18127294464	17472860160	603.9	34	8
2082.42	0	583631	0	18126921728	17472860160	653.4	34	8
2083.43	0	583631	0	18126872576	17472860160	651.8	34	8
2084.43	0	583631	0	18126516224	17472860160	680.2	34	8
2085.44	0	583631	0	18127233024	17472860160	615.9	34	8
2086.44	0	583631	0	18127290368	17472860160	561.9	34	8
2087.45	0	583631	0	18127147008	17472860160	604.2	34	8
2088.45	0	583631	0	18127360000	17472860160	643.0	34	8
2089.45	0	583631	0	18126884864	17472860160	648.1	34	8
2090.46	0	583631	0	18126942208	17472860160	723.2	34	8
2091.46	0	583631	0	18127024128	17472876544	645.6	34	8
2092.47	0	583631	0	18126934016	17472876544	609.2	34	8
2093.47	0	583631	0	18127056896	17472876544	647.8	34	8
2094.47	0	583631	0	18127011840	17472876544	633.2	34	8
2095.48	0	583631	0	18127151104	17472884736	607.5	34	8
2096.48	0	583631	0	18127687680	17472884736	620.1	34	8
2097.49	0	583631	0	18127486976	17472884736	658.6	34	8
2098.49	0	583631	0	18127478784	17472884736	657.9	34	8
2099.49	0	583631	0	18127237120	17472884736	679.9	34	8
2100.50	0	583631	0	18127396864	17472888832	644.3	34	8
2101.50	0	583631	0	18127822848	17472897024	596.0	34	8
2102.51	0	583631	0	18127962112	17472897024	630.0	34	8
2103.51	0	583631	0	18127544320	17472897024	667.3	34	8
2104.52	0	583631	0	18127151104	17472897024	676.7	34	8
2105.52	0	583631	0	18127093760	17472897024	603.2	34	8
2106.52	0	583631	0	18127339520	17472897024	598.8	34	8
2107.53	0	583631	0	18127572992	17472897024	616.2	34	8
2108.53	0	583631	0	18127847424	17472901120	624.0	34	8
2109.54	0	583631	0	18127388672	17472905216	634.2	34	8
2110.54	0	583631	0	18127638528	17472909312	642.2	34	8
2111.54	0	583631	0	18127495168	17472909312	683.8	34	8
2112.55	0	583631	0	18127335424	17472909312	668.6	34	8
2113.55	0	583631	0	18127327232	17472909312	637.4	34	8
2114.56	0	583631	0	18126237696	17472909312	668.1	34	8
2115.56	0	583631	0	18126471168	17472909312	603.0	34	8
2116.57	0	583631	0	18126901248	17472909312	667.6	34	8
2117.57	0	583631	0	18127360000	17472917504	605.5	34	8
2118.57	0	583631	0	18127769600	17472921600	611.6	34	8
2119.58	0	583631	0	18127040512	17472921600	607.6	34	8
2120.58	0	583631	0	18126852096	17472921600	626.5	34	8
2121.59	0	583631	0	18126721024	17472921600	684.0	34	8
2122.59	0	583631	0	18126708736	17472921600	589.5	34	8
2123.59	0	583631	0	18127122432	17472921600	654.8	34	8
2124.60	0	583631	0	18127155200	17472921600	641.3	34	8
2125.60	0	583631	0	18127224832	17472921600	642.5	34	8
2126.61	0	583631	0	18127519744	17472921600	637.7	34	8
2127.61	0	583631	0	18127708160	17472921600	676.2	34	8
2128.61	0	583631	0	18126946304	17472921600	640.4	34	8
2129.62	0	583631	0	18126987264	17472921600	595.6	34	8
2130.62	0	583631	0	18127183872	17472921600	646.4	34	8
2131.63	0	583631	0	18127179776	17472921600	606.0	34	8
2132.63	0	583631	0	18127495168	17472921600	608.5	34	8
2133.64	0	583631	0	18127474688	17472921600	663.7	34	8
2134.64	0	583631	0	18127097856	17472921600	679.7	34	8
2135.64	0	583631	0	18127372288	17472933888	663.9	34	8
2136.65	0	583631	0	18126983168	17472933888	607.7	34	8
2137.65	0	583631	0	18127118336	17472933888	603.9	34	8
2138.66	0	583631	0	18127249408	17472933888	606.9	34	8
2139.66	0	583631	0	18127171584	17472933888	652.0	34	8
2140.66	0	583631	0	18127376384	17472933888	632.2	34	8
2141.67	0	583631	0	18127425536	17472933888	643.9	34	8
2142.67	0	583631	0	18127495168	17472933888	629.5	34	8
2143.68	0	583631	0	18127187968	17472933888	642.7	34	8
2144.68	0	583631	0	18127069184	17472933888	618.8	34	8
2145.68	0	583631	0	18127470592	17472933888	655.5	34	8
2146.69	0	583631	0	18127347712	17472933888	592.1	34	8
2147.69	0	583631	0	18127388672	17472933888	620.6	34	8
2148.70	0	583631	0	18127110144	17472933888	673.6	34	8
2149.70	0	584568	0	18128404480	17472933888	615.2	34	8
2150.70	0	588517	0	18131996672	17472933888	690.3	34	8
2151.71	0	588517	0	18131423232	17472933888	639.2	34	8
2152.71	0	588517	0	18132213760	17472937984	707.6	34	8
2153.72	0	588517	0	18132049920	17472937984	696.4	34	8
2154.72	0	588517	0	18131791872	17472937984	610.8	34	8
2155.73	0	588517	0	18131947520	17472937984	645.7	34	8
2156.73	0	588517	0	18131787776	17472937984	624.3	34	8
2157.73	0	588517	0	18132303872	17472937984	614.2	34	8
2158.74	0	588517	0	18132799488	17472937984	616.6	34	8
2159.74	0	588517	0	18132168704	17472937984	629.8	34	8
2160.75	0	588517	0	18132246528	17472937984	622.7	34	8
2161.75	0	588517	0	18132320256	17472937984	626.9	34	8
2162.76	0	588517	0	18132299776	17472937984	631.8	34	8
2163.76	0	588517	0	18132217856	17472937984	614.4	34	8
2164.76	0	588517	0	18131681280	17472937984	583.8	34	8
2165.77	0	592666	0	18137325568	17472937984	716.4	34	8
2166.77	0	597732	0	18141519872	17472937984	772.4	34	8
2167.78	0	602834	0	18147561472	17472937984	770.8	34	8
2168.78	0	607968	0	18152706048	17472937984	732.1	34	8
2169.78	0	613069	0	18157395968	17472937984	700.8	34	8
2170.79	0	618155	0	18162905088	17472950272	706.3	34	8
2171.79	0	620720	0	18164744192	17472950272	667.3	34	8
2172.80	0	620720	0	18165067776	17472958464	637.5	34	8
2173.80	0	620720	0	18164846592	17472958464	643.5	34	8
2174.81	0	620720	0	18164555776	17472958464	661.1	34	8
2175.81	0	620720	0	18164318208	17472958464	600.4	34	8
2176.81	0	620720	0	18164305920	17472958464	672.5	34	8
2177.82	0	620720	0	18164404224	17472958464	606.3	34	8
2178.82	0	620720	0	18164424704	17472958464	605.9	34	8
2179.83	0	620720	0	18163929088	17472958464	601.2	34	8
2180.83	0	620720	0	18164539392	17472958464	595.0	34	8
2181.84	0	620720	0	18164453376	17472958464	697.7	34	8
2182.84	0	621131	0	18165616640	17472958464	623.3	34	8
2183.84	0	625655	0	18170540032	17472958464	691.7	34	8
2184.85	0	625655	0	18169892864	17472958464	643.9	34	8
2185.85	0	625655	0	18169958400	17472962560	669.8	34	8
2186.86	0	625655	0	18170306560	17472962560	596.9	34	8
2187.86	0	625655	0	18170474496	17472962560	664.0	34	8
2188.86	0	625655	0	18170552320	17472962560	651.2	34	8
2189.87	0	625655	0	18170109952	17472966656	623.7	34	8
2190.87	0	625655	0	18170507264	17472966656	628.2	34	8
2191.88	0	625655	0	18170499072	17472966656	630.4	34	8
2192.88	0	625655	0	18170249216	17472966656	638.9	34	8
2193.89	0	625655	0	18170163200	17472966656	644.2	34	8
2194.89	0	625655	0	18170437632	17472966656	621.8	34	8
2195.89	0	625655	0	18170470400	17472966656	617.4	34	8
2196.90	0	625655	0	18170421248	17472966656	707.2	34	8
2197.90	0	628958	0	18174464000	17472966656	756.2	34	8
2198.91	0	630014	0	18175832064	17472966656	678.9	34	8
2199.91	0	630014	0	18174885888	17472966656	591.3	34	8
2200.92	0	630014	0	18174693376	17472966656	636.2	34	8
2201.92	0	630014	0	18174943232	17472966656	644.3	34	8
2202.92	0	630014	0	18175262720	17472978944	631.5	34	8
2203.93	0	630014	0	18175283200	17472978944	640.6	34	8
2204.93	0	630014	0	18174504960	17472978944	580.7	34	8
2205.94	0	630014	0	18174713856	17472978944	607.4	34	8
2206.94	0	630014	0	18174963712	17472978944	640.7	34	8
2207.94	0	630014	0	18174865408	17472978944	666.2	34	8
2208.95	0	630014	0	18174660608	17472978944	658.6	34	8
2209.95	0	630014	0	18174595072	17472978944	637.6	34	8
2210.96	0	630014	0	18174767104	17472978944	611.6	34	8
2211.96	0	630014	0	18174844928	17472978944	619.1	34	8
2212.96	0	630014	0	18175406080	17472983040	663.7	34	8
2213.97	0	630014	0	18174959616	17472999424	651.6	34	8
2214.97	0	630014	0	18174861312	17473003520	623.5	34	8
2215.98	0	630014	0	18175209472	17473003520	605.8	34	8
2216.98	0	630014	0	18174742528	17473003520	618.3	34	8
2217.99	0	630014	0	18175180800	17473003520	647.0	34	8
2218.99	0	630014	0	18176016384	17473015808	688.4	34	8
2219.99	0	630014	0	18175619072	17473015808	667.1	34	8
2221.00	0	630014	0	18175569920	17473015808	608.5	34	8
2222.00	0	630014	0	18175418368	17473040384	597.6	34	8
2223.01	0	630014	0	18175590400	17473040384	606.6	34	8
2224.01	0	630014	0	18175238144	17473073152	610.9	34	8
2225.01	0	630014	0	18175393792	17473073152	659.0	34	8
2226.02	0	630014	0	18175467520	17473073152	678.8	34	8
2227.02	0	630014	0	18175913984	17473073152	625.1	34	8
2228.03	0	630014	0	18176139264	17473073152	654.9	34	8
2229.03	0	630014	0	18175336448	17473073152	609.9	34	8
2230.04	0	630014	0	18174820352	17473073152	630.6	34	8
2231.04	0	630014	0	18175447040	17473073152	686.9	34	8
2232.04	0	630014	0	18175373312	17473073152	616.1	34	8
2233.05	0	630014	0	18175336448	17473073152	658.0	34	8
2234.05	0	630014	0	18175275008	17473073152	575.2	34	8
2235.06	0	630014	0	18175528960	17473073152	599.8	34	8
2236.06	0	630014	0	18175475712	17473073152	652.6	34	8
2237.06	0	630014	0	18175266816	17473073152	661.8	34	8
2238.07	0	630014	0	18175463424	17473073152	663.3	34	8
2239.07	0	630014	0	18174480384	17473073152	584.6	34	8
2240.08	0	630014	0	18175094784	17473077248	617.2	34	8
2241.08	0	630014	0	18174742528	17473077248	616.0	34	8
2242.09	0	630014	0	18174889984	17473077248	616.4	34	8
2243.09	0	630014	0	18174918656	17473077248	648.1	34	8
2244.09	0	630014	0	18174373888	17473077248	630.7	34	8
2245.10	0	630014	0	18174705664	17473077248	624.6	34	8
2246.10	0	630014	0	18174894080	17473081344	625.6	34	8
2247.11	0	630014	0	18175438848	17473081344	594.2	34	8
2248.11	0	630014	0	18175655936	17473081344	641.6	34	8
2249.11	0	630014	0	18175000576	17473081344	580.0	34	8
2250.12	0	630014	0	18175094784	17473081344	640.2	34	8
2251.12	0	630014	0	18174980096	17473081344	674.7	34	8
2252.13	0	630014	0	18174980096	17473085440	632.6	34	8
2253.13	0	630014	0	18175471616	17473085440	605.6	34	8
2254.14	0	630014	0	18174791680	17473085440	679.2	34	8
2255.14	0	630014	0	18175578112	17473085440	594.7	34	8
2256.14	0	630014	0	18175528960	17473085440	645.6	34	8
2257.15	0	630014	0	18175361024	17473085440	620.5	34	8
2258.15	0	630014	0	18175078400	17473085440	659.3	34	8
2259.16	0	630014	0	18175430656	17473085440	621.1	34	8
2260.16	0	630014	0	18175361024	17473085440	625.2	34	8
2261.17	0	630014	0	18175344640	17473085440	619.5	34	8
2262.17	0	630014	0	18175836160	17473085440	623.7	34	8
2263.17	0	630014	0	18175782912	17473085440	628.1	34	8
2264.18	0	630014	0	18175541248	17473085440	641.6	34	8
2265.18	0	630014	0	18176286720	17473085440	667.6	34	8
2266.19	0	630014	0	18175287296	17473085440	639.5	34	8
2267.19	0	630014	0	18175840256	17473085440	618.3	34	8
2268.19	0	630014	0	18175750144	17473085440	675.2	34	8
2269.20	0	630014	0	18175488000	17473085440	592.6	34	8
2270.20	0	630014	0	18175643648	17473085440	625.8	34	8
2271.21	0	630014	0	18175266816	17473085440	620.8	34	8
2272.21	0	630014	0	18175287296	17473085440	632.4	34	8
2273.22	0	630014	0	18175549440	17473085440	661.0	34	8
2274.22	0	630014	0	18175201280	17473085440	606.0	34	8
2275.22	0	630014	0	18175778816	17473085440	600.3	34	8
2276.23	0	630014	0	18175516672	17473085440	652.5	34	8
2277.23	0	630014	0	18175336448	17473093632	605.9	34	8
2278.24	0	630014	0	18175447040	17473093632	658.0	34	8
2279.24	0	630014	0	18175311872	17473093632	655.2	34	8
2280.24	0	630014	0	18175152128	17473093632	611.2	34	8
2281.25	0	630014	0	18175311872	17473093632	607.1	34	8
2282.25	0	630014	0	18175610880	17473093632	642.8	34	8
2283.26	0	630014	0	18175336448	17473093632	659.3	34	8
2284.26	0	630014	0	18174906368	17473093632	635.5	34	8
2285.27	0	630014	0	18175496192	17473093632	631.2	34	8
2286.27	0	630014	0	18175291392	17473093632	607.1	34	8
2287.27	0	630014	0	18174902272	17473093632	661.5	34	8
2288.28	0	630014	0	18174795776	17473093632	637.1	34	8
2289.28	0	630014	0	18175086592	17473093632	620.3	34	8
2290.29	0	630014	0	18175016960	17473093632	623.0	34	8
2291.29	0	630014	0	18174832640	17473093632	621.9	34	8
2292.29	0	630014	0	18174865408	17473093632	624.9	34	8
2293.30	0	630014	0	18175311872	17473093632	601.7	34	8
2294.30	0	630014	0	18174906368	17473093632	610.6	34	8
2295.31	0	630014	0	18174889984	17473093632	641.7	34	8
2296.31	0	630014	0	18174943232	17473093632	630.0	34	8
2297.32	0	630014	0	18175217664	17473093632	615.4	34	8
2298.32	0	630014	0	18175135744	17473093632	614.9	34	8
2299.32	0	630014	0	18174574592	17473093632	600.0	34	8
2300.33	0	630014	0	18174599168	17473093632	700.9	34	8
2301.33	0	630014	0	18175168512	17473093632	615.1	34	8
2302.34	0	630014	0	18174582784	17473093632	667.4	34	8
2303.34	0	630014	0	18174767104	17473093632	632.6	34	8
2304.34	0	630014	0	18174971904	17473093632	615.9	34	8
2305.35	0	630014	0	18174787584	17473093632	630.7	34	8
2306.35	0	630014	0	18174853120	17473093632	649.8	34	8
2307.36	0	630014	0	18174767104	17473093632	632.8	34	8
2308.36	0	630014	0	18174808064	17473093632	625.5	34	8
2309.36	0	630014	0	18175152128	17473093632	627.1	34	8
2310.37	0	630014	0	18175389696	17473097728	627.8	34	8
2311.37	0	630014	0	18175774720	17473110016	662.0	34	8
2312.38	0	630014	0	18175123456	17473110016	644.5	34	8
2313.38	0	632480	0	18178142208	17473110016	722.7	34	8
2314.39	0	635060	0	18180288512	17473110016	709.6	34	8
2315.39	0	635060	0	18180804608	17473110016	652.6	34	8
2316.39	0	635060	0	18180943872	17473110016	640.9	34	8
2317.40	0	635060	0	18180448256	17473110016	706.1	34	8
2318.40	0	635060	0	18180870144	17473110016	623.8	34	8
2319.41	0	635060	0	18180481024	17473122304	676.8	34	8
2320.41	0	635060	0	18180837376	17473122304	600.7	34	8
2321.41	0	635060	0	18180730880	17473122304	653.0	34	8
2322.42	0	635060	0	18181148672	17473126400	656.0	34	8
2323.42	0	635060	0	18181210112	17473126400	644.9	34	8
2324.43	0	635060	0	18180976640	17473126400	659.6	34	8
2325.43	0	635060	0	18181009408	17473126400	607.7	34	8
2326.44	0	635060	0	18180440064	17473126400	670.5	34	8
2327.44	0	635060	0	18180632576	17473126400	620.1	34	8
2328.44	0	638765	0	18185142272	17473126400	760.4	34	8
2329.45	0	643752	0	18190491648	17473126400	741.2	34	8
2330.45	0	648754	0	18195849216	17473126400	731.7	34	8
2331.46	0	653773	0	18200154112	17473126400	784.1	34	8
2332.46	0	658804	0	18205683712	17473126400	744.8	34	8
2333.46	0	663921	0	18210914304	17473126400	719.3	34	8
2334.47	0	667706	0	18214481920	17473126400	756.7	34	8
2335.47	0	667706	0	18214043648	17473126400	626.7	34	8
2336.48	0	667706	0	18214047744	17473126400	630.2	34	8
2337.48	0	667706	0	18214453248	17473126400	628.4	34	8
2338.48	0	667706	0	18214146048	17473126400	617.7	34	8
2339.49	0	667706	0	18214178816	17473126400	723.4	34	8
2340.49	0	667706	0	18214174720	17473126400	622.5	34	8
2341.50	0	667706	0	18214449152	17473126400	635.5	34	8
2342.50	0	667706	0	18214604800	17473126400	625.0	34	8
2343.51	0	667706	0	18213838848	17473126400	692.4	34	8
2344.51	0	667706	0	18213531648	17473126400	629.3	34	8
2345.51	0	667706	0	18214236160	17473126400	611.5	34	8
2346.52	0	671820	0	18219012096	17473126400	760.7	34	8
2347.52	0	672707	0	18219610112	17473126400	695.4	34	8
2348.53	0	672707	0	18219732992	17473126400	667.3	34	8
2349.53	0	672707	0	18219749376	17473126400	621.9	34	8
2350.54	0	672707	0	18219331584	17473126400	623.6	34	8
2351.54	0	672707	0	18219679744	17473126400	687.3	34	8
2352.54	0	672707	0	18218745856	17473126400	575.9	34	8
2353.55	0	672707	0	18218196992	17473126400	615.1	34	8
2354.55	0	672707	0	18218184704	17473126400	616.0	34	8
2355.56	0	672707	0	18218188800	17473126400	629.5	34	8
2356.56	0	672707	0	18217979904	17473126400	634.5	34	8
2357.57	0	672707	0	18218053632	17473126400	659.3	34	8
2358.57	0	672707	0	18217750528	17473126400	659.8	34	8
2359.58	0	672707	0	18218196992	17473126400	601.6	34	8
2360.58	0	672707	0	18218082304	17473126400	590.8	34	8
2361.59	0	674350	0	18220228608	17473126400	685.9	34	8
2362.59	0	677063	0	18222174208	17473126400	737.1	34	8
2363.60	0	677063	0	18222452736	17473126400	654.0	34	8
2364.60	0	677063	0	18222403584	17473126400	596.9	34	8
2365.60	0	677063	0	18222739456	17473126400	643.0	34	8
2366.61	0	677063	0	18222669824	17473126400	610.0	34	8
2367.61	0	677063	0	18223153152	17473134592	647.3	34	8
2368.62	0	677063	0	18222833664	17473134592	602.1	34	8
2369.62	0	677063	0	18223161344	17473134592	610.4	34	8
2370.63	0	677063	0	18222538752	17473134592	670.7	34	8
2371.63	0	677063	0	18222919680	17473134592	655.4	34	8
2372.63	0	677063	0	18222764032	17473134592	640.9	34	8
2373.64	0	677063	0	18222862336	17473134592	603.7	34	8
2374.64	0	677063	0	18222714880	17473134592	643.7	34	8
2375.65	0	677063	0	18222706688	17473134592	645.2	34	8
2376.65	0	677063	0	18223181824	17473134592	622.5	34	8
2377.66	0	677063	0	18222735360	17473134592	609.7	34	8
2378.66	0	677063	0	18222731264	17473134592	653.0	34	8
2379.66	0	677063	0	18222653440	17473134592	616.2	34	8
2380.67	0	677063	0	18222907392	17473134592	602.7	34	8
2381.67	0	677063	0	18222977024	17473134592	594.5	34	8
2382.68	0	677063	0	18223079424	17473134592	631.8	34	8
2383.68	0	677063	0	18223042560	17473134592	603.7	34	8
2384.69	0	677063	0	18222813184	17473134592	645.0	34	8
2385.69	0	677063	0	18223181824	17473134592	635.0	34	8
2386.70	0	677063	0	18223116288	17473134592	706.1	34	8
2387.70	0	677063	0	18223505408	17473134592	620.3	34	8
2388.70	0	677063	0	18223349760	17473134592	615.9	34	8
2389.71	0	677063	0	18223017984	17473134592	613.8	34	8
2390.71	0	677063	0	18222751744	17473134592	641.6	34	8
2391.72	0	677063	0	18222948352	17473138688	632.5	34	8
2392.72	0	677063	0	18223218688	17473138688	606.1	34	8
2393.73	0	677063	0	18223357952	17473138688	626.3	34	8
2394.73	0	677063	0	18223108096	17473138688	602.8	34	8
2395.74	0	677063	0	18223276032	17473138688	646.8	34	8
2396.74	0	677063	0	18222567424	17473138688	614.1	34	8
2397.74	0	677063	0	18223230976	17473138688	600.4	34	8
2398.75	0	677063	0	18223198208	17473138688	646.4	34	8
2399.75	0	677063	0	18222710784	17473138688	597.4	34	8
2400.76	0	677063	0	18223345664	17473142784	664.5	34	8
2401.76	0	677063	0	18223411200	17473142784	622.0	34	8
2402.76	0	677063	0	18223144960	17473142784	609.3	34	8
2403.77	0	677063	0	18222571520	17473142784	630.6	34	8
2404.77	0	677063	0	18222563328	17473142784	680.0	34	8
2405.78	0	677063	0	18222903296	17473142784	667.3	34	8
2406.78	0	677063	0	18222862336	17473142784	587.6	34	8
2407.78	0	677063	0	18223366144	17473142784	663.2	34	8
2408.79	0	677063	0	18223239168	17473142784	657.6	34	8
2409.79	0	677063	0	18223710208	17473146880	684.2	34	8
2410.80	0	677063	0	18224054272	17473146880	616.9	34	8
2411.80	0	677063	0	18223620096	17473150976	629.1	34	8
2412.81	0	677063	0	18223521792	17473150976	657.4	34	8
2413.81	0	677063	0	18223669248	17473150976	612.1	34	8
2414.82	0	677063	0	18224005120	17473150976	646.6	34	8
2415.82	0	677063	0	18224427008	17473150976	665.9	34	8
2416.82	0	677063	0	18223419392	17473150976	619.9	34	8
2417.83	0	677063	0	18223706112	17473150976	610.2	34	8
2418.83	0	677063	0	18223747072	17473150976	642.0	34	8
2419.84	0	677063	0	18223714304	17473163264	611.8	34	8
2420.84	0	677063	0	18223927296	17473163264	630.6	34	8
2421.85	0	677063	0	18223726592	17473163264	661.9	34	8
2422.85	0	677063	0	18223632384	17473167360	621.3	34	8
2423.86	0	677063	0	18223423488	17473167360	657.0	34	8
2424.86	0	677063	0	18222542848	17473167360	602.0	34	8
2425.86	0	677063	0	18223124480	17473167360	639.2	34	8
2426.87	0	677063	0	18223063040	17473171456	673.4	34	8
2427.87	0	677063	0	18223427584	17473171456	707.8	34	8
2428.88	0	677063	0	18223837184	17473171456	657.5	34	8
2429.88	0	677063	0	18223230976	17473171456	614.8	34	8
2430.89	0	677063	0	18223718400	17473171456	615.7	34	8
2431.89	0	677063	0	18223607808	17473171456	628.7	34	8
2432.90	0	677063	0	18223923200	17473171456	597.8	34	8
2433.90	0	677063	0	18223661056	17473171456	647.1	34	8
2434.90	0	677063	0	18223382528	17473171456	667.3	34	8
2435.91	0	677063	0	18224517120	17473171456	607.8	34	8
2436.91	0	677063	0	18224275456	17473171456	644.0	34	8
2437.92	0	677063	0	18223906816	17473171456	626.7	34	8
2438.92	0	677063	0	18223722496	17473171456	614.3	34	8
2439.93	0	677063	0	18223853568	17473175552	635.9	34	8
2440.93	0	677063	0	18224504832	17473179648	618.7	34	8
2441.93	0	677063	0	18224869376	17473179648	618.0	34	8
2442.94	0	677063	0	18224693248	17473179648	634.4	34	8
2443.94	0	677063	0	18224418816	17473179648	616.5	34	8
2444.95	0	677063	0	18224226304	17473179648	692.1	34	8
2445.95	0	677063	0	18224377856	17473179648	661.0	34	8
2446.96	0	677063	0	18224058368	17473179648	692.2	34	8
2447.96	0	677063	0	18224128000	17473179648	619.6	34	8
2448.97	0	677063	0	18224197632	17473179648	627.3	34	8
2449.97	0	677063	0	18223616000	17473179648	647.7	34	8
2450.97	0	677063	0	18224107520	17473179648	613.4	34	8
2451.98	0	677063	0	18223230976	17473179648	739.5	34	8
2452.98	0	677063	0	18223505408	17473179648	636.5	34	8
2453.99	0	677063	0	18223681536	17473179648	644.3	34	8
2454.99	0	677063	0	18223751168	17473179648	615.3	34	8
2456.00	0	677063	0	18224177152	17473179648	641.1	34	8
2457.00	0	677063	0	18224435200	17473179648	645.1	34	8
2458.00	0	677063	0	18224340992	17473179648	607.0	34	8
2459.01	0	677063	0	18223960064	17473179648	622.0	34	8
2460.01	0	677063	0	18223833088	17473179648	680.6	34	8
2461.02	0	677063	0	18224037888	17473179648	696.6	34	8
2462.02	0	677063	0	18224439296	17473179648	627.6	34	8
2463.03	0	677063	0	18223476736	17473183744	633.6	34	8
2464.03	0	677063	0	18223099904	17473183744	690.9	34	8
2465.04	0	677063	0	18223341568	17473183744	674.6	34	8
2466.04	0	677063	0	18223566848	17473191936	610.8	34	8
2467.04	0	677063	0	18223423488	17473191936	629.9	34	8
2468.05	0	677063	0	18223882240	17473191936	618.4	34	8
2469.05	0	677063	0	18223587328	17473191936	667.9	34	8
2470.06	0	677063	0	18223472640	17473191936	630.0	34	8
2471.06	0	677063	0	18223882240	17473191936	628.0	34	8
2472.07	0	677063	0	18223661056	17473191936	656.0	34	8
2473.07	0	677063	0	18223906816	17473191936	635.0	34	8
2474.07	0	677063	0	18223902720	17473191936	648.0	34	8
2475.08	0	677063	0	18223558656	17473191936	592.4	34	8
2476.08	0	677063	0	18223878144	17473191936	644.7	34	8
2477.09	0	681998	0	18229551104	17473191936	768.5	34	8
2478.09	0	682080	0	18229960704	17473191936	647.3	34	8
2479.10	0	682080	0	18229411840	17473191936	670.7	34	8
2480.10	0	682080	0	18228985856	17473191936	649.4	34	8
2481.10	0	682080	0	18228908032	17473191936	619.6	34	8
2482.11	0	682080	0	18228805632	17473191936	602.0	34	8
2483.11	0	682080	0	18228781056	17473191936	634.7	34	8
2484.12	0	682080	0	18228518912	17473196032	710.3	34	8
2485.12	0	682080	0	18228609024	17473196032	633.7	34	8
2486.13	0	682080	0	18228666368	17473196032	611.4	34	8
2487.13	0	682080	0	18228539392	17473196032	618.2	34	8
2488.14	0	682080	0	18228375552	17473196032	646.9	34	8
2489.14	0	682080	0	18228420608	17473196032	646.4	34	8
2490.14	0	682080	0	18228502528	17473196032	630.6	34	8
2491.15	0	682524	0	18229460992	17473196032	621.5	34	8
2492.15	0	687613	0	18234785792	17473196032	693.3	34	8
2493.16	0	692747	0	18239795200	17473196032	740.7	34	8
2494.16	0	697881	0	18245136384	17473196032	739.8	34	8
2495.16	0	703015	0	18250391552	17473196032	745.9	34	8
2496.17	0	708148	0	18255843328	17473196032	773.6	34	8
2497.17	0	713263	0	18260815872	17473196032	696.5	34	8
2498.18	0	714777	0	18262130688	17473196032	652.3	34	8
2499.18	0	714777	0	18262081536	17473196032	603.5	34	8
2500.19	0	714777	0	18262175744	17473196032	651.4	34	8
2501.19	0	714777	0	18262171648	17473196032	712.1	34	8
2502.19	0	714777	0	18262704128	17473200128	594.5	34	8
2503.20	0	714777	0	18262560768	17473200128	632.3	34	8
2504.20	0	714777	0	18263162880	17473200128	643.9	34	8
2505.21	0	714777	0	18263056384	17473200128	650.2	34	8
2506.21	0	714777	0	18263339008	17473200128	609.7	34	8
2507.21	0	714777	0	18262257664	17473200128	617.0	34	8
2508.22	0	714777	0	18262245376	17473200128	648.9	34	8
2509.22	0	717963	0	18266009600	17473200128	694.2	34	8
2510.23	0	719823	0	18267963392	17473200128	702.6	34	8
2511.23	0	719823	0	18268114944	17473200128	593.8	34	8
2512.24	0	719823	0	18267885568	17473200128	623.1	34	8
2513.24	0	719823	0	18268299264	17473200128	632.2	34	8
2514.25	0	719823	0	18268037120	17473200128	641.9	34	8
2515.25	0	719823	0	18267246592	17473200128	621.3	34	8
2516.25	0	719823	0	18267705344	17473200128	646.0	34	8
2517.26	0	719823	0	18267860992	17473200128	597.7	34	8
2518.26	0	719823	0	18267959296	17473200128	675.1	34	8
2519.27	0	719823	0	18267975680	17473200128	618.9	34	8
2520.27	0	719823	0	18267394048	17473200128	601.2	34	8
2521.27	0	719823	0	18267877376	17473200128	630.4	34	8
2522.28	0	719823	0	18267639808	17473200128	605.1	34	8
2523.28	0	719823	0	18267705344	17473200128	636.8	34	8
2524.29	0	724262	0	18272681984	17473200128	699.6	34	8
2525.29	0	724262	0	18272423936	17473200128	668.0	34	8
2526.30	0	724262	0	18272116736	17473200128	629.5	34	8
2527.30	0	724262	0	18272071680	17473200128	634.0	34	8
2528.30	0	724262	0	18272206848	17473200128	654.3	34	8
2529.31	0	724262	0	18272829440	17473216512	640.1	34	8
2530.31	0	724262	0	18272702464	17473216512	605.7	34	8
2531.32	0	724262	0	18273017856	17473216512	610.7	34	8
2532.32	0	724262	0	18272579584	17473216512	597.6	34	8
2533.33	0	724262	0	18272923648	17473216512	611.6	34	8
2534.33	0	724262	0	18272677888	17473216512	706.3	34	8
2535.33	0	724262	0	18273382400	17473216512	650.1	34	8
2536.34	0	724262	0	18272919552	17473216512	606.3	34	8
2537.34	0	724262	0	18273398784	17473216512	616.9	34	8
2538.35	0	724262	0	18273091584	17473216512	643.8	34	8
2539.35	0	724262	0	18272292864	17473216512	600.1	34	8
2540.35	0	724262	0	18272317440	17473216512	608.6	34	8
2541.36	0	724262	0	18272129024	17473216512	633.0	34	8
2542.36	0	724262	0	18272845824	17473220608	727.2	34	8
2543.37	0	724262	0	18272559104	17473224704	610.4	34	8
2544.37	0	724262	0	18272694272	17473224704	647.3	34	8
2545.38	0	724262	0	18272456704	17473224704	665.8	34	8
2546.38	0	724262	0	18272673792	17473224704	603.5	34	8
2547.38	0	724262	0	18272374784	17473228800	703.7	34	8
2548.39	0	724262	0	18272325632	17473228800	689.1	34	8
2549.39	0	724262	0	18271875072	17473228800	647.1	34	8
2550.40	0	724262	0	18270703616	17473228800	594.9	34	8
2551.40	0	724262	0	18270851072	17473228800	608.2	34	8
2552.41	0	724262	0	18271166464	17473228800	594.9	34	8
2553.41	0	724262	0	18271604736	17473228800	608.7	34	8
2554.41	0	724262	0	18271256576	17473228800	663.9	34	8
2555.42	0	724262	0	18271760384	17473228800	663.1	34	8
2556.42	0	724262	0	18271674368	17473228800	713.5	34	8
2557.43	0	724262	0	18271281152	17473228800	621.5	34	8
2558.43	0	724262	0	18271526912	17473228800	603.8	34	8
2559.43	0	724262	0	18271379456	17473228800	675.1	34	8
2560.44	0	724262	0	18271522816	17473228800	637.9	34	8
2561.44	0	724262	0	18271977472	17473228800	593.6	34	8
2562.45	0	724262	0	18272071680	17473228800	682.1	34	8
2563.45	0	724262	0	18272317440	17473228800	616.2	34	8
2564.46	0	724262	0	18271338496	17473228800	627.0	34	8
2565.46	0	724262	0	18271461376	17473228800	643.2	34	8
2566.46	0	724262	0	18271973376	17473228800	607.7	34	8
2567.47	0	724262	0	18271690752	17473228800	664.2	34	8
2568.47	0	724262	0	18271719424	17473228800	590.4	34	8
2569.48	0	724262	0	18271518720	17473228800	642.2	34	8
2570.48	0	724262	0	18271862784	17473228800	706.8	34	8
2571.48	0	724262	0	18271092736	17473228800	625.7	34	8
2572.49	0	724262	0	18271449088	17473228800	604.8	34	8
2573.49	0	724262	0	18272133120	17473232896	598.6	34	8
2574.50	0	724262	0	18271571968	17473236992	671.1	34	8
2575.50	0	724262	0	18272014336	17473253376	678.3	34	8
2576.51	0	724262	0	18272247808	17473253376	601.0	34	8
2577.51	0	724262	0	18272071680	17473253376	611.0	34	8
2578.51	0	724262	0	18271698944	17473253376	638.7	34	8
2579.52	0	724262	0	18271891456	17473253376	618.6	34	8
2580.52	0	724262	0	18272161792	17473253376	631.8	34	8
2581.53	0	724262	0	18272481280	17473253376	680.5	34	8
2582.53	0	724262	0	18272616448	17473253376	614.1	34	8
2583.53	0	724262	0	18272395264	17473253376	635.7	34	8
2584.54	0	724262	0	18272251904	17473253376	660.3	34	8
2585.54	0	724262	0	18272223232	17473253376	686.0	34	8
2586.55	0	724262	0	18272104448	17473253376	626.1	34	8
2587.55	0	724262	0	18272198656	17473253376	635.1	34	8
2588.56	0	724262	0	18272133120	17473253376	632.1	34	8
2589.56	0	724262	0	18271698944	17473253376	626.9	34	8
2590.56	0	724262	0	18271956992	17473253376	624.1	34	8
2591.57	0	724262	0	18271965184	17473253376	608.3	34	8
2592.57	0	724262	0	18272157696	17473253376	626.2	34	8
2593.58	0	724262	0	18271576064	17473253376	628.2	34	8
2594.58	0	724262	0	18272112640	17473253376	625.6	34	8
2595.58	0	724262	0	18272174080	17473253376	667.9	34	8
2596.59	0	724262	0	18272145408	17473253376	637.6	34	8
2597.59	0	724262	0	18272403456	17473253376	633.2	34	8
2598.60	0	724262	0	18272440320	17473253376	682.6	34	8
2599.60	0	724262	0	18271879168	17473253376	587.2	34	8
2600.60	0	724262	0	18272141312	17473253376	610.4	34	8
2601.61	0	724262	0	18272223232	17473253376	659.8	34	8
2602.61	0	724262	0	18271997952	17473253376	657.0	34	8
2603.62	0	724262	0	18272178176	17473253376	625.8	34	8
2604.62	0	724262	0	18272505856	17473269760	676.9	34	8
2605.63	0	724262	0	18272301056	17473269760	614.2	34	8
2606.63	0	724262	0	18272686080	17473269760	621.9	34	8
2607.63	0	724262	0	18272645120	17473269760	705.1	34	8
2608.64	0	724262	0	18272530432	17473269760	615.5	34	8
2609.64	0	724262	0	18272186368	17473269760	649.9	34	8
2610.65	0	724262	0	18272251904	17473269760	683.2	34	8
2611.65	0	724262	0	18272190464	17473269760	660.9	34	8
2612.65	0	724262	0	18271776768	17473269760	634.7	34	8
2613.66	0	724262	0	18271420416	17473269760	671.2	34	8
2614.66	0	724262	0	18271617024	17473269760	632.0	34	8
2615.67	0	724262	0	18271551488	17473269760	658.0	34	8
2616.67	0	724262	0	18272243712	17473269760	607.8	34	8
2617.68	0	724262	0	18272620544	17473269760	653.4	34	8
2618.68	0	724262	0	18272337920	17473269760	642.6	34	8
2619.68	0	724262	0	18271440896	17473269760	697.8	34	8
2620.69	0	724262	0	18271420416	17473269760	618.7	34	8
2621.69	0	724262	0	18271789056	17473269760	570.4	34	8
2622.70	0	724262	0	18271748096	17473269760	684.2	34	8
2623.70	0	724262	0	18271752192	17473269760	658.2	34	8
2624.71	0	724262	0	18271748096	17473269760	656.8	34	8
2625.71	0	724262	0	18272075776	17473269760	694.3	34	8
2626.71	0	724262	0	18271535104	17473269760	637.2	34	8
2627.72	0	724262	0	18271506432	17473269760	620.4	34	8
2628.72	0	724262	0	18271649792	17473269760	681.5	34	8
2629.73	0	724262	0	18271674368	17473269760	646.4	34	8
2630.73	0	724262	0	18271752192	17473269760	645.8	34	8
2631.73	0	724262	0	18272133120	17473269760	654.7	34	8
2632.74	0	724262	0	18272215040	17473269760	622.9	34	8
2633.74	0	724262	0	18272313344	17473269760	631.0	34	8
2634.75	0	724262	0	18272096256	17473273856	641.3	34	8
2635.75	0	724262	0	18272215040	17473273856	638.1	34	8
2636.76	0	726403	0	18274615296	17473273856	672.6	34	8
2637.76	0	729440	0	18277847040	17473273856	734.1	34	8
2638.76	0	729440	0	18278264832	17473273856	687.2	34	8
2639.77	0	729440	0	18277711872	17473273856	655.2	34	8
2640.77	0	729440	0	18277466112	17473273856	597.9	34	8
2641.78	0	729440	0	18277216256	17473273856	666.8	34	8
2642.78	0	729440	0	18276671488	17473273856	657.2	34	8
2643.79	0	729440	0	18276433920	17473273856	686.6	34	8
2644.79	0	729440	0	18276671488	17473273856	661.1	34	8
2645.79	0	729440	0	18276823040	17473273856	644.1	34	8
2646.80	0	729440	0	18276700160	17473273856	631.2	34	8
2647.80	0	729440	0	18277928960	17476464640	634.1	34	8
2648.81	0	729440	0	18278195200	17476464640	654.0	34	8
2649.81	0	729440	0	18278047744	17476472832	610.5	34	8
2650.81	0	729440	0	18278305792	17476472832	634.8	34	8
2651.82	0	731051	0	18280214528	17476476928	689.6	34	8
2652.82	0	736050	0	18285846528	17476476928	720.4	34	8
2653.83	0	740592	0	18291036160	17476476928	757.7	34	8
2654.83	0	745331	0	18296844288	17476476928	797.6	34	8
2655.84	0	750170	0	18299686912	17476476928	766.3	34	8
2656.84	0	755286	0	18305298432	17476476928	747.7	34	8
2657.85	0	760390	0	18310352896	17476673536	730.1	34	8
2658.85	0	762120	0	18312134656	17476673536	647.7	34	8
2659.86	0	762120	0	18312085504	17476673536	675.5	34	8
2660.86	0	762120	0	18312044544	17476673536	651.0	34	8
2661.86	0	762120	0	18311700480	17476673536	602.0	34	8
2662.87	0	762120	0	18312228864	17476673536	634.3	34	8
2663.87	0	762120	0	18312294400	17476673536	714.8	34	8
2664.88	0	762120	0	18312007680	17476673536	650.0	34	8
2665.88	0	762120	0	18311892992	17476673536	594.0	34	8
2666.89	0	762120	0	18312044544	17476673536	662.2	34	8
2667.89	0	762120	0	18312273920	17476677632	621.4	34	8
2668.89	0	762894	0	18313777152	17476677632	678.1	34	8
2669.90	0	767086	0	18317504512	17476677632	699.8	34	8
2670.90	0	767086	0	18317668352	17476677632	667.8	34	8
2671.91	0	767086	0	18316468224	17476677632	578.9	34	8
2672.91	0	767086	0	18317066240	17476677632	643.3	34	8
2673.92	0	767086	0	18317545472	17476677632	591.4	34	8
2674.92	0	767086	0	18317348864	17476677632	622.0	34	8
2675.92	0	767086	0	18317021184	17476677632	652.7	34	8
2676.93	0	767086	0	18317365248	17476677632	619.6	34	8
2677.93	0	767086	0	18316517376	17476677632	626.4	34	8
2678.94	0	767086	0	18317111296	17476677632	634.4	34	8
2679.94	0	767086	0	18316845056	17476677632	597.2	34	8
2680.95	0	767086	0	18317017088	17476677632	672.2	34	8
2681.95	0	767086	0	18316795904	17476677632	644.3	34	8
2682.95	0	767086	0	18317357056	17476677632	616.8	34	8
2683.96	0	771463	0	18322350080	17476677632	726.4	34	8
2684.96	0	771463	0	18322087936	17476677632	595.1	34	8
2685.97	0	771463	0	18321817600	17476677632	625.0	34	8
2686.97	0	771463	0	18321666048	17476677632	604.3	34	8
2687.97	0	771463	0	18321915904	17476677632	622.3	34	8
2688.98	0	771463	0	18321707008	17476677632	655.5	34	8
2689.98	0	771463	0	18321485824	17476677632	590.7	34	8
2690.99	0	771463	0	18321846272	17476677632	673.4	34	8
2691.99	0	771463	0	18321244160	17476677632	641.7	34	8
2693.00	0	771463	0	18321408000	17476677632	667.3	34	8
2694.00	0	771463	0	18321768448	17476677632	591.5	34	8
2695.00	0	771463	0	18321231872	17476681728	686.9	34	8
2696.01	0	771463	0	18321088512	17476681728	614.9	34	8
2697.01	0	771463	0	18321379328	17476681728	654.6	34	8
2698.02	0	771463	0	18321797120	17476681728	676.5	34	8
2699.02	0	771463	0	18321637376	17476681728	611.2	34	8
2700.03	0	771463	0	18321448960	17476681728	612.4	34	8
2701.03	0	771463	0	18321383424	17476681728	650.6	34	8
2702.03	0	771463	0	18321117184	17476681728	606.4	34	8
2703.04	0	771463	0	18321305600	17476681728	628.5	34	8
2704.04	0	771463	0	18321321984	17476681728	644.9	34	8
2705.05	0	771463	0	18321240064	17476681728	591.6	34	8
2706.05	0	771463	0	18321465344	17476681728	648.0	34	8
2707.06	0	771463	0	18321358848	17476681728	639.7	34	8
2708.06	0	771463	0	18321453056	17476681728	614.1	34	8
2709.06	0	771463	0	18321453056	17476681728	594.1	34	8
2710.07	0	771463	0	18321096704	17476681728	623.1	34	8
2711.07	0	771463	0	18321559552	17476681728	620.6	34	8
2712.08	0	771463	0	18321428480	17476681728	660.3	34	8
2713.08	0	771463	0	18321514496	17476689920	644.0	34	8
2714.08	0	771463	0	18321731584	17476689920	659.8	34	8
2715.09	0	771463	0	18322259968	17476689920	616.1	34	8
2716.09	0	771463	0	18322120704	17476689920	618.3	34	8
2717.10	0	771463	0	18322214912	17476694016	621.2	34	8
2718.10	0	771463	0	18322112512	17476694016	618.1	34	8
2719.10	0	771463	0	18321432576	17476694016	645.4	34	8
2720.11	0	771463	0	18321559552	17476694016	701.2	34	8
2721.11	0	771463	0	18321813504	17476694016	664.2	34	8
2722.12	0	771463	0	18321391616	17476694016	617.9	34	8
2723.12	0	771463	0	18321371136	17476694016	615.2	34	8
2724.13	0	771463	0	18321010688	17476694016	643.7	34	8
2725.13	0	771463	0	18321670144	17476694016	653.3	34	8
2726.13	0	771463	0	18321518592	17476694016	623.6	34	8
2727.14	0	771463	0	18321756160	17476694016	624.5	34	8
2728.14	0	771463	0	18322202624	17476694016	614.9	34	8
2729.15	0	771463	0	18321670144	17476694016	603.8	34	8
2730.15	0	771463	0	18321924096	17476694016	593.9	34	8
2731.16	0	771463	0	18321989632	17476694016	603.4	34	8
2732.16	0	771463	0	18321719296	17476694016	613.6	34	8
2733.16	0	771463	0	18322104320	17476694016	625.7	34	8
2734.17	0	771463	0	18321076224	17476694016	691.9	34	8
2735.17	0	771463	0	18321477632	17476694016	619.0	34	8
2736.18	0	771463	0	18321711104	17476694016	730.2	34	8
2737.18	0	771463	0	18321088512	17476694016	626.6	34	8
2738.19	0	771463	0	18321838080	17476718592	617.6	34	8
2739.19	0	771463	0	18321420288	17476718592	574.7	34	8
2740.19	0	771463	0	18321199104	17476718592	588.0	34	8
2741.20	0	771463	0	18320670720	17476718592	631.1	34	8
2742.20	0	771463	0	18321338368	17476718592	638.7	34	8
2743.21	0	771463	0	18321653760	17476718592	639.8	34	8
2744.21	0	771463	0	18321670144	17476718592	592.5	34	8
2745.21	0	771463	0	18321514496	17476718592	583.0	34	8
2746.22	0	771463	0	18321555456	17476718592	698.7	34	8
2747.22	0	771463	0	18321510400	17476718592	669.4	34	8
2748.23	0	771463	0	18321416192	17476722688	643.7	34	8
2749.23	0	771463	0	18321235968	17476722688	650.3	34	8
2750.24	0	771463	0	18321154048	17476722688	656.0	34	8
2751.24	0	771463	0	18321612800	17476722688	609.9	34	8
2752.24	0	771463	0	18321424384	17476722688	635.8	34	8
2753.25	0	771463	0	18321604608	17476722688	643.6	34	8
2754.25	0	771463	0	18321772544	17476722688	614.1	34	8
2755.26	0	771463	0	18321547264	17476726784	657.7	34	8
2756.26	0	771463	0	18321358848	17476726784	642.1	34	8
2757.26	0	771463	0	18321850368	17476730880	603.4	34	8
2758.27	0	771463	0	18322128896	17476730880	626.9	34	8
2759.27	0	771463	0	18321735680	17476730880	606.4	34	8
2760.28	0	771463	0	18321760256	17476730880	639.2	34	8
2761.28	0	771463	0	18322350080	17476730880	659.3	34	8
2762.29	0	771463	0	18322194432	17476730880	671.5	34	8
2763.29	0	771463	0	18321715200	17476730880	645.4	34	8
2764.29	0	771463	0	18321137664	17476730880	671.3	34	8
2765.30	0	771463	0	18321068032	17476730880	657.0	34	8
2766.30	0	771463	0	18321231872	17476730880	636.1	34	8
2767.31	0	771463	0	18321334272	17476730880	667.9	34	8
2768.31	0	771463	0	18321637376	17476730880	618.2	34	8
2769.31	0	771463	0	18321518592	17476730880	590.6	34	8
2770.32	0	771463	0	18321428480	17476730880	673.3	34	8
2771.32	0	771463	0	18321453056	17476730880	641.3	34	8
2772.33	0	771463	0	18321772544	17476730880	662.2	34	8
2773.33	0	771463	0	18321891328	17476730880	622.3	34	8
2774.34	0	771463	0	18321670144	17476730880	609.7	34	8
2775.34	0	771463	0	18321825792	17476730880	611.6	34	8
2776.34	0	771463	0	18321702912	17476730880	624.2	34	8
2777.35	0	771463	0	18321489920	17476730880	695.6	34	8
2778.35	0	771463	0	18321510400	17476730880	654.7	34	8
2779.36	0	771463	0	18320908288	17476730880	633.7	34	8
2780.36	0	771463	0	18320977920	17476730880	588.6	34	8
2781.37	0	771463	0	18321006592	17476730880	595.8	34	8
2782.37	0	771463	0	18321129472	17476730880	652.4	34	8
2783.37	0	771463	0	18320945152	17476730880	673.8	34	8
2784.38	0	771463	0	18320973824	17476730880	635.5	34	8
2785.38	0	771463	0	18321010688	17476730880	599.7	34	8
2786.39	0	771463	0	18320994304	17476730880	644.6	34	8
2787.39	0	771463	0	18321186816	17476730880	674.4	34	8
2788.39	0	771463	0	18321821696	17476730880	622.6	34	8
2789.40	0	771463	0	18321346560	17476730880	612.3	34	8
2790.40	0	771463	0	18321772544	17476730880	654.8	34	8
2791.41	0	771463	0	18321211392	17476730880	636.2	34	8
2792.41	0	771463	0	18320896000	17476730880	665.2	34	8
2793.41	0	771463	0	18321403904	17476730880	697.6	34	8
2794.42	0	771463	0	18321100800	17476730880	642.9	34	8
2795.42	0	771463	0	18321502208	17476734976	622.7	34	8
2796.43	0	771463	0	18321272832	17476734976	612.2	34	8
2797.43	0	771463	0	18321403904	17476734976	593.0	34	8
2798.44	0	776577	0	18327560192	17476734976	762.6	34	8
2799.44	0	776594	0	18327707648	17476739072	661.1	34	8
2800.45	0	776594	0	18327539712	17476739072	672.4	34	8
2801.45	0	776594	0	18327183360	17476739072	623.0	34	8
2802.45	0	776594	0	18326499328	17476739072	617.0	34	8
2803.46	0	776594	0	18326880256	17476739072	662.1	34	8
2804.46	0	776594	0	18326327296	17476739072	664.1	34	8
2805.47	0	776594	0	18327003136	17476739072	600.0	34	8
2806.47	0	776594	0	18327351296	17476739072	592.8	34	8
2807.47	0	776594	0	18327220224	17476739072	642.5	34	8
2808.48	0	776594	0	18327351296	17476739072	690.5	34	8
2809.48	0	776594	0	18326630400	17476739072	667.1	34	8
2810.49	0	776594	0	18326765568	17476739072	633.5	34	8
2811.49	0	776594	0	18327150592	17476739072	625.0	34	8
2812.50	0	776988	0	18328121344	17476739072	623.7	34	8
2813.50	0	782171	0	18333528064	17476739072	730.5	34	8
2814.50	0	787336	0	18338091008	17476739072	684.4	34	8
2815.51	0	792553	0	18344439808	17476739072	751.2	34	8
2816.51	0	797767	0	18349490176	17476739072	726.4	34	8
2817.52	0	802963	0	18355089408	17476739072	700.9	34	8
2818.52	0	808181	0	18360541184	17476739072	760.7	34	8
2819.52	0	809824	0	18361884672	17476739072	686.3	34	8
2820.53	0	809824	0	18361700352	17476739072	625.8	34	8
2821.53	0	809824	0	18361823232	17476739072	596.1	34	8
2822.54	0	809824	0	18361675776	17476739072	623.5	34	8
2823.54	0	809824	0	18361425920	17476739072	651.3	34	8
2824.55	0	809824	0	18361229312	17476739072	671.7	34	8
2825.55	0	809824	0	18361286656	17476739072	604.5	34	8
2826.55	0	809824	0	18361348096	17476739072	634.4	34	8
2827.56	0	809824	0	18361389056	17476739072	643.4	34	8
2828.56	0	809824	0	18361520128	17476739072	652.8	34	8
2829.57	0	809824	0	18361446400	17476739072	619.7	34	8
2830.57	0	811570	0	18363449344	17476739072	627.1	34	8
2831.57	0	814972	0	18366570496	17476739072	698.9	34	8
2832.58	0	814972	0	18367119360	17476739072	606.0	34	8
2833.58	0	814972	0	18366201856	17476739072	642.9	34	8
2834.59	0	814972	0	18366529536	17476739072	682.5	34	8
2835.59	0	814972	0	18367188992	17476739072	617.4	34	8
2836.59	0	814972	0	18366885888	17476743168	625.4	34	8
2837.60	0	814972	0	18366492672	17476743168	625.9	34	8
2838.60	0	814972	0	18366742528	17476743168	627.0	34	8
2839.61	0	814972	0	18366533632	17476743168	680.6	34	8
2840.61	0	814972	0	18366509056	17476743168	589.1	34	8
2841.62	0	814972	0	18366124032	17476743168	604.6	34	8
2842.62	0	814972	0	18366439424	17476743168	664.9	34	8
2843.62	0	814972	0	18366525440	17476743168	641.0	34	8
2844.63	0	814972	0	18366185472	17476743168	590.0	34	8
2845.63	0	818657	0	18370543616	17476743168	700.5	34	8
2846.64	0	819428	0	18371264512	17476743168	717.7	34	8
2847.64	0	819428	0	18371207168	17476743168	627.1	34	8
2848.64	0	819428	0	18371305472	17476743168	623.0	34	8
2849.65	0	819428	0	18371190784	17476743168	643.0	34	8
2850.65	0	819428	0	18371657728	17476743168	620.4	34	8
2851.66	0	819428	0	18371309568	17476751360	641.4	34	8
2852.66	0	819428	0	18371289088	17476755456	681.0	34	8
2853.67	0	819428	0	18371522560	17476755456	654.6	34	8
2854.67	0	819428	0	18370506752	17476759552	587.4	34	8
2855.67	0	819428	0	18370670592	17476759552	600.0	34	8
2856.68	0	819428	0	18370936832	17476759552	635.1	34	8
2857.68	0	819428	0	18370871296	17476759552	646.6	34	8
2858.69	0	819428	0	18370895872	17476759552	594.0	34	8
2859.69	0	819428	0	18370654208	17476759552	646.6	34	8
2860.69	0	819428	0	18370588672	17476759552	663.7	34	8
2861.70	0	819428	0	18370428928	17476759552	661.7	34	8
2862.70	0	819428	0	18370674688	17476763648	653.9	34	8
2863.71	0	819428	0	18370953216	17476763648	626.6	34	8
2864.71	0	819428	0	18370265088	17476763648	701.3	34	8
2865.72	0	819428	0	18370420736	17476763648	682.5	34	8
2866.72	0	819428	0	18370506752	17476771840	657.9	34	8
2867.72	0	819428	0	18370564096	17476771840	605.6	34	8
2868.73	0	819428	0	18370981888	17476771840	664.0	34	8
2869.73	0	819428	0	18370617344	17476771840	665.6	34	8
2870.74	0	819428	0	18371063808	17476771840	622.9	34	8
2871.74	0	819428	0	18370654208	17476775936	604.9	34	8
2872.74	0	819428	0	18370072576	17476780032	627.4	34	8
2873.75	0	819428	0	18370801664	17476780032	644.1	34	8
2874.75	0	819428	0	18370826240	17476780032	668.3	34	8
2875.76	0	819428	0	18370969600	17476784128	639.6	34	8
2876.76	0	819428	0	18371371008	17476784128	667.9	34	8
2877.77	0	819428	0	18371584000	17476784128	585.6	34	8
2878.77	0	819428	0	18371960832	17476784128	631.5	34	8
2879.77	0	819428	0	18370920448	17476784128	655.3	34	8
2880.78	0	819428	0	18370797568	17476784128	591.6	34	8
2881.78	0	819428	0	18371207168	17476784128	613.9	34	8
2882.79	0	819428	0	18370850816	17476784128	671.1	34	8
2883.79	0	819428	0	18370478080	17476784128	668.8	34	8
2884.80	0	819428	0	18370498560	17476784128	692.7	34	8
2885.80	0	819428	0	18371080192	17476784128	614.6	34	8
2886.80	0	819428	0	18370244608	17476784128	638.8	34	8
2887.81	0	819428	0	18370695168	17476784128	650.4	34	8
2888.81	0	819428	0	18370912256	17476784128	643.3	34	8
2889.82	0	819428	0	18370973696	17476784128	603.8	34	8
2890.82	0	819428	0	18371088384	17476784128	638.4	34	8
2891.82	0	819428	0	18371006464	17476784128	693.4	34	8
2892.83	0	819428	0	18370957312	17476784128	617.1	34	8
2893.83	0	819428	0	18371342336	17476784128	593.4	34	8
2894.84	0	819428	0	18371727360	17476784128	648.6	34	8
2895.84	0	819428	0	18371489792	17476784128	679.0	34	8
2896.85	0	819428	0	18370875392	17476784128	683.4	34	8
2897.85	0	819428	0	18371014656	17476792320	657.7	34	8
2898.85	0	819428	0	18371031040	17476792320	621.8	34	8
2899.86	0	819428	0	18370633728	17476792320	597.9	34	8
2900.86	0	819428	0	18371248128	17476792320	625.5	34	8
2901.87	0	819428	0	18371219456	17476792320	653.5	34	8
2902.87	0	819428	0	18371346432	17476792320	702.7	34	8
2903.87	0	819428	0	18371751936	17476890624	623.0	34	8
2904.88	0	819428	0	18371219456	17476792320	638.5	34	8
2905.88	0	819428	0	18371178496	17476792320	655.3	34	8
2906.89	0	819428	0	18371072000	17476792320	637.9	34	8
2907.89	0	819428	0	18370789376	17476792320	618.1	34	8
2908.90	0	819428	0	18371256320	17476792320	676.8	34	8
2909.90	0	819428	0	18371100672	17476792320	713.7	34	8
2910.90	0	819428	0	18371182592	17476792320	644.6	34	8
2911.91	0	819428	0	18371026944	17476792320	633.3	34	8
2912.91	0	819428	0	18370686976	17476792320	651.1	34	8
2913.92	0	819428	0	18370539520	17476792320	650.7	34	8
2914.92	0	819428	0	18370592768	17476792320	637.2	34	8
2915.92	0	819428	0	18370715648	17476792320	606.8	34	8
2916.93	0	819428	0	18371096576	17476792320	610.6	34	8
2917.93	0	819428	0	18371702784	17476792320	648.4	34	8
2918.94	0	819428	0	18371571712	17476796416	660.9	34	8
2919.94	0	819428	0	18370838528	17476796416	597.9	34	8
2920.95	0	819428	0	18370519040	17476796416	654.4	34	8
2921.95	0	819428	0	18370641920	17476796416	622.8	34	8
2922.95	0	819428	0	18370887680	17476796416	594.5	34	8
2923.96	0	819428	0	18371096576	17476796416	665.9	34	8
2924.96	0	819428	0	18370981888	17476796416	669.9	34	8
2925.97	0	819428	0	18371346432	17476796416	616.4	34	8
2926.97	0	819428	0	18371227648	17476796416	559.9	34	8
2927.97	0	819428	0	18370301952	17476796416	587.5	34	8
2928.98	0	819428	0	18370215936	17476796416	656.8	34	8
2929.98	0	819428	0	18370367488	17476796416	602.5	34	8
2930.99	0	819428	0	18370777088	17476796416	609.1	34	8
2931.99	0	819428	0	18370588672	17476796416	624.1	34	8
2933.00	0	819428	0	18370678784	17476796416	643.1	34	8
2934.00	0	819428	0	18370949120	17476796416	601.7	34	8
2935.00	0	819428	0	18370646016	17476796416	640.1	34	8
2936.01	0	819428	0	18370740224	17476796416	640.1	34	8
2937.01	0	819428	0	18371100672	17476796416	603.8	34	8
2938.02	0	819428	0	18371252224	17476796416	641.7	34	8
2939.02	0	819428	0	18371383296	17476796416	620.2	34	8
2940.02	0	819428	0	18370813952	17476796416	602.9	34	8
2941.03	0	819428	0	18371067904	17476796416	608.5	34	8
2942.03	0	819428	0	18370170880	17476796416	672.7	34	8
2943.04	0	819428	0	18370342912	17476796416	594.6	34	8
2944.04	0	819428	0	18370076672	17476796416	684.9	34	8
2945.05	0	819428	0	18370379776	17476800512	683.8	34	8
2946.05	0	819428	0	18370842624	17476800512	583.2	34	8
2947.05	0	819428	0	18370617344	17476800512	688.0	34	8
2948.06	0	819428	0	17884741632	16953319424	649.1	25	8
2949.06	0	819428	0	15170011136	14282924032	413.4	25	8
2950.07	0	819428	0	15169982464	14282924032	403.8	23	8
2951.07	0	821878	0	11962994688	11074809856	206.3	18	8
2952.07	0	827073	0	11967033344	11074142208	105.2	18	8
2953.08	0	831988	0	11972456448	11074142208	106.5	18	8
2954.08	0	836905	0	11976986624	11074142208	106.7	18	8
2955.09	0	841989	0	11981778944	11074142208	107.5	18	8
2956.09	0	846938	0	11987853312	11074142208	106.4	18	8
2957.10	0	852019	0	11992514560	11074142208	107.4	18	8
